[0.061s] DEBUG:colcon:Command line arguments: ['/usr/bin/colcon', 'build', '--packages-select', 'px4_ros_com']
[0.061s] DEBUG:colcon:Parsed command line arguments: Namespace(log_base=None, log_level=None, verb_name='build', build_base='build', install_base='install', merge_install=False, symlink_install=False, test_result_base=None, continue_on_error=False, executor='parallel', parallel_workers=32, event_handlers=None, ignore_user_meta=False, metas=['./colcon.meta'], base_paths=['.'], packages_ignore=None, packages_ignore_regex=None, paths=None, packages_up_to=None, packages_up_to_regex=None, packages_above=None, packages_above_and_dependencies=None, packages_above_depth=None, packages_select_by_dep=None, packages_skip_by_dep=None, packages_skip_up_to=None, packages_select_build_failed=False, packages_skip_build_finished=False, packages_select_test_failures=False, packages_skip_test_passed=False, packages_select=['px4_ros_com'], packages_skip=None, packages_select_regex=None, packages_skip_regex=None, packages_start=None, packages_end=None, allow_overriding=[], cmake_args=None, cmake_target=None, cmake_target_skip_unavailable=False, cmake_clean_cache=False, cmake_clean_first=False, cmake_force_configure=False, ament_cmake_args=None, catkin_cmake_args=None, catkin_skip_building_tests=False, mixin_files=None, mixin=None, verb_parser=<colcon_mixin.mixin.mixin_argument.MixinArgumentDecorator object at 0x7aa957b43ef0>, verb_extension=<colcon_core.verb.build.BuildVerb object at 0x7aa957c5f890>, main=<bound method BuildVerb.main of <colcon_core.verb.build.BuildVerb object at 0x7aa957c5f890>>, mixin_verb=('build',))
[0.080s] Level 1:colcon.colcon_core.package_discovery:discover_packages(colcon_meta) check parameters
[0.080s] Level 1:colcon.colcon_core.package_discovery:discover_packages(recursive) check parameters
[0.080s] Level 1:colcon.colcon_core.package_discovery:discover_packages(ignore) check parameters
[0.080s] Level 1:colcon.colcon_core.package_discovery:discover_packages(path) check parameters
[0.080s] Level 1:colcon.colcon_core.package_discovery:discover_packages(colcon_meta) discover
[0.080s] Level 1:colcon.colcon_core.package_discovery:discover_packages(recursive) discover
[0.080s] INFO:colcon.colcon_core.package_discovery:Crawling recursively for packages in '/home/swarm/ws_offboard_control'
[0.080s] Level 1:colcon.colcon_core.package_identification:_identify(.) by extensions ['ignore', 'ignore_ament_install']
[0.080s] Level 1:colcon.colcon_core.package_identification:_identify(.) by extension 'ignore'
[0.080s] Level 1:colcon.colcon_core.package_identification:_identify(.) by extension 'ignore_ament_install'
[0.080s] Level 1:colcon.colcon_core.package_identification:_identify(.) by extensions ['colcon_pkg']
[0.080s] Level 1:colcon.colcon_core.package_identification:_identify(.) by extension 'colcon_pkg'
[0.080s] Level 1:colcon.colcon_core.package_identification:_identify(.) by extensions ['colcon_meta']
[0.080s] Level 1:colcon.colcon_core.package_identification:_identify(.) by extension 'colcon_meta'
[0.080s] Level 1:colcon.colcon_core.package_identification:_identify(.) by extensions ['ros']
[0.080s] Level 1:colcon.colcon_core.package_identification:_identify(.) by extension 'ros'
[0.093s] Level 1:colcon.colcon_core.package_identification:_identify(.) by extensions ['cmake', 'python']
[0.093s] Level 1:colcon.colcon_core.package_identification:_identify(.) by extension 'cmake'
[0.093s] Level 1:colcon.colcon_core.package_identification:_identify(.) by extension 'python'
[0.093s] Level 1:colcon.colcon_core.package_identification:_identify(.) by extensions ['python_setup_py']
[0.093s] Level 1:colcon.colcon_core.package_identification:_identify(.) by extension 'python_setup_py'
[0.093s] Level 1:colcon.colcon_core.package_identification:_identify(build) by extensions ['ignore', 'ignore_ament_install']
[0.093s] Level 1:colcon.colcon_core.package_identification:_identify(build) by extension 'ignore'
[0.093s] Level 1:colcon.colcon_core.package_identification:_identify(build) ignored
[0.093s] Level 1:colcon.colcon_core.package_identification:_identify(install) by extensions ['ignore', 'ignore_ament_install']
[0.093s] Level 1:colcon.colcon_core.package_identification:_identify(install) by extension 'ignore'
[0.093s] Level 1:colcon.colcon_core.package_identification:_identify(install) ignored
[0.093s] Level 1:colcon.colcon_core.package_identification:_identify(log) by extensions ['ignore', 'ignore_ament_install']
[0.093s] Level 1:colcon.colcon_core.package_identification:_identify(log) by extension 'ignore'
[0.093s] Level 1:colcon.colcon_core.package_identification:_identify(log) ignored
[0.093s] Level 1:colcon.colcon_core.package_identification:_identify(plots) by extensions ['ignore', 'ignore_ament_install']
[0.093s] Level 1:colcon.colcon_core.package_identification:_identify(plots) by extension 'ignore'
[0.093s] Level 1:colcon.colcon_core.package_identification:_identify(plots) by extension 'ignore_ament_install'
[0.093s] Level 1:colcon.colcon_core.package_identification:_identify(plots) by extensions ['colcon_pkg']
[0.093s] Level 1:colcon.colcon_core.package_identification:_identify(plots) by extension 'colcon_pkg'
[0.093s] Level 1:colcon.colcon_core.package_identification:_identify(plots) by extensions ['colcon_meta']
[0.093s] Level 1:colcon.colcon_core.package_identification:_identify(plots) by extension 'colcon_meta'
[0.093s] Level 1:colcon.colcon_core.package_identification:_identify(plots) by extensions ['ros']
[0.093s] Level 1:colcon.colcon_core.package_identification:_identify(plots) by extension 'ros'
[0.093s] Level 1:colcon.colcon_core.package_identification:_identify(plots) by extensions ['cmake', 'python']
[0.093s] Level 1:colcon.colcon_core.package_identification:_identify(plots) by extension 'cmake'
[0.093s] Level 1:colcon.colcon_core.package_identification:_identify(plots) by extension 'python'
[0.093s] Level 1:colcon.colcon_core.package_identification:_identify(plots) by extensions ['python_setup_py']
[0.093s] Level 1:colcon.colcon_core.package_identification:_identify(plots) by extension 'python_setup_py'
[0.094s] Level 1:colcon.colcon_core.package_identification:_identify(plots/circle_2.0ms_20251127_215707) by extensions ['ignore', 'ignore_ament_install']
[0.094s] Level 1:colcon.colcon_core.package_identification:_identify(plots/circle_2.0ms_20251127_215707) by extension 'ignore'
[0.094s] Level 1:colcon.colcon_core.package_identification:_identify(plots/circle_2.0ms_20251127_215707) by extension 'ignore_ament_install'
[0.094s] Level 1:colcon.colcon_core.package_identification:_identify(plots/circle_2.0ms_20251127_215707) by extensions ['colcon_pkg']
[0.094s] Level 1:colcon.colcon_core.package_identification:_identify(plots/circle_2.0ms_20251127_215707) by extension 'colcon_pkg'
[0.094s] Level 1:colcon.colcon_core.package_identification:_identify(plots/circle_2.0ms_20251127_215707) by extensions ['colcon_meta']
[0.094s] Level 1:colcon.colcon_core.package_identification:_identify(plots/circle_2.0ms_20251127_215707) by extension 'colcon_meta'
[0.094s] Level 1:colcon.colcon_core.package_identification:_identify(plots/circle_2.0ms_20251127_215707) by extensions ['ros']
[0.094s] Level 1:colcon.colcon_core.package_identification:_identify(plots/circle_2.0ms_20251127_215707) by extension 'ros'
[0.094s] Level 1:colcon.colcon_core.package_identification:_identify(plots/circle_2.0ms_20251127_215707) by extensions ['cmake', 'python']
[0.094s] Level 1:colcon.colcon_core.package_identification:_identify(plots/circle_2.0ms_20251127_215707) by extension 'cmake'
[0.094s] Level 1:colcon.colcon_core.package_identification:_identify(plots/circle_2.0ms_20251127_215707) by extension 'python'
[0.094s] Level 1:colcon.colcon_core.package_identification:_identify(plots/circle_2.0ms_20251127_215707) by extensions ['python_setup_py']
[0.094s] Level 1:colcon.colcon_core.package_identification:_identify(plots/circle_2.0ms_20251127_215707) by extension 'python_setup_py'
[0.094s] Level 1:colcon.colcon_core.package_identification:_identify(plots/square_2.0ms_20251127_214819) by extensions ['ignore', 'ignore_ament_install']
[0.094s] Level 1:colcon.colcon_core.package_identification:_identify(plots/square_2.0ms_20251127_214819) by extension 'ignore'
[0.094s] Level 1:colcon.colcon_core.package_identification:_identify(plots/square_2.0ms_20251127_214819) by extension 'ignore_ament_install'
[0.094s] Level 1:colcon.colcon_core.package_identification:_identify(plots/square_2.0ms_20251127_214819) by extensions ['colcon_pkg']
[0.094s] Level 1:colcon.colcon_core.package_identification:_identify(plots/square_2.0ms_20251127_214819) by extension 'colcon_pkg'
[0.094s] Level 1:colcon.colcon_core.package_identification:_identify(plots/square_2.0ms_20251127_214819) by extensions ['colcon_meta']
[0.094s] Level 1:colcon.colcon_core.package_identification:_identify(plots/square_2.0ms_20251127_214819) by extension 'colcon_meta'
[0.094s] Level 1:colcon.colcon_core.package_identification:_identify(plots/square_2.0ms_20251127_214819) by extensions ['ros']
[0.094s] Level 1:colcon.colcon_core.package_identification:_identify(plots/square_2.0ms_20251127_214819) by extension 'ros'
[0.094s] Level 1:colcon.colcon_core.package_identification:_identify(plots/square_2.0ms_20251127_214819) by extensions ['cmake', 'python']
[0.094s] Level 1:colcon.colcon_core.package_identification:_identify(plots/square_2.0ms_20251127_214819) by extension 'cmake'
[0.094s] Level 1:colcon.colcon_core.package_identification:_identify(plots/square_2.0ms_20251127_214819) by extension 'python'
[0.094s] Level 1:colcon.colcon_core.package_identification:_identify(plots/square_2.0ms_20251127_214819) by extensions ['python_setup_py']
[0.094s] Level 1:colcon.colcon_core.package_identification:_identify(plots/square_2.0ms_20251127_214819) by extension 'python_setup_py'
[0.094s] Level 1:colcon.colcon_core.package_identification:_identify(plots/square_2.0ms_20251127_215457) by extensions ['ignore', 'ignore_ament_install']
[0.094s] Level 1:colcon.colcon_core.package_identification:_identify(plots/square_2.0ms_20251127_215457) by extension 'ignore'
[0.094s] Level 1:colcon.colcon_core.package_identification:_identify(plots/square_2.0ms_20251127_215457) by extension 'ignore_ament_install'
[0.094s] Level 1:colcon.colcon_core.package_identification:_identify(plots/square_2.0ms_20251127_215457) by extensions ['colcon_pkg']
[0.094s] Level 1:colcon.colcon_core.package_identification:_identify(plots/square_2.0ms_20251127_215457) by extension 'colcon_pkg'
[0.094s] Level 1:colcon.colcon_core.package_identification:_identify(plots/square_2.0ms_20251127_215457) by extensions ['colcon_meta']
[0.094s] Level 1:colcon.colcon_core.package_identification:_identify(plots/square_2.0ms_20251127_215457) by extension 'colcon_meta'
[0.094s] Level 1:colcon.colcon_core.package_identification:_identify(plots/square_2.0ms_20251127_215457) by extensions ['ros']
[0.094s] Level 1:colcon.colcon_core.package_identification:_identify(plots/square_2.0ms_20251127_215457) by extension 'ros'
[0.094s] Level 1:colcon.colcon_core.package_identification:_identify(plots/square_2.0ms_20251127_215457) by extensions ['cmake', 'python']
[0.094s] Level 1:colcon.colcon_core.package_identification:_identify(plots/square_2.0ms_20251127_215457) by extension 'cmake'
[0.094s] Level 1:colcon.colcon_core.package_identification:_identify(plots/square_2.0ms_20251127_215457) by extension 'python'
[0.094s] Level 1:colcon.colcon_core.package_identification:_identify(plots/square_2.0ms_20251127_215457) by extensions ['python_setup_py']
[0.094s] Level 1:colcon.colcon_core.package_identification:_identify(plots/square_2.0ms_20251127_215457) by extension 'python_setup_py'
[0.094s] Level 1:colcon.colcon_core.package_identification:_identify(plots/square_2.0ms_20251127_221447) by extensions ['ignore', 'ignore_ament_install']
[0.094s] Level 1:colcon.colcon_core.package_identification:_identify(plots/square_2.0ms_20251127_221447) by extension 'ignore'
[0.094s] Level 1:colcon.colcon_core.package_identification:_identify(plots/square_2.0ms_20251127_221447) by extension 'ignore_ament_install'
[0.094s] Level 1:colcon.colcon_core.package_identification:_identify(plots/square_2.0ms_20251127_221447) by extensions ['colcon_pkg']
[0.094s] Level 1:colcon.colcon_core.package_identification:_identify(plots/square_2.0ms_20251127_221447) by extension 'colcon_pkg'
[0.094s] Level 1:colcon.colcon_core.package_identification:_identify(plots/square_2.0ms_20251127_221447) by extensions ['colcon_meta']
[0.094s] Level 1:colcon.colcon_core.package_identification:_identify(plots/square_2.0ms_20251127_221447) by extension 'colcon_meta'
[0.094s] Level 1:colcon.colcon_core.package_identification:_identify(plots/square_2.0ms_20251127_221447) by extensions ['ros']
[0.094s] Level 1:colcon.colcon_core.package_identification:_identify(plots/square_2.0ms_20251127_221447) by extension 'ros'
[0.094s] Level 1:colcon.colcon_core.package_identification:_identify(plots/square_2.0ms_20251127_221447) by extensions ['cmake', 'python']
[0.094s] Level 1:colcon.colcon_core.package_identification:_identify(plots/square_2.0ms_20251127_221447) by extension 'cmake'
[0.094s] Level 1:colcon.colcon_core.package_identification:_identify(plots/square_2.0ms_20251127_221447) by extension 'python'
[0.095s] Level 1:colcon.colcon_core.package_identification:_identify(plots/square_2.0ms_20251127_221447) by extensions ['python_setup_py']
[0.095s] Level 1:colcon.colcon_core.package_identification:_identify(plots/square_2.0ms_20251127_221447) by extension 'python_setup_py'
[0.095s] Level 1:colcon.colcon_core.package_identification:_identify(plots/square_2.0ms_20251127_221639) by extensions ['ignore', 'ignore_ament_install']
[0.095s] Level 1:colcon.colcon_core.package_identification:_identify(plots/square_2.0ms_20251127_221639) by extension 'ignore'
[0.095s] Level 1:colcon.colcon_core.package_identification:_identify(plots/square_2.0ms_20251127_221639) by extension 'ignore_ament_install'
[0.095s] Level 1:colcon.colcon_core.package_identification:_identify(plots/square_2.0ms_20251127_221639) by extensions ['colcon_pkg']
[0.095s] Level 1:colcon.colcon_core.package_identification:_identify(plots/square_2.0ms_20251127_221639) by extension 'colcon_pkg'
[0.095s] Level 1:colcon.colcon_core.package_identification:_identify(plots/square_2.0ms_20251127_221639) by extensions ['colcon_meta']
[0.095s] Level 1:colcon.colcon_core.package_identification:_identify(plots/square_2.0ms_20251127_221639) by extension 'colcon_meta'
[0.095s] Level 1:colcon.colcon_core.package_identification:_identify(plots/square_2.0ms_20251127_221639) by extensions ['ros']
[0.095s] Level 1:colcon.colcon_core.package_identification:_identify(plots/square_2.0ms_20251127_221639) by extension 'ros'
[0.095s] Level 1:colcon.colcon_core.package_identification:_identify(plots/square_2.0ms_20251127_221639) by extensions ['cmake', 'python']
[0.095s] Level 1:colcon.colcon_core.package_identification:_identify(plots/square_2.0ms_20251127_221639) by extension 'cmake'
[0.095s] Level 1:colcon.colcon_core.package_identification:_identify(plots/square_2.0ms_20251127_221639) by extension 'python'
[0.095s] Level 1:colcon.colcon_core.package_identification:_identify(plots/square_2.0ms_20251127_221639) by extensions ['python_setup_py']
[0.095s] Level 1:colcon.colcon_core.package_identification:_identify(plots/square_2.0ms_20251127_221639) by extension 'python_setup_py'
[0.095s] Level 1:colcon.colcon_core.package_identification:_identify(plots/square_2.0ms_20251127_221749) by extensions ['ignore', 'ignore_ament_install']
[0.095s] Level 1:colcon.colcon_core.package_identification:_identify(plots/square_2.0ms_20251127_221749) by extension 'ignore'
[0.095s] Level 1:colcon.colcon_core.package_identification:_identify(plots/square_2.0ms_20251127_221749) by extension 'ignore_ament_install'
[0.095s] Level 1:colcon.colcon_core.package_identification:_identify(plots/square_2.0ms_20251127_221749) by extensions ['colcon_pkg']
[0.095s] Level 1:colcon.colcon_core.package_identification:_identify(plots/square_2.0ms_20251127_221749) by extension 'colcon_pkg'
[0.095s] Level 1:colcon.colcon_core.package_identification:_identify(plots/square_2.0ms_20251127_221749) by extensions ['colcon_meta']
[0.095s] Level 1:colcon.colcon_core.package_identification:_identify(plots/square_2.0ms_20251127_221749) by extension 'colcon_meta'
[0.095s] Level 1:colcon.colcon_core.package_identification:_identify(plots/square_2.0ms_20251127_221749) by extensions ['ros']
[0.095s] Level 1:colcon.colcon_core.package_identification:_identify(plots/square_2.0ms_20251127_221749) by extension 'ros'
[0.095s] Level 1:colcon.colcon_core.package_identification:_identify(plots/square_2.0ms_20251127_221749) by extensions ['cmake', 'python']
[0.095s] Level 1:colcon.colcon_core.package_identification:_identify(plots/square_2.0ms_20251127_221749) by extension 'cmake'
[0.095s] Level 1:colcon.colcon_core.package_identification:_identify(plots/square_2.0ms_20251127_221749) by extension 'python'
[0.095s] Level 1:colcon.colcon_core.package_identification:_identify(plots/square_2.0ms_20251127_221749) by extensions ['python_setup_py']
[0.095s] Level 1:colcon.colcon_core.package_identification:_identify(plots/square_2.0ms_20251127_221749) by extension 'python_setup_py'
[0.095s] Level 1:colcon.colcon_core.package_identification:_identify(plots/square_2.0ms_20251127_221916) by extensions ['ignore', 'ignore_ament_install']
[0.095s] Level 1:colcon.colcon_core.package_identification:_identify(plots/square_2.0ms_20251127_221916) by extension 'ignore'
[0.095s] Level 1:colcon.colcon_core.package_identification:_identify(plots/square_2.0ms_20251127_221916) by extension 'ignore_ament_install'
[0.095s] Level 1:colcon.colcon_core.package_identification:_identify(plots/square_2.0ms_20251127_221916) by extensions ['colcon_pkg']
[0.095s] Level 1:colcon.colcon_core.package_identification:_identify(plots/square_2.0ms_20251127_221916) by extension 'colcon_pkg'
[0.095s] Level 1:colcon.colcon_core.package_identification:_identify(plots/square_2.0ms_20251127_221916) by extensions ['colcon_meta']
[0.095s] Level 1:colcon.colcon_core.package_identification:_identify(plots/square_2.0ms_20251127_221916) by extension 'colcon_meta'
[0.095s] Level 1:colcon.colcon_core.package_identification:_identify(plots/square_2.0ms_20251127_221916) by extensions ['ros']
[0.095s] Level 1:colcon.colcon_core.package_identification:_identify(plots/square_2.0ms_20251127_221916) by extension 'ros'
[0.095s] Level 1:colcon.colcon_core.package_identification:_identify(plots/square_2.0ms_20251127_221916) by extensions ['cmake', 'python']
[0.096s] Level 1:colcon.colcon_core.package_identification:_identify(plots/square_2.0ms_20251127_221916) by extension 'cmake'
[0.096s] Level 1:colcon.colcon_core.package_identification:_identify(plots/square_2.0ms_20251127_221916) by extension 'python'
[0.096s] Level 1:colcon.colcon_core.package_identification:_identify(plots/square_2.0ms_20251127_221916) by extensions ['python_setup_py']
[0.096s] Level 1:colcon.colcon_core.package_identification:_identify(plots/square_2.0ms_20251127_221916) by extension 'python_setup_py'
[0.096s] Level 1:colcon.colcon_core.package_identification:_identify(plots/square_2.0ms_20251127_223108) by extensions ['ignore', 'ignore_ament_install']
[0.096s] Level 1:colcon.colcon_core.package_identification:_identify(plots/square_2.0ms_20251127_223108) by extension 'ignore'
[0.096s] Level 1:colcon.colcon_core.package_identification:_identify(plots/square_2.0ms_20251127_223108) by extension 'ignore_ament_install'
[0.096s] Level 1:colcon.colcon_core.package_identification:_identify(plots/square_2.0ms_20251127_223108) by extensions ['colcon_pkg']
[0.096s] Level 1:colcon.colcon_core.package_identification:_identify(plots/square_2.0ms_20251127_223108) by extension 'colcon_pkg'
[0.096s] Level 1:colcon.colcon_core.package_identification:_identify(plots/square_2.0ms_20251127_223108) by extensions ['colcon_meta']
[0.096s] Level 1:colcon.colcon_core.package_identification:_identify(plots/square_2.0ms_20251127_223108) by extension 'colcon_meta'
[0.096s] Level 1:colcon.colcon_core.package_identification:_identify(plots/square_2.0ms_20251127_223108) by extensions ['ros']
[0.096s] Level 1:colcon.colcon_core.package_identification:_identify(plots/square_2.0ms_20251127_223108) by extension 'ros'
[0.096s] Level 1:colcon.colcon_core.package_identification:_identify(plots/square_2.0ms_20251127_223108) by extensions ['cmake', 'python']
[0.096s] Level 1:colcon.colcon_core.package_identification:_identify(plots/square_2.0ms_20251127_223108) by extension 'cmake'
[0.096s] Level 1:colcon.colcon_core.package_identification:_identify(plots/square_2.0ms_20251127_223108) by extension 'python'
[0.096s] Level 1:colcon.colcon_core.package_identification:_identify(plots/square_2.0ms_20251127_223108) by extensions ['python_setup_py']
[0.096s] Level 1:colcon.colcon_core.package_identification:_identify(plots/square_2.0ms_20251127_223108) by extension 'python_setup_py'
[0.096s] Level 1:colcon.colcon_core.package_identification:_identify(plots/square_2.0ms_20251127_223301) by extensions ['ignore', 'ignore_ament_install']
[0.096s] Level 1:colcon.colcon_core.package_identification:_identify(plots/square_2.0ms_20251127_223301) by extension 'ignore'
[0.096s] Level 1:colcon.colcon_core.package_identification:_identify(plots/square_2.0ms_20251127_223301) by extension 'ignore_ament_install'
[0.096s] Level 1:colcon.colcon_core.package_identification:_identify(plots/square_2.0ms_20251127_223301) by extensions ['colcon_pkg']
[0.096s] Level 1:colcon.colcon_core.package_identification:_identify(plots/square_2.0ms_20251127_223301) by extension 'colcon_pkg'
[0.096s] Level 1:colcon.colcon_core.package_identification:_identify(plots/square_2.0ms_20251127_223301) by extensions ['colcon_meta']
[0.096s] Level 1:colcon.colcon_core.package_identification:_identify(plots/square_2.0ms_20251127_223301) by extension 'colcon_meta'
[0.096s] Level 1:colcon.colcon_core.package_identification:_identify(plots/square_2.0ms_20251127_223301) by extensions ['ros']
[0.096s] Level 1:colcon.colcon_core.package_identification:_identify(plots/square_2.0ms_20251127_223301) by extension 'ros'
[0.096s] Level 1:colcon.colcon_core.package_identification:_identify(plots/square_2.0ms_20251127_223301) by extensions ['cmake', 'python']
[0.096s] Level 1:colcon.colcon_core.package_identification:_identify(plots/square_2.0ms_20251127_223301) by extension 'cmake'
[0.096s] Level 1:colcon.colcon_core.package_identification:_identify(plots/square_2.0ms_20251127_223301) by extension 'python'
[0.096s] Level 1:colcon.colcon_core.package_identification:_identify(plots/square_2.0ms_20251127_223301) by extensions ['python_setup_py']
[0.096s] Level 1:colcon.colcon_core.package_identification:_identify(plots/square_2.0ms_20251127_223301) by extension 'python_setup_py'
[0.096s] Level 1:colcon.colcon_core.package_identification:_identify(plots/square_2.0ms_20251127_223351) by extensions ['ignore', 'ignore_ament_install']
[0.096s] Level 1:colcon.colcon_core.package_identification:_identify(plots/square_2.0ms_20251127_223351) by extension 'ignore'
[0.096s] Level 1:colcon.colcon_core.package_identification:_identify(plots/square_2.0ms_20251127_223351) by extension 'ignore_ament_install'
[0.096s] Level 1:colcon.colcon_core.package_identification:_identify(plots/square_2.0ms_20251127_223351) by extensions ['colcon_pkg']
[0.096s] Level 1:colcon.colcon_core.package_identification:_identify(plots/square_2.0ms_20251127_223351) by extension 'colcon_pkg'
[0.096s] Level 1:colcon.colcon_core.package_identification:_identify(plots/square_2.0ms_20251127_223351) by extensions ['colcon_meta']
[0.096s] Level 1:colcon.colcon_core.package_identification:_identify(plots/square_2.0ms_20251127_223351) by extension 'colcon_meta'
[0.096s] Level 1:colcon.colcon_core.package_identification:_identify(plots/square_2.0ms_20251127_223351) by extensions ['ros']
[0.096s] Level 1:colcon.colcon_core.package_identification:_identify(plots/square_2.0ms_20251127_223351) by extension 'ros'
[0.096s] Level 1:colcon.colcon_core.package_identification:_identify(plots/square_2.0ms_20251127_223351) by extensions ['cmake', 'python']
[0.096s] Level 1:colcon.colcon_core.package_identification:_identify(plots/square_2.0ms_20251127_223351) by extension 'cmake'
[0.096s] Level 1:colcon.colcon_core.package_identification:_identify(plots/square_2.0ms_20251127_223351) by extension 'python'
[0.096s] Level 1:colcon.colcon_core.package_identification:_identify(plots/square_2.0ms_20251127_223351) by extensions ['python_setup_py']
[0.096s] Level 1:colcon.colcon_core.package_identification:_identify(plots/square_2.0ms_20251127_223351) by extension 'python_setup_py'
[0.096s] Level 1:colcon.colcon_core.package_identification:_identify(plots/square_2.0ms_20251129_231249) by extensions ['ignore', 'ignore_ament_install']
[0.096s] Level 1:colcon.colcon_core.package_identification:_identify(plots/square_2.0ms_20251129_231249) by extension 'ignore'
[0.097s] Level 1:colcon.colcon_core.package_identification:_identify(plots/square_2.0ms_20251129_231249) by extension 'ignore_ament_install'
[0.097s] Level 1:colcon.colcon_core.package_identification:_identify(plots/square_2.0ms_20251129_231249) by extensions ['colcon_pkg']
[0.097s] Level 1:colcon.colcon_core.package_identification:_identify(plots/square_2.0ms_20251129_231249) by extension 'colcon_pkg'
[0.097s] Level 1:colcon.colcon_core.package_identification:_identify(plots/square_2.0ms_20251129_231249) by extensions ['colcon_meta']
[0.097s] Level 1:colcon.colcon_core.package_identification:_identify(plots/square_2.0ms_20251129_231249) by extension 'colcon_meta'
[0.097s] Level 1:colcon.colcon_core.package_identification:_identify(plots/square_2.0ms_20251129_231249) by extensions ['ros']
[0.097s] Level 1:colcon.colcon_core.package_identification:_identify(plots/square_2.0ms_20251129_231249) by extension 'ros'
[0.097s] Level 1:colcon.colcon_core.package_identification:_identify(plots/square_2.0ms_20251129_231249) by extensions ['cmake', 'python']
[0.097s] Level 1:colcon.colcon_core.package_identification:_identify(plots/square_2.0ms_20251129_231249) by extension 'cmake'
[0.097s] Level 1:colcon.colcon_core.package_identification:_identify(plots/square_2.0ms_20251129_231249) by extension 'python'
[0.097s] Level 1:colcon.colcon_core.package_identification:_identify(plots/square_2.0ms_20251129_231249) by extensions ['python_setup_py']
[0.097s] Level 1:colcon.colcon_core.package_identification:_identify(plots/square_2.0ms_20251129_231249) by extension 'python_setup_py'
[0.097s] Level 1:colcon.colcon_core.package_identification:_identify(plots/square_2.0ms_20251129_231432) by extensions ['ignore', 'ignore_ament_install']
[0.097s] Level 1:colcon.colcon_core.package_identification:_identify(plots/square_2.0ms_20251129_231432) by extension 'ignore'
[0.097s] Level 1:colcon.colcon_core.package_identification:_identify(plots/square_2.0ms_20251129_231432) by extension 'ignore_ament_install'
[0.097s] Level 1:colcon.colcon_core.package_identification:_identify(plots/square_2.0ms_20251129_231432) by extensions ['colcon_pkg']
[0.097s] Level 1:colcon.colcon_core.package_identification:_identify(plots/square_2.0ms_20251129_231432) by extension 'colcon_pkg'
[0.097s] Level 1:colcon.colcon_core.package_identification:_identify(plots/square_2.0ms_20251129_231432) by extensions ['colcon_meta']
[0.097s] Level 1:colcon.colcon_core.package_identification:_identify(plots/square_2.0ms_20251129_231432) by extension 'colcon_meta'
[0.097s] Level 1:colcon.colcon_core.package_identification:_identify(plots/square_2.0ms_20251129_231432) by extensions ['ros']
[0.097s] Level 1:colcon.colcon_core.package_identification:_identify(plots/square_2.0ms_20251129_231432) by extension 'ros'
[0.097s] Level 1:colcon.colcon_core.package_identification:_identify(plots/square_2.0ms_20251129_231432) by extensions ['cmake', 'python']
[0.097s] Level 1:colcon.colcon_core.package_identification:_identify(plots/square_2.0ms_20251129_231432) by extension 'cmake'
[0.097s] Level 1:colcon.colcon_core.package_identification:_identify(plots/square_2.0ms_20251129_231432) by extension 'python'
[0.097s] Level 1:colcon.colcon_core.package_identification:_identify(plots/square_2.0ms_20251129_231432) by extensions ['python_setup_py']
[0.097s] Level 1:colcon.colcon_core.package_identification:_identify(plots/square_2.0ms_20251129_231432) by extension 'python_setup_py'
[0.097s] Level 1:colcon.colcon_core.package_identification:_identify(plots/square_2.0ms_20251129_231706) by extensions ['ignore', 'ignore_ament_install']
[0.097s] Level 1:colcon.colcon_core.package_identification:_identify(plots/square_2.0ms_20251129_231706) by extension 'ignore'
[0.097s] Level 1:colcon.colcon_core.package_identification:_identify(plots/square_2.0ms_20251129_231706) by extension 'ignore_ament_install'
[0.097s] Level 1:colcon.colcon_core.package_identification:_identify(plots/square_2.0ms_20251129_231706) by extensions ['colcon_pkg']
[0.097s] Level 1:colcon.colcon_core.package_identification:_identify(plots/square_2.0ms_20251129_231706) by extension 'colcon_pkg'
[0.097s] Level 1:colcon.colcon_core.package_identification:_identify(plots/square_2.0ms_20251129_231706) by extensions ['colcon_meta']
[0.097s] Level 1:colcon.colcon_core.package_identification:_identify(plots/square_2.0ms_20251129_231706) by extension 'colcon_meta'
[0.097s] Level 1:colcon.colcon_core.package_identification:_identify(plots/square_2.0ms_20251129_231706) by extensions ['ros']
[0.097s] Level 1:colcon.colcon_core.package_identification:_identify(plots/square_2.0ms_20251129_231706) by extension 'ros'
[0.097s] Level 1:colcon.colcon_core.package_identification:_identify(plots/square_2.0ms_20251129_231706) by extensions ['cmake', 'python']
[0.097s] Level 1:colcon.colcon_core.package_identification:_identify(plots/square_2.0ms_20251129_231706) by extension 'cmake'
[0.097s] Level 1:colcon.colcon_core.package_identification:_identify(plots/square_2.0ms_20251129_231706) by extension 'python'
[0.097s] Level 1:colcon.colcon_core.package_identification:_identify(plots/square_2.0ms_20251129_231706) by extensions ['python_setup_py']
[0.097s] Level 1:colcon.colcon_core.package_identification:_identify(plots/square_2.0ms_20251129_231706) by extension 'python_setup_py'
[0.097s] Level 1:colcon.colcon_core.package_identification:_identify(plots/square_2.0ms_20251129_233106) by extensions ['ignore', 'ignore_ament_install']
[0.097s] Level 1:colcon.colcon_core.package_identification:_identify(plots/square_2.0ms_20251129_233106) by extension 'ignore'
[0.097s] Level 1:colcon.colcon_core.package_identification:_identify(plots/square_2.0ms_20251129_233106) by extension 'ignore_ament_install'
[0.097s] Level 1:colcon.colcon_core.package_identification:_identify(plots/square_2.0ms_20251129_233106) by extensions ['colcon_pkg']
[0.097s] Level 1:colcon.colcon_core.package_identification:_identify(plots/square_2.0ms_20251129_233106) by extension 'colcon_pkg'
[0.097s] Level 1:colcon.colcon_core.package_identification:_identify(plots/square_2.0ms_20251129_233106) by extensions ['colcon_meta']
[0.097s] Level 1:colcon.colcon_core.package_identification:_identify(plots/square_2.0ms_20251129_233106) by extension 'colcon_meta'
[0.097s] Level 1:colcon.colcon_core.package_identification:_identify(plots/square_2.0ms_20251129_233106) by extensions ['ros']
[0.097s] Level 1:colcon.colcon_core.package_identification:_identify(plots/square_2.0ms_20251129_233106) by extension 'ros'
[0.097s] Level 1:colcon.colcon_core.package_identification:_identify(plots/square_2.0ms_20251129_233106) by extensions ['cmake', 'python']
[0.097s] Level 1:colcon.colcon_core.package_identification:_identify(plots/square_2.0ms_20251129_233106) by extension 'cmake'
[0.097s] Level 1:colcon.colcon_core.package_identification:_identify(plots/square_2.0ms_20251129_233106) by extension 'python'
[0.097s] Level 1:colcon.colcon_core.package_identification:_identify(plots/square_2.0ms_20251129_233106) by extensions ['python_setup_py']
[0.097s] Level 1:colcon.colcon_core.package_identification:_identify(plots/square_2.0ms_20251129_233106) by extension 'python_setup_py'
[0.097s] Level 1:colcon.colcon_core.package_identification:_identify(plots/square_2.0ms_20251129_234405) by extensions ['ignore', 'ignore_ament_install']
[0.098s] Level 1:colcon.colcon_core.package_identification:_identify(plots/square_2.0ms_20251129_234405) by extension 'ignore'
[0.098s] Level 1:colcon.colcon_core.package_identification:_identify(plots/square_2.0ms_20251129_234405) by extension 'ignore_ament_install'
[0.098s] Level 1:colcon.colcon_core.package_identification:_identify(plots/square_2.0ms_20251129_234405) by extensions ['colcon_pkg']
[0.098s] Level 1:colcon.colcon_core.package_identification:_identify(plots/square_2.0ms_20251129_234405) by extension 'colcon_pkg'
[0.098s] Level 1:colcon.colcon_core.package_identification:_identify(plots/square_2.0ms_20251129_234405) by extensions ['colcon_meta']
[0.098s] Level 1:colcon.colcon_core.package_identification:_identify(plots/square_2.0ms_20251129_234405) by extension 'colcon_meta'
[0.098s] Level 1:colcon.colcon_core.package_identification:_identify(plots/square_2.0ms_20251129_234405) by extensions ['ros']
[0.098s] Level 1:colcon.colcon_core.package_identification:_identify(plots/square_2.0ms_20251129_234405) by extension 'ros'
[0.098s] Level 1:colcon.colcon_core.package_identification:_identify(plots/square_2.0ms_20251129_234405) by extensions ['cmake', 'python']
[0.098s] Level 1:colcon.colcon_core.package_identification:_identify(plots/square_2.0ms_20251129_234405) by extension 'cmake'
[0.098s] Level 1:colcon.colcon_core.package_identification:_identify(plots/square_2.0ms_20251129_234405) by extension 'python'
[0.098s] Level 1:colcon.colcon_core.package_identification:_identify(plots/square_2.0ms_20251129_234405) by extensions ['python_setup_py']
[0.098s] Level 1:colcon.colcon_core.package_identification:_identify(plots/square_2.0ms_20251129_234405) by extension 'python_setup_py'
[0.098s] Level 1:colcon.colcon_core.package_identification:_identify(plots/square_2.0ms_20251129_234835) by extensions ['ignore', 'ignore_ament_install']
[0.098s] Level 1:colcon.colcon_core.package_identification:_identify(plots/square_2.0ms_20251129_234835) by extension 'ignore'
[0.098s] Level 1:colcon.colcon_core.package_identification:_identify(plots/square_2.0ms_20251129_234835) by extension 'ignore_ament_install'
[0.098s] Level 1:colcon.colcon_core.package_identification:_identify(plots/square_2.0ms_20251129_234835) by extensions ['colcon_pkg']
[0.098s] Level 1:colcon.colcon_core.package_identification:_identify(plots/square_2.0ms_20251129_234835) by extension 'colcon_pkg'
[0.098s] Level 1:colcon.colcon_core.package_identification:_identify(plots/square_2.0ms_20251129_234835) by extensions ['colcon_meta']
[0.098s] Level 1:colcon.colcon_core.package_identification:_identify(plots/square_2.0ms_20251129_234835) by extension 'colcon_meta'
[0.098s] Level 1:colcon.colcon_core.package_identification:_identify(plots/square_2.0ms_20251129_234835) by extensions ['ros']
[0.098s] Level 1:colcon.colcon_core.package_identification:_identify(plots/square_2.0ms_20251129_234835) by extension 'ros'
[0.098s] Level 1:colcon.colcon_core.package_identification:_identify(plots/square_2.0ms_20251129_234835) by extensions ['cmake', 'python']
[0.098s] Level 1:colcon.colcon_core.package_identification:_identify(plots/square_2.0ms_20251129_234835) by extension 'cmake'
[0.098s] Level 1:colcon.colcon_core.package_identification:_identify(plots/square_2.0ms_20251129_234835) by extension 'python'
[0.098s] Level 1:colcon.colcon_core.package_identification:_identify(plots/square_2.0ms_20251129_234835) by extensions ['python_setup_py']
[0.098s] Level 1:colcon.colcon_core.package_identification:_identify(plots/square_2.0ms_20251129_234835) by extension 'python_setup_py'
[0.098s] Level 1:colcon.colcon_core.package_identification:_identify(plots/square_2.0ms_20251129_235252) by extensions ['ignore', 'ignore_ament_install']
[0.098s] Level 1:colcon.colcon_core.package_identification:_identify(plots/square_2.0ms_20251129_235252) by extension 'ignore'
[0.098s] Level 1:colcon.colcon_core.package_identification:_identify(plots/square_2.0ms_20251129_235252) by extension 'ignore_ament_install'
[0.098s] Level 1:colcon.colcon_core.package_identification:_identify(plots/square_2.0ms_20251129_235252) by extensions ['colcon_pkg']
[0.098s] Level 1:colcon.colcon_core.package_identification:_identify(plots/square_2.0ms_20251129_235252) by extension 'colcon_pkg'
[0.098s] Level 1:colcon.colcon_core.package_identification:_identify(plots/square_2.0ms_20251129_235252) by extensions ['colcon_meta']
[0.098s] Level 1:colcon.colcon_core.package_identification:_identify(plots/square_2.0ms_20251129_235252) by extension 'colcon_meta'
[0.098s] Level 1:colcon.colcon_core.package_identification:_identify(plots/square_2.0ms_20251129_235252) by extensions ['ros']
[0.098s] Level 1:colcon.colcon_core.package_identification:_identify(plots/square_2.0ms_20251129_235252) by extension 'ros'
[0.098s] Level 1:colcon.colcon_core.package_identification:_identify(plots/square_2.0ms_20251129_235252) by extensions ['cmake', 'python']
[0.098s] Level 1:colcon.colcon_core.package_identification:_identify(plots/square_2.0ms_20251129_235252) by extension 'cmake'
[0.098s] Level 1:colcon.colcon_core.package_identification:_identify(plots/square_2.0ms_20251129_235252) by extension 'python'
[0.098s] Level 1:colcon.colcon_core.package_identification:_identify(plots/square_2.0ms_20251129_235252) by extensions ['python_setup_py']
[0.098s] Level 1:colcon.colcon_core.package_identification:_identify(plots/square_2.0ms_20251129_235252) by extension 'python_setup_py'
[0.098s] Level 1:colcon.colcon_core.package_identification:_identify(plots/square_2.0ms_20251129_235433) by extensions ['ignore', 'ignore_ament_install']
[0.098s] Level 1:colcon.colcon_core.package_identification:_identify(plots/square_2.0ms_20251129_235433) by extension 'ignore'
[0.098s] Level 1:colcon.colcon_core.package_identification:_identify(plots/square_2.0ms_20251129_235433) by extension 'ignore_ament_install'
[0.098s] Level 1:colcon.colcon_core.package_identification:_identify(plots/square_2.0ms_20251129_235433) by extensions ['colcon_pkg']
[0.098s] Level 1:colcon.colcon_core.package_identification:_identify(plots/square_2.0ms_20251129_235433) by extension 'colcon_pkg'
[0.098s] Level 1:colcon.colcon_core.package_identification:_identify(plots/square_2.0ms_20251129_235433) by extensions ['colcon_meta']
[0.098s] Level 1:colcon.colcon_core.package_identification:_identify(plots/square_2.0ms_20251129_235433) by extension 'colcon_meta'
[0.098s] Level 1:colcon.colcon_core.package_identification:_identify(plots/square_2.0ms_20251129_235433) by extensions ['ros']
[0.098s] Level 1:colcon.colcon_core.package_identification:_identify(plots/square_2.0ms_20251129_235433) by extension 'ros'
[0.098s] Level 1:colcon.colcon_core.package_identification:_identify(plots/square_2.0ms_20251129_235433) by extensions ['cmake', 'python']
[0.098s] Level 1:colcon.colcon_core.package_identification:_identify(plots/square_2.0ms_20251129_235433) by extension 'cmake'
[0.098s] Level 1:colcon.colcon_core.package_identification:_identify(plots/square_2.0ms_20251129_235433) by extension 'python'
[0.098s] Level 1:colcon.colcon_core.package_identification:_identify(plots/square_2.0ms_20251129_235433) by extensions ['python_setup_py']
[0.098s] Level 1:colcon.colcon_core.package_identification:_identify(plots/square_2.0ms_20251129_235433) by extension 'python_setup_py'
[0.098s] Level 1:colcon.colcon_core.package_identification:_identify(plots/square_2.0ms_20251129_235602) by extensions ['ignore', 'ignore_ament_install']
[0.098s] Level 1:colcon.colcon_core.package_identification:_identify(plots/square_2.0ms_20251129_235602) by extension 'ignore'
[0.099s] Level 1:colcon.colcon_core.package_identification:_identify(plots/square_2.0ms_20251129_235602) by extension 'ignore_ament_install'
[0.099s] Level 1:colcon.colcon_core.package_identification:_identify(plots/square_2.0ms_20251129_235602) by extensions ['colcon_pkg']
[0.099s] Level 1:colcon.colcon_core.package_identification:_identify(plots/square_2.0ms_20251129_235602) by extension 'colcon_pkg'
[0.099s] Level 1:colcon.colcon_core.package_identification:_identify(plots/square_2.0ms_20251129_235602) by extensions ['colcon_meta']
[0.099s] Level 1:colcon.colcon_core.package_identification:_identify(plots/square_2.0ms_20251129_235602) by extension 'colcon_meta'
[0.099s] Level 1:colcon.colcon_core.package_identification:_identify(plots/square_2.0ms_20251129_235602) by extensions ['ros']
[0.099s] Level 1:colcon.colcon_core.package_identification:_identify(plots/square_2.0ms_20251129_235602) by extension 'ros'
[0.099s] Level 1:colcon.colcon_core.package_identification:_identify(plots/square_2.0ms_20251129_235602) by extensions ['cmake', 'python']
[0.099s] Level 1:colcon.colcon_core.package_identification:_identify(plots/square_2.0ms_20251129_235602) by extension 'cmake'
[0.099s] Level 1:colcon.colcon_core.package_identification:_identify(plots/square_2.0ms_20251129_235602) by extension 'python'
[0.099s] Level 1:colcon.colcon_core.package_identification:_identify(plots/square_2.0ms_20251129_235602) by extensions ['python_setup_py']
[0.099s] Level 1:colcon.colcon_core.package_identification:_identify(plots/square_2.0ms_20251129_235602) by extension 'python_setup_py'
[0.099s] Level 1:colcon.colcon_core.package_identification:_identify(plots/square_2.0ms_20251130_001703) by extensions ['ignore', 'ignore_ament_install']
[0.099s] Level 1:colcon.colcon_core.package_identification:_identify(plots/square_2.0ms_20251130_001703) by extension 'ignore'
[0.099s] Level 1:colcon.colcon_core.package_identification:_identify(plots/square_2.0ms_20251130_001703) by extension 'ignore_ament_install'
[0.099s] Level 1:colcon.colcon_core.package_identification:_identify(plots/square_2.0ms_20251130_001703) by extensions ['colcon_pkg']
[0.099s] Level 1:colcon.colcon_core.package_identification:_identify(plots/square_2.0ms_20251130_001703) by extension 'colcon_pkg'
[0.099s] Level 1:colcon.colcon_core.package_identification:_identify(plots/square_2.0ms_20251130_001703) by extensions ['colcon_meta']
[0.099s] Level 1:colcon.colcon_core.package_identification:_identify(plots/square_2.0ms_20251130_001703) by extension 'colcon_meta'
[0.099s] Level 1:colcon.colcon_core.package_identification:_identify(plots/square_2.0ms_20251130_001703) by extensions ['ros']
[0.099s] Level 1:colcon.colcon_core.package_identification:_identify(plots/square_2.0ms_20251130_001703) by extension 'ros'
[0.099s] Level 1:colcon.colcon_core.package_identification:_identify(plots/square_2.0ms_20251130_001703) by extensions ['cmake', 'python']
[0.099s] Level 1:colcon.colcon_core.package_identification:_identify(plots/square_2.0ms_20251130_001703) by extension 'cmake'
[0.099s] Level 1:colcon.colcon_core.package_identification:_identify(plots/square_2.0ms_20251130_001703) by extension 'python'
[0.099s] Level 1:colcon.colcon_core.package_identification:_identify(plots/square_2.0ms_20251130_001703) by extensions ['python_setup_py']
[0.099s] Level 1:colcon.colcon_core.package_identification:_identify(plots/square_2.0ms_20251130_001703) by extension 'python_setup_py'
[0.099s] Level 1:colcon.colcon_core.package_identification:_identify(plots/square_2.0ms_20251130_001850) by extensions ['ignore', 'ignore_ament_install']
[0.099s] Level 1:colcon.colcon_core.package_identification:_identify(plots/square_2.0ms_20251130_001850) by extension 'ignore'
[0.099s] Level 1:colcon.colcon_core.package_identification:_identify(plots/square_2.0ms_20251130_001850) by extension 'ignore_ament_install'
[0.099s] Level 1:colcon.colcon_core.package_identification:_identify(plots/square_2.0ms_20251130_001850) by extensions ['colcon_pkg']
[0.099s] Level 1:colcon.colcon_core.package_identification:_identify(plots/square_2.0ms_20251130_001850) by extension 'colcon_pkg'
[0.099s] Level 1:colcon.colcon_core.package_identification:_identify(plots/square_2.0ms_20251130_001850) by extensions ['colcon_meta']
[0.099s] Level 1:colcon.colcon_core.package_identification:_identify(plots/square_2.0ms_20251130_001850) by extension 'colcon_meta'
[0.099s] Level 1:colcon.colcon_core.package_identification:_identify(plots/square_2.0ms_20251130_001850) by extensions ['ros']
[0.099s] Level 1:colcon.colcon_core.package_identification:_identify(plots/square_2.0ms_20251130_001850) by extension 'ros'
[0.099s] Level 1:colcon.colcon_core.package_identification:_identify(plots/square_2.0ms_20251130_001850) by extensions ['cmake', 'python']
[0.099s] Level 1:colcon.colcon_core.package_identification:_identify(plots/square_2.0ms_20251130_001850) by extension 'cmake'
[0.099s] Level 1:colcon.colcon_core.package_identification:_identify(plots/square_2.0ms_20251130_001850) by extension 'python'
[0.099s] Level 1:colcon.colcon_core.package_identification:_identify(plots/square_2.0ms_20251130_001850) by extensions ['python_setup_py']
[0.099s] Level 1:colcon.colcon_core.package_identification:_identify(plots/square_2.0ms_20251130_001850) by extension 'python_setup_py'
[0.099s] Level 1:colcon.colcon_core.package_identification:_identify(plots/square_2.0ms_20251202_115827) by extensions ['ignore', 'ignore_ament_install']
[0.099s] Level 1:colcon.colcon_core.package_identification:_identify(plots/square_2.0ms_20251202_115827) by extension 'ignore'
[0.099s] Level 1:colcon.colcon_core.package_identification:_identify(plots/square_2.0ms_20251202_115827) by extension 'ignore_ament_install'
[0.099s] Level 1:colcon.colcon_core.package_identification:_identify(plots/square_2.0ms_20251202_115827) by extensions ['colcon_pkg']
[0.099s] Level 1:colcon.colcon_core.package_identification:_identify(plots/square_2.0ms_20251202_115827) by extension 'colcon_pkg'
[0.099s] Level 1:colcon.colcon_core.package_identification:_identify(plots/square_2.0ms_20251202_115827) by extensions ['colcon_meta']
[0.099s] Level 1:colcon.colcon_core.package_identification:_identify(plots/square_2.0ms_20251202_115827) by extension 'colcon_meta'
[0.099s] Level 1:colcon.colcon_core.package_identification:_identify(plots/square_2.0ms_20251202_115827) by extensions ['ros']
[0.099s] Level 1:colcon.colcon_core.package_identification:_identify(plots/square_2.0ms_20251202_115827) by extension 'ros'
[0.099s] Level 1:colcon.colcon_core.package_identification:_identify(plots/square_2.0ms_20251202_115827) by extensions ['cmake', 'python']
[0.099s] Level 1:colcon.colcon_core.package_identification:_identify(plots/square_2.0ms_20251202_115827) by extension 'cmake'
[0.099s] Level 1:colcon.colcon_core.package_identification:_identify(plots/square_2.0ms_20251202_115827) by extension 'python'
[0.099s] Level 1:colcon.colcon_core.package_identification:_identify(plots/square_2.0ms_20251202_115827) by extensions ['python_setup_py']
[0.099s] Level 1:colcon.colcon_core.package_identification:_identify(plots/square_2.0ms_20251202_115827) by extension 'python_setup_py'
[0.099s] Level 1:colcon.colcon_core.package_identification:_identify(plots/square_2.0ms_20251202_120103) by extensions ['ignore', 'ignore_ament_install']
[0.100s] Level 1:colcon.colcon_core.package_identification:_identify(plots/square_2.0ms_20251202_120103) by extension 'ignore'
[0.100s] Level 1:colcon.colcon_core.package_identification:_identify(plots/square_2.0ms_20251202_120103) by extension 'ignore_ament_install'
[0.100s] Level 1:colcon.colcon_core.package_identification:_identify(plots/square_2.0ms_20251202_120103) by extensions ['colcon_pkg']
[0.100s] Level 1:colcon.colcon_core.package_identification:_identify(plots/square_2.0ms_20251202_120103) by extension 'colcon_pkg'
[0.100s] Level 1:colcon.colcon_core.package_identification:_identify(plots/square_2.0ms_20251202_120103) by extensions ['colcon_meta']
[0.100s] Level 1:colcon.colcon_core.package_identification:_identify(plots/square_2.0ms_20251202_120103) by extension 'colcon_meta'
[0.100s] Level 1:colcon.colcon_core.package_identification:_identify(plots/square_2.0ms_20251202_120103) by extensions ['ros']
[0.100s] Level 1:colcon.colcon_core.package_identification:_identify(plots/square_2.0ms_20251202_120103) by extension 'ros'
[0.100s] Level 1:colcon.colcon_core.package_identification:_identify(plots/square_2.0ms_20251202_120103) by extensions ['cmake', 'python']
[0.100s] Level 1:colcon.colcon_core.package_identification:_identify(plots/square_2.0ms_20251202_120103) by extension 'cmake'
[0.100s] Level 1:colcon.colcon_core.package_identification:_identify(plots/square_2.0ms_20251202_120103) by extension 'python'
[0.100s] Level 1:colcon.colcon_core.package_identification:_identify(plots/square_2.0ms_20251202_120103) by extensions ['python_setup_py']
[0.100s] Level 1:colcon.colcon_core.package_identification:_identify(plots/square_2.0ms_20251202_120103) by extension 'python_setup_py'
[0.100s] Level 1:colcon.colcon_core.package_identification:_identify(plots/square_2.0ms_20251202_120449) by extensions ['ignore', 'ignore_ament_install']
[0.100s] Level 1:colcon.colcon_core.package_identification:_identify(plots/square_2.0ms_20251202_120449) by extension 'ignore'
[0.100s] Level 1:colcon.colcon_core.package_identification:_identify(plots/square_2.0ms_20251202_120449) by extension 'ignore_ament_install'
[0.100s] Level 1:colcon.colcon_core.package_identification:_identify(plots/square_2.0ms_20251202_120449) by extensions ['colcon_pkg']
[0.100s] Level 1:colcon.colcon_core.package_identification:_identify(plots/square_2.0ms_20251202_120449) by extension 'colcon_pkg'
[0.100s] Level 1:colcon.colcon_core.package_identification:_identify(plots/square_2.0ms_20251202_120449) by extensions ['colcon_meta']
[0.100s] Level 1:colcon.colcon_core.package_identification:_identify(plots/square_2.0ms_20251202_120449) by extension 'colcon_meta'
[0.100s] Level 1:colcon.colcon_core.package_identification:_identify(plots/square_2.0ms_20251202_120449) by extensions ['ros']
[0.100s] Level 1:colcon.colcon_core.package_identification:_identify(plots/square_2.0ms_20251202_120449) by extension 'ros'
[0.100s] Level 1:colcon.colcon_core.package_identification:_identify(plots/square_2.0ms_20251202_120449) by extensions ['cmake', 'python']
[0.100s] Level 1:colcon.colcon_core.package_identification:_identify(plots/square_2.0ms_20251202_120449) by extension 'cmake'
[0.100s] Level 1:colcon.colcon_core.package_identification:_identify(plots/square_2.0ms_20251202_120449) by extension 'python'
[0.100s] Level 1:colcon.colcon_core.package_identification:_identify(plots/square_2.0ms_20251202_120449) by extensions ['python_setup_py']
[0.100s] Level 1:colcon.colcon_core.package_identification:_identify(plots/square_2.0ms_20251202_120449) by extension 'python_setup_py'
[0.100s] Level 1:colcon.colcon_core.package_identification:_identify(plots/square_2.0ms_20251202_121229) by extensions ['ignore', 'ignore_ament_install']
[0.100s] Level 1:colcon.colcon_core.package_identification:_identify(plots/square_2.0ms_20251202_121229) by extension 'ignore'
[0.100s] Level 1:colcon.colcon_core.package_identification:_identify(plots/square_2.0ms_20251202_121229) by extension 'ignore_ament_install'
[0.100s] Level 1:colcon.colcon_core.package_identification:_identify(plots/square_2.0ms_20251202_121229) by extensions ['colcon_pkg']
[0.100s] Level 1:colcon.colcon_core.package_identification:_identify(plots/square_2.0ms_20251202_121229) by extension 'colcon_pkg'
[0.100s] Level 1:colcon.colcon_core.package_identification:_identify(plots/square_2.0ms_20251202_121229) by extensions ['colcon_meta']
[0.100s] Level 1:colcon.colcon_core.package_identification:_identify(plots/square_2.0ms_20251202_121229) by extension 'colcon_meta'
[0.100s] Level 1:colcon.colcon_core.package_identification:_identify(plots/square_2.0ms_20251202_121229) by extensions ['ros']
[0.100s] Level 1:colcon.colcon_core.package_identification:_identify(plots/square_2.0ms_20251202_121229) by extension 'ros'
[0.100s] Level 1:colcon.colcon_core.package_identification:_identify(plots/square_2.0ms_20251202_121229) by extensions ['cmake', 'python']
[0.100s] Level 1:colcon.colcon_core.package_identification:_identify(plots/square_2.0ms_20251202_121229) by extension 'cmake'
[0.100s] Level 1:colcon.colcon_core.package_identification:_identify(plots/square_2.0ms_20251202_121229) by extension 'python'
[0.100s] Level 1:colcon.colcon_core.package_identification:_identify(plots/square_2.0ms_20251202_121229) by extensions ['python_setup_py']
[0.100s] Level 1:colcon.colcon_core.package_identification:_identify(plots/square_2.0ms_20251202_121229) by extension 'python_setup_py'
[0.100s] Level 1:colcon.colcon_core.package_identification:_identify(plots/square_2.0ms_20251202_121348) by extensions ['ignore', 'ignore_ament_install']
[0.100s] Level 1:colcon.colcon_core.package_identification:_identify(plots/square_2.0ms_20251202_121348) by extension 'ignore'
[0.100s] Level 1:colcon.colcon_core.package_identification:_identify(plots/square_2.0ms_20251202_121348) by extension 'ignore_ament_install'
[0.100s] Level 1:colcon.colcon_core.package_identification:_identify(plots/square_2.0ms_20251202_121348) by extensions ['colcon_pkg']
[0.100s] Level 1:colcon.colcon_core.package_identification:_identify(plots/square_2.0ms_20251202_121348) by extension 'colcon_pkg'
[0.100s] Level 1:colcon.colcon_core.package_identification:_identify(plots/square_2.0ms_20251202_121348) by extensions ['colcon_meta']
[0.100s] Level 1:colcon.colcon_core.package_identification:_identify(plots/square_2.0ms_20251202_121348) by extension 'colcon_meta'
[0.100s] Level 1:colcon.colcon_core.package_identification:_identify(plots/square_2.0ms_20251202_121348) by extensions ['ros']
[0.100s] Level 1:colcon.colcon_core.package_identification:_identify(plots/square_2.0ms_20251202_121348) by extension 'ros'
[0.100s] Level 1:colcon.colcon_core.package_identification:_identify(plots/square_2.0ms_20251202_121348) by extensions ['cmake', 'python']
[0.100s] Level 1:colcon.colcon_core.package_identification:_identify(plots/square_2.0ms_20251202_121348) by extension 'cmake'
[0.100s] Level 1:colcon.colcon_core.package_identification:_identify(plots/square_2.0ms_20251202_121348) by extension 'python'
[0.100s] Level 1:colcon.colcon_core.package_identification:_identify(plots/square_2.0ms_20251202_121348) by extensions ['python_setup_py']
[0.100s] Level 1:colcon.colcon_core.package_identification:_identify(plots/square_2.0ms_20251202_121348) by extension 'python_setup_py'
[0.100s] Level 1:colcon.colcon_core.package_identification:_identify(plots/square_2.0ms_20251202_121740) by extensions ['ignore', 'ignore_ament_install']
[0.100s] Level 1:colcon.colcon_core.package_identification:_identify(plots/square_2.0ms_20251202_121740) by extension 'ignore'
[0.101s] Level 1:colcon.colcon_core.package_identification:_identify(plots/square_2.0ms_20251202_121740) by extension 'ignore_ament_install'
[0.101s] Level 1:colcon.colcon_core.package_identification:_identify(plots/square_2.0ms_20251202_121740) by extensions ['colcon_pkg']
[0.101s] Level 1:colcon.colcon_core.package_identification:_identify(plots/square_2.0ms_20251202_121740) by extension 'colcon_pkg'
[0.101s] Level 1:colcon.colcon_core.package_identification:_identify(plots/square_2.0ms_20251202_121740) by extensions ['colcon_meta']
[0.101s] Level 1:colcon.colcon_core.package_identification:_identify(plots/square_2.0ms_20251202_121740) by extension 'colcon_meta'
[0.101s] Level 1:colcon.colcon_core.package_identification:_identify(plots/square_2.0ms_20251202_121740) by extensions ['ros']
[0.101s] Level 1:colcon.colcon_core.package_identification:_identify(plots/square_2.0ms_20251202_121740) by extension 'ros'
[0.101s] Level 1:colcon.colcon_core.package_identification:_identify(plots/square_2.0ms_20251202_121740) by extensions ['cmake', 'python']
[0.101s] Level 1:colcon.colcon_core.package_identification:_identify(plots/square_2.0ms_20251202_121740) by extension 'cmake'
[0.101s] Level 1:colcon.colcon_core.package_identification:_identify(plots/square_2.0ms_20251202_121740) by extension 'python'
[0.101s] Level 1:colcon.colcon_core.package_identification:_identify(plots/square_2.0ms_20251202_121740) by extensions ['python_setup_py']
[0.101s] Level 1:colcon.colcon_core.package_identification:_identify(plots/square_2.0ms_20251202_121740) by extension 'python_setup_py'
[0.101s] Level 1:colcon.colcon_core.package_identification:_identify(plots/square_2.0ms_20251202_122039) by extensions ['ignore', 'ignore_ament_install']
[0.101s] Level 1:colcon.colcon_core.package_identification:_identify(plots/square_2.0ms_20251202_122039) by extension 'ignore'
[0.101s] Level 1:colcon.colcon_core.package_identification:_identify(plots/square_2.0ms_20251202_122039) by extension 'ignore_ament_install'
[0.101s] Level 1:colcon.colcon_core.package_identification:_identify(plots/square_2.0ms_20251202_122039) by extensions ['colcon_pkg']
[0.101s] Level 1:colcon.colcon_core.package_identification:_identify(plots/square_2.0ms_20251202_122039) by extension 'colcon_pkg'
[0.101s] Level 1:colcon.colcon_core.package_identification:_identify(plots/square_2.0ms_20251202_122039) by extensions ['colcon_meta']
[0.101s] Level 1:colcon.colcon_core.package_identification:_identify(plots/square_2.0ms_20251202_122039) by extension 'colcon_meta'
[0.101s] Level 1:colcon.colcon_core.package_identification:_identify(plots/square_2.0ms_20251202_122039) by extensions ['ros']
[0.101s] Level 1:colcon.colcon_core.package_identification:_identify(plots/square_2.0ms_20251202_122039) by extension 'ros'
[0.101s] Level 1:colcon.colcon_core.package_identification:_identify(plots/square_2.0ms_20251202_122039) by extensions ['cmake', 'python']
[0.101s] Level 1:colcon.colcon_core.package_identification:_identify(plots/square_2.0ms_20251202_122039) by extension 'cmake'
[0.101s] Level 1:colcon.colcon_core.package_identification:_identify(plots/square_2.0ms_20251202_122039) by extension 'python'
[0.101s] Level 1:colcon.colcon_core.package_identification:_identify(plots/square_2.0ms_20251202_122039) by extensions ['python_setup_py']
[0.101s] Level 1:colcon.colcon_core.package_identification:_identify(plots/square_2.0ms_20251202_122039) by extension 'python_setup_py'
[0.101s] Level 1:colcon.colcon_core.package_identification:_identify(plots/square_2.0ms_20251202_122316) by extensions ['ignore', 'ignore_ament_install']
[0.101s] Level 1:colcon.colcon_core.package_identification:_identify(plots/square_2.0ms_20251202_122316) by extension 'ignore'
[0.101s] Level 1:colcon.colcon_core.package_identification:_identify(plots/square_2.0ms_20251202_122316) by extension 'ignore_ament_install'
[0.101s] Level 1:colcon.colcon_core.package_identification:_identify(plots/square_2.0ms_20251202_122316) by extensions ['colcon_pkg']
[0.101s] Level 1:colcon.colcon_core.package_identification:_identify(plots/square_2.0ms_20251202_122316) by extension 'colcon_pkg'
[0.101s] Level 1:colcon.colcon_core.package_identification:_identify(plots/square_2.0ms_20251202_122316) by extensions ['colcon_meta']
[0.101s] Level 1:colcon.colcon_core.package_identification:_identify(plots/square_2.0ms_20251202_122316) by extension 'colcon_meta'
[0.101s] Level 1:colcon.colcon_core.package_identification:_identify(plots/square_2.0ms_20251202_122316) by extensions ['ros']
[0.101s] Level 1:colcon.colcon_core.package_identification:_identify(plots/square_2.0ms_20251202_122316) by extension 'ros'
[0.101s] Level 1:colcon.colcon_core.package_identification:_identify(plots/square_2.0ms_20251202_122316) by extensions ['cmake', 'python']
[0.101s] Level 1:colcon.colcon_core.package_identification:_identify(plots/square_2.0ms_20251202_122316) by extension 'cmake'
[0.101s] Level 1:colcon.colcon_core.package_identification:_identify(plots/square_2.0ms_20251202_122316) by extension 'python'
[0.101s] Level 1:colcon.colcon_core.package_identification:_identify(plots/square_2.0ms_20251202_122316) by extensions ['python_setup_py']
[0.101s] Level 1:colcon.colcon_core.package_identification:_identify(plots/square_2.0ms_20251202_122316) by extension 'python_setup_py'
[0.101s] Level 1:colcon.colcon_core.package_identification:_identify(plots/square_2.0ms_20251202_122721) by extensions ['ignore', 'ignore_ament_install']
[0.101s] Level 1:colcon.colcon_core.package_identification:_identify(plots/square_2.0ms_20251202_122721) by extension 'ignore'
[0.101s] Level 1:colcon.colcon_core.package_identification:_identify(plots/square_2.0ms_20251202_122721) by extension 'ignore_ament_install'
[0.101s] Level 1:colcon.colcon_core.package_identification:_identify(plots/square_2.0ms_20251202_122721) by extensions ['colcon_pkg']
[0.101s] Level 1:colcon.colcon_core.package_identification:_identify(plots/square_2.0ms_20251202_122721) by extension 'colcon_pkg'
[0.101s] Level 1:colcon.colcon_core.package_identification:_identify(plots/square_2.0ms_20251202_122721) by extensions ['colcon_meta']
[0.101s] Level 1:colcon.colcon_core.package_identification:_identify(plots/square_2.0ms_20251202_122721) by extension 'colcon_meta'
[0.101s] Level 1:colcon.colcon_core.package_identification:_identify(plots/square_2.0ms_20251202_122721) by extensions ['ros']
[0.101s] Level 1:colcon.colcon_core.package_identification:_identify(plots/square_2.0ms_20251202_122721) by extension 'ros'
[0.101s] Level 1:colcon.colcon_core.package_identification:_identify(plots/square_2.0ms_20251202_122721) by extensions ['cmake', 'python']
[0.101s] Level 1:colcon.colcon_core.package_identification:_identify(plots/square_2.0ms_20251202_122721) by extension 'cmake'
[0.101s] Level 1:colcon.colcon_core.package_identification:_identify(plots/square_2.0ms_20251202_122721) by extension 'python'
[0.101s] Level 1:colcon.colcon_core.package_identification:_identify(plots/square_2.0ms_20251202_122721) by extensions ['python_setup_py']
[0.101s] Level 1:colcon.colcon_core.package_identification:_identify(plots/square_2.0ms_20251202_122721) by extension 'python_setup_py'
[0.101s] Level 1:colcon.colcon_core.package_identification:_identify(plots/square_2.0ms_20251202_123308) by extensions ['ignore', 'ignore_ament_install']
[0.101s] Level 1:colcon.colcon_core.package_identification:_identify(plots/square_2.0ms_20251202_123308) by extension 'ignore'
[0.101s] Level 1:colcon.colcon_core.package_identification:_identify(plots/square_2.0ms_20251202_123308) by extension 'ignore_ament_install'
[0.101s] Level 1:colcon.colcon_core.package_identification:_identify(plots/square_2.0ms_20251202_123308) by extensions ['colcon_pkg']
[0.101s] Level 1:colcon.colcon_core.package_identification:_identify(plots/square_2.0ms_20251202_123308) by extension 'colcon_pkg'
[0.101s] Level 1:colcon.colcon_core.package_identification:_identify(plots/square_2.0ms_20251202_123308) by extensions ['colcon_meta']
[0.101s] Level 1:colcon.colcon_core.package_identification:_identify(plots/square_2.0ms_20251202_123308) by extension 'colcon_meta'
[0.102s] Level 1:colcon.colcon_core.package_identification:_identify(plots/square_2.0ms_20251202_123308) by extensions ['ros']
[0.102s] Level 1:colcon.colcon_core.package_identification:_identify(plots/square_2.0ms_20251202_123308) by extension 'ros'
[0.102s] Level 1:colcon.colcon_core.package_identification:_identify(plots/square_2.0ms_20251202_123308) by extensions ['cmake', 'python']
[0.102s] Level 1:colcon.colcon_core.package_identification:_identify(plots/square_2.0ms_20251202_123308) by extension 'cmake'
[0.102s] Level 1:colcon.colcon_core.package_identification:_identify(plots/square_2.0ms_20251202_123308) by extension 'python'
[0.102s] Level 1:colcon.colcon_core.package_identification:_identify(plots/square_2.0ms_20251202_123308) by extensions ['python_setup_py']
[0.102s] Level 1:colcon.colcon_core.package_identification:_identify(plots/square_2.0ms_20251202_123308) by extension 'python_setup_py'
[0.102s] Level 1:colcon.colcon_core.package_identification:_identify(plots/square_2.0ms_20251204_102507) by extensions ['ignore', 'ignore_ament_install']
[0.102s] Level 1:colcon.colcon_core.package_identification:_identify(plots/square_2.0ms_20251204_102507) by extension 'ignore'
[0.102s] Level 1:colcon.colcon_core.package_identification:_identify(plots/square_2.0ms_20251204_102507) by extension 'ignore_ament_install'
[0.102s] Level 1:colcon.colcon_core.package_identification:_identify(plots/square_2.0ms_20251204_102507) by extensions ['colcon_pkg']
[0.102s] Level 1:colcon.colcon_core.package_identification:_identify(plots/square_2.0ms_20251204_102507) by extension 'colcon_pkg'
[0.102s] Level 1:colcon.colcon_core.package_identification:_identify(plots/square_2.0ms_20251204_102507) by extensions ['colcon_meta']
[0.102s] Level 1:colcon.colcon_core.package_identification:_identify(plots/square_2.0ms_20251204_102507) by extension 'colcon_meta'
[0.102s] Level 1:colcon.colcon_core.package_identification:_identify(plots/square_2.0ms_20251204_102507) by extensions ['ros']
[0.102s] Level 1:colcon.colcon_core.package_identification:_identify(plots/square_2.0ms_20251204_102507) by extension 'ros'
[0.102s] Level 1:colcon.colcon_core.package_identification:_identify(plots/square_2.0ms_20251204_102507) by extensions ['cmake', 'python']
[0.102s] Level 1:colcon.colcon_core.package_identification:_identify(plots/square_2.0ms_20251204_102507) by extension 'cmake'
[0.102s] Level 1:colcon.colcon_core.package_identification:_identify(plots/square_2.0ms_20251204_102507) by extension 'python'
[0.102s] Level 1:colcon.colcon_core.package_identification:_identify(plots/square_2.0ms_20251204_102507) by extensions ['python_setup_py']
[0.102s] Level 1:colcon.colcon_core.package_identification:_identify(plots/square_2.0ms_20251204_102507) by extension 'python_setup_py'
[0.102s] Level 1:colcon.colcon_core.package_identification:_identify(plots/square_2.0ms_20251204_103342) by extensions ['ignore', 'ignore_ament_install']
[0.102s] Level 1:colcon.colcon_core.package_identification:_identify(plots/square_2.0ms_20251204_103342) by extension 'ignore'
[0.102s] Level 1:colcon.colcon_core.package_identification:_identify(plots/square_2.0ms_20251204_103342) by extension 'ignore_ament_install'
[0.102s] Level 1:colcon.colcon_core.package_identification:_identify(plots/square_2.0ms_20251204_103342) by extensions ['colcon_pkg']
[0.102s] Level 1:colcon.colcon_core.package_identification:_identify(plots/square_2.0ms_20251204_103342) by extension 'colcon_pkg'
[0.102s] Level 1:colcon.colcon_core.package_identification:_identify(plots/square_2.0ms_20251204_103342) by extensions ['colcon_meta']
[0.102s] Level 1:colcon.colcon_core.package_identification:_identify(plots/square_2.0ms_20251204_103342) by extension 'colcon_meta'
[0.102s] Level 1:colcon.colcon_core.package_identification:_identify(plots/square_2.0ms_20251204_103342) by extensions ['ros']
[0.102s] Level 1:colcon.colcon_core.package_identification:_identify(plots/square_2.0ms_20251204_103342) by extension 'ros'
[0.102s] Level 1:colcon.colcon_core.package_identification:_identify(plots/square_2.0ms_20251204_103342) by extensions ['cmake', 'python']
[0.102s] Level 1:colcon.colcon_core.package_identification:_identify(plots/square_2.0ms_20251204_103342) by extension 'cmake'
[0.102s] Level 1:colcon.colcon_core.package_identification:_identify(plots/square_2.0ms_20251204_103342) by extension 'python'
[0.102s] Level 1:colcon.colcon_core.package_identification:_identify(plots/square_2.0ms_20251204_103342) by extensions ['python_setup_py']
[0.102s] Level 1:colcon.colcon_core.package_identification:_identify(plots/square_2.0ms_20251204_103342) by extension 'python_setup_py'
[0.102s] Level 1:colcon.colcon_core.package_identification:_identify(plots/square_2.0ms_20251204_103957) by extensions ['ignore', 'ignore_ament_install']
[0.102s] Level 1:colcon.colcon_core.package_identification:_identify(plots/square_2.0ms_20251204_103957) by extension 'ignore'
[0.102s] Level 1:colcon.colcon_core.package_identification:_identify(plots/square_2.0ms_20251204_103957) by extension 'ignore_ament_install'
[0.102s] Level 1:colcon.colcon_core.package_identification:_identify(plots/square_2.0ms_20251204_103957) by extensions ['colcon_pkg']
[0.102s] Level 1:colcon.colcon_core.package_identification:_identify(plots/square_2.0ms_20251204_103957) by extension 'colcon_pkg'
[0.102s] Level 1:colcon.colcon_core.package_identification:_identify(plots/square_2.0ms_20251204_103957) by extensions ['colcon_meta']
[0.102s] Level 1:colcon.colcon_core.package_identification:_identify(plots/square_2.0ms_20251204_103957) by extension 'colcon_meta'
[0.102s] Level 1:colcon.colcon_core.package_identification:_identify(plots/square_2.0ms_20251204_103957) by extensions ['ros']
[0.102s] Level 1:colcon.colcon_core.package_identification:_identify(plots/square_2.0ms_20251204_103957) by extension 'ros'
[0.102s] Level 1:colcon.colcon_core.package_identification:_identify(plots/square_2.0ms_20251204_103957) by extensions ['cmake', 'python']
[0.102s] Level 1:colcon.colcon_core.package_identification:_identify(plots/square_2.0ms_20251204_103957) by extension 'cmake'
[0.102s] Level 1:colcon.colcon_core.package_identification:_identify(plots/square_2.0ms_20251204_103957) by extension 'python'
[0.102s] Level 1:colcon.colcon_core.package_identification:_identify(plots/square_2.0ms_20251204_103957) by extensions ['python_setup_py']
[0.102s] Level 1:colcon.colcon_core.package_identification:_identify(plots/square_2.0ms_20251204_103957) by extension 'python_setup_py'
[0.102s] Level 1:colcon.colcon_core.package_identification:_identify(plots/square_2.0ms_20251204_104339) by extensions ['ignore', 'ignore_ament_install']
[0.102s] Level 1:colcon.colcon_core.package_identification:_identify(plots/square_2.0ms_20251204_104339) by extension 'ignore'
[0.102s] Level 1:colcon.colcon_core.package_identification:_identify(plots/square_2.0ms_20251204_104339) by extension 'ignore_ament_install'
[0.102s] Level 1:colcon.colcon_core.package_identification:_identify(plots/square_2.0ms_20251204_104339) by extensions ['colcon_pkg']
[0.102s] Level 1:colcon.colcon_core.package_identification:_identify(plots/square_2.0ms_20251204_104339) by extension 'colcon_pkg'
[0.103s] Level 1:colcon.colcon_core.package_identification:_identify(plots/square_2.0ms_20251204_104339) by extensions ['colcon_meta']
[0.103s] Level 1:colcon.colcon_core.package_identification:_identify(plots/square_2.0ms_20251204_104339) by extension 'colcon_meta'
[0.103s] Level 1:colcon.colcon_core.package_identification:_identify(plots/square_2.0ms_20251204_104339) by extensions ['ros']
[0.103s] Level 1:colcon.colcon_core.package_identification:_identify(plots/square_2.0ms_20251204_104339) by extension 'ros'
[0.103s] Level 1:colcon.colcon_core.package_identification:_identify(plots/square_2.0ms_20251204_104339) by extensions ['cmake', 'python']
[0.103s] Level 1:colcon.colcon_core.package_identification:_identify(plots/square_2.0ms_20251204_104339) by extension 'cmake'
[0.103s] Level 1:colcon.colcon_core.package_identification:_identify(plots/square_2.0ms_20251204_104339) by extension 'python'
[0.103s] Level 1:colcon.colcon_core.package_identification:_identify(plots/square_2.0ms_20251204_104339) by extensions ['python_setup_py']
[0.103s] Level 1:colcon.colcon_core.package_identification:_identify(plots/square_2.0ms_20251204_104339) by extension 'python_setup_py'
[0.103s] Level 1:colcon.colcon_core.package_identification:_identify(plots/square_2.0ms_20251204_105635) by extensions ['ignore', 'ignore_ament_install']
[0.103s] Level 1:colcon.colcon_core.package_identification:_identify(plots/square_2.0ms_20251204_105635) by extension 'ignore'
[0.103s] Level 1:colcon.colcon_core.package_identification:_identify(plots/square_2.0ms_20251204_105635) by extension 'ignore_ament_install'
[0.103s] Level 1:colcon.colcon_core.package_identification:_identify(plots/square_2.0ms_20251204_105635) by extensions ['colcon_pkg']
[0.103s] Level 1:colcon.colcon_core.package_identification:_identify(plots/square_2.0ms_20251204_105635) by extension 'colcon_pkg'
[0.103s] Level 1:colcon.colcon_core.package_identification:_identify(plots/square_2.0ms_20251204_105635) by extensions ['colcon_meta']
[0.103s] Level 1:colcon.colcon_core.package_identification:_identify(plots/square_2.0ms_20251204_105635) by extension 'colcon_meta'
[0.103s] Level 1:colcon.colcon_core.package_identification:_identify(plots/square_2.0ms_20251204_105635) by extensions ['ros']
[0.103s] Level 1:colcon.colcon_core.package_identification:_identify(plots/square_2.0ms_20251204_105635) by extension 'ros'
[0.103s] Level 1:colcon.colcon_core.package_identification:_identify(plots/square_2.0ms_20251204_105635) by extensions ['cmake', 'python']
[0.103s] Level 1:colcon.colcon_core.package_identification:_identify(plots/square_2.0ms_20251204_105635) by extension 'cmake'
[0.103s] Level 1:colcon.colcon_core.package_identification:_identify(plots/square_2.0ms_20251204_105635) by extension 'python'
[0.103s] Level 1:colcon.colcon_core.package_identification:_identify(plots/square_2.0ms_20251204_105635) by extensions ['python_setup_py']
[0.103s] Level 1:colcon.colcon_core.package_identification:_identify(plots/square_2.0ms_20251204_105635) by extension 'python_setup_py'
[0.103s] Level 1:colcon.colcon_core.package_identification:_identify(plots/square_2.0ms_20251204_110310) by extensions ['ignore', 'ignore_ament_install']
[0.103s] Level 1:colcon.colcon_core.package_identification:_identify(plots/square_2.0ms_20251204_110310) by extension 'ignore'
[0.103s] Level 1:colcon.colcon_core.package_identification:_identify(plots/square_2.0ms_20251204_110310) by extension 'ignore_ament_install'
[0.103s] Level 1:colcon.colcon_core.package_identification:_identify(plots/square_2.0ms_20251204_110310) by extensions ['colcon_pkg']
[0.103s] Level 1:colcon.colcon_core.package_identification:_identify(plots/square_2.0ms_20251204_110310) by extension 'colcon_pkg'
[0.103s] Level 1:colcon.colcon_core.package_identification:_identify(plots/square_2.0ms_20251204_110310) by extensions ['colcon_meta']
[0.103s] Level 1:colcon.colcon_core.package_identification:_identify(plots/square_2.0ms_20251204_110310) by extension 'colcon_meta'
[0.103s] Level 1:colcon.colcon_core.package_identification:_identify(plots/square_2.0ms_20251204_110310) by extensions ['ros']
[0.103s] Level 1:colcon.colcon_core.package_identification:_identify(plots/square_2.0ms_20251204_110310) by extension 'ros'
[0.103s] Level 1:colcon.colcon_core.package_identification:_identify(plots/square_2.0ms_20251204_110310) by extensions ['cmake', 'python']
[0.103s] Level 1:colcon.colcon_core.package_identification:_identify(plots/square_2.0ms_20251204_110310) by extension 'cmake'
[0.103s] Level 1:colcon.colcon_core.package_identification:_identify(plots/square_2.0ms_20251204_110310) by extension 'python'
[0.103s] Level 1:colcon.colcon_core.package_identification:_identify(plots/square_2.0ms_20251204_110310) by extensions ['python_setup_py']
[0.103s] Level 1:colcon.colcon_core.package_identification:_identify(plots/square_2.0ms_20251204_110310) by extension 'python_setup_py'
[0.103s] Level 1:colcon.colcon_core.package_identification:_identify(plots/square_2.0ms_20251204_112513) by extensions ['ignore', 'ignore_ament_install']
[0.103s] Level 1:colcon.colcon_core.package_identification:_identify(plots/square_2.0ms_20251204_112513) by extension 'ignore'
[0.103s] Level 1:colcon.colcon_core.package_identification:_identify(plots/square_2.0ms_20251204_112513) by extension 'ignore_ament_install'
[0.103s] Level 1:colcon.colcon_core.package_identification:_identify(plots/square_2.0ms_20251204_112513) by extensions ['colcon_pkg']
[0.103s] Level 1:colcon.colcon_core.package_identification:_identify(plots/square_2.0ms_20251204_112513) by extension 'colcon_pkg'
[0.103s] Level 1:colcon.colcon_core.package_identification:_identify(plots/square_2.0ms_20251204_112513) by extensions ['colcon_meta']
[0.103s] Level 1:colcon.colcon_core.package_identification:_identify(plots/square_2.0ms_20251204_112513) by extension 'colcon_meta'
[0.103s] Level 1:colcon.colcon_core.package_identification:_identify(plots/square_2.0ms_20251204_112513) by extensions ['ros']
[0.103s] Level 1:colcon.colcon_core.package_identification:_identify(plots/square_2.0ms_20251204_112513) by extension 'ros'
[0.103s] Level 1:colcon.colcon_core.package_identification:_identify(plots/square_2.0ms_20251204_112513) by extensions ['cmake', 'python']
[0.103s] Level 1:colcon.colcon_core.package_identification:_identify(plots/square_2.0ms_20251204_112513) by extension 'cmake'
[0.104s] Level 1:colcon.colcon_core.package_identification:_identify(plots/square_2.0ms_20251204_112513) by extension 'python'
[0.104s] Level 1:colcon.colcon_core.package_identification:_identify(plots/square_2.0ms_20251204_112513) by extensions ['python_setup_py']
[0.104s] Level 1:colcon.colcon_core.package_identification:_identify(plots/square_2.0ms_20251204_112513) by extension 'python_setup_py'
[0.104s] Level 1:colcon.colcon_core.package_identification:_identify(plots/square_2.0ms_20251204_113458) by extensions ['ignore', 'ignore_ament_install']
[0.104s] Level 1:colcon.colcon_core.package_identification:_identify(plots/square_2.0ms_20251204_113458) by extension 'ignore'
[0.104s] Level 1:colcon.colcon_core.package_identification:_identify(plots/square_2.0ms_20251204_113458) by extension 'ignore_ament_install'
[0.104s] Level 1:colcon.colcon_core.package_identification:_identify(plots/square_2.0ms_20251204_113458) by extensions ['colcon_pkg']
[0.104s] Level 1:colcon.colcon_core.package_identification:_identify(plots/square_2.0ms_20251204_113458) by extension 'colcon_pkg'
[0.104s] Level 1:colcon.colcon_core.package_identification:_identify(plots/square_2.0ms_20251204_113458) by extensions ['colcon_meta']
[0.104s] Level 1:colcon.colcon_core.package_identification:_identify(plots/square_2.0ms_20251204_113458) by extension 'colcon_meta'
[0.104s] Level 1:colcon.colcon_core.package_identification:_identify(plots/square_2.0ms_20251204_113458) by extensions ['ros']
[0.104s] Level 1:colcon.colcon_core.package_identification:_identify(plots/square_2.0ms_20251204_113458) by extension 'ros'
[0.104s] Level 1:colcon.colcon_core.package_identification:_identify(plots/square_2.0ms_20251204_113458) by extensions ['cmake', 'python']
[0.104s] Level 1:colcon.colcon_core.package_identification:_identify(plots/square_2.0ms_20251204_113458) by extension 'cmake'
[0.104s] Level 1:colcon.colcon_core.package_identification:_identify(plots/square_2.0ms_20251204_113458) by extension 'python'
[0.104s] Level 1:colcon.colcon_core.package_identification:_identify(plots/square_2.0ms_20251204_113458) by extensions ['python_setup_py']
[0.104s] Level 1:colcon.colcon_core.package_identification:_identify(plots/square_2.0ms_20251204_113458) by extension 'python_setup_py'
[0.104s] Level 1:colcon.colcon_core.package_identification:_identify(plots/square_5.0ms_20251204_110659) by extensions ['ignore', 'ignore_ament_install']
[0.104s] Level 1:colcon.colcon_core.package_identification:_identify(plots/square_5.0ms_20251204_110659) by extension 'ignore'
[0.104s] Level 1:colcon.colcon_core.package_identification:_identify(plots/square_5.0ms_20251204_110659) by extension 'ignore_ament_install'
[0.104s] Level 1:colcon.colcon_core.package_identification:_identify(plots/square_5.0ms_20251204_110659) by extensions ['colcon_pkg']
[0.104s] Level 1:colcon.colcon_core.package_identification:_identify(plots/square_5.0ms_20251204_110659) by extension 'colcon_pkg'
[0.104s] Level 1:colcon.colcon_core.package_identification:_identify(plots/square_5.0ms_20251204_110659) by extensions ['colcon_meta']
[0.104s] Level 1:colcon.colcon_core.package_identification:_identify(plots/square_5.0ms_20251204_110659) by extension 'colcon_meta'
[0.104s] Level 1:colcon.colcon_core.package_identification:_identify(plots/square_5.0ms_20251204_110659) by extensions ['ros']
[0.104s] Level 1:colcon.colcon_core.package_identification:_identify(plots/square_5.0ms_20251204_110659) by extension 'ros'
[0.104s] Level 1:colcon.colcon_core.package_identification:_identify(plots/square_5.0ms_20251204_110659) by extensions ['cmake', 'python']
[0.104s] Level 1:colcon.colcon_core.package_identification:_identify(plots/square_5.0ms_20251204_110659) by extension 'cmake'
[0.104s] Level 1:colcon.colcon_core.package_identification:_identify(plots/square_5.0ms_20251204_110659) by extension 'python'
[0.104s] Level 1:colcon.colcon_core.package_identification:_identify(plots/square_5.0ms_20251204_110659) by extensions ['python_setup_py']
[0.104s] Level 1:colcon.colcon_core.package_identification:_identify(plots/square_5.0ms_20251204_110659) by extension 'python_setup_py'
[0.104s] Level 1:colcon.colcon_core.package_identification:_identify(plots/square_5.0ms_20251204_110954) by extensions ['ignore', 'ignore_ament_install']
[0.104s] Level 1:colcon.colcon_core.package_identification:_identify(plots/square_5.0ms_20251204_110954) by extension 'ignore'
[0.104s] Level 1:colcon.colcon_core.package_identification:_identify(plots/square_5.0ms_20251204_110954) by extension 'ignore_ament_install'
[0.104s] Level 1:colcon.colcon_core.package_identification:_identify(plots/square_5.0ms_20251204_110954) by extensions ['colcon_pkg']
[0.104s] Level 1:colcon.colcon_core.package_identification:_identify(plots/square_5.0ms_20251204_110954) by extension 'colcon_pkg'
[0.104s] Level 1:colcon.colcon_core.package_identification:_identify(plots/square_5.0ms_20251204_110954) by extensions ['colcon_meta']
[0.104s] Level 1:colcon.colcon_core.package_identification:_identify(plots/square_5.0ms_20251204_110954) by extension 'colcon_meta'
[0.104s] Level 1:colcon.colcon_core.package_identification:_identify(plots/square_5.0ms_20251204_110954) by extensions ['ros']
[0.104s] Level 1:colcon.colcon_core.package_identification:_identify(plots/square_5.0ms_20251204_110954) by extension 'ros'
[0.104s] Level 1:colcon.colcon_core.package_identification:_identify(plots/square_5.0ms_20251204_110954) by extensions ['cmake', 'python']
[0.104s] Level 1:colcon.colcon_core.package_identification:_identify(plots/square_5.0ms_20251204_110954) by extension 'cmake'
[0.104s] Level 1:colcon.colcon_core.package_identification:_identify(plots/square_5.0ms_20251204_110954) by extension 'python'
[0.104s] Level 1:colcon.colcon_core.package_identification:_identify(plots/square_5.0ms_20251204_110954) by extensions ['python_setup_py']
[0.104s] Level 1:colcon.colcon_core.package_identification:_identify(plots/square_5.0ms_20251204_110954) by extension 'python_setup_py'
[0.104s] Level 1:colcon.colcon_core.package_identification:_identify(src) by extensions ['ignore', 'ignore_ament_install']
[0.104s] Level 1:colcon.colcon_core.package_identification:_identify(src) by extension 'ignore'
[0.104s] Level 1:colcon.colcon_core.package_identification:_identify(src) by extension 'ignore_ament_install'
[0.104s] Level 1:colcon.colcon_core.package_identification:_identify(src) by extensions ['colcon_pkg']
[0.104s] Level 1:colcon.colcon_core.package_identification:_identify(src) by extension 'colcon_pkg'
[0.104s] Level 1:colcon.colcon_core.package_identification:_identify(src) by extensions ['colcon_meta']
[0.104s] Level 1:colcon.colcon_core.package_identification:_identify(src) by extension 'colcon_meta'
[0.104s] Level 1:colcon.colcon_core.package_identification:_identify(src) by extensions ['ros']
[0.104s] Level 1:colcon.colcon_core.package_identification:_identify(src) by extension 'ros'
[0.104s] Level 1:colcon.colcon_core.package_identification:_identify(src) by extensions ['cmake', 'python']
[0.105s] Level 1:colcon.colcon_core.package_identification:_identify(src) by extension 'cmake'
[0.105s] Level 1:colcon.colcon_core.package_identification:_identify(src) by extension 'python'
[0.105s] Level 1:colcon.colcon_core.package_identification:_identify(src) by extensions ['python_setup_py']
[0.105s] Level 1:colcon.colcon_core.package_identification:_identify(src) by extension 'python_setup_py'
[0.105s] Level 1:colcon.colcon_core.package_identification:_identify(src/px4_msgs) by extensions ['ignore', 'ignore_ament_install']
[0.105s] Level 1:colcon.colcon_core.package_identification:_identify(src/px4_msgs) by extension 'ignore'
[0.105s] Level 1:colcon.colcon_core.package_identification:_identify(src/px4_msgs) by extension 'ignore_ament_install'
[0.105s] Level 1:colcon.colcon_core.package_identification:_identify(src/px4_msgs) by extensions ['colcon_pkg']
[0.105s] Level 1:colcon.colcon_core.package_identification:_identify(src/px4_msgs) by extension 'colcon_pkg'
[0.105s] Level 1:colcon.colcon_core.package_identification:_identify(src/px4_msgs) by extensions ['colcon_meta']
[0.105s] Level 1:colcon.colcon_core.package_identification:_identify(src/px4_msgs) by extension 'colcon_meta'
[0.105s] Level 1:colcon.colcon_core.package_identification:_identify(src/px4_msgs) by extensions ['ros']
[0.105s] Level 1:colcon.colcon_core.package_identification:_identify(src/px4_msgs) by extension 'ros'
[0.106s] DEBUG:colcon.colcon_core.package_identification:Package 'src/px4_msgs' with type 'ros.ament_cmake' and name 'px4_msgs'
[0.106s] Level 1:colcon.colcon_core.package_identification:_identify(src/px4_ros_com) by extensions ['ignore', 'ignore_ament_install']
[0.106s] Level 1:colcon.colcon_core.package_identification:_identify(src/px4_ros_com) by extension 'ignore'
[0.106s] Level 1:colcon.colcon_core.package_identification:_identify(src/px4_ros_com) by extension 'ignore_ament_install'
[0.106s] Level 1:colcon.colcon_core.package_identification:_identify(src/px4_ros_com) by extensions ['colcon_pkg']
[0.106s] Level 1:colcon.colcon_core.package_identification:_identify(src/px4_ros_com) by extension 'colcon_pkg'
[0.106s] Level 1:colcon.colcon_core.package_identification:_identify(src/px4_ros_com) by extensions ['colcon_meta']
[0.106s] Level 1:colcon.colcon_core.package_identification:_identify(src/px4_ros_com) by extension 'colcon_meta'
[0.106s] Level 1:colcon.colcon_core.package_identification:_identify(src/px4_ros_com) by extensions ['ros']
[0.106s] Level 1:colcon.colcon_core.package_identification:_identify(src/px4_ros_com) by extension 'ros'
[0.107s] DEBUG:colcon.colcon_core.package_identification:Package 'src/px4_ros_com' with type 'ros.ament_cmake' and name 'px4_ros_com'
[0.107s] Level 1:colcon.colcon_core.package_discovery:discover_packages(recursive) using defaults
[0.107s] Level 1:colcon.colcon_core.package_discovery:discover_packages(ignore) discover
[0.107s] Level 1:colcon.colcon_core.package_discovery:discover_packages(ignore) using defaults
[0.107s] Level 1:colcon.colcon_core.package_discovery:discover_packages(path) discover
[0.107s] Level 1:colcon.colcon_core.package_discovery:discover_packages(path) using defaults
[0.115s] INFO:colcon.colcon_core.package_selection:Skipping not selected package 'px4_msgs' in 'src/px4_msgs'
[0.115s] Level 1:colcon.colcon_core.package_discovery:discover_packages(prefix_path) check parameters
[0.115s] Level 1:colcon.colcon_core.package_discovery:discover_packages(prefix_path) discover
[0.116s] DEBUG:colcon.colcon_installed_package_information.package_discovery:Found 320 installed packages in /opt/ros/jazzy
[0.117s] Level 1:colcon.colcon_core.package_discovery:discover_packages(prefix_path) using defaults
[0.135s] Level 5:colcon.colcon_core.verb:set package 'px4_ros_com' build argument 'cmake_args' from command line to 'None'
[0.135s] Level 5:colcon.colcon_core.verb:set package 'px4_ros_com' build argument 'cmake_target' from command line to 'None'
[0.135s] Level 5:colcon.colcon_core.verb:set package 'px4_ros_com' build argument 'cmake_target_skip_unavailable' from command line to 'False'
[0.135s] Level 5:colcon.colcon_core.verb:set package 'px4_ros_com' build argument 'cmake_clean_cache' from command line to 'False'
[0.135s] Level 5:colcon.colcon_core.verb:set package 'px4_ros_com' build argument 'cmake_clean_first' from command line to 'False'
[0.135s] Level 5:colcon.colcon_core.verb:set package 'px4_ros_com' build argument 'cmake_force_configure' from command line to 'False'
[0.135s] Level 5:colcon.colcon_core.verb:set package 'px4_ros_com' build argument 'ament_cmake_args' from command line to 'None'
[0.135s] Level 5:colcon.colcon_core.verb:set package 'px4_ros_com' build argument 'catkin_cmake_args' from command line to 'None'
[0.135s] Level 5:colcon.colcon_core.verb:set package 'px4_ros_com' build argument 'catkin_skip_building_tests' from command line to 'False'
[0.135s] DEBUG:colcon.colcon_core.verb:Building package 'px4_ros_com' with the following arguments: {'ament_cmake_args': None, 'build_base': '/home/swarm/ws_offboard_control/build/px4_ros_com', 'catkin_cmake_args': None, 'catkin_skip_building_tests': False, 'cmake_args': None, 'cmake_clean_cache': False, 'cmake_clean_first': False, 'cmake_force_configure': False, 'cmake_target': None, 'cmake_target_skip_unavailable': False, 'install_base': '/home/swarm/ws_offboard_control/install/px4_ros_com', 'merge_install': False, 'path': '/home/swarm/ws_offboard_control/src/px4_ros_com', 'symlink_install': False, 'test_result_base': None}
[0.135s] INFO:colcon.colcon_core.executor:Executing jobs using 'parallel' executor
[0.136s] DEBUG:colcon.colcon_parallel_executor.executor.parallel:run_until_complete
[0.136s] INFO:colcon.colcon_ros.task.ament_cmake.build:Building ROS package in '/home/swarm/ws_offboard_control/src/px4_ros_com' with build type 'ament_cmake'
[0.136s] INFO:colcon.colcon_cmake.task.cmake.build:Building CMake package in '/home/swarm/ws_offboard_control/src/px4_ros_com'
[0.137s] INFO:colcon.colcon_core.plugin_system:Skipping extension 'colcon_core.shell.bat': Not used on non-Windows systems
[0.137s] INFO:colcon.colcon_core.shell:Skip shell extension 'powershell' for command environment: Not usable outside of PowerShell
[0.137s] DEBUG:colcon.colcon_core.shell:Skip shell extension 'dsv' for command environment
[0.144s] DEBUG:colcon.colcon_core.event_handler.log_command:Invoking command in '/home/swarm/ws_offboard_control/build/px4_ros_com': AMENT_PREFIX_PATH=/home/swarm/ws_offboard_control/install/px4_msgs:${AMENT_PREFIX_PATH} CMAKE_PREFIX_PATH=/home/swarm/ws_offboard_control/install/px4_msgs:/opt/ros/jazzy/opt/gz_sim_vendor:/opt/ros/jazzy/opt/gz_sensors_vendor:/opt/ros/jazzy/opt/gz_physics_vendor:/opt/ros/jazzy/opt/sdformat_vendor:/opt/ros/jazzy/opt/gz_gui_vendor:/opt/ros/jazzy/opt/gz_transport_vendor:/opt/ros/jazzy/opt/gz_rendering_vendor:/opt/ros/jazzy/opt/gz_plugin_vendor:/opt/ros/jazzy/opt/gz_fuel_tools_vendor:/opt/ros/jazzy/opt/gz_msgs_vendor:/opt/ros/jazzy/opt/gz_common_vendor:/opt/ros/jazzy/opt/gz_math_vendor:/opt/ros/jazzy/opt/gz_utils_vendor:/opt/ros/jazzy/opt/gz_tools_vendor:/opt/ros/jazzy/opt/gz_ogre_next_vendor:/opt/ros/jazzy/opt/gz_dartsim_vendor:/opt/ros/jazzy/opt/gz_cmake_vendor:/opt/ros/jazzy DEBUGINFOD_URLS=https://debuginfod.ubuntu.com LD_LIBRARY_PATH=/home/swarm/ws_offboard_control/install/px4_msgs/lib:${LD_LIBRARY_PATH} PS1=(.local) \[\e]0;\u@\h: \w\a\]${debian_chroot:+($debian_chroot)}\[\033[01;32m\]\u@\h\[\033[00m\]:\[\033[01;34m\]\w\[\033[00m\]\$ PYTHONPATH=/home/swarm/ws_offboard_control/install/px4_msgs/lib/python3.12/site-packages:${PYTHONPATH} VIRTUAL_ENV_PROMPT=(.local) /usr/bin/cmake --build /home/swarm/ws_offboard_control/build/px4_ros_com -- -j32 -l32
[8.074s] DEBUG:colcon.colcon_core.event_handler.log_command:Invoked command in '/home/swarm/ws_offboard_control/build/px4_ros_com' returned '0': AMENT_PREFIX_PATH=/home/swarm/ws_offboard_control/install/px4_msgs:${AMENT_PREFIX_PATH} CMAKE_PREFIX_PATH=/home/swarm/ws_offboard_control/install/px4_msgs:/opt/ros/jazzy/opt/gz_sim_vendor:/opt/ros/jazzy/opt/gz_sensors_vendor:/opt/ros/jazzy/opt/gz_physics_vendor:/opt/ros/jazzy/opt/sdformat_vendor:/opt/ros/jazzy/opt/gz_gui_vendor:/opt/ros/jazzy/opt/gz_transport_vendor:/opt/ros/jazzy/opt/gz_rendering_vendor:/opt/ros/jazzy/opt/gz_plugin_vendor:/opt/ros/jazzy/opt/gz_fuel_tools_vendor:/opt/ros/jazzy/opt/gz_msgs_vendor:/opt/ros/jazzy/opt/gz_common_vendor:/opt/ros/jazzy/opt/gz_math_vendor:/opt/ros/jazzy/opt/gz_utils_vendor:/opt/ros/jazzy/opt/gz_tools_vendor:/opt/ros/jazzy/opt/gz_ogre_next_vendor:/opt/ros/jazzy/opt/gz_dartsim_vendor:/opt/ros/jazzy/opt/gz_cmake_vendor:/opt/ros/jazzy DEBUGINFOD_URLS=https://debuginfod.ubuntu.com LD_LIBRARY_PATH=/home/swarm/ws_offboard_control/install/px4_msgs/lib:${LD_LIBRARY_PATH} PS1=(.local) \[\e]0;\u@\h: \w\a\]${debian_chroot:+($debian_chroot)}\[\033[01;32m\]\u@\h\[\033[00m\]:\[\033[01;34m\]\w\[\033[00m\]\$ PYTHONPATH=/home/swarm/ws_offboard_control/install/px4_msgs/lib/python3.12/site-packages:${PYTHONPATH} VIRTUAL_ENV_PROMPT=(.local) /usr/bin/cmake --build /home/swarm/ws_offboard_control/build/px4_ros_com -- -j32 -l32
[8.080s] DEBUG:colcon.colcon_core.event_handler.log_command:Invoking command in '/home/swarm/ws_offboard_control/build/px4_ros_com': AMENT_PREFIX_PATH=/home/swarm/ws_offboard_control/install/px4_msgs:${AMENT_PREFIX_PATH} CMAKE_PREFIX_PATH=/home/swarm/ws_offboard_control/install/px4_msgs:/opt/ros/jazzy/opt/gz_sim_vendor:/opt/ros/jazzy/opt/gz_sensors_vendor:/opt/ros/jazzy/opt/gz_physics_vendor:/opt/ros/jazzy/opt/sdformat_vendor:/opt/ros/jazzy/opt/gz_gui_vendor:/opt/ros/jazzy/opt/gz_transport_vendor:/opt/ros/jazzy/opt/gz_rendering_vendor:/opt/ros/jazzy/opt/gz_plugin_vendor:/opt/ros/jazzy/opt/gz_fuel_tools_vendor:/opt/ros/jazzy/opt/gz_msgs_vendor:/opt/ros/jazzy/opt/gz_common_vendor:/opt/ros/jazzy/opt/gz_math_vendor:/opt/ros/jazzy/opt/gz_utils_vendor:/opt/ros/jazzy/opt/gz_tools_vendor:/opt/ros/jazzy/opt/gz_ogre_next_vendor:/opt/ros/jazzy/opt/gz_dartsim_vendor:/opt/ros/jazzy/opt/gz_cmake_vendor:/opt/ros/jazzy DEBUGINFOD_URLS=https://debuginfod.ubuntu.com LD_LIBRARY_PATH=/home/swarm/ws_offboard_control/install/px4_msgs/lib:${LD_LIBRARY_PATH} PS1=(.local) \[\e]0;\u@\h: \w\a\]${debian_chroot:+($debian_chroot)}\[\033[01;32m\]\u@\h\[\033[00m\]:\[\033[01;34m\]\w\[\033[00m\]\$ PYTHONPATH=/home/swarm/ws_offboard_control/install/px4_msgs/lib/python3.12/site-packages:${PYTHONPATH} VIRTUAL_ENV_PROMPT=(.local) /usr/bin/cmake --install /home/swarm/ws_offboard_control/build/px4_ros_com
[8.118s] Level 1:colcon.colcon_core.environment:create_environment_scripts_only(px4_ros_com)
[8.118s] DEBUG:colcon.colcon_core.event_handler.log_command:Invoked command in '/home/swarm/ws_offboard_control/build/px4_ros_com' returned '0': AMENT_PREFIX_PATH=/home/swarm/ws_offboard_control/install/px4_msgs:${AMENT_PREFIX_PATH} CMAKE_PREFIX_PATH=/home/swarm/ws_offboard_control/install/px4_msgs:/opt/ros/jazzy/opt/gz_sim_vendor:/opt/ros/jazzy/opt/gz_sensors_vendor:/opt/ros/jazzy/opt/gz_physics_vendor:/opt/ros/jazzy/opt/sdformat_vendor:/opt/ros/jazzy/opt/gz_gui_vendor:/opt/ros/jazzy/opt/gz_transport_vendor:/opt/ros/jazzy/opt/gz_rendering_vendor:/opt/ros/jazzy/opt/gz_plugin_vendor:/opt/ros/jazzy/opt/gz_fuel_tools_vendor:/opt/ros/jazzy/opt/gz_msgs_vendor:/opt/ros/jazzy/opt/gz_common_vendor:/opt/ros/jazzy/opt/gz_math_vendor:/opt/ros/jazzy/opt/gz_utils_vendor:/opt/ros/jazzy/opt/gz_tools_vendor:/opt/ros/jazzy/opt/gz_ogre_next_vendor:/opt/ros/jazzy/opt/gz_dartsim_vendor:/opt/ros/jazzy/opt/gz_cmake_vendor:/opt/ros/jazzy DEBUGINFOD_URLS=https://debuginfod.ubuntu.com LD_LIBRARY_PATH=/home/swarm/ws_offboard_control/install/px4_msgs/lib:${LD_LIBRARY_PATH} PS1=(.local) \[\e]0;\u@\h: \w\a\]${debian_chroot:+($debian_chroot)}\[\033[01;32m\]\u@\h\[\033[00m\]:\[\033[01;34m\]\w\[\033[00m\]\$ PYTHONPATH=/home/swarm/ws_offboard_control/install/px4_msgs/lib/python3.12/site-packages:${PYTHONPATH} VIRTUAL_ENV_PROMPT=(.local) /usr/bin/cmake --install /home/swarm/ws_offboard_control/build/px4_ros_com
[8.119s] Level 1:colcon.colcon_core.environment:checking '/home/swarm/ws_offboard_control/install/px4_ros_com' for CMake module files
[8.119s] Level 1:colcon.colcon_core.environment:checking '/home/swarm/ws_offboard_control/install/px4_ros_com' for CMake config files
[8.119s] Level 1:colcon.colcon_core.shell:create_environment_hook('px4_ros_com', 'cmake_prefix_path')
[8.119s] INFO:colcon.colcon_core.shell:Creating environment hook '/home/swarm/ws_offboard_control/install/px4_ros_com/share/px4_ros_com/hook/cmake_prefix_path.ps1'
[8.120s] INFO:colcon.colcon_core.shell:Creating environment descriptor '/home/swarm/ws_offboard_control/install/px4_ros_com/share/px4_ros_com/hook/cmake_prefix_path.dsv'
[8.120s] INFO:colcon.colcon_core.shell:Creating environment hook '/home/swarm/ws_offboard_control/install/px4_ros_com/share/px4_ros_com/hook/cmake_prefix_path.sh'
[8.120s] Level 1:colcon.colcon_core.environment:checking '/home/swarm/ws_offboard_control/install/px4_ros_com/lib'
[8.121s] Level 1:colcon.colcon_core.shell:create_environment_hook('px4_ros_com', 'ld_library_path_lib')
[8.121s] INFO:colcon.colcon_core.shell:Creating environment hook '/home/swarm/ws_offboard_control/install/px4_ros_com/share/px4_ros_com/hook/ld_library_path_lib.ps1'
[8.121s] INFO:colcon.colcon_core.shell:Creating environment descriptor '/home/swarm/ws_offboard_control/install/px4_ros_com/share/px4_ros_com/hook/ld_library_path_lib.dsv'
[8.121s] INFO:colcon.colcon_core.shell:Creating environment hook '/home/swarm/ws_offboard_control/install/px4_ros_com/share/px4_ros_com/hook/ld_library_path_lib.sh'
[8.121s] Level 1:colcon.colcon_core.environment:checking '/home/swarm/ws_offboard_control/install/px4_ros_com/bin'
[8.121s] Level 1:colcon.colcon_core.environment:checking '/home/swarm/ws_offboard_control/install/px4_ros_com/lib/pkgconfig/px4_ros_com.pc'
[8.121s] Level 1:colcon.colcon_core.environment:checking '/home/swarm/ws_offboard_control/install/px4_ros_com/lib/python3.12/site-packages'
[8.121s] Level 1:colcon.colcon_core.shell:create_environment_hook('px4_ros_com', 'pythonpath')
[8.122s] INFO:colcon.colcon_core.shell:Creating environment hook '/home/swarm/ws_offboard_control/install/px4_ros_com/share/px4_ros_com/hook/pythonpath.ps1'
[8.122s] INFO:colcon.colcon_core.shell:Creating environment descriptor '/home/swarm/ws_offboard_control/install/px4_ros_com/share/px4_ros_com/hook/pythonpath.dsv'
[8.122s] INFO:colcon.colcon_core.shell:Creating environment hook '/home/swarm/ws_offboard_control/install/px4_ros_com/share/px4_ros_com/hook/pythonpath.sh'
[8.122s] Level 1:colcon.colcon_core.environment:checking '/home/swarm/ws_offboard_control/install/px4_ros_com/bin'
[8.122s] INFO:colcon.colcon_core.shell:Creating package script '/home/swarm/ws_offboard_control/install/px4_ros_com/share/px4_ros_com/package.ps1'
[8.123s] INFO:colcon.colcon_core.shell:Creating package descriptor '/home/swarm/ws_offboard_control/install/px4_ros_com/share/px4_ros_com/package.dsv'
[8.123s] INFO:colcon.colcon_core.shell:Creating package script '/home/swarm/ws_offboard_control/install/px4_ros_com/share/px4_ros_com/package.sh'
[8.123s] INFO:colcon.colcon_core.shell:Creating package script '/home/swarm/ws_offboard_control/install/px4_ros_com/share/px4_ros_com/package.bash'
[8.124s] INFO:colcon.colcon_core.shell:Creating package script '/home/swarm/ws_offboard_control/install/px4_ros_com/share/px4_ros_com/package.zsh'
[8.124s] Level 1:colcon.colcon_core.environment:create_file_with_runtime_dependencies(/home/swarm/ws_offboard_control/install/px4_ros_com/share/colcon-core/packages/px4_ros_com)
[8.124s] Level 1:colcon.colcon_core.environment:create_environment_scripts_only(px4_ros_com)
[8.124s] Level 1:colcon.colcon_core.environment:checking '/home/swarm/ws_offboard_control/install/px4_ros_com' for CMake module files
[8.124s] Level 1:colcon.colcon_core.environment:checking '/home/swarm/ws_offboard_control/install/px4_ros_com' for CMake config files
[8.125s] Level 1:colcon.colcon_core.shell:create_environment_hook('px4_ros_com', 'cmake_prefix_path')
[8.125s] INFO:colcon.colcon_core.shell:Creating environment hook '/home/swarm/ws_offboard_control/install/px4_ros_com/share/px4_ros_com/hook/cmake_prefix_path.ps1'
[8.125s] INFO:colcon.colcon_core.shell:Creating environment descriptor '/home/swarm/ws_offboard_control/install/px4_ros_com/share/px4_ros_com/hook/cmake_prefix_path.dsv'
[8.125s] INFO:colcon.colcon_core.shell:Creating environment hook '/home/swarm/ws_offboard_control/install/px4_ros_com/share/px4_ros_com/hook/cmake_prefix_path.sh'
[8.125s] Level 1:colcon.colcon_core.environment:checking '/home/swarm/ws_offboard_control/install/px4_ros_com/lib'
[8.125s] Level 1:colcon.colcon_core.shell:create_environment_hook('px4_ros_com', 'ld_library_path_lib')
[8.125s] INFO:colcon.colcon_core.shell:Creating environment hook '/home/swarm/ws_offboard_control/install/px4_ros_com/share/px4_ros_com/hook/ld_library_path_lib.ps1'
[8.125s] INFO:colcon.colcon_core.shell:Creating environment descriptor '/home/swarm/ws_offboard_control/install/px4_ros_com/share/px4_ros_com/hook/ld_library_path_lib.dsv'
[8.126s] INFO:colcon.colcon_core.shell:Creating environment hook '/home/swarm/ws_offboard_control/install/px4_ros_com/share/px4_ros_com/hook/ld_library_path_lib.sh'
[8.126s] Level 1:colcon.colcon_core.environment:checking '/home/swarm/ws_offboard_control/install/px4_ros_com/bin'
[8.126s] Level 1:colcon.colcon_core.environment:checking '/home/swarm/ws_offboard_control/install/px4_ros_com/lib/pkgconfig/px4_ros_com.pc'
[8.126s] Level 1:colcon.colcon_core.environment:checking '/home/swarm/ws_offboard_control/install/px4_ros_com/lib/python3.12/site-packages'
[8.126s] Level 1:colcon.colcon_core.shell:create_environment_hook('px4_ros_com', 'pythonpath')
[8.126s] INFO:colcon.colcon_core.shell:Creating environment hook '/home/swarm/ws_offboard_control/install/px4_ros_com/share/px4_ros_com/hook/pythonpath.ps1'
[8.126s] INFO:colcon.colcon_core.shell:Creating environment descriptor '/home/swarm/ws_offboard_control/install/px4_ros_com/share/px4_ros_com/hook/pythonpath.dsv'
[8.126s] INFO:colcon.colcon_core.shell:Creating environment hook '/home/swarm/ws_offboard_control/install/px4_ros_com/share/px4_ros_com/hook/pythonpath.sh'
[8.127s] Level 1:colcon.colcon_core.environment:checking '/home/swarm/ws_offboard_control/install/px4_ros_com/bin'
[8.127s] INFO:colcon.colcon_core.shell:Creating package script '/home/swarm/ws_offboard_control/install/px4_ros_com/share/px4_ros_com/package.ps1'
[8.127s] INFO:colcon.colcon_core.shell:Creating package descriptor '/home/swarm/ws_offboard_control/install/px4_ros_com/share/px4_ros_com/package.dsv'
[8.127s] INFO:colcon.colcon_core.shell:Creating package script '/home/swarm/ws_offboard_control/install/px4_ros_com/share/px4_ros_com/package.sh'
[8.127s] INFO:colcon.colcon_core.shell:Creating package script '/home/swarm/ws_offboard_control/install/px4_ros_com/share/px4_ros_com/package.bash'
[8.127s] INFO:colcon.colcon_core.shell:Creating package script '/home/swarm/ws_offboard_control/install/px4_ros_com/share/px4_ros_com/package.zsh'
[8.128s] Level 1:colcon.colcon_core.environment:create_file_with_runtime_dependencies(/home/swarm/ws_offboard_control/install/px4_ros_com/share/colcon-core/packages/px4_ros_com)
[8.128s] DEBUG:colcon.colcon_parallel_executor.executor.parallel:closing loop
[8.128s] DEBUG:colcon.colcon_parallel_executor.executor.parallel:loop closed
[8.128s] DEBUG:colcon.colcon_parallel_executor.executor.parallel:run_until_complete finished with '0'
[8.128s] DEBUG:colcon.colcon_core.event_reactor:joining thread
[8.132s] INFO:colcon.colcon_core.plugin_system:Skipping extension 'colcon_notification.desktop_notification.terminal_notifier': Not used on non-Darwin systems
[8.132s] INFO:colcon.colcon_core.plugin_system:Skipping extension 'colcon_notification.desktop_notification.win32': Not used on non-Windows systems
[8.132s] INFO:colcon.colcon_notification.desktop_notification:Sending desktop notification using 'notify2'
[8.139s] DEBUG:colcon.colcon_core.event_reactor:joined thread
[8.140s] INFO:colcon.colcon_core.shell:Creating prefix script '/home/swarm/ws_offboard_control/install/local_setup.ps1'
[8.140s] INFO:colcon.colcon_core.shell:Creating prefix util module '/home/swarm/ws_offboard_control/install/_local_setup_util_ps1.py'
[8.140s] INFO:colcon.colcon_core.shell:Creating prefix chain script '/home/swarm/ws_offboard_control/install/setup.ps1'
[8.141s] INFO:colcon.colcon_core.shell:Creating prefix script '/home/swarm/ws_offboard_control/install/local_setup.sh'
[8.141s] INFO:colcon.colcon_core.shell:Creating prefix util module '/home/swarm/ws_offboard_control/install/_local_setup_util_sh.py'
[8.142s] INFO:colcon.colcon_core.shell:Creating prefix chain script '/home/swarm/ws_offboard_control/install/setup.sh'
[8.143s] INFO:colcon.colcon_core.shell:Creating prefix script '/home/swarm/ws_offboard_control/install/local_setup.bash'
[8.143s] INFO:colcon.colcon_core.shell:Creating prefix chain script '/home/swarm/ws_offboard_control/install/setup.bash'
[8.143s] INFO:colcon.colcon_core.shell:Creating prefix script '/home/swarm/ws_offboard_control/install/local_setup.zsh'
[8.144s] INFO:colcon.colcon_core.shell:Creating prefix chain script '/home/swarm/ws_offboard_control/install/setup.zsh'
