-- Found ament_cmake: 2.5.4 (/opt/ros/jazzy/share/ament_cmake/cmake)
-- Found Python3: /home/hamad/.local/bin/python3 (found version "3.12.3") found components: Interpreter 
-- Found builtin_interfaces: 2.0.3 (/opt/ros/jazzy/share/builtin_interfaces/cmake)
-- Found rosidl_generator_c: 4.6.6 (/opt/ros/jazzy/share/rosidl_generator_c/cmake)
-- Found rosidl_generator_cpp: 4.6.6 (/opt/ros/jazzy/share/rosidl_generator_cpp/cmake)
-- Using all available rosidl_typesupport_c: rosidl_typesupport_fastrtps_c;rosidl_typesupport_introspection_c
-- Using all available rosidl_typesupport_cpp: rosidl_typesupport_fastrtps_cpp;rosidl_typesupport_introspection_cpp
-- Found rosidl_default_generators: 1.6.0 (/opt/ros/jazzy/share/rosidl_default_generators/cmake)
-- Found rosidl_adapter: 4.6.6 (/opt/ros/jazzy/share/rosidl_adapter/cmake)
-- Found ament_cmake_ros: 0.12.0 (/opt/ros/jazzy/share/ament_cmake_ros/cmake)
-- Using all available rosidl_typesupport_c: rosidl_typesupport_fastrtps_c;rosidl_typesupport_introspection_c
-- Using all available rosidl_typesupport_cpp: rosidl_typesupport_fastrtps_cpp;rosidl_typesupport_introspection_cpp
-- Found python_cmake_module: 0.11.1 (/opt/ros/jazzy/share/python_cmake_module/cmake)
-- Found PythonExtra: /home/hamad/.local/bin/python3  
-- Found Python3: /home/hamad/.local/bin/python3 (found version "3.12.3") found components: Interpreter Development NumPy Development.Module Development.Embed 
-- Configuring done (5.9s)
-- Generating done (0.7s)
-- Build files have been written to: /home/hamad/ws_offboard_control/build/px4_msgs
[  0%] Generating type hashes for ROS interfaces
[  0%] Built target px4_msgs__rosidl_generator_type_description
[  0%] Built target ament_cmake_python_copy_px4_msgs
[  0%] Generating C code for ROS interfaces
[  0%] Building C object CMakeFiles/px4_msgs__rosidl_generator_c.dir/rosidl_generator_c/px4_msgs/msg/detail/action_request__description.c.o
[  0%] Building C object CMakeFiles/px4_msgs__rosidl_generator_c.dir/rosidl_generator_c/px4_msgs/msg/detail/actuator_armed__type_support.c.o
[  0%] Building C object CMakeFiles/px4_msgs__rosidl_generator_c.dir/rosidl_generator_c/px4_msgs/msg/detail/actuator_controls_status__description.c.o
[  0%] Building C object CMakeFiles/px4_msgs__rosidl_generator_c.dir/rosidl_generator_c/px4_msgs/msg/detail/actuator_controls_status__functions.c.o
[  0%] Building C object CMakeFiles/px4_msgs__rosidl_generator_c.dir/rosidl_generator_c/px4_msgs/msg/detail/actuator_controls_status__type_support.c.o
[  0%] Building C object CMakeFiles/px4_msgs__rosidl_generator_c.dir/rosidl_generator_c/px4_msgs/msg/detail/actuator_motors__description.c.o
[  0%] Building C object CMakeFiles/px4_msgs__rosidl_generator_c.dir/rosidl_generator_c/px4_msgs/msg/detail/actuator_motors__functions.c.o
[  0%] Building C object CMakeFiles/px4_msgs__rosidl_generator_c.dir/rosidl_generator_c/px4_msgs/msg/detail/actuator_motors__type_support.c.o
[  0%] Building C object CMakeFiles/px4_msgs__rosidl_generator_c.dir/rosidl_generator_c/px4_msgs/msg/detail/actuator_outputs__description.c.o
[  0%] Building C object CMakeFiles/px4_msgs__rosidl_generator_c.dir/rosidl_generator_c/px4_msgs/msg/detail/actuator_outputs__functions.c.o
[  0%] Building C object CMakeFiles/px4_msgs__rosidl_generator_c.dir/rosidl_generator_c/px4_msgs/msg/detail/actuator_outputs__type_support.c.o
[  0%] Building C object CMakeFiles/px4_msgs__rosidl_generator_c.dir/rosidl_generator_c/px4_msgs/msg/detail/actuator_servos__description.c.o
[  0%] Building C object CMakeFiles/px4_msgs__rosidl_generator_c.dir/rosidl_generator_c/px4_msgs/msg/detail/actuator_servos__functions.c.o
[  0%] Building C object CMakeFiles/px4_msgs__rosidl_generator_c.dir/rosidl_generator_c/px4_msgs/msg/detail/actuator_servos__type_support.c.o
[  0%] Building C object CMakeFiles/px4_msgs__rosidl_generator_c.dir/rosidl_generator_c/px4_msgs/msg/detail/actuator_servos_trim__description.c.o
[  0%] Building C object CMakeFiles/px4_msgs__rosidl_generator_c.dir/rosidl_generator_c/px4_msgs/msg/detail/actuator_servos_trim__functions.c.o
[  1%] Building C object CMakeFiles/px4_msgs__rosidl_generator_c.dir/rosidl_generator_c/px4_msgs/msg/detail/actuator_servos_trim__type_support.c.o
[  1%] Building C object CMakeFiles/px4_msgs__rosidl_generator_c.dir/rosidl_generator_c/px4_msgs/msg/detail/actuator_test__description.c.o
[  1%] Building C object CMakeFiles/px4_msgs__rosidl_generator_c.dir/rosidl_generator_c/px4_msgs/msg/detail/actuator_test__functions.c.o
[  1%] Building C object CMakeFiles/px4_msgs__rosidl_generator_c.dir/rosidl_generator_c/px4_msgs/msg/detail/actuator_test__type_support.c.o
[  1%] Building C object CMakeFiles/px4_msgs__rosidl_generator_c.dir/rosidl_generator_c/px4_msgs/msg/detail/adc_report__description.c.o
[  1%] Building C object CMakeFiles/px4_msgs__rosidl_generator_c.dir/rosidl_generator_c/px4_msgs/msg/detail/adc_report__functions.c.o
[  1%] Building C object CMakeFiles/px4_msgs__rosidl_generator_c.dir/rosidl_generator_c/px4_msgs/msg/detail/adc_report__type_support.c.o
[  1%] Building C object CMakeFiles/px4_msgs__rosidl_generator_c.dir/rosidl_generator_c/px4_msgs/msg/detail/airspeed__description.c.o
[  1%] Building C object CMakeFiles/px4_msgs__rosidl_generator_c.dir/rosidl_generator_c/px4_msgs/msg/detail/airspeed__functions.c.o
[  1%] Building C object CMakeFiles/px4_msgs__rosidl_generator_c.dir/rosidl_generator_c/px4_msgs/msg/detail/airspeed__type_support.c.o
[  1%] Building C object CMakeFiles/px4_msgs__rosidl_generator_c.dir/rosidl_generator_c/px4_msgs/msg/detail/airspeed_validated__description.c.o
[  1%] Building C object CMakeFiles/px4_msgs__rosidl_generator_c.dir/rosidl_generator_c/px4_msgs/msg/detail/airspeed_validated__functions.c.o
[  1%] Building C object CMakeFiles/px4_msgs__rosidl_generator_c.dir/rosidl_generator_c/px4_msgs/msg/detail/airspeed_validated__type_support.c.o
[  1%] Building C object CMakeFiles/px4_msgs__rosidl_generator_c.dir/rosidl_generator_c/px4_msgs/msg/detail/airspeed_wind__description.c.o
[  1%] Building C object CMakeFiles/px4_msgs__rosidl_generator_c.dir/rosidl_generator_c/px4_msgs/msg/detail/airspeed_wind__functions.c.o
[  1%] Building C object CMakeFiles/px4_msgs__rosidl_generator_c.dir/rosidl_generator_c/px4_msgs/msg/detail/airspeed_wind__type_support.c.o
[  1%] Building C object CMakeFiles/px4_msgs__rosidl_generator_c.dir/rosidl_generator_c/px4_msgs/msg/detail/arming_check_reply__description.c.o
[  1%] Building C object CMakeFiles/px4_msgs__rosidl_generator_c.dir/rosidl_generator_c/px4_msgs/msg/detail/arming_check_reply__functions.c.o
[  1%] Building C object CMakeFiles/px4_msgs__rosidl_generator_c.dir/rosidl_generator_c/px4_msgs/msg/detail/arming_check_reply__type_support.c.o
[  1%] Building C object CMakeFiles/px4_msgs__rosidl_generator_c.dir/rosidl_generator_c/px4_msgs/msg/detail/arming_check_request__description.c.o
[  1%] Building C object CMakeFiles/px4_msgs__rosidl_generator_c.dir/rosidl_generator_c/px4_msgs/msg/detail/arming_check_request__functions.c.o
[  1%] Building C object CMakeFiles/px4_msgs__rosidl_generator_c.dir/rosidl_generator_c/px4_msgs/msg/detail/arming_check_request__type_support.c.o
[  1%] Building C object CMakeFiles/px4_msgs__rosidl_generator_c.dir/rosidl_generator_c/px4_msgs/msg/detail/autotune_attitude_control_status__description.c.o
[  1%] Building C object CMakeFiles/px4_msgs__rosidl_generator_c.dir/rosidl_generator_c/px4_msgs/msg/detail/autotune_attitude_control_status__functions.c.o
[  2%] Building C object CMakeFiles/px4_msgs__rosidl_generator_c.dir/rosidl_generator_c/px4_msgs/msg/detail/autotune_attitude_control_status__type_support.c.o
[  2%] Building C object CMakeFiles/px4_msgs__rosidl_generator_c.dir/rosidl_generator_c/px4_msgs/msg/detail/battery_info__description.c.o
[  2%] Building C object CMakeFiles/px4_msgs__rosidl_generator_c.dir/rosidl_generator_c/px4_msgs/msg/detail/battery_info__functions.c.o
[  2%] Building C object CMakeFiles/px4_msgs__rosidl_generator_c.dir/rosidl_generator_c/px4_msgs/msg/detail/battery_info__type_support.c.o
[  2%] Building C object CMakeFiles/px4_msgs__rosidl_generator_c.dir/rosidl_generator_c/px4_msgs/msg/detail/battery_status__description.c.o
[  2%] Building C object CMakeFiles/px4_msgs__rosidl_generator_c.dir/rosidl_generator_c/px4_msgs/msg/detail/battery_status__functions.c.o
[  2%] Building C object CMakeFiles/px4_msgs__rosidl_generator_c.dir/rosidl_generator_c/px4_msgs/msg/detail/battery_status__type_support.c.o
[  2%] Building C object CMakeFiles/px4_msgs__rosidl_generator_c.dir/rosidl_generator_c/px4_msgs/msg/detail/button_event__description.c.o
[  2%] Building C object CMakeFiles/px4_msgs__rosidl_generator_c.dir/rosidl_generator_c/px4_msgs/msg/detail/button_event__functions.c.o
[  2%] Building C object CMakeFiles/px4_msgs__rosidl_generator_c.dir/rosidl_generator_c/px4_msgs/msg/detail/button_event__type_support.c.o
[  2%] Building C object CMakeFiles/px4_msgs__rosidl_generator_c.dir/rosidl_generator_c/px4_msgs/msg/detail/camera_capture__description.c.o
[  2%] Building C object CMakeFiles/px4_msgs__rosidl_generator_c.dir/rosidl_generator_c/px4_msgs/msg/detail/camera_capture__functions.c.o
[  2%] Building C object CMakeFiles/px4_msgs__rosidl_generator_c.dir/rosidl_generator_c/px4_msgs/msg/detail/camera_capture__type_support.c.o
[  2%] Building C object CMakeFiles/px4_msgs__rosidl_generator_c.dir/rosidl_generator_c/px4_msgs/msg/detail/camera_status__description.c.o
[  2%] Building C object CMakeFiles/px4_msgs__rosidl_generator_c.dir/rosidl_generator_c/px4_msgs/msg/detail/camera_status__functions.c.o
[  2%] Building C object CMakeFiles/px4_msgs__rosidl_generator_c.dir/rosidl_generator_c/px4_msgs/msg/detail/camera_status__type_support.c.o
[  2%] Building C object CMakeFiles/px4_msgs__rosidl_generator_c.dir/rosidl_generator_c/px4_msgs/msg/detail/camera_trigger__description.c.o
[  2%] Building C object CMakeFiles/px4_msgs__rosidl_generator_c.dir/rosidl_generator_c/px4_msgs/msg/detail/camera_trigger__functions.c.o
[  2%] Building C object CMakeFiles/px4_msgs__rosidl_generator_c.dir/rosidl_generator_c/px4_msgs/msg/detail/camera_trigger__type_support.c.o
[  2%] Building C object CMakeFiles/px4_msgs__rosidl_generator_c.dir/rosidl_generator_c/px4_msgs/msg/detail/can_interface_status__description.c.o
[  2%] Building C object CMakeFiles/px4_msgs__rosidl_generator_c.dir/rosidl_generator_c/px4_msgs/msg/detail/can_interface_status__functions.c.o
[  2%] Building C object CMakeFiles/px4_msgs__rosidl_generator_c.dir/rosidl_generator_c/px4_msgs/msg/detail/can_interface_status__type_support.c.o
[  2%] Building C object CMakeFiles/px4_msgs__rosidl_generator_c.dir/rosidl_generator_c/px4_msgs/msg/detail/cellular_status__description.c.o
[  2%] Building C object CMakeFiles/px4_msgs__rosidl_generator_c.dir/rosidl_generator_c/px4_msgs/msg/detail/cellular_status__functions.c.o
[  3%] Building C object CMakeFiles/px4_msgs__rosidl_generator_c.dir/rosidl_generator_c/px4_msgs/msg/detail/cellular_status__type_support.c.o
[  3%] Building C object CMakeFiles/px4_msgs__rosidl_generator_c.dir/rosidl_generator_c/px4_msgs/msg/detail/collision_constraints__description.c.o
[  3%] Building C object CMakeFiles/px4_msgs__rosidl_generator_c.dir/rosidl_generator_c/px4_msgs/msg/detail/collision_constraints__functions.c.o
[  3%] Building C object CMakeFiles/px4_msgs__rosidl_generator_c.dir/rosidl_generator_c/px4_msgs/msg/detail/collision_constraints__type_support.c.o
[  3%] Building C object CMakeFiles/px4_msgs__rosidl_generator_c.dir/rosidl_generator_c/px4_msgs/msg/detail/config_overrides__description.c.o
[  3%] Building C object CMakeFiles/px4_msgs__rosidl_generator_c.dir/rosidl_generator_c/px4_msgs/msg/detail/config_overrides__functions.c.o
[  3%] Building C object CMakeFiles/px4_msgs__rosidl_generator_c.dir/rosidl_generator_c/px4_msgs/msg/detail/config_overrides__type_support.c.o
[  3%] Building C object CMakeFiles/px4_msgs__rosidl_generator_c.dir/rosidl_generator_c/px4_msgs/msg/detail/control_allocator_status__description.c.o
[  3%] Building C object CMakeFiles/px4_msgs__rosidl_generator_c.dir/rosidl_generator_c/px4_msgs/msg/detail/control_allocator_status__functions.c.o
[  3%] Building C object CMakeFiles/px4_msgs__rosidl_generator_c.dir/rosidl_generator_c/px4_msgs/msg/detail/control_allocator_status__type_support.c.o
[  3%] Building C object CMakeFiles/px4_msgs__rosidl_generator_c.dir/rosidl_generator_c/px4_msgs/msg/detail/cpuload__description.c.o
[  3%] Building C object CMakeFiles/px4_msgs__rosidl_generator_c.dir/rosidl_generator_c/px4_msgs/msg/detail/cpuload__functions.c.o
[  3%] Building C object CMakeFiles/px4_msgs__rosidl_generator_c.dir/rosidl_generator_c/px4_msgs/msg/detail/cpuload__type_support.c.o
[  3%] Building C object CMakeFiles/px4_msgs__rosidl_generator_c.dir/rosidl_generator_c/px4_msgs/msg/detail/dataman_request__description.c.o
[  3%] Building C object CMakeFiles/px4_msgs__rosidl_generator_c.dir/rosidl_generator_c/px4_msgs/msg/detail/dataman_request__functions.c.o
[  3%] Building C object CMakeFiles/px4_msgs__rosidl_generator_c.dir/rosidl_generator_c/px4_msgs/msg/detail/dataman_request__type_support.c.o
[  3%] Building C object CMakeFiles/px4_msgs__rosidl_generator_c.dir/rosidl_generator_c/px4_msgs/msg/detail/dataman_response__description.c.o
[  3%] Building C object CMakeFiles/px4_msgs__rosidl_generator_c.dir/rosidl_generator_c/px4_msgs/msg/detail/dataman_response__functions.c.o
[  3%] Building C object CMakeFiles/px4_msgs__rosidl_generator_c.dir/rosidl_generator_c/px4_msgs/msg/detail/dataman_response__type_support.c.o
[  3%] Building C object CMakeFiles/px4_msgs__rosidl_generator_c.dir/rosidl_generator_c/px4_msgs/msg/detail/debug_array__description.c.o
[  3%] Building C object CMakeFiles/px4_msgs__rosidl_generator_c.dir/rosidl_generator_c/px4_msgs/msg/detail/debug_array__functions.c.o
[  3%] Building C object CMakeFiles/px4_msgs__rosidl_generator_c.dir/rosidl_generator_c/px4_msgs/msg/detail/debug_array__type_support.c.o
[  3%] Building C object CMakeFiles/px4_msgs__rosidl_generator_c.dir/rosidl_generator_c/px4_msgs/msg/detail/debug_key_value__description.c.o
[  3%] Building C object CMakeFiles/px4_msgs__rosidl_generator_c.dir/rosidl_generator_c/px4_msgs/msg/detail/debug_key_value__functions.c.o
[  4%] Building C object CMakeFiles/px4_msgs__rosidl_generator_c.dir/rosidl_generator_c/px4_msgs/msg/detail/debug_key_value__type_support.c.o
[  4%] Building C object CMakeFiles/px4_msgs__rosidl_generator_c.dir/rosidl_generator_c/px4_msgs/msg/detail/debug_value__description.c.o
[  4%] Building C object CMakeFiles/px4_msgs__rosidl_generator_c.dir/rosidl_generator_c/px4_msgs/msg/detail/debug_value__functions.c.o
[  4%] Building C object CMakeFiles/px4_msgs__rosidl_generator_c.dir/rosidl_generator_c/px4_msgs/msg/detail/debug_value__type_support.c.o
[  4%] Building C object CMakeFiles/px4_msgs__rosidl_generator_c.dir/rosidl_generator_c/px4_msgs/msg/detail/debug_vect__description.c.o
[  4%] Building C object CMakeFiles/px4_msgs__rosidl_generator_c.dir/rosidl_generator_c/px4_msgs/msg/detail/debug_vect__functions.c.o
[  4%] Building C object CMakeFiles/px4_msgs__rosidl_generator_c.dir/rosidl_generator_c/px4_msgs/msg/detail/debug_vect__type_support.c.o
[  4%] Building C object CMakeFiles/px4_msgs__rosidl_generator_c.dir/rosidl_generator_c/px4_msgs/msg/detail/differential_pressure__description.c.o
[  4%] Building C object CMakeFiles/px4_msgs__rosidl_generator_c.dir/rosidl_generator_c/px4_msgs/msg/detail/differential_pressure__functions.c.o
[  4%] Building C object CMakeFiles/px4_msgs__rosidl_generator_c.dir/rosidl_generator_c/px4_msgs/msg/detail/differential_pressure__type_support.c.o
[  4%] Building C object CMakeFiles/px4_msgs__rosidl_generator_c.dir/rosidl_generator_c/px4_msgs/msg/detail/distance_sensor__description.c.o
[  4%] Building C object CMakeFiles/px4_msgs__rosidl_generator_c.dir/rosidl_generator_c/px4_msgs/msg/detail/distance_sensor__functions.c.o
[  4%] Building C object CMakeFiles/px4_msgs__rosidl_generator_c.dir/rosidl_generator_c/px4_msgs/msg/detail/distance_sensor__type_support.c.o
[  4%] Building C object CMakeFiles/px4_msgs__rosidl_generator_c.dir/rosidl_generator_c/px4_msgs/msg/detail/distance_sensor_mode_change_request__description.c.o
[  4%] Building C object CMakeFiles/px4_msgs__rosidl_generator_c.dir/rosidl_generator_c/px4_msgs/msg/detail/distance_sensor_mode_change_request__functions.c.o
[  4%] Building C object CMakeFiles/px4_msgs__rosidl_generator_c.dir/rosidl_generator_c/px4_msgs/msg/detail/distance_sensor_mode_change_request__type_support.c.o
[  4%] Building C object CMakeFiles/px4_msgs__rosidl_generator_c.dir/rosidl_generator_c/px4_msgs/msg/detail/dronecan_node_status__description.c.o
[  4%] Building C object CMakeFiles/px4_msgs__rosidl_generator_c.dir/rosidl_generator_c/px4_msgs/msg/detail/dronecan_node_status__functions.c.o
[  4%] Building C object CMakeFiles/px4_msgs__rosidl_generator_c.dir/rosidl_generator_c/px4_msgs/msg/detail/dronecan_node_status__type_support.c.o
[  4%] Building C object CMakeFiles/px4_msgs__rosidl_generator_c.dir/rosidl_generator_c/px4_msgs/msg/detail/ekf2_timestamps__description.c.o
[  4%] Building C object CMakeFiles/px4_msgs__rosidl_generator_c.dir/rosidl_generator_c/px4_msgs/msg/detail/ekf2_timestamps__functions.c.o
[  4%] Building C object CMakeFiles/px4_msgs__rosidl_generator_c.dir/rosidl_generator_c/px4_msgs/msg/detail/ekf2_timestamps__type_support.c.o
[  4%] Building C object CMakeFiles/px4_msgs__rosidl_generator_c.dir/rosidl_generator_c/px4_msgs/msg/detail/esc_report__description.c.o
[  4%] Building C object CMakeFiles/px4_msgs__rosidl_generator_c.dir/rosidl_generator_c/px4_msgs/msg/detail/esc_report__functions.c.o
[  5%] Building C object CMakeFiles/px4_msgs__rosidl_generator_c.dir/rosidl_generator_c/px4_msgs/msg/detail/esc_report__type_support.c.o
[  5%] Building C object CMakeFiles/px4_msgs__rosidl_generator_c.dir/rosidl_generator_c/px4_msgs/msg/detail/esc_status__description.c.o
[  5%] Building C object CMakeFiles/px4_msgs__rosidl_generator_c.dir/rosidl_generator_c/px4_msgs/msg/detail/esc_status__functions.c.o
[  5%] Building C object CMakeFiles/px4_msgs__rosidl_generator_c.dir/rosidl_generator_c/px4_msgs/msg/detail/esc_status__type_support.c.o
[  5%] Building C object CMakeFiles/px4_msgs__rosidl_generator_c.dir/rosidl_generator_c/px4_msgs/msg/detail/estimator_aid_source1d__description.c.o
[  5%] Building C object CMakeFiles/px4_msgs__rosidl_generator_c.dir/rosidl_generator_c/px4_msgs/msg/detail/estimator_aid_source1d__functions.c.o
[  5%] Building C object CMakeFiles/px4_msgs__rosidl_generator_c.dir/rosidl_generator_c/px4_msgs/msg/detail/estimator_aid_source1d__type_support.c.o
[  5%] Building C object CMakeFiles/px4_msgs__rosidl_generator_c.dir/rosidl_generator_c/px4_msgs/msg/detail/estimator_aid_source2d__description.c.o
[  5%] Building C object CMakeFiles/px4_msgs__rosidl_generator_c.dir/rosidl_generator_c/px4_msgs/msg/detail/estimator_aid_source2d__functions.c.o
[  5%] Building C object CMakeFiles/px4_msgs__rosidl_generator_c.dir/rosidl_generator_c/px4_msgs/msg/detail/estimator_aid_source2d__type_support.c.o
[  5%] Building C object CMakeFiles/px4_msgs__rosidl_generator_c.dir/rosidl_generator_c/px4_msgs/msg/detail/estimator_aid_source3d__description.c.o
[  5%] Building C object CMakeFiles/px4_msgs__rosidl_generator_c.dir/rosidl_generator_c/px4_msgs/msg/detail/estimator_aid_source3d__functions.c.o
[  5%] Building C object CMakeFiles/px4_msgs__rosidl_generator_c.dir/rosidl_generator_c/px4_msgs/msg/detail/estimator_aid_source3d__type_support.c.o
[  5%] Building C object CMakeFiles/px4_msgs__rosidl_generator_c.dir/rosidl_generator_c/px4_msgs/msg/detail/estimator_bias__description.c.o
[  5%] Building C object CMakeFiles/px4_msgs__rosidl_generator_c.dir/rosidl_generator_c/px4_msgs/msg/detail/estimator_bias__functions.c.o
[  5%] Building C object CMakeFiles/px4_msgs__rosidl_generator_c.dir/rosidl_generator_c/px4_msgs/msg/detail/estimator_bias__type_support.c.o
[  5%] Building C object CMakeFiles/px4_msgs__rosidl_generator_c.dir/rosidl_generator_c/px4_msgs/msg/detail/estimator_bias3d__description.c.o
[  5%] Building C object CMakeFiles/px4_msgs__rosidl_generator_c.dir/rosidl_generator_c/px4_msgs/msg/detail/estimator_bias3d__functions.c.o
[  5%] Building C object CMakeFiles/px4_msgs__rosidl_generator_c.dir/rosidl_generator_c/px4_msgs/msg/detail/estimator_bias3d__type_support.c.o
[  5%] Building C object CMakeFiles/px4_msgs__rosidl_generator_c.dir/rosidl_generator_c/px4_msgs/msg/detail/estimator_event_flags__description.c.o
[  5%] Building C object CMakeFiles/px4_msgs__rosidl_generator_c.dir/rosidl_generator_c/px4_msgs/msg/detail/estimator_event_flags__functions.c.o
[  5%] Building C object CMakeFiles/px4_msgs__rosidl_generator_c.dir/rosidl_generator_c/px4_msgs/msg/detail/estimator_event_flags__type_support.c.o
[  5%] Building C object CMakeFiles/px4_msgs__rosidl_generator_c.dir/rosidl_generator_c/px4_msgs/msg/detail/estimator_gps_status__description.c.o
[  5%] Building C object CMakeFiles/px4_msgs__rosidl_generator_c.dir/rosidl_generator_c/px4_msgs/msg/detail/estimator_gps_status__functions.c.o
[  6%] Building C object CMakeFiles/px4_msgs__rosidl_generator_c.dir/rosidl_generator_c/px4_msgs/msg/detail/estimator_gps_status__type_support.c.o
[  6%] Building C object CMakeFiles/px4_msgs__rosidl_generator_c.dir/rosidl_generator_c/px4_msgs/msg/detail/estimator_innovations__description.c.o
[  6%] Building C object CMakeFiles/px4_msgs__rosidl_generator_c.dir/rosidl_generator_c/px4_msgs/msg/detail/estimator_innovations__functions.c.o
[  6%] Building C object CMakeFiles/px4_msgs__rosidl_generator_c.dir/rosidl_generator_c/px4_msgs/msg/detail/estimator_innovations__type_support.c.o
[  6%] Building C object CMakeFiles/px4_msgs__rosidl_generator_c.dir/rosidl_generator_c/px4_msgs/msg/detail/estimator_selector_status__description.c.o
[  6%] Building C object CMakeFiles/px4_msgs__rosidl_generator_c.dir/rosidl_generator_c/px4_msgs/msg/detail/estimator_selector_status__functions.c.o
[  6%] Building C object CMakeFiles/px4_msgs__rosidl_generator_c.dir/rosidl_generator_c/px4_msgs/msg/detail/estimator_selector_status__type_support.c.o
[  6%] Building C object CMakeFiles/px4_msgs__rosidl_generator_c.dir/rosidl_generator_c/px4_msgs/msg/detail/estimator_sensor_bias__description.c.o
[  6%] Building C object CMakeFiles/px4_msgs__rosidl_generator_c.dir/rosidl_generator_c/px4_msgs/msg/detail/estimator_sensor_bias__functions.c.o
[  6%] Building C object CMakeFiles/px4_msgs__rosidl_generator_c.dir/rosidl_generator_c/px4_msgs/msg/detail/estimator_sensor_bias__type_support.c.o
[  6%] Building C object CMakeFiles/px4_msgs__rosidl_generator_c.dir/rosidl_generator_c/px4_msgs/msg/detail/estimator_states__description.c.o
[  6%] Building C object CMakeFiles/px4_msgs__rosidl_generator_c.dir/rosidl_generator_c/px4_msgs/msg/detail/estimator_states__functions.c.o
[  6%] Building C object CMakeFiles/px4_msgs__rosidl_generator_c.dir/rosidl_generator_c/px4_msgs/msg/detail/estimator_states__type_support.c.o
[  6%] Building C object CMakeFiles/px4_msgs__rosidl_generator_c.dir/rosidl_generator_c/px4_msgs/msg/detail/estimator_status__description.c.o
[  6%] Building C object CMakeFiles/px4_msgs__rosidl_generator_c.dir/rosidl_generator_c/px4_msgs/msg/detail/estimator_status__functions.c.o
[  6%] Building C object CMakeFiles/px4_msgs__rosidl_generator_c.dir/rosidl_generator_c/px4_msgs/msg/detail/estimator_status__type_support.c.o
[  6%] Building C object CMakeFiles/px4_msgs__rosidl_generator_c.dir/rosidl_generator_c/px4_msgs/msg/detail/estimator_status_flags__description.c.o
[  6%] Building C object CMakeFiles/px4_msgs__rosidl_generator_c.dir/rosidl_generator_c/px4_msgs/msg/detail/estimator_status_flags__functions.c.o
[  6%] Building C object CMakeFiles/px4_msgs__rosidl_generator_c.dir/rosidl_generator_c/px4_msgs/msg/detail/estimator_status_flags__type_support.c.o
[  6%] Building C object CMakeFiles/px4_msgs__rosidl_generator_c.dir/rosidl_generator_c/px4_msgs/msg/detail/event__description.c.o
[  6%] Building C object CMakeFiles/px4_msgs__rosidl_generator_c.dir/rosidl_generator_c/px4_msgs/msg/detail/event__functions.c.o
[  6%] Building C object CMakeFiles/px4_msgs__rosidl_generator_c.dir/rosidl_generator_c/px4_msgs/msg/detail/event__type_support.c.o
[  6%] Building C object CMakeFiles/px4_msgs__rosidl_generator_c.dir/rosidl_generator_c/px4_msgs/msg/detail/failsafe_flags__description.c.o
[  7%] Building C object CMakeFiles/px4_msgs__rosidl_generator_c.dir/rosidl_generator_c/px4_msgs/msg/detail/failsafe_flags__functions.c.o
[  7%] Building C object CMakeFiles/px4_msgs__rosidl_generator_c.dir/rosidl_generator_c/px4_msgs/msg/detail/failsafe_flags__type_support.c.o
[  7%] Building C object CMakeFiles/px4_msgs__rosidl_generator_c.dir/rosidl_generator_c/px4_msgs/msg/detail/failure_detector_status__description.c.o
[  7%] Building C object CMakeFiles/px4_msgs__rosidl_generator_c.dir/rosidl_generator_c/px4_msgs/msg/detail/failure_detector_status__functions.c.o
[  7%] Building C object CMakeFiles/px4_msgs__rosidl_generator_c.dir/rosidl_generator_c/px4_msgs/msg/detail/failure_detector_status__type_support.c.o
[  7%] Building C object CMakeFiles/px4_msgs__rosidl_generator_c.dir/rosidl_generator_c/px4_msgs/msg/detail/figure_eight_status__description.c.o
[  7%] Building C object CMakeFiles/px4_msgs__rosidl_generator_c.dir/rosidl_generator_c/px4_msgs/msg/detail/figure_eight_status__functions.c.o
[  7%] Building C object CMakeFiles/px4_msgs__rosidl_generator_c.dir/rosidl_generator_c/px4_msgs/msg/detail/figure_eight_status__type_support.c.o
[  7%] Building C object CMakeFiles/px4_msgs__rosidl_generator_c.dir/rosidl_generator_c/px4_msgs/msg/detail/fixed_wing_lateral_guidance_status__description.c.o
[  7%] Building C object CMakeFiles/px4_msgs__rosidl_generator_c.dir/rosidl_generator_c/px4_msgs/msg/detail/fixed_wing_lateral_guidance_status__functions.c.o
[  7%] Building C object CMakeFiles/px4_msgs__rosidl_generator_c.dir/rosidl_generator_c/px4_msgs/msg/detail/fixed_wing_lateral_guidance_status__type_support.c.o
[  7%] Building C object CMakeFiles/px4_msgs__rosidl_generator_c.dir/rosidl_generator_c/px4_msgs/msg/detail/fixed_wing_lateral_setpoint__description.c.o
[  7%] Building C object CMakeFiles/px4_msgs__rosidl_generator_c.dir/rosidl_generator_c/px4_msgs/msg/detail/fixed_wing_lateral_setpoint__functions.c.o
[  7%] Building C object CMakeFiles/px4_msgs__rosidl_generator_c.dir/rosidl_generator_c/px4_msgs/msg/detail/fixed_wing_lateral_setpoint__type_support.c.o
[  7%] Building C object CMakeFiles/px4_msgs__rosidl_generator_c.dir/rosidl_generator_c/px4_msgs/msg/detail/fixed_wing_lateral_status__description.c.o
[  7%] Building C object CMakeFiles/px4_msgs__rosidl_generator_c.dir/rosidl_generator_c/px4_msgs/msg/detail/fixed_wing_lateral_status__functions.c.o
[  7%] Building C object CMakeFiles/px4_msgs__rosidl_generator_c.dir/rosidl_generator_c/px4_msgs/msg/detail/fixed_wing_lateral_status__type_support.c.o
[  7%] Building C object CMakeFiles/px4_msgs__rosidl_generator_c.dir/rosidl_generator_c/px4_msgs/msg/detail/fixed_wing_longitudinal_setpoint__description.c.o
[  7%] Building C object CMakeFiles/px4_msgs__rosidl_generator_c.dir/rosidl_generator_c/px4_msgs/msg/detail/fixed_wing_longitudinal_setpoint__functions.c.o
[  7%] Building C object CMakeFiles/px4_msgs__rosidl_generator_c.dir/rosidl_generator_c/px4_msgs/msg/detail/fixed_wing_longitudinal_setpoint__type_support.c.o
[  7%] Building C object CMakeFiles/px4_msgs__rosidl_generator_c.dir/rosidl_generator_c/px4_msgs/msg/detail/fixed_wing_runway_control__description.c.o
[  7%] Building C object CMakeFiles/px4_msgs__rosidl_generator_c.dir/rosidl_generator_c/px4_msgs/msg/detail/fixed_wing_runway_control__functions.c.o
[  7%] Building C object CMakeFiles/px4_msgs__rosidl_generator_c.dir/rosidl_generator_c/px4_msgs/msg/detail/fixed_wing_runway_control__type_support.c.o
[  7%] Building C object CMakeFiles/px4_msgs__rosidl_generator_c.dir/rosidl_generator_c/px4_msgs/msg/detail/flight_phase_estimation__description.c.o
[  8%] Building C object CMakeFiles/px4_msgs__rosidl_generator_c.dir/rosidl_generator_c/px4_msgs/msg/detail/flight_phase_estimation__functions.c.o
[  8%] Building C object CMakeFiles/px4_msgs__rosidl_generator_c.dir/rosidl_generator_c/px4_msgs/msg/detail/flight_phase_estimation__type_support.c.o
[  8%] Building C object CMakeFiles/px4_msgs__rosidl_generator_c.dir/rosidl_generator_c/px4_msgs/msg/detail/follow_target__description.c.o
[  8%] Building C object CMakeFiles/px4_msgs__rosidl_generator_c.dir/rosidl_generator_c/px4_msgs/msg/detail/follow_target__functions.c.o
[  8%] Building C object CMakeFiles/px4_msgs__rosidl_generator_c.dir/rosidl_generator_c/px4_msgs/msg/detail/follow_target__type_support.c.o
[  8%] Building C object CMakeFiles/px4_msgs__rosidl_generator_c.dir/rosidl_generator_c/px4_msgs/msg/detail/follow_target_estimator__description.c.o
[  8%] Building C object CMakeFiles/px4_msgs__rosidl_generator_c.dir/rosidl_generator_c/px4_msgs/msg/detail/follow_target_estimator__functions.c.o
[  8%] Building C object CMakeFiles/px4_msgs__rosidl_generator_c.dir/rosidl_generator_c/px4_msgs/msg/detail/follow_target_estimator__type_support.c.o
[  8%] Building C object CMakeFiles/px4_msgs__rosidl_generator_c.dir/rosidl_generator_c/px4_msgs/msg/detail/follow_target_status__description.c.o
[  8%] Building C object CMakeFiles/px4_msgs__rosidl_generator_c.dir/rosidl_generator_c/px4_msgs/msg/detail/follow_target_status__functions.c.o
[  8%] Building C object CMakeFiles/px4_msgs__rosidl_generator_c.dir/rosidl_generator_c/px4_msgs/msg/detail/follow_target_status__type_support.c.o
[  8%] Building C object CMakeFiles/px4_msgs__rosidl_generator_c.dir/rosidl_generator_c/px4_msgs/msg/detail/fuel_tank_status__description.c.o
[  8%] Building C object CMakeFiles/px4_msgs__rosidl_generator_c.dir/rosidl_generator_c/px4_msgs/msg/detail/fuel_tank_status__functions.c.o
[  8%] Building C object CMakeFiles/px4_msgs__rosidl_generator_c.dir/rosidl_generator_c/px4_msgs/msg/detail/fuel_tank_status__type_support.c.o
[  8%] Building C object CMakeFiles/px4_msgs__rosidl_generator_c.dir/rosidl_generator_c/px4_msgs/msg/detail/generator_status__description.c.o
[  8%] Building C object CMakeFiles/px4_msgs__rosidl_generator_c.dir/rosidl_generator_c/px4_msgs/msg/detail/generator_status__functions.c.o
[  8%] Building C object CMakeFiles/px4_msgs__rosidl_generator_c.dir/rosidl_generator_c/px4_msgs/msg/detail/generator_status__type_support.c.o
[  8%] Building C object CMakeFiles/px4_msgs__rosidl_generator_c.dir/rosidl_generator_c/px4_msgs/msg/detail/geofence_result__description.c.o
[  8%] Building C object CMakeFiles/px4_msgs__rosidl_generator_c.dir/rosidl_generator_c/px4_msgs/msg/detail/geofence_result__functions.c.o
[  8%] Building C object CMakeFiles/px4_msgs__rosidl_generator_c.dir/rosidl_generator_c/px4_msgs/msg/detail/geofence_result__type_support.c.o
[  8%] Building C object CMakeFiles/px4_msgs__rosidl_generator_c.dir/rosidl_generator_c/px4_msgs/msg/detail/geofence_status__description.c.o
[  8%] Building C object CMakeFiles/px4_msgs__rosidl_generator_c.dir/rosidl_generator_c/px4_msgs/msg/detail/geofence_status__functions.c.o
[  8%] Building C object CMakeFiles/px4_msgs__rosidl_generator_c.dir/rosidl_generator_c/px4_msgs/msg/detail/geofence_status__type_support.c.o
[  8%] Building C object CMakeFiles/px4_msgs__rosidl_generator_c.dir/rosidl_generator_c/px4_msgs/msg/detail/gimbal_controls__description.c.o
[  9%] Building C object CMakeFiles/px4_msgs__rosidl_generator_c.dir/rosidl_generator_c/px4_msgs/msg/detail/gimbal_controls__functions.c.o
[  9%] Building C object CMakeFiles/px4_msgs__rosidl_generator_c.dir/rosidl_generator_c/px4_msgs/msg/detail/gimbal_controls__type_support.c.o
[  9%] Building C object CMakeFiles/px4_msgs__rosidl_generator_c.dir/rosidl_generator_c/px4_msgs/msg/detail/gimbal_device_attitude_status__description.c.o
[  9%] Building C object CMakeFiles/px4_msgs__rosidl_generator_c.dir/rosidl_generator_c/px4_msgs/msg/detail/gimbal_device_attitude_status__functions.c.o
[  9%] Building C object CMakeFiles/px4_msgs__rosidl_generator_c.dir/rosidl_generator_c/px4_msgs/msg/detail/gimbal_device_attitude_status__type_support.c.o
[  9%] Building C object CMakeFiles/px4_msgs__rosidl_generator_c.dir/rosidl_generator_c/px4_msgs/msg/detail/gimbal_device_information__description.c.o
[  9%] Building C object CMakeFiles/px4_msgs__rosidl_generator_c.dir/rosidl_generator_c/px4_msgs/msg/detail/gimbal_device_information__functions.c.o
[  9%] Building C object CMakeFiles/px4_msgs__rosidl_generator_c.dir/rosidl_generator_c/px4_msgs/msg/detail/gimbal_device_information__type_support.c.o
[  9%] Building C object CMakeFiles/px4_msgs__rosidl_generator_c.dir/rosidl_generator_c/px4_msgs/msg/detail/gimbal_device_set_attitude__description.c.o
[  9%] Building C object CMakeFiles/px4_msgs__rosidl_generator_c.dir/rosidl_generator_c/px4_msgs/msg/detail/gimbal_device_set_attitude__functions.c.o
[  9%] Building C object CMakeFiles/px4_msgs__rosidl_generator_c.dir/rosidl_generator_c/px4_msgs/msg/detail/gimbal_device_set_attitude__type_support.c.o
[  9%] Building C object CMakeFiles/px4_msgs__rosidl_generator_c.dir/rosidl_generator_c/px4_msgs/msg/detail/gimbal_manager_information__description.c.o
[  9%] Building C object CMakeFiles/px4_msgs__rosidl_generator_c.dir/rosidl_generator_c/px4_msgs/msg/detail/gimbal_manager_information__functions.c.o
[  9%] Building C object CMakeFiles/px4_msgs__rosidl_generator_c.dir/rosidl_generator_c/px4_msgs/msg/detail/gimbal_manager_information__type_support.c.o
[  9%] Building C object CMakeFiles/px4_msgs__rosidl_generator_c.dir/rosidl_generator_c/px4_msgs/msg/detail/gimbal_manager_set_attitude__description.c.o
[  9%] Building C object CMakeFiles/px4_msgs__rosidl_generator_c.dir/rosidl_generator_c/px4_msgs/msg/detail/gimbal_manager_set_attitude__functions.c.o
[  9%] Building C object CMakeFiles/px4_msgs__rosidl_generator_c.dir/rosidl_generator_c/px4_msgs/msg/detail/gimbal_manager_set_attitude__type_support.c.o
[  9%] Building C object CMakeFiles/px4_msgs__rosidl_generator_c.dir/rosidl_generator_c/px4_msgs/msg/detail/gimbal_manager_set_manual_control__description.c.o
[  9%] Building C object CMakeFiles/px4_msgs__rosidl_generator_c.dir/rosidl_generator_c/px4_msgs/msg/detail/gimbal_manager_set_manual_control__functions.c.o
[  9%] Building C object CMakeFiles/px4_msgs__rosidl_generator_c.dir/rosidl_generator_c/px4_msgs/msg/detail/gimbal_manager_set_manual_control__type_support.c.o
[  9%] Building C object CMakeFiles/px4_msgs__rosidl_generator_c.dir/rosidl_generator_c/px4_msgs/msg/detail/gimbal_manager_status__description.c.o
[  9%] Building C object CMakeFiles/px4_msgs__rosidl_generator_c.dir/rosidl_generator_c/px4_msgs/msg/detail/gimbal_manager_status__functions.c.o
[  9%] Building C object CMakeFiles/px4_msgs__rosidl_generator_c.dir/rosidl_generator_c/px4_msgs/msg/detail/gimbal_manager_status__type_support.c.o
[  9%] Building C object CMakeFiles/px4_msgs__rosidl_generator_c.dir/rosidl_generator_c/px4_msgs/msg/detail/goto_setpoint__description.c.o
[ 10%] Building C object CMakeFiles/px4_msgs__rosidl_generator_c.dir/rosidl_generator_c/px4_msgs/msg/detail/goto_setpoint__functions.c.o
[ 10%] Building C object CMakeFiles/px4_msgs__rosidl_generator_c.dir/rosidl_generator_c/px4_msgs/msg/detail/goto_setpoint__type_support.c.o
[ 10%] Building C object CMakeFiles/px4_msgs__rosidl_generator_c.dir/rosidl_generator_c/px4_msgs/msg/detail/gpio_config__description.c.o
[ 10%] Building C object CMakeFiles/px4_msgs__rosidl_generator_c.dir/rosidl_generator_c/px4_msgs/msg/detail/gpio_config__functions.c.o
[ 10%] Building C object CMakeFiles/px4_msgs__rosidl_generator_c.dir/rosidl_generator_c/px4_msgs/msg/detail/gpio_config__type_support.c.o
[ 10%] Building C object CMakeFiles/px4_msgs__rosidl_generator_c.dir/rosidl_generator_c/px4_msgs/msg/detail/gpio_in__description.c.o
[ 10%] Building C object CMakeFiles/px4_msgs__rosidl_generator_c.dir/rosidl_generator_c/px4_msgs/msg/detail/gpio_in__functions.c.o
[ 10%] Building C object CMakeFiles/px4_msgs__rosidl_generator_c.dir/rosidl_generator_c/px4_msgs/msg/detail/gpio_in__type_support.c.o
[ 10%] Building C object CMakeFiles/px4_msgs__rosidl_generator_c.dir/rosidl_generator_c/px4_msgs/msg/detail/gpio_out__description.c.o
[ 10%] Building C object CMakeFiles/px4_msgs__rosidl_generator_c.dir/rosidl_generator_c/px4_msgs/msg/detail/gpio_out__functions.c.o
[ 10%] Building C object CMakeFiles/px4_msgs__rosidl_generator_c.dir/rosidl_generator_c/px4_msgs/msg/detail/gpio_out__type_support.c.o
[ 10%] Building C object CMakeFiles/px4_msgs__rosidl_generator_c.dir/rosidl_generator_c/px4_msgs/msg/detail/gpio_request__description.c.o
[ 10%] Building C object CMakeFiles/px4_msgs__rosidl_generator_c.dir/rosidl_generator_c/px4_msgs/msg/detail/gpio_request__functions.c.o
[ 10%] Building C object CMakeFiles/px4_msgs__rosidl_generator_c.dir/rosidl_generator_c/px4_msgs/msg/detail/gpio_request__type_support.c.o
[ 10%] Building C object CMakeFiles/px4_msgs__rosidl_generator_c.dir/rosidl_generator_c/px4_msgs/msg/detail/gps_dump__description.c.o
[ 10%] Building C object CMakeFiles/px4_msgs__rosidl_generator_c.dir/rosidl_generator_c/px4_msgs/msg/detail/gps_dump__functions.c.o
[ 10%] Building C object CMakeFiles/px4_msgs__rosidl_generator_c.dir/rosidl_generator_c/px4_msgs/msg/detail/gps_dump__type_support.c.o
[ 10%] Building C object CMakeFiles/px4_msgs__rosidl_generator_c.dir/rosidl_generator_c/px4_msgs/msg/detail/gps_inject_data__description.c.o
[ 10%] Building C object CMakeFiles/px4_msgs__rosidl_generator_c.dir/rosidl_generator_c/px4_msgs/msg/detail/gps_inject_data__functions.c.o
[ 10%] Building C object CMakeFiles/px4_msgs__rosidl_generator_c.dir/rosidl_generator_c/px4_msgs/msg/detail/gps_inject_data__type_support.c.o
[ 10%] Building C object CMakeFiles/px4_msgs__rosidl_generator_c.dir/rosidl_generator_c/px4_msgs/msg/detail/gripper__description.c.o
[ 10%] Building C object CMakeFiles/px4_msgs__rosidl_generator_c.dir/rosidl_generator_c/px4_msgs/msg/detail/gripper__functions.c.o
[ 10%] Building C object CMakeFiles/px4_msgs__rosidl_generator_c.dir/rosidl_generator_c/px4_msgs/msg/detail/gripper__type_support.c.o
[ 10%] Building C object CMakeFiles/px4_msgs__rosidl_generator_c.dir/rosidl_generator_c/px4_msgs/msg/detail/health_report__description.c.o
[ 11%] Building C object CMakeFiles/px4_msgs__rosidl_generator_c.dir/rosidl_generator_c/px4_msgs/msg/detail/health_report__functions.c.o
[ 11%] Building C object CMakeFiles/px4_msgs__rosidl_generator_c.dir/rosidl_generator_c/px4_msgs/msg/detail/health_report__type_support.c.o
[ 11%] Building C object CMakeFiles/px4_msgs__rosidl_generator_c.dir/rosidl_generator_c/px4_msgs/msg/detail/heater_status__description.c.o
[ 11%] Building C object CMakeFiles/px4_msgs__rosidl_generator_c.dir/rosidl_generator_c/px4_msgs/msg/detail/heater_status__functions.c.o
[ 11%] Building C object CMakeFiles/px4_msgs__rosidl_generator_c.dir/rosidl_generator_c/px4_msgs/msg/detail/heater_status__type_support.c.o
[ 11%] Building C object CMakeFiles/px4_msgs__rosidl_generator_c.dir/rosidl_generator_c/px4_msgs/msg/detail/home_position__description.c.o
[ 11%] Building C object CMakeFiles/px4_msgs__rosidl_generator_c.dir/rosidl_generator_c/px4_msgs/msg/detail/home_position__functions.c.o
[ 11%] Building C object CMakeFiles/px4_msgs__rosidl_generator_c.dir/rosidl_generator_c/px4_msgs/msg/detail/home_position__type_support.c.o
[ 11%] Building C object CMakeFiles/px4_msgs__rosidl_generator_c.dir/rosidl_generator_c/px4_msgs/msg/detail/hover_thrust_estimate__description.c.o
[ 11%] Building C object CMakeFiles/px4_msgs__rosidl_generator_c.dir/rosidl_generator_c/px4_msgs/msg/detail/hover_thrust_estimate__functions.c.o
[ 11%] Building C object CMakeFiles/px4_msgs__rosidl_generator_c.dir/rosidl_generator_c/px4_msgs/msg/detail/hover_thrust_estimate__type_support.c.o
[ 11%] Building C object CMakeFiles/px4_msgs__rosidl_generator_c.dir/rosidl_generator_c/px4_msgs/msg/detail/input_rc__description.c.o
[ 11%] Building C object CMakeFiles/px4_msgs__rosidl_generator_c.dir/rosidl_generator_c/px4_msgs/msg/detail/input_rc__functions.c.o
[ 11%] Building C object CMakeFiles/px4_msgs__rosidl_generator_c.dir/rosidl_generator_c/px4_msgs/msg/detail/input_rc__type_support.c.o
[ 11%] Building C object CMakeFiles/px4_msgs__rosidl_generator_c.dir/rosidl_generator_c/px4_msgs/msg/detail/internal_combustion_engine_control__description.c.o
[ 11%] Building C object CMakeFiles/px4_msgs__rosidl_generator_c.dir/rosidl_generator_c/px4_msgs/msg/detail/internal_combustion_engine_control__functions.c.o
[ 11%] Building C object CMakeFiles/px4_msgs__rosidl_generator_c.dir/rosidl_generator_c/px4_msgs/msg/detail/internal_combustion_engine_control__type_support.c.o
[ 11%] Building C object CMakeFiles/px4_msgs__rosidl_generator_c.dir/rosidl_generator_c/px4_msgs/msg/detail/internal_combustion_engine_status__description.c.o
[ 11%] Building C object CMakeFiles/px4_msgs__rosidl_generator_c.dir/rosidl_generator_c/px4_msgs/msg/detail/internal_combustion_engine_status__functions.c.o
[ 11%] Building C object CMakeFiles/px4_msgs__rosidl_generator_c.dir/rosidl_generator_c/px4_msgs/msg/detail/internal_combustion_engine_status__type_support.c.o
[ 11%] Building C object CMakeFiles/px4_msgs__rosidl_generator_c.dir/rosidl_generator_c/px4_msgs/msg/detail/iridiumsbd_status__description.c.o
[ 11%] Building C object CMakeFiles/px4_msgs__rosidl_generator_c.dir/rosidl_generator_c/px4_msgs/msg/detail/iridiumsbd_status__functions.c.o
[ 11%] Building C object CMakeFiles/px4_msgs__rosidl_generator_c.dir/rosidl_generator_c/px4_msgs/msg/detail/iridiumsbd_status__type_support.c.o
[ 11%] Building C object CMakeFiles/px4_msgs__rosidl_generator_c.dir/rosidl_generator_c/px4_msgs/msg/detail/irlock_report__description.c.o
[ 12%] Building C object CMakeFiles/px4_msgs__rosidl_generator_c.dir/rosidl_generator_c/px4_msgs/msg/detail/irlock_report__functions.c.o
[ 12%] Building C object CMakeFiles/px4_msgs__rosidl_generator_c.dir/rosidl_generator_c/px4_msgs/msg/detail/irlock_report__type_support.c.o
[ 12%] Building C object CMakeFiles/px4_msgs__rosidl_generator_c.dir/rosidl_generator_c/px4_msgs/msg/detail/landing_gear__description.c.o
[ 12%] Building C object CMakeFiles/px4_msgs__rosidl_generator_c.dir/rosidl_generator_c/px4_msgs/msg/detail/landing_gear__functions.c.o
[  0%] Building C object CMakeFiles/px4_msgs__rosidl_generator_c.dir/rosidl_generator_c/px4_msgs/msg/detail/landing_gear__type_support.c.o
[  0%] Building C object CMakeFiles/px4_msgs__rosidl_generator_c.dir/rosidl_generator_c/px4_msgs/msg/detail/landing_gear_wheel__description.c.o
[  0%] Building C object CMakeFiles/px4_msgs__rosidl_generator_c.dir/rosidl_generator_c/px4_msgs/msg/detail/landing_gear_wheel__functions.c.o
[  0%] Building C object CMakeFiles/px4_msgs__rosidl_generator_c.dir/rosidl_generator_c/px4_msgs/msg/detail/landing_gear_wheel__type_support.c.o
[  0%] Building C object CMakeFiles/px4_msgs__rosidl_generator_c.dir/rosidl_generator_c/px4_msgs/msg/detail/landing_target_innovations__description.c.o
[  0%] Building C object CMakeFiles/px4_msgs__rosidl_generator_c.dir/rosidl_generator_c/px4_msgs/msg/detail/landing_target_innovations__functions.c.o
[  0%] Building C object CMakeFiles/px4_msgs__rosidl_generator_c.dir/rosidl_generator_c/px4_msgs/msg/detail/landing_target_innovations__type_support.c.o
[  0%] Building C object CMakeFiles/px4_msgs__rosidl_generator_c.dir/rosidl_generator_c/px4_msgs/msg/detail/landing_target_pose__description.c.o
[  0%] Building C object CMakeFiles/px4_msgs__rosidl_generator_c.dir/rosidl_generator_c/px4_msgs/msg/detail/landing_target_pose__functions.c.o
[  0%] Building C object CMakeFiles/px4_msgs__rosidl_generator_c.dir/rosidl_generator_c/px4_msgs/msg/detail/landing_target_pose__type_support.c.o
[  0%] Building C object CMakeFiles/px4_msgs__rosidl_generator_c.dir/rosidl_generator_c/px4_msgs/msg/detail/lateral_control_configuration__description.c.o
[  0%] Building C object CMakeFiles/px4_msgs__rosidl_generator_c.dir/rosidl_generator_c/px4_msgs/msg/detail/lateral_control_configuration__functions.c.o
[  0%] Building C object CMakeFiles/px4_msgs__rosidl_generator_c.dir/rosidl_generator_c/px4_msgs/msg/detail/lateral_control_configuration__type_support.c.o
[  0%] Building C object CMakeFiles/px4_msgs__rosidl_generator_c.dir/rosidl_generator_c/px4_msgs/msg/detail/launch_detection_status__description.c.o
[  0%] Building C object CMakeFiles/px4_msgs__rosidl_generator_c.dir/rosidl_generator_c/px4_msgs/msg/detail/launch_detection_status__functions.c.o
[  0%] Building C object CMakeFiles/px4_msgs__rosidl_generator_c.dir/rosidl_generator_c/px4_msgs/msg/detail/launch_detection_status__type_support.c.o
[  0%] Building C object CMakeFiles/px4_msgs__rosidl_generator_c.dir/rosidl_generator_c/px4_msgs/msg/detail/led_control__description.c.o
[  0%] Building C object CMakeFiles/px4_msgs__rosidl_generator_c.dir/rosidl_generator_c/px4_msgs/msg/detail/led_control__functions.c.o
[  0%] Building C object CMakeFiles/px4_msgs__rosidl_generator_c.dir/rosidl_generator_c/px4_msgs/msg/detail/led_control__type_support.c.o
[  1%] Building C object CMakeFiles/px4_msgs__rosidl_generator_c.dir/rosidl_generator_c/px4_msgs/msg/detail/log_message__description.c.o
[  1%] Building C object CMakeFiles/px4_msgs__rosidl_generator_c.dir/rosidl_generator_c/px4_msgs/msg/detail/log_message__functions.c.o
[  1%] Building C object CMakeFiles/px4_msgs__rosidl_generator_c.dir/rosidl_generator_c/px4_msgs/msg/detail/log_message__type_support.c.o
[  1%] Building C object CMakeFiles/px4_msgs__rosidl_generator_c.dir/rosidl_generator_c/px4_msgs/msg/detail/logger_status__description.c.o
[  1%] Building C object CMakeFiles/px4_msgs__rosidl_generator_c.dir/rosidl_generator_c/px4_msgs/msg/detail/logger_status__functions.c.o
[  1%] Building C object CMakeFiles/px4_msgs__rosidl_generator_c.dir/rosidl_generator_c/px4_msgs/msg/detail/logger_status__type_support.c.o
[  1%] Building C object CMakeFiles/px4_msgs__rosidl_generator_c.dir/rosidl_generator_c/px4_msgs/msg/detail/longitudinal_control_configuration__description.c.o
[  1%] Building C object CMakeFiles/px4_msgs__rosidl_generator_c.dir/rosidl_generator_c/px4_msgs/msg/detail/longitudinal_control_configuration__functions.c.o
[  1%] Building C object CMakeFiles/px4_msgs__rosidl_generator_c.dir/rosidl_generator_c/px4_msgs/msg/detail/longitudinal_control_configuration__type_support.c.o
[  1%] Building C object CMakeFiles/px4_msgs__rosidl_generator_c.dir/rosidl_generator_c/px4_msgs/msg/detail/mag_worker_data__description.c.o
[  1%] Building C object CMakeFiles/px4_msgs__rosidl_generator_c.dir/rosidl_generator_c/px4_msgs/msg/detail/mag_worker_data__functions.c.o
[  1%] Building C object CMakeFiles/px4_msgs__rosidl_generator_c.dir/rosidl_generator_c/px4_msgs/msg/detail/mag_worker_data__type_support.c.o
[  1%] Building C object CMakeFiles/px4_msgs__rosidl_generator_c.dir/rosidl_generator_c/px4_msgs/msg/detail/magnetometer_bias_estimate__description.c.o
[  1%] Building C object CMakeFiles/px4_msgs__rosidl_generator_c.dir/rosidl_generator_c/px4_msgs/msg/detail/magnetometer_bias_estimate__functions.c.o
[  1%] Building C object CMakeFiles/px4_msgs__rosidl_generator_c.dir/rosidl_generator_c/px4_msgs/msg/detail/magnetometer_bias_estimate__type_support.c.o
[  1%] Building C object CMakeFiles/px4_msgs__rosidl_generator_c.dir/rosidl_generator_c/px4_msgs/msg/detail/manual_control_setpoint__description.c.o
[  1%] Building C object CMakeFiles/px4_msgs__rosidl_generator_c.dir/rosidl_generator_c/px4_msgs/msg/detail/manual_control_setpoint__functions.c.o
[  1%] Building C object CMakeFiles/px4_msgs__rosidl_generator_c.dir/rosidl_generator_c/px4_msgs/msg/detail/manual_control_setpoint__type_support.c.o
[  1%] Building C object CMakeFiles/px4_msgs__rosidl_generator_c.dir/rosidl_generator_c/px4_msgs/msg/detail/manual_control_switches__description.c.o
[  1%] Building C object CMakeFiles/px4_msgs__rosidl_generator_c.dir/rosidl_generator_c/px4_msgs/msg/detail/manual_control_switches__functions.c.o
[  1%] Building C object CMakeFiles/px4_msgs__rosidl_generator_c.dir/rosidl_generator_c/px4_msgs/msg/detail/manual_control_switches__type_support.c.o
[  1%] Building C object CMakeFiles/px4_msgs__rosidl_generator_c.dir/rosidl_generator_c/px4_msgs/msg/detail/mavlink_log__description.c.o
[  1%] Building C object CMakeFiles/px4_msgs__rosidl_generator_c.dir/rosidl_generator_c/px4_msgs/msg/detail/mavlink_log__functions.c.o
[  1%] Building C object CMakeFiles/px4_msgs__rosidl_generator_c.dir/rosidl_generator_c/px4_msgs/msg/detail/mavlink_log__type_support.c.o
[  2%] Building C object CMakeFiles/px4_msgs__rosidl_generator_c.dir/rosidl_generator_c/px4_msgs/msg/detail/mavlink_tunnel__description.c.o
[  2%] Building C object CMakeFiles/px4_msgs__rosidl_generator_c.dir/rosidl_generator_c/px4_msgs/msg/detail/mavlink_tunnel__functions.c.o
[  2%] Building C object CMakeFiles/px4_msgs__rosidl_generator_c.dir/rosidl_generator_c/px4_msgs/msg/detail/mavlink_tunnel__type_support.c.o
[  2%] Building C object CMakeFiles/px4_msgs__rosidl_generator_c.dir/rosidl_generator_c/px4_msgs/msg/detail/message_format_request__description.c.o
[  2%] Building C object CMakeFiles/px4_msgs__rosidl_generator_c.dir/rosidl_generator_c/px4_msgs/msg/detail/message_format_request__functions.c.o
[  2%] Building C object CMakeFiles/px4_msgs__rosidl_generator_c.dir/rosidl_generator_c/px4_msgs/msg/detail/message_format_request__type_support.c.o
[  2%] Building C object CMakeFiles/px4_msgs__rosidl_generator_c.dir/rosidl_generator_c/px4_msgs/msg/detail/message_format_response__description.c.o
[  2%] Building C object CMakeFiles/px4_msgs__rosidl_generator_c.dir/rosidl_generator_c/px4_msgs/msg/detail/message_format_response__functions.c.o
[  2%] Building C object CMakeFiles/px4_msgs__rosidl_generator_c.dir/rosidl_generator_c/px4_msgs/msg/detail/message_format_response__type_support.c.o
[  2%] Building C object CMakeFiles/px4_msgs__rosidl_generator_c.dir/rosidl_generator_c/px4_msgs/msg/detail/mission__description.c.o
[  2%] Building C object CMakeFiles/px4_msgs__rosidl_generator_c.dir/rosidl_generator_c/px4_msgs/msg/detail/mission__functions.c.o
[  2%] Building C object CMakeFiles/px4_msgs__rosidl_generator_c.dir/rosidl_generator_c/px4_msgs/msg/detail/mission__type_support.c.o
[  2%] Building C object CMakeFiles/px4_msgs__rosidl_generator_c.dir/rosidl_generator_c/px4_msgs/msg/detail/mission_result__description.c.o
[  2%] Building C object CMakeFiles/px4_msgs__rosidl_generator_c.dir/rosidl_generator_c/px4_msgs/msg/detail/mission_result__functions.c.o
[  2%] Building C object CMakeFiles/px4_msgs__rosidl_generator_c.dir/rosidl_generator_c/px4_msgs/msg/detail/mission_result__type_support.c.o
[  2%] Building C object CMakeFiles/px4_msgs__rosidl_generator_c.dir/rosidl_generator_c/px4_msgs/msg/detail/mode_completed__description.c.o
[  2%] Building C object CMakeFiles/px4_msgs__rosidl_generator_c.dir/rosidl_generator_c/px4_msgs/msg/detail/mode_completed__functions.c.o
[  2%] Building C object CMakeFiles/px4_msgs__rosidl_generator_c.dir/rosidl_generator_c/px4_msgs/msg/detail/mode_completed__type_support.c.o
[  2%] Building C object CMakeFiles/px4_msgs__rosidl_generator_c.dir/rosidl_generator_c/px4_msgs/msg/detail/mount_orientation__description.c.o
[  2%] Building C object CMakeFiles/px4_msgs__rosidl_generator_c.dir/rosidl_generator_c/px4_msgs/msg/detail/mount_orientation__functions.c.o
[  2%] Building C object CMakeFiles/px4_msgs__rosidl_generator_c.dir/rosidl_generator_c/px4_msgs/msg/detail/mount_orientation__type_support.c.o
[  2%] Building C object CMakeFiles/px4_msgs__rosidl_generator_c.dir/rosidl_generator_c/px4_msgs/msg/detail/navigator_mission_item__description.c.o
[  2%] Building C object CMakeFiles/px4_msgs__rosidl_generator_c.dir/rosidl_generator_c/px4_msgs/msg/detail/navigator_mission_item__functions.c.o
[  2%] Building C object CMakeFiles/px4_msgs__rosidl_generator_c.dir/rosidl_generator_c/px4_msgs/msg/detail/navigator_mission_item__type_support.c.o
[  3%] Building C object CMakeFiles/px4_msgs__rosidl_generator_c.dir/rosidl_generator_c/px4_msgs/msg/detail/navigator_status__description.c.o
[  3%] Building C object CMakeFiles/px4_msgs__rosidl_generator_c.dir/rosidl_generator_c/px4_msgs/msg/detail/navigator_status__functions.c.o
[  3%] Building C object CMakeFiles/px4_msgs__rosidl_generator_c.dir/rosidl_generator_c/px4_msgs/msg/detail/navigator_status__type_support.c.o
[  3%] Building C object CMakeFiles/px4_msgs__rosidl_generator_c.dir/rosidl_generator_c/px4_msgs/msg/detail/neural_control__description.c.o
[  3%] Building C object CMakeFiles/px4_msgs__rosidl_generator_c.dir/rosidl_generator_c/px4_msgs/msg/detail/neural_control__functions.c.o
[  3%] Building C object CMakeFiles/px4_msgs__rosidl_generator_c.dir/rosidl_generator_c/px4_msgs/msg/detail/neural_control__type_support.c.o
[  3%] Building C object CMakeFiles/px4_msgs__rosidl_generator_c.dir/rosidl_generator_c/px4_msgs/msg/detail/normalized_unsigned_setpoint__description.c.o
[  3%] Building C object CMakeFiles/px4_msgs__rosidl_generator_c.dir/rosidl_generator_c/px4_msgs/msg/detail/normalized_unsigned_setpoint__functions.c.o
[  3%] Building C object CMakeFiles/px4_msgs__rosidl_generator_c.dir/rosidl_generator_c/px4_msgs/msg/detail/normalized_unsigned_setpoint__type_support.c.o
[  3%] Building C object CMakeFiles/px4_msgs__rosidl_generator_c.dir/rosidl_generator_c/px4_msgs/msg/detail/obstacle_distance__description.c.o
[  3%] Building C object CMakeFiles/px4_msgs__rosidl_generator_c.dir/rosidl_generator_c/px4_msgs/msg/detail/obstacle_distance__functions.c.o
[  3%] Building C object CMakeFiles/px4_msgs__rosidl_generator_c.dir/rosidl_generator_c/px4_msgs/msg/detail/obstacle_distance__type_support.c.o
[  3%] Building C object CMakeFiles/px4_msgs__rosidl_generator_c.dir/rosidl_generator_c/px4_msgs/msg/detail/offboard_control_mode__description.c.o
[  3%] Building C object CMakeFiles/px4_msgs__rosidl_generator_c.dir/rosidl_generator_c/px4_msgs/msg/detail/offboard_control_mode__functions.c.o
[  3%] Building C object CMakeFiles/px4_msgs__rosidl_generator_c.dir/rosidl_generator_c/px4_msgs/msg/detail/offboard_control_mode__type_support.c.o
[  3%] Building C object CMakeFiles/px4_msgs__rosidl_generator_c.dir/rosidl_generator_c/px4_msgs/msg/detail/onboard_computer_status__description.c.o
[  3%] Building C object CMakeFiles/px4_msgs__rosidl_generator_c.dir/rosidl_generator_c/px4_msgs/msg/detail/onboard_computer_status__functions.c.o
[  3%] Building C object CMakeFiles/px4_msgs__rosidl_generator_c.dir/rosidl_generator_c/px4_msgs/msg/detail/onboard_computer_status__type_support.c.o
[  3%] Building C object CMakeFiles/px4_msgs__rosidl_generator_c.dir/rosidl_generator_c/px4_msgs/msg/detail/open_drone_id_arm_status__description.c.o
[  3%] Building C object CMakeFiles/px4_msgs__rosidl_generator_c.dir/rosidl_generator_c/px4_msgs/msg/detail/open_drone_id_arm_status__functions.c.o
[  3%] Building C object CMakeFiles/px4_msgs__rosidl_generator_c.dir/rosidl_generator_c/px4_msgs/msg/detail/open_drone_id_arm_status__type_support.c.o
[  3%] Building C object CMakeFiles/px4_msgs__rosidl_generator_c.dir/rosidl_generator_c/px4_msgs/msg/detail/open_drone_id_operator_id__description.c.o
[  3%] Building C object CMakeFiles/px4_msgs__rosidl_generator_c.dir/rosidl_generator_c/px4_msgs/msg/detail/open_drone_id_operator_id__functions.c.o
[  3%] Building C object CMakeFiles/px4_msgs__rosidl_generator_c.dir/rosidl_generator_c/px4_msgs/msg/detail/open_drone_id_operator_id__type_support.c.o
[  4%] Building C object CMakeFiles/px4_msgs__rosidl_generator_c.dir/rosidl_generator_c/px4_msgs/msg/detail/open_drone_id_self_id__description.c.o
[  4%] Building C object CMakeFiles/px4_msgs__rosidl_generator_c.dir/rosidl_generator_c/px4_msgs/msg/detail/open_drone_id_self_id__functions.c.o
[  4%] Building C object CMakeFiles/px4_msgs__rosidl_generator_c.dir/rosidl_generator_c/px4_msgs/msg/detail/open_drone_id_self_id__type_support.c.o
[  4%] Building C object CMakeFiles/px4_msgs__rosidl_generator_c.dir/rosidl_generator_c/px4_msgs/msg/detail/open_drone_id_system__description.c.o
[  4%] Building C object CMakeFiles/px4_msgs__rosidl_generator_c.dir/rosidl_generator_c/px4_msgs/msg/detail/open_drone_id_system__functions.c.o
[  4%] Building C object CMakeFiles/px4_msgs__rosidl_generator_c.dir/rosidl_generator_c/px4_msgs/msg/detail/open_drone_id_system__type_support.c.o
[  4%] Building C object CMakeFiles/px4_msgs__rosidl_generator_c.dir/rosidl_generator_c/px4_msgs/msg/detail/orb_test__description.c.o
[  4%] Building C object CMakeFiles/px4_msgs__rosidl_generator_c.dir/rosidl_generator_c/px4_msgs/msg/detail/orb_test__functions.c.o
[  4%] Building C object CMakeFiles/px4_msgs__rosidl_generator_c.dir/rosidl_generator_c/px4_msgs/msg/detail/orb_test__type_support.c.o
[  4%] Building C object CMakeFiles/px4_msgs__rosidl_generator_c.dir/rosidl_generator_c/px4_msgs/msg/detail/orb_test_large__description.c.o
[  4%] Building C object CMakeFiles/px4_msgs__rosidl_generator_c.dir/rosidl_generator_c/px4_msgs/msg/detail/orb_test_large__functions.c.o
[  4%] Building C object CMakeFiles/px4_msgs__rosidl_generator_c.dir/rosidl_generator_c/px4_msgs/msg/detail/orb_test_large__type_support.c.o
[  4%] Building C object CMakeFiles/px4_msgs__rosidl_generator_c.dir/rosidl_generator_c/px4_msgs/msg/detail/orb_test_medium__description.c.o
[  4%] Building C object CMakeFiles/px4_msgs__rosidl_generator_c.dir/rosidl_generator_c/px4_msgs/msg/detail/orb_test_medium__functions.c.o
[  4%] Building C object CMakeFiles/px4_msgs__rosidl_generator_c.dir/rosidl_generator_c/px4_msgs/msg/detail/orb_test_medium__type_support.c.o
[  4%] Building C object CMakeFiles/px4_msgs__rosidl_generator_c.dir/rosidl_generator_c/px4_msgs/msg/detail/orbit_status__description.c.o
[  4%] Building C object CMakeFiles/px4_msgs__rosidl_generator_c.dir/rosidl_generator_c/px4_msgs/msg/detail/orbit_status__functions.c.o
[  4%] Building C object CMakeFiles/px4_msgs__rosidl_generator_c.dir/rosidl_generator_c/px4_msgs/msg/detail/orbit_status__type_support.c.o
[  4%] Building C object CMakeFiles/px4_msgs__rosidl_generator_c.dir/rosidl_generator_c/px4_msgs/msg/detail/parameter_reset_request__description.c.o
[  4%] Building C object CMakeFiles/px4_msgs__rosidl_generator_c.dir/rosidl_generator_c/px4_msgs/msg/detail/parameter_reset_request__functions.c.o
[  4%] Building C object CMakeFiles/px4_msgs__rosidl_generator_c.dir/rosidl_generator_c/px4_msgs/msg/detail/parameter_reset_request__type_support.c.o
[  4%] Building C object CMakeFiles/px4_msgs__rosidl_generator_c.dir/rosidl_generator_c/px4_msgs/msg/detail/parameter_set_used_request__description.c.o
[  4%] Building C object CMakeFiles/px4_msgs__rosidl_generator_c.dir/rosidl_generator_c/px4_msgs/msg/detail/parameter_set_used_request__functions.c.o
[  4%] Building C object CMakeFiles/px4_msgs__rosidl_generator_c.dir/rosidl_generator_c/px4_msgs/msg/detail/parameter_set_used_request__type_support.c.o
[  5%] Building C object CMakeFiles/px4_msgs__rosidl_generator_c.dir/rosidl_generator_c/px4_msgs/msg/detail/parameter_set_value_request__description.c.o
[  5%] Building C object CMakeFiles/px4_msgs__rosidl_generator_c.dir/rosidl_generator_c/px4_msgs/msg/detail/parameter_set_value_request__functions.c.o
[  5%] Building C object CMakeFiles/px4_msgs__rosidl_generator_c.dir/rosidl_generator_c/px4_msgs/msg/detail/parameter_set_value_request__type_support.c.o
[  5%] Building C object CMakeFiles/px4_msgs__rosidl_generator_c.dir/rosidl_generator_c/px4_msgs/msg/detail/parameter_set_value_response__description.c.o
[  5%] Building C object CMakeFiles/px4_msgs__rosidl_generator_c.dir/rosidl_generator_c/px4_msgs/msg/detail/parameter_set_value_response__functions.c.o
[  5%] Building C object CMakeFiles/px4_msgs__rosidl_generator_c.dir/rosidl_generator_c/px4_msgs/msg/detail/parameter_set_value_response__type_support.c.o
[  5%] Building C object CMakeFiles/px4_msgs__rosidl_generator_c.dir/rosidl_generator_c/px4_msgs/msg/detail/parameter_update__description.c.o
[  5%] Building C object CMakeFiles/px4_msgs__rosidl_generator_c.dir/rosidl_generator_c/px4_msgs/msg/detail/parameter_update__functions.c.o
[  5%] Building C object CMakeFiles/px4_msgs__rosidl_generator_c.dir/rosidl_generator_c/px4_msgs/msg/detail/parameter_update__type_support.c.o
[  5%] Building C object CMakeFiles/px4_msgs__rosidl_generator_c.dir/rosidl_generator_c/px4_msgs/msg/detail/ping__description.c.o
[  5%] Building C object CMakeFiles/px4_msgs__rosidl_generator_c.dir/rosidl_generator_c/px4_msgs/msg/detail/ping__functions.c.o
[  5%] Building C object CMakeFiles/px4_msgs__rosidl_generator_c.dir/rosidl_generator_c/px4_msgs/msg/detail/ping__type_support.c.o
[  5%] Building C object CMakeFiles/px4_msgs__rosidl_generator_c.dir/rosidl_generator_c/px4_msgs/msg/detail/position_controller_landing_status__description.c.o
[  5%] Building C object CMakeFiles/px4_msgs__rosidl_generator_c.dir/rosidl_generator_c/px4_msgs/msg/detail/position_controller_landing_status__functions.c.o
[  5%] Building C object CMakeFiles/px4_msgs__rosidl_generator_c.dir/rosidl_generator_c/px4_msgs/msg/detail/position_controller_landing_status__type_support.c.o
[  5%] Building C object CMakeFiles/px4_msgs__rosidl_generator_c.dir/rosidl_generator_c/px4_msgs/msg/detail/position_controller_status__description.c.o
[  5%] Building C object CMakeFiles/px4_msgs__rosidl_generator_c.dir/rosidl_generator_c/px4_msgs/msg/detail/position_controller_status__functions.c.o
[  5%] Building C object CMakeFiles/px4_msgs__rosidl_generator_c.dir/rosidl_generator_c/px4_msgs/msg/detail/position_controller_status__type_support.c.o
[  5%] Building C object CMakeFiles/px4_msgs__rosidl_generator_c.dir/rosidl_generator_c/px4_msgs/msg/detail/position_setpoint__description.c.o
[  5%] Building C object CMakeFiles/px4_msgs__rosidl_generator_c.dir/rosidl_generator_c/px4_msgs/msg/detail/position_setpoint__functions.c.o
[  5%] Building C object CMakeFiles/px4_msgs__rosidl_generator_c.dir/rosidl_generator_c/px4_msgs/msg/detail/position_setpoint__type_support.c.o
[  5%] Building C object CMakeFiles/px4_msgs__rosidl_generator_c.dir/rosidl_generator_c/px4_msgs/msg/detail/position_setpoint_triplet__description.c.o
[  5%] Building C object CMakeFiles/px4_msgs__rosidl_generator_c.dir/rosidl_generator_c/px4_msgs/msg/detail/position_setpoint_triplet__functions.c.o
[  5%] Building C object CMakeFiles/px4_msgs__rosidl_generator_c.dir/rosidl_generator_c/px4_msgs/msg/detail/position_setpoint_triplet__type_support.c.o
[  6%] Building C object CMakeFiles/px4_msgs__rosidl_generator_c.dir/rosidl_generator_c/px4_msgs/msg/detail/power_button_state__description.c.o
[  6%] Building C object CMakeFiles/px4_msgs__rosidl_generator_c.dir/rosidl_generator_c/px4_msgs/msg/detail/power_button_state__functions.c.o
[  6%] Building C object CMakeFiles/px4_msgs__rosidl_generator_c.dir/rosidl_generator_c/px4_msgs/msg/detail/power_button_state__type_support.c.o
[  6%] Building C object CMakeFiles/px4_msgs__rosidl_generator_c.dir/rosidl_generator_c/px4_msgs/msg/detail/power_monitor__description.c.o
[  6%] Building C object CMakeFiles/px4_msgs__rosidl_generator_c.dir/rosidl_generator_c/px4_msgs/msg/detail/power_monitor__functions.c.o
[  6%] Building C object CMakeFiles/px4_msgs__rosidl_generator_c.dir/rosidl_generator_c/px4_msgs/msg/detail/power_monitor__type_support.c.o
[  6%] Building C object CMakeFiles/px4_msgs__rosidl_generator_c.dir/rosidl_generator_c/px4_msgs/msg/detail/pps_capture__description.c.o
[  6%] Building C object CMakeFiles/px4_msgs__rosidl_generator_c.dir/rosidl_generator_c/px4_msgs/msg/detail/pps_capture__functions.c.o
[  6%] Building C object CMakeFiles/px4_msgs__rosidl_generator_c.dir/rosidl_generator_c/px4_msgs/msg/detail/pps_capture__type_support.c.o
[  6%] Building C object CMakeFiles/px4_msgs__rosidl_generator_c.dir/rosidl_generator_c/px4_msgs/msg/detail/pure_pursuit_status__description.c.o
[  6%] Building C object CMakeFiles/px4_msgs__rosidl_generator_c.dir/rosidl_generator_c/px4_msgs/msg/detail/pure_pursuit_status__functions.c.o
[  6%] Building C object CMakeFiles/px4_msgs__rosidl_generator_c.dir/rosidl_generator_c/px4_msgs/msg/detail/pure_pursuit_status__type_support.c.o
[  6%] Building C object CMakeFiles/px4_msgs__rosidl_generator_c.dir/rosidl_generator_c/px4_msgs/msg/detail/pwm_input__description.c.o
[  6%] Building C object CMakeFiles/px4_msgs__rosidl_generator_c.dir/rosidl_generator_c/px4_msgs/msg/detail/pwm_input__functions.c.o
[  6%] Building C object CMakeFiles/px4_msgs__rosidl_generator_c.dir/rosidl_generator_c/px4_msgs/msg/detail/pwm_input__type_support.c.o
[  6%] Building C object CMakeFiles/px4_msgs__rosidl_generator_c.dir/rosidl_generator_c/px4_msgs/msg/detail/px4io_status__description.c.o
[  6%] Building C object CMakeFiles/px4_msgs__rosidl_generator_c.dir/rosidl_generator_c/px4_msgs/msg/detail/px4io_status__functions.c.o
[  6%] Building C object CMakeFiles/px4_msgs__rosidl_generator_c.dir/rosidl_generator_c/px4_msgs/msg/detail/px4io_status__type_support.c.o
[  6%] Building C object CMakeFiles/px4_msgs__rosidl_generator_c.dir/rosidl_generator_c/px4_msgs/msg/detail/qshell_req__description.c.o
[  6%] Building C object CMakeFiles/px4_msgs__rosidl_generator_c.dir/rosidl_generator_c/px4_msgs/msg/detail/qshell_req__functions.c.o
[  6%] Building C object CMakeFiles/px4_msgs__rosidl_generator_c.dir/rosidl_generator_c/px4_msgs/msg/detail/qshell_req__type_support.c.o
[  6%] Building C object CMakeFiles/px4_msgs__rosidl_generator_c.dir/rosidl_generator_c/px4_msgs/msg/detail/qshell_retval__description.c.o
[  6%] Building C object CMakeFiles/px4_msgs__rosidl_generator_c.dir/rosidl_generator_c/px4_msgs/msg/detail/qshell_retval__functions.c.o
[  7%] Building C object CMakeFiles/px4_msgs__rosidl_generator_c.dir/rosidl_generator_c/px4_msgs/msg/detail/qshell_retval__type_support.c.o
[  7%] Building C object CMakeFiles/px4_msgs__rosidl_generator_c.dir/rosidl_generator_c/px4_msgs/msg/detail/radio_status__description.c.o
[  7%] Building C object CMakeFiles/px4_msgs__rosidl_generator_c.dir/rosidl_generator_c/px4_msgs/msg/detail/radio_status__functions.c.o
[  7%] Building C object CMakeFiles/px4_msgs__rosidl_generator_c.dir/rosidl_generator_c/px4_msgs/msg/detail/radio_status__type_support.c.o
[  7%] Building C object CMakeFiles/px4_msgs__rosidl_generator_c.dir/rosidl_generator_c/px4_msgs/msg/detail/rate_ctrl_status__description.c.o
[  7%] Building C object CMakeFiles/px4_msgs__rosidl_generator_c.dir/rosidl_generator_c/px4_msgs/msg/detail/rate_ctrl_status__functions.c.o
[  7%] Building C object CMakeFiles/px4_msgs__rosidl_generator_c.dir/rosidl_generator_c/px4_msgs/msg/detail/rate_ctrl_status__type_support.c.o
[  7%] Building C object CMakeFiles/px4_msgs__rosidl_generator_c.dir/rosidl_generator_c/px4_msgs/msg/detail/rc_channels__description.c.o
[  7%] Building C object CMakeFiles/px4_msgs__rosidl_generator_c.dir/rosidl_generator_c/px4_msgs/msg/detail/rc_channels__functions.c.o
[  7%] Building C object CMakeFiles/px4_msgs__rosidl_generator_c.dir/rosidl_generator_c/px4_msgs/msg/detail/rc_channels__type_support.c.o
[  7%] Building C object CMakeFiles/px4_msgs__rosidl_generator_c.dir/rosidl_generator_c/px4_msgs/msg/detail/rc_parameter_map__description.c.o
[  7%] Building C object CMakeFiles/px4_msgs__rosidl_generator_c.dir/rosidl_generator_c/px4_msgs/msg/detail/rc_parameter_map__functions.c.o
[  7%] Building C object CMakeFiles/px4_msgs__rosidl_generator_c.dir/rosidl_generator_c/px4_msgs/msg/detail/rc_parameter_map__type_support.c.o
[  7%] Building C object CMakeFiles/px4_msgs__rosidl_generator_c.dir/rosidl_generator_c/px4_msgs/msg/detail/register_ext_component_reply__description.c.o
[  7%] Building C object CMakeFiles/px4_msgs__rosidl_generator_c.dir/rosidl_generator_c/px4_msgs/msg/detail/register_ext_component_reply__functions.c.o
[  7%] Building C object CMakeFiles/px4_msgs__rosidl_generator_c.dir/rosidl_generator_c/px4_msgs/msg/detail/register_ext_component_reply__type_support.c.o
[  7%] Building C object CMakeFiles/px4_msgs__rosidl_generator_c.dir/rosidl_generator_c/px4_msgs/msg/detail/register_ext_component_request__description.c.o
[  7%] Building C object CMakeFiles/px4_msgs__rosidl_generator_c.dir/rosidl_generator_c/px4_msgs/msg/detail/register_ext_component_request__functions.c.o
[  7%] Building C object CMakeFiles/px4_msgs__rosidl_generator_c.dir/rosidl_generator_c/px4_msgs/msg/detail/register_ext_component_request__type_support.c.o
[  7%] Building C object CMakeFiles/px4_msgs__rosidl_generator_c.dir/rosidl_generator_c/px4_msgs/msg/detail/rover_attitude_setpoint__description.c.o
[  7%] Building C object CMakeFiles/px4_msgs__rosidl_generator_c.dir/rosidl_generator_c/px4_msgs/msg/detail/rover_attitude_setpoint__functions.c.o
[  7%] Building C object CMakeFiles/px4_msgs__rosidl_generator_c.dir/rosidl_generator_c/px4_msgs/msg/detail/rover_attitude_setpoint__type_support.c.o
[  7%] Building C object CMakeFiles/px4_msgs__rosidl_generator_c.dir/rosidl_generator_c/px4_msgs/msg/detail/rover_attitude_status__description.c.o
[  7%] Building C object CMakeFiles/px4_msgs__rosidl_generator_c.dir/rosidl_generator_c/px4_msgs/msg/detail/rover_attitude_status__functions.c.o
[  8%] Building C object CMakeFiles/px4_msgs__rosidl_generator_c.dir/rosidl_generator_c/px4_msgs/msg/detail/rover_attitude_status__type_support.c.o
[  8%] Building C object CMakeFiles/px4_msgs__rosidl_generator_c.dir/rosidl_generator_c/px4_msgs/msg/detail/rover_position_setpoint__description.c.o
[  8%] Building C object CMakeFiles/px4_msgs__rosidl_generator_c.dir/rosidl_generator_c/px4_msgs/msg/detail/rover_position_setpoint__functions.c.o
[  8%] Building C object CMakeFiles/px4_msgs__rosidl_generator_c.dir/rosidl_generator_c/px4_msgs/msg/detail/rover_position_setpoint__type_support.c.o
[  8%] Building C object CMakeFiles/px4_msgs__rosidl_generator_c.dir/rosidl_generator_c/px4_msgs/msg/detail/rover_rate_setpoint__description.c.o
[  8%] Building C object CMakeFiles/px4_msgs__rosidl_generator_c.dir/rosidl_generator_c/px4_msgs/msg/detail/rover_rate_setpoint__functions.c.o
[  8%] Building C object CMakeFiles/px4_msgs__rosidl_generator_c.dir/rosidl_generator_c/px4_msgs/msg/detail/rover_rate_setpoint__type_support.c.o
[  8%] Building C object CMakeFiles/px4_msgs__rosidl_generator_c.dir/rosidl_generator_c/px4_msgs/msg/detail/rover_rate_status__description.c.o
[  8%] Building C object CMakeFiles/px4_msgs__rosidl_generator_c.dir/rosidl_generator_c/px4_msgs/msg/detail/rover_rate_status__functions.c.o
[  8%] Building C object CMakeFiles/px4_msgs__rosidl_generator_c.dir/rosidl_generator_c/px4_msgs/msg/detail/rover_rate_status__type_support.c.o
[  8%] Building C object CMakeFiles/px4_msgs__rosidl_generator_c.dir/rosidl_generator_c/px4_msgs/msg/detail/rover_speed_setpoint__description.c.o
[  8%] Building C object CMakeFiles/px4_msgs__rosidl_generator_c.dir/rosidl_generator_c/px4_msgs/msg/detail/rover_speed_setpoint__functions.c.o
[  8%] Building C object CMakeFiles/px4_msgs__rosidl_generator_c.dir/rosidl_generator_c/px4_msgs/msg/detail/rover_speed_setpoint__type_support.c.o
[  8%] Building C object CMakeFiles/px4_msgs__rosidl_generator_c.dir/rosidl_generator_c/px4_msgs/msg/detail/rover_speed_status__description.c.o
[  8%] Building C object CMakeFiles/px4_msgs__rosidl_generator_c.dir/rosidl_generator_c/px4_msgs/msg/detail/rover_speed_status__functions.c.o
[  8%] Building C object CMakeFiles/px4_msgs__rosidl_generator_c.dir/rosidl_generator_c/px4_msgs/msg/detail/rover_speed_status__type_support.c.o
[  8%] Building C object CMakeFiles/px4_msgs__rosidl_generator_c.dir/rosidl_generator_c/px4_msgs/msg/detail/rover_steering_setpoint__description.c.o
[  8%] Building C object CMakeFiles/px4_msgs__rosidl_generator_c.dir/rosidl_generator_c/px4_msgs/msg/detail/rover_steering_setpoint__functions.c.o
[  8%] Building C object CMakeFiles/px4_msgs__rosidl_generator_c.dir/rosidl_generator_c/px4_msgs/msg/detail/rover_steering_setpoint__type_support.c.o
[  8%] Building C object CMakeFiles/px4_msgs__rosidl_generator_c.dir/rosidl_generator_c/px4_msgs/msg/detail/rover_throttle_setpoint__description.c.o
[  8%] Building C object CMakeFiles/px4_msgs__rosidl_generator_c.dir/rosidl_generator_c/px4_msgs/msg/detail/rover_throttle_setpoint__functions.c.o
[  8%] Building C object CMakeFiles/px4_msgs__rosidl_generator_c.dir/rosidl_generator_c/px4_msgs/msg/detail/rover_throttle_setpoint__type_support.c.o
[  8%] Building C object CMakeFiles/px4_msgs__rosidl_generator_c.dir/rosidl_generator_c/px4_msgs/msg/detail/rpm__description.c.o
[  8%] Building C object CMakeFiles/px4_msgs__rosidl_generator_c.dir/rosidl_generator_c/px4_msgs/msg/detail/rpm__functions.c.o
[  9%] Building C object CMakeFiles/px4_msgs__rosidl_generator_c.dir/rosidl_generator_c/px4_msgs/msg/detail/rpm__type_support.c.o
[  9%] Building C object CMakeFiles/px4_msgs__rosidl_generator_c.dir/rosidl_generator_c/px4_msgs/msg/detail/rtl_status__description.c.o
[  9%] Building C object CMakeFiles/px4_msgs__rosidl_generator_c.dir/rosidl_generator_c/px4_msgs/msg/detail/rtl_status__functions.c.o
[  9%] Building C object CMakeFiles/px4_msgs__rosidl_generator_c.dir/rosidl_generator_c/px4_msgs/msg/detail/rtl_status__type_support.c.o
[  9%] Building C object CMakeFiles/px4_msgs__rosidl_generator_c.dir/rosidl_generator_c/px4_msgs/msg/detail/rtl_time_estimate__description.c.o
[  9%] Building C object CMakeFiles/px4_msgs__rosidl_generator_c.dir/rosidl_generator_c/px4_msgs/msg/detail/rtl_time_estimate__functions.c.o
[  9%] Building C object CMakeFiles/px4_msgs__rosidl_generator_c.dir/rosidl_generator_c/px4_msgs/msg/detail/rtl_time_estimate__type_support.c.o
[  9%] Building C object CMakeFiles/px4_msgs__rosidl_generator_c.dir/rosidl_generator_c/px4_msgs/msg/detail/satellite_info__description.c.o
[  9%] Building C object CMakeFiles/px4_msgs__rosidl_generator_c.dir/rosidl_generator_c/px4_msgs/msg/detail/satellite_info__functions.c.o
[  9%] Building C object CMakeFiles/px4_msgs__rosidl_generator_c.dir/rosidl_generator_c/px4_msgs/msg/detail/satellite_info__type_support.c.o
[  9%] Building C object CMakeFiles/px4_msgs__rosidl_generator_c.dir/rosidl_generator_c/px4_msgs/msg/detail/sensor_accel__description.c.o
[  9%] Building C object CMakeFiles/px4_msgs__rosidl_generator_c.dir/rosidl_generator_c/px4_msgs/msg/detail/sensor_accel__functions.c.o
[  9%] Building C object CMakeFiles/px4_msgs__rosidl_generator_c.dir/rosidl_generator_c/px4_msgs/msg/detail/sensor_accel__type_support.c.o
[  9%] Building C object CMakeFiles/px4_msgs__rosidl_generator_c.dir/rosidl_generator_c/px4_msgs/msg/detail/sensor_accel_fifo__description.c.o
[  9%] Building C object CMakeFiles/px4_msgs__rosidl_generator_c.dir/rosidl_generator_c/px4_msgs/msg/detail/sensor_accel_fifo__functions.c.o
[  9%] Building C object CMakeFiles/px4_msgs__rosidl_generator_c.dir/rosidl_generator_c/px4_msgs/msg/detail/sensor_accel_fifo__type_support.c.o
[  9%] Building C object CMakeFiles/px4_msgs__rosidl_generator_c.dir/rosidl_generator_c/px4_msgs/msg/detail/sensor_airflow__description.c.o
[  9%] Building C object CMakeFiles/px4_msgs__rosidl_generator_c.dir/rosidl_generator_c/px4_msgs/msg/detail/sensor_airflow__functions.c.o
[  9%] Building C object CMakeFiles/px4_msgs__rosidl_generator_c.dir/rosidl_generator_c/px4_msgs/msg/detail/sensor_airflow__type_support.c.o
[  9%] Building C object CMakeFiles/px4_msgs__rosidl_generator_c.dir/rosidl_generator_c/px4_msgs/msg/detail/sensor_baro__description.c.o
[  9%] Building C object CMakeFiles/px4_msgs__rosidl_generator_c.dir/rosidl_generator_c/px4_msgs/msg/detail/sensor_baro__functions.c.o
[  9%] Building C object CMakeFiles/px4_msgs__rosidl_generator_c.dir/rosidl_generator_c/px4_msgs/msg/detail/sensor_baro__type_support.c.o
[  9%] Building C object CMakeFiles/px4_msgs__rosidl_generator_c.dir/rosidl_generator_c/px4_msgs/msg/detail/sensor_combined__description.c.o
[  9%] Building C object CMakeFiles/px4_msgs__rosidl_generator_c.dir/rosidl_generator_c/px4_msgs/msg/detail/sensor_combined__functions.c.o
[ 10%] Building C object CMakeFiles/px4_msgs__rosidl_generator_c.dir/rosidl_generator_c/px4_msgs/msg/detail/sensor_combined__type_support.c.o
[ 10%] Building C object CMakeFiles/px4_msgs__rosidl_generator_c.dir/rosidl_generator_c/px4_msgs/msg/detail/sensor_correction__description.c.o
[ 10%] Building C object CMakeFiles/px4_msgs__rosidl_generator_c.dir/rosidl_generator_c/px4_msgs/msg/detail/sensor_correction__functions.c.o
[ 10%] Building C object CMakeFiles/px4_msgs__rosidl_generator_c.dir/rosidl_generator_c/px4_msgs/msg/detail/sensor_correction__type_support.c.o
[ 10%] Building C object CMakeFiles/px4_msgs__rosidl_generator_c.dir/rosidl_generator_c/px4_msgs/msg/detail/sensor_gnss_relative__description.c.o
[ 10%] Building C object CMakeFiles/px4_msgs__rosidl_generator_c.dir/rosidl_generator_c/px4_msgs/msg/detail/sensor_gnss_relative__functions.c.o
[ 10%] Building C object CMakeFiles/px4_msgs__rosidl_generator_c.dir/rosidl_generator_c/px4_msgs/msg/detail/sensor_gnss_relative__type_support.c.o
[ 10%] Building C object CMakeFiles/px4_msgs__rosidl_generator_c.dir/rosidl_generator_c/px4_msgs/msg/detail/sensor_gnss_status__description.c.o
[ 10%] Building C object CMakeFiles/px4_msgs__rosidl_generator_c.dir/rosidl_generator_c/px4_msgs/msg/detail/sensor_gnss_status__functions.c.o
[ 10%] Building C object CMakeFiles/px4_msgs__rosidl_generator_c.dir/rosidl_generator_c/px4_msgs/msg/detail/sensor_gnss_status__type_support.c.o
[ 10%] Building C object CMakeFiles/px4_msgs__rosidl_generator_c.dir/rosidl_generator_c/px4_msgs/msg/detail/sensor_gps__description.c.o
[ 10%] Building C object CMakeFiles/px4_msgs__rosidl_generator_c.dir/rosidl_generator_c/px4_msgs/msg/detail/sensor_gps__functions.c.o
[ 10%] Building C object CMakeFiles/px4_msgs__rosidl_generator_c.dir/rosidl_generator_c/px4_msgs/msg/detail/sensor_gps__type_support.c.o
[ 10%] Building C object CMakeFiles/px4_msgs__rosidl_generator_c.dir/rosidl_generator_c/px4_msgs/msg/detail/sensor_gyro__description.c.o
[ 10%] Building C object CMakeFiles/px4_msgs__rosidl_generator_c.dir/rosidl_generator_c/px4_msgs/msg/detail/sensor_gyro__functions.c.o
[ 10%] Building C object CMakeFiles/px4_msgs__rosidl_generator_c.dir/rosidl_generator_c/px4_msgs/msg/detail/sensor_gyro__type_support.c.o
[ 10%] Building C object CMakeFiles/px4_msgs__rosidl_generator_c.dir/rosidl_generator_c/px4_msgs/msg/detail/sensor_gyro_fft__description.c.o
[ 10%] Building C object CMakeFiles/px4_msgs__rosidl_generator_c.dir/rosidl_generator_c/px4_msgs/msg/detail/sensor_gyro_fft__functions.c.o
[ 10%] Building C object CMakeFiles/px4_msgs__rosidl_generator_c.dir/rosidl_generator_c/px4_msgs/msg/detail/sensor_gyro_fft__type_support.c.o
[ 10%] Building C object CMakeFiles/px4_msgs__rosidl_generator_c.dir/rosidl_generator_c/px4_msgs/msg/detail/sensor_gyro_fifo__description.c.o
[ 10%] Building C object CMakeFiles/px4_msgs__rosidl_generator_c.dir/rosidl_generator_c/px4_msgs/msg/detail/sensor_gyro_fifo__functions.c.o
[ 10%] Building C object CMakeFiles/px4_msgs__rosidl_generator_c.dir/rosidl_generator_c/px4_msgs/msg/detail/sensor_gyro_fifo__type_support.c.o
[ 10%] Building C object CMakeFiles/px4_msgs__rosidl_generator_c.dir/rosidl_generator_c/px4_msgs/msg/detail/sensor_hygrometer__description.c.o
[ 10%] Building C object CMakeFiles/px4_msgs__rosidl_generator_c.dir/rosidl_generator_c/px4_msgs/msg/detail/sensor_hygrometer__functions.c.o
[ 11%] Building C object CMakeFiles/px4_msgs__rosidl_generator_c.dir/rosidl_generator_c/px4_msgs/msg/detail/sensor_hygrometer__type_support.c.o
[ 11%] Building C object CMakeFiles/px4_msgs__rosidl_generator_c.dir/rosidl_generator_c/px4_msgs/msg/detail/sensor_mag__description.c.o
[ 11%] Building C object CMakeFiles/px4_msgs__rosidl_generator_c.dir/rosidl_generator_c/px4_msgs/msg/detail/sensor_mag__functions.c.o
[ 11%] Building C object CMakeFiles/px4_msgs__rosidl_generator_c.dir/rosidl_generator_c/px4_msgs/msg/detail/sensor_mag__type_support.c.o
[ 11%] Building C object CMakeFiles/px4_msgs__rosidl_generator_c.dir/rosidl_generator_c/px4_msgs/msg/detail/sensor_optical_flow__description.c.o
[ 11%] Building C object CMakeFiles/px4_msgs__rosidl_generator_c.dir/rosidl_generator_c/px4_msgs/msg/detail/sensor_optical_flow__functions.c.o
[ 11%] Building C object CMakeFiles/px4_msgs__rosidl_generator_c.dir/rosidl_generator_c/px4_msgs/msg/detail/sensor_optical_flow__type_support.c.o
[ 11%] Building C object CMakeFiles/px4_msgs__rosidl_generator_c.dir/rosidl_generator_c/px4_msgs/msg/detail/sensor_preflight_mag__description.c.o
[ 11%] Building C object CMakeFiles/px4_msgs__rosidl_generator_c.dir/rosidl_generator_c/px4_msgs/msg/detail/sensor_preflight_mag__functions.c.o
[ 11%] Building C object CMakeFiles/px4_msgs__rosidl_generator_c.dir/rosidl_generator_c/px4_msgs/msg/detail/sensor_preflight_mag__type_support.c.o
[ 11%] Building C object CMakeFiles/px4_msgs__rosidl_generator_c.dir/rosidl_generator_c/px4_msgs/msg/detail/sensor_selection__description.c.o
[ 11%] Building C object CMakeFiles/px4_msgs__rosidl_generator_c.dir/rosidl_generator_c/px4_msgs/msg/detail/sensor_selection__functions.c.o
[ 11%] Building C object CMakeFiles/px4_msgs__rosidl_generator_c.dir/rosidl_generator_c/px4_msgs/msg/detail/sensor_selection__type_support.c.o
[ 11%] Building C object CMakeFiles/px4_msgs__rosidl_generator_c.dir/rosidl_generator_c/px4_msgs/msg/detail/sensor_uwb__description.c.o
[ 11%] Building C object CMakeFiles/px4_msgs__rosidl_generator_c.dir/rosidl_generator_c/px4_msgs/msg/detail/sensor_uwb__functions.c.o
[ 11%] Building C object CMakeFiles/px4_msgs__rosidl_generator_c.dir/rosidl_generator_c/px4_msgs/msg/detail/sensor_uwb__type_support.c.o
[ 11%] Building C object CMakeFiles/px4_msgs__rosidl_generator_c.dir/rosidl_generator_c/px4_msgs/msg/detail/sensors_status__description.c.o
[ 11%] Building C object CMakeFiles/px4_msgs__rosidl_generator_c.dir/rosidl_generator_c/px4_msgs/msg/detail/sensors_status__functions.c.o
[ 11%] Building C object CMakeFiles/px4_msgs__rosidl_generator_c.dir/rosidl_generator_c/px4_msgs/msg/detail/sensors_status__type_support.c.o
[ 11%] Building C object CMakeFiles/px4_msgs__rosidl_generator_c.dir/rosidl_generator_c/px4_msgs/msg/detail/sensors_status_imu__description.c.o
[ 11%] Building C object CMakeFiles/px4_msgs__rosidl_generator_c.dir/rosidl_generator_c/px4_msgs/msg/detail/sensors_status_imu__functions.c.o
[ 11%] Building C object CMakeFiles/px4_msgs__rosidl_generator_c.dir/rosidl_generator_c/px4_msgs/msg/detail/sensors_status_imu__type_support.c.o
[ 11%] Building C object CMakeFiles/px4_msgs__rosidl_generator_c.dir/rosidl_generator_c/px4_msgs/msg/detail/system_power__description.c.o
[ 11%] Building C object CMakeFiles/px4_msgs__rosidl_generator_c.dir/rosidl_generator_c/px4_msgs/msg/detail/system_power__functions.c.o
[ 12%] Building C object CMakeFiles/px4_msgs__rosidl_generator_c.dir/rosidl_generator_c/px4_msgs/msg/detail/system_power__type_support.c.o
[ 12%] Building C object CMakeFiles/px4_msgs__rosidl_generator_c.dir/rosidl_generator_c/px4_msgs/msg/detail/takeoff_status__description.c.o
[ 12%] Building C object CMakeFiles/px4_msgs__rosidl_generator_c.dir/rosidl_generator_c/px4_msgs/msg/detail/takeoff_status__functions.c.o
[ 12%] Building C object CMakeFiles/px4_msgs__rosidl_generator_c.dir/rosidl_generator_c/px4_msgs/msg/detail/takeoff_status__type_support.c.o
[ 12%] Building C object CMakeFiles/px4_msgs__rosidl_generator_c.dir/rosidl_generator_c/px4_msgs/msg/detail/task_stack_info__description.c.o
[ 12%] Building C object CMakeFiles/px4_msgs__rosidl_generator_c.dir/rosidl_generator_c/px4_msgs/msg/detail/task_stack_info__functions.c.o
[ 12%] Building C object CMakeFiles/px4_msgs__rosidl_generator_c.dir/rosidl_generator_c/px4_msgs/msg/detail/task_stack_info__type_support.c.o
[ 12%] Building C object CMakeFiles/px4_msgs__rosidl_generator_c.dir/rosidl_generator_c/px4_msgs/msg/detail/tecs_status__description.c.o
[ 12%] Building C object CMakeFiles/px4_msgs__rosidl_generator_c.dir/rosidl_generator_c/px4_msgs/msg/detail/tecs_status__functions.c.o
[ 12%] Building C object CMakeFiles/px4_msgs__rosidl_generator_c.dir/rosidl_generator_c/px4_msgs/msg/detail/tecs_status__type_support.c.o
[ 12%] Building C object CMakeFiles/px4_msgs__rosidl_generator_c.dir/rosidl_generator_c/px4_msgs/msg/detail/telemetry_status__description.c.o
[ 12%] Building C object CMakeFiles/px4_msgs__rosidl_generator_c.dir/rosidl_generator_c/px4_msgs/msg/detail/telemetry_status__functions.c.o
[ 12%] Building C object CMakeFiles/px4_msgs__rosidl_generator_c.dir/rosidl_generator_c/px4_msgs/msg/detail/telemetry_status__type_support.c.o
[ 12%] Building C object CMakeFiles/px4_msgs__rosidl_generator_c.dir/rosidl_generator_c/px4_msgs/msg/detail/tiltrotor_extra_controls__description.c.o
[ 12%] Building C object CMakeFiles/px4_msgs__rosidl_generator_c.dir/rosidl_generator_c/px4_msgs/msg/detail/tiltrotor_extra_controls__functions.c.o
[ 12%] Building C object CMakeFiles/px4_msgs__rosidl_generator_c.dir/rosidl_generator_c/px4_msgs/msg/detail/tiltrotor_extra_controls__type_support.c.o
[ 12%] Building C object CMakeFiles/px4_msgs__rosidl_generator_c.dir/rosidl_generator_c/px4_msgs/msg/detail/timesync_status__description.c.o
[ 12%] Building C object CMakeFiles/px4_msgs__rosidl_generator_c.dir/rosidl_generator_c/px4_msgs/msg/detail/timesync_status__functions.c.o
[ 12%] Building C object CMakeFiles/px4_msgs__rosidl_generator_c.dir/rosidl_generator_c/px4_msgs/msg/detail/timesync_status__type_support.c.o
[ 12%] Building C object CMakeFiles/px4_msgs__rosidl_generator_c.dir/rosidl_generator_c/px4_msgs/msg/detail/trajectory_setpoint__description.c.o
[ 12%] Building C object CMakeFiles/px4_msgs__rosidl_generator_c.dir/rosidl_generator_c/px4_msgs/msg/detail/trajectory_setpoint__functions.c.o
[ 12%] Building C object CMakeFiles/px4_msgs__rosidl_generator_c.dir/rosidl_generator_c/px4_msgs/msg/detail/trajectory_setpoint__type_support.c.o
[ 12%] Building C object CMakeFiles/px4_msgs__rosidl_generator_c.dir/rosidl_generator_c/px4_msgs/msg/detail/trajectory_setpoint6dof__description.c.o
[ 13%] Building C object CMakeFiles/px4_msgs__rosidl_generator_c.dir/rosidl_generator_c/px4_msgs/msg/detail/trajectory_setpoint6dof__functions.c.o
[ 13%] Building C object CMakeFiles/px4_msgs__rosidl_generator_c.dir/rosidl_generator_c/px4_msgs/msg/detail/trajectory_setpoint6dof__type_support.c.o
[ 13%] Building C object CMakeFiles/px4_msgs__rosidl_generator_c.dir/rosidl_generator_c/px4_msgs/msg/detail/transponder_report__description.c.o
[ 13%] Building C object CMakeFiles/px4_msgs__rosidl_generator_c.dir/rosidl_generator_c/px4_msgs/msg/detail/transponder_report__functions.c.o
[ 13%] Building C object CMakeFiles/px4_msgs__rosidl_generator_c.dir/rosidl_generator_c/px4_msgs/msg/detail/transponder_report__type_support.c.o
[ 13%] Building C object CMakeFiles/px4_msgs__rosidl_generator_c.dir/rosidl_generator_c/px4_msgs/msg/detail/tune_control__description.c.o
[ 13%] Building C object CMakeFiles/px4_msgs__rosidl_generator_c.dir/rosidl_generator_c/px4_msgs/msg/detail/tune_control__functions.c.o
[ 13%] Building C object CMakeFiles/px4_msgs__rosidl_generator_c.dir/rosidl_generator_c/px4_msgs/msg/detail/tune_control__type_support.c.o
[ 13%] Building C object CMakeFiles/px4_msgs__rosidl_generator_c.dir/rosidl_generator_c/px4_msgs/msg/detail/uavcan_parameter_request__description.c.o
[ 13%] Building C object CMakeFiles/px4_msgs__rosidl_generator_c.dir/rosidl_generator_c/px4_msgs/msg/detail/uavcan_parameter_request__functions.c.o
[ 13%] Building C object CMakeFiles/px4_msgs__rosidl_generator_c.dir/rosidl_generator_c/px4_msgs/msg/detail/uavcan_parameter_request__type_support.c.o
[ 13%] Building C object CMakeFiles/px4_msgs__rosidl_generator_c.dir/rosidl_generator_c/px4_msgs/msg/detail/uavcan_parameter_value__description.c.o
[ 13%] Building C object CMakeFiles/px4_msgs__rosidl_generator_c.dir/rosidl_generator_c/px4_msgs/msg/detail/uavcan_parameter_value__functions.c.o
[ 13%] Building C object CMakeFiles/px4_msgs__rosidl_generator_c.dir/rosidl_generator_c/px4_msgs/msg/detail/uavcan_parameter_value__type_support.c.o
[ 13%] Building C object CMakeFiles/px4_msgs__rosidl_generator_c.dir/rosidl_generator_c/px4_msgs/msg/detail/ulog_stream__description.c.o
[ 13%] Building C object CMakeFiles/px4_msgs__rosidl_generator_c.dir/rosidl_generator_c/px4_msgs/msg/detail/ulog_stream__functions.c.o
[ 13%] Building C object CMakeFiles/px4_msgs__rosidl_generator_c.dir/rosidl_generator_c/px4_msgs/msg/detail/ulog_stream__type_support.c.o
[ 13%] Building C object CMakeFiles/px4_msgs__rosidl_generator_c.dir/rosidl_generator_c/px4_msgs/msg/detail/ulog_stream_ack__description.c.o
[ 13%] Building C object CMakeFiles/px4_msgs__rosidl_generator_c.dir/rosidl_generator_c/px4_msgs/msg/detail/ulog_stream_ack__functions.c.o
[ 13%] Building C object CMakeFiles/px4_msgs__rosidl_generator_c.dir/rosidl_generator_c/px4_msgs/msg/detail/ulog_stream_ack__type_support.c.o
[ 13%] Building C object CMakeFiles/px4_msgs__rosidl_generator_c.dir/rosidl_generator_c/px4_msgs/msg/detail/unregister_ext_component__description.c.o
[ 13%] Building C object CMakeFiles/px4_msgs__rosidl_generator_c.dir/rosidl_generator_c/px4_msgs/msg/detail/unregister_ext_component__functions.c.o
[ 13%] Building C object CMakeFiles/px4_msgs__rosidl_generator_c.dir/rosidl_generator_c/px4_msgs/msg/detail/unregister_ext_component__type_support.c.o
[ 13%] Building C object CMakeFiles/px4_msgs__rosidl_generator_c.dir/rosidl_generator_c/px4_msgs/msg/detail/vehicle_acceleration__description.c.o
[ 14%] Building C object CMakeFiles/px4_msgs__rosidl_generator_c.dir/rosidl_generator_c/px4_msgs/msg/detail/vehicle_acceleration__functions.c.o
[ 14%] Building C object CMakeFiles/px4_msgs__rosidl_generator_c.dir/rosidl_generator_c/px4_msgs/msg/detail/vehicle_acceleration__type_support.c.o
[ 14%] Building C object CMakeFiles/px4_msgs__rosidl_generator_c.dir/rosidl_generator_c/px4_msgs/msg/detail/vehicle_air_data__description.c.o
[ 14%] Building C object CMakeFiles/px4_msgs__rosidl_generator_c.dir/rosidl_generator_c/px4_msgs/msg/detail/vehicle_air_data__functions.c.o
[ 14%] Building C object CMakeFiles/px4_msgs__rosidl_generator_c.dir/rosidl_generator_c/px4_msgs/msg/detail/vehicle_air_data__type_support.c.o
[ 14%] Building C object CMakeFiles/px4_msgs__rosidl_generator_c.dir/rosidl_generator_c/px4_msgs/msg/detail/vehicle_angular_acceleration_setpoint__description.c.o
[ 14%] Building C object CMakeFiles/px4_msgs__rosidl_generator_c.dir/rosidl_generator_c/px4_msgs/msg/detail/vehicle_angular_acceleration_setpoint__functions.c.o
[ 14%] Building C object CMakeFiles/px4_msgs__rosidl_generator_c.dir/rosidl_generator_c/px4_msgs/msg/detail/vehicle_angular_acceleration_setpoint__type_support.c.o
[ 14%] Building C object CMakeFiles/px4_msgs__rosidl_generator_c.dir/rosidl_generator_c/px4_msgs/msg/detail/vehicle_angular_velocity__description.c.o
[ 14%] Building C object CMakeFiles/px4_msgs__rosidl_generator_c.dir/rosidl_generator_c/px4_msgs/msg/detail/vehicle_angular_velocity__functions.c.o
[ 14%] Building C object CMakeFiles/px4_msgs__rosidl_generator_c.dir/rosidl_generator_c/px4_msgs/msg/detail/vehicle_angular_velocity__type_support.c.o
[ 14%] Building C object CMakeFiles/px4_msgs__rosidl_generator_c.dir/rosidl_generator_c/px4_msgs/msg/detail/vehicle_attitude__description.c.o
[ 14%] Building C object CMakeFiles/px4_msgs__rosidl_generator_c.dir/rosidl_generator_c/px4_msgs/msg/detail/vehicle_attitude__functions.c.o
[ 14%] Building C object CMakeFiles/px4_msgs__rosidl_generator_c.dir/rosidl_generator_c/px4_msgs/msg/detail/vehicle_attitude__type_support.c.o
[ 14%] Building C object CMakeFiles/px4_msgs__rosidl_generator_c.dir/rosidl_generator_c/px4_msgs/msg/detail/vehicle_attitude_setpoint__description.c.o
[ 14%] Building C object CMakeFiles/px4_msgs__rosidl_generator_c.dir/rosidl_generator_c/px4_msgs/msg/detail/vehicle_attitude_setpoint__functions.c.o
[ 14%] Building C object CMakeFiles/px4_msgs__rosidl_generator_c.dir/rosidl_generator_c/px4_msgs/msg/detail/vehicle_attitude_setpoint__type_support.c.o
[ 14%] Building C object CMakeFiles/px4_msgs__rosidl_generator_c.dir/rosidl_generator_c/px4_msgs/msg/detail/vehicle_command__description.c.o
[ 14%] Building C object CMakeFiles/px4_msgs__rosidl_generator_c.dir/rosidl_generator_c/px4_msgs/msg/detail/vehicle_command__functions.c.o
[ 14%] Building C object CMakeFiles/px4_msgs__rosidl_generator_c.dir/rosidl_generator_c/px4_msgs/msg/detail/vehicle_command__type_support.c.o
[ 14%] Building C object CMakeFiles/px4_msgs__rosidl_generator_c.dir/rosidl_generator_c/px4_msgs/msg/detail/vehicle_command_ack__description.c.o
[ 14%] Building C object CMakeFiles/px4_msgs__rosidl_generator_c.dir/rosidl_generator_c/px4_msgs/msg/detail/vehicle_command_ack__functions.c.o
[ 14%] Building C object CMakeFiles/px4_msgs__rosidl_generator_c.dir/rosidl_generator_c/px4_msgs/msg/detail/vehicle_command_ack__type_support.c.o
[ 14%] Building C object CMakeFiles/px4_msgs__rosidl_generator_c.dir/rosidl_generator_c/px4_msgs/msg/detail/vehicle_constraints__description.c.o
[ 15%] Building C object CMakeFiles/px4_msgs__rosidl_generator_c.dir/rosidl_generator_c/px4_msgs/msg/detail/vehicle_constraints__functions.c.o
[ 15%] Building C object CMakeFiles/px4_msgs__rosidl_generator_c.dir/rosidl_generator_c/px4_msgs/msg/detail/vehicle_constraints__type_support.c.o
[ 15%] Building C object CMakeFiles/px4_msgs__rosidl_generator_c.dir/rosidl_generator_c/px4_msgs/msg/detail/vehicle_control_mode__description.c.o
[ 15%] Building C object CMakeFiles/px4_msgs__rosidl_generator_c.dir/rosidl_generator_c/px4_msgs/msg/detail/vehicle_control_mode__functions.c.o
[ 15%] Building C object CMakeFiles/px4_msgs__rosidl_generator_c.dir/rosidl_generator_c/px4_msgs/msg/detail/vehicle_control_mode__type_support.c.o
[ 15%] Building C object CMakeFiles/px4_msgs__rosidl_generator_c.dir/rosidl_generator_c/px4_msgs/msg/detail/vehicle_global_position__description.c.o
[ 15%] Building C object CMakeFiles/px4_msgs__rosidl_generator_c.dir/rosidl_generator_c/px4_msgs/msg/detail/vehicle_global_position__functions.c.o
[ 15%] Building C object CMakeFiles/px4_msgs__rosidl_generator_c.dir/rosidl_generator_c/px4_msgs/msg/detail/vehicle_global_position__type_support.c.o
[ 15%] Building C object CMakeFiles/px4_msgs__rosidl_generator_c.dir/rosidl_generator_c/px4_msgs/msg/detail/vehicle_imu__description.c.o
[ 15%] Building C object CMakeFiles/px4_msgs__rosidl_generator_c.dir/rosidl_generator_c/px4_msgs/msg/detail/vehicle_imu__functions.c.o
[ 15%] Building C object CMakeFiles/px4_msgs__rosidl_generator_c.dir/rosidl_generator_c/px4_msgs/msg/detail/vehicle_imu__type_support.c.o
[ 15%] Building C object CMakeFiles/px4_msgs__rosidl_generator_c.dir/rosidl_generator_c/px4_msgs/msg/detail/vehicle_imu_status__description.c.o
[ 15%] Building C object CMakeFiles/px4_msgs__rosidl_generator_c.dir/rosidl_generator_c/px4_msgs/msg/detail/vehicle_imu_status__functions.c.o
[ 15%] Building C object CMakeFiles/px4_msgs__rosidl_generator_c.dir/rosidl_generator_c/px4_msgs/msg/detail/vehicle_imu_status__type_support.c.o
[ 15%] Building C object CMakeFiles/px4_msgs__rosidl_generator_c.dir/rosidl_generator_c/px4_msgs/msg/detail/vehicle_land_detected__description.c.o
[ 15%] Building C object CMakeFiles/px4_msgs__rosidl_generator_c.dir/rosidl_generator_c/px4_msgs/msg/detail/vehicle_land_detected__functions.c.o
[ 15%] Building C object CMakeFiles/px4_msgs__rosidl_generator_c.dir/rosidl_generator_c/px4_msgs/msg/detail/vehicle_land_detected__type_support.c.o
[ 15%] Building C object CMakeFiles/px4_msgs__rosidl_generator_c.dir/rosidl_generator_c/px4_msgs/msg/detail/vehicle_local_position__description.c.o
[ 15%] Building C object CMakeFiles/px4_msgs__rosidl_generator_c.dir/rosidl_generator_c/px4_msgs/msg/detail/vehicle_local_position__functions.c.o
[ 15%] Building C object CMakeFiles/px4_msgs__rosidl_generator_c.dir/rosidl_generator_c/px4_msgs/msg/detail/vehicle_local_position__type_support.c.o
[ 15%] Building C object CMakeFiles/px4_msgs__rosidl_generator_c.dir/rosidl_generator_c/px4_msgs/msg/detail/vehicle_local_position_setpoint__description.c.o
[ 15%] Building C object CMakeFiles/px4_msgs__rosidl_generator_c.dir/rosidl_generator_c/px4_msgs/msg/detail/vehicle_local_position_setpoint__functions.c.o
[ 15%] Building C object CMakeFiles/px4_msgs__rosidl_generator_c.dir/rosidl_generator_c/px4_msgs/msg/detail/vehicle_local_position_setpoint__type_support.c.o
[ 15%] Building C object CMakeFiles/px4_msgs__rosidl_generator_c.dir/rosidl_generator_c/px4_msgs/msg/detail/vehicle_magnetometer__description.c.o
[ 16%] Building C object CMakeFiles/px4_msgs__rosidl_generator_c.dir/rosidl_generator_c/px4_msgs/msg/detail/vehicle_magnetometer__functions.c.o
[ 16%] Building C object CMakeFiles/px4_msgs__rosidl_generator_c.dir/rosidl_generator_c/px4_msgs/msg/detail/vehicle_magnetometer__type_support.c.o
[ 16%] Building C object CMakeFiles/px4_msgs__rosidl_generator_c.dir/rosidl_generator_c/px4_msgs/msg/detail/vehicle_odometry__description.c.o
[ 16%] Building C object CMakeFiles/px4_msgs__rosidl_generator_c.dir/rosidl_generator_c/px4_msgs/msg/detail/vehicle_odometry__functions.c.o
[ 16%] Building C object CMakeFiles/px4_msgs__rosidl_generator_c.dir/rosidl_generator_c/px4_msgs/msg/detail/vehicle_odometry__type_support.c.o
[ 16%] Building C object CMakeFiles/px4_msgs__rosidl_generator_c.dir/rosidl_generator_c/px4_msgs/msg/detail/vehicle_optical_flow__description.c.o
[ 16%] Building C object CMakeFiles/px4_msgs__rosidl_generator_c.dir/rosidl_generator_c/px4_msgs/msg/detail/vehicle_optical_flow__functions.c.o
[ 16%] Building C object CMakeFiles/px4_msgs__rosidl_generator_c.dir/rosidl_generator_c/px4_msgs/msg/detail/vehicle_optical_flow__type_support.c.o
[ 16%] Building C object CMakeFiles/px4_msgs__rosidl_generator_c.dir/rosidl_generator_c/px4_msgs/msg/detail/vehicle_optical_flow_vel__description.c.o
[ 16%] Building C object CMakeFiles/px4_msgs__rosidl_generator_c.dir/rosidl_generator_c/px4_msgs/msg/detail/vehicle_optical_flow_vel__functions.c.o
[ 16%] Building C object CMakeFiles/px4_msgs__rosidl_generator_c.dir/rosidl_generator_c/px4_msgs/msg/detail/vehicle_optical_flow_vel__type_support.c.o
[ 16%] Building C object CMakeFiles/px4_msgs__rosidl_generator_c.dir/rosidl_generator_c/px4_msgs/msg/detail/vehicle_rates_setpoint__description.c.o
[ 16%] Building C object CMakeFiles/px4_msgs__rosidl_generator_c.dir/rosidl_generator_c/px4_msgs/msg/detail/vehicle_rates_setpoint__functions.c.o
[ 16%] Building C object CMakeFiles/px4_msgs__rosidl_generator_c.dir/rosidl_generator_c/px4_msgs/msg/detail/vehicle_rates_setpoint__type_support.c.o
[ 16%] Building C object CMakeFiles/px4_msgs__rosidl_generator_c.dir/rosidl_generator_c/px4_msgs/msg/detail/vehicle_roi__description.c.o
[ 16%] Building C object CMakeFiles/px4_msgs__rosidl_generator_c.dir/rosidl_generator_c/px4_msgs/msg/detail/vehicle_roi__functions.c.o
[ 16%] Building C object CMakeFiles/px4_msgs__rosidl_generator_c.dir/rosidl_generator_c/px4_msgs/msg/detail/vehicle_roi__type_support.c.o
[ 16%] Building C object CMakeFiles/px4_msgs__rosidl_generator_c.dir/rosidl_generator_c/px4_msgs/msg/detail/vehicle_status__description.c.o
[ 16%] Building C object CMakeFiles/px4_msgs__rosidl_generator_c.dir/rosidl_generator_c/px4_msgs/msg/detail/vehicle_status__functions.c.o
[ 16%] Building C object CMakeFiles/px4_msgs__rosidl_generator_c.dir/rosidl_generator_c/px4_msgs/msg/detail/vehicle_status__type_support.c.o
[ 16%] Building C object CMakeFiles/px4_msgs__rosidl_generator_c.dir/rosidl_generator_c/px4_msgs/msg/detail/vehicle_thrust_setpoint__description.c.o
[ 16%] Building C object CMakeFiles/px4_msgs__rosidl_generator_c.dir/rosidl_generator_c/px4_msgs/msg/detail/vehicle_thrust_setpoint__functions.c.o
[ 16%] Building C object CMakeFiles/px4_msgs__rosidl_generator_c.dir/rosidl_generator_c/px4_msgs/msg/detail/vehicle_thrust_setpoint__type_support.c.o
[ 16%] Building C object CMakeFiles/px4_msgs__rosidl_generator_c.dir/rosidl_generator_c/px4_msgs/msg/detail/vehicle_torque_setpoint__description.c.o
[ 17%] Building C object CMakeFiles/px4_msgs__rosidl_generator_c.dir/rosidl_generator_c/px4_msgs/msg/detail/vehicle_torque_setpoint__functions.c.o
[ 17%] Building C object CMakeFiles/px4_msgs__rosidl_generator_c.dir/rosidl_generator_c/px4_msgs/msg/detail/vehicle_torque_setpoint__type_support.c.o
[ 17%] Building C object CMakeFiles/px4_msgs__rosidl_generator_c.dir/rosidl_generator_c/px4_msgs/msg/detail/velocity_limits__description.c.o
[ 17%] Building C object CMakeFiles/px4_msgs__rosidl_generator_c.dir/rosidl_generator_c/px4_msgs/msg/detail/velocity_limits__functions.c.o
[ 17%] Building C object CMakeFiles/px4_msgs__rosidl_generator_c.dir/rosidl_generator_c/px4_msgs/msg/detail/velocity_limits__type_support.c.o
[ 17%] Building C object CMakeFiles/px4_msgs__rosidl_generator_c.dir/rosidl_generator_c/px4_msgs/msg/detail/vtol_vehicle_status__description.c.o
[ 17%] Building C object CMakeFiles/px4_msgs__rosidl_generator_c.dir/rosidl_generator_c/px4_msgs/msg/detail/vtol_vehicle_status__functions.c.o
[ 17%] Building C object CMakeFiles/px4_msgs__rosidl_generator_c.dir/rosidl_generator_c/px4_msgs/msg/detail/vtol_vehicle_status__type_support.c.o
[ 17%] Building C object CMakeFiles/px4_msgs__rosidl_generator_c.dir/rosidl_generator_c/px4_msgs/msg/detail/wheel_encoders__description.c.o
[ 17%] Building C object CMakeFiles/px4_msgs__rosidl_generator_c.dir/rosidl_generator_c/px4_msgs/msg/detail/wheel_encoders__functions.c.o
[ 17%] Building C object CMakeFiles/px4_msgs__rosidl_generator_c.dir/rosidl_generator_c/px4_msgs/msg/detail/wheel_encoders__type_support.c.o
[ 17%] Building C object CMakeFiles/px4_msgs__rosidl_generator_c.dir/rosidl_generator_c/px4_msgs/msg/detail/wind__description.c.o
[ 17%] Building C object CMakeFiles/px4_msgs__rosidl_generator_c.dir/rosidl_generator_c/px4_msgs/msg/detail/wind__functions.c.o
[ 17%] Building C object CMakeFiles/px4_msgs__rosidl_generator_c.dir/rosidl_generator_c/px4_msgs/msg/detail/wind__type_support.c.o
[ 17%] Building C object CMakeFiles/px4_msgs__rosidl_generator_c.dir/rosidl_generator_c/px4_msgs/msg/detail/yaw_estimator_status__description.c.o
[ 17%] Building C object CMakeFiles/px4_msgs__rosidl_generator_c.dir/rosidl_generator_c/px4_msgs/msg/detail/yaw_estimator_status__functions.c.o
[ 17%] Building C object CMakeFiles/px4_msgs__rosidl_generator_c.dir/rosidl_generator_c/px4_msgs/msg/detail/yaw_estimator_status__type_support.c.o
[ 17%] Building C object CMakeFiles/px4_msgs__rosidl_generator_c.dir/rosidl_generator_c/px4_msgs/srv/detail/vehicle_command__description.c.o
[ 17%] Building C object CMakeFiles/px4_msgs__rosidl_generator_c.dir/rosidl_generator_c/px4_msgs/srv/detail/vehicle_command__functions.c.o
[ 17%] Building C object CMakeFiles/px4_msgs__rosidl_generator_c.dir/rosidl_generator_c/px4_msgs/srv/detail/vehicle_command__type_support.c.o
[ 17%] Building C object CMakeFiles/px4_msgs__rosidl_generator_c.dir/rosidl_generator_c/px4_msgs/msg/detail/actuator_armed__functions.c.o
[ 17%] Building C object CMakeFiles/px4_msgs__rosidl_generator_c.dir/rosidl_generator_c/px4_msgs/msg/detail/actuator_armed__description.c.o
[ 17%] Building C object CMakeFiles/px4_msgs__rosidl_generator_c.dir/rosidl_generator_c/px4_msgs/msg/detail/action_request__type_support.c.o
[ 17%] Building C object CMakeFiles/px4_msgs__rosidl_generator_c.dir/rosidl_generator_c/px4_msgs/msg/detail/action_request__functions.c.o
[ 17%] Linking C shared library libpx4_msgs__rosidl_generator_c.so
[ 29%] Built target px4_msgs__rosidl_generator_c
running egg_info
writing px4_msgs.egg-info/PKG-INFO
writing dependency_links to px4_msgs.egg-info/dependency_links.txt
writing top-level names to px4_msgs.egg-info/top_level.txt
reading manifest file 'px4_msgs.egg-info/SOURCES.txt'
writing manifest file 'px4_msgs.egg-info/SOURCES.txt'
[ 29%] Built target ament_cmake_python_build_px4_msgs_egg
[ 29%] Generating C type support dispatch for ROS interfaces
[ 29%] Building CXX object CMakeFiles/px4_msgs__rosidl_typesupport_c.dir/rosidl_typesupport_c/px4_msgs/msg/actuator_armed__type_support.cpp.o
[ 29%] Building CXX object CMakeFiles/px4_msgs__rosidl_typesupport_c.dir/rosidl_typesupport_c/px4_msgs/msg/battery_info__type_support.cpp.o
[ 29%] Building CXX object CMakeFiles/px4_msgs__rosidl_typesupport_c.dir/rosidl_typesupport_c/px4_msgs/msg/battery_status__type_support.cpp.o
[ 29%] Building CXX object CMakeFiles/px4_msgs__rosidl_typesupport_c.dir/rosidl_typesupport_c/px4_msgs/msg/button_event__type_support.cpp.o
[ 29%] Building CXX object CMakeFiles/px4_msgs__rosidl_typesupport_c.dir/rosidl_typesupport_c/px4_msgs/msg/camera_capture__type_support.cpp.o
[ 29%] Building CXX object CMakeFiles/px4_msgs__rosidl_typesupport_c.dir/rosidl_typesupport_c/px4_msgs/msg/camera_status__type_support.cpp.o
[ 29%] Building CXX object CMakeFiles/px4_msgs__rosidl_typesupport_c.dir/rosidl_typesupport_c/px4_msgs/msg/camera_trigger__type_support.cpp.o
[ 29%] Building CXX object CMakeFiles/px4_msgs__rosidl_typesupport_c.dir/rosidl_typesupport_c/px4_msgs/msg/can_interface_status__type_support.cpp.o
[ 29%] Building CXX object CMakeFiles/px4_msgs__rosidl_typesupport_c.dir/rosidl_typesupport_c/px4_msgs/msg/cellular_status__type_support.cpp.o
[ 29%] Building CXX object CMakeFiles/px4_msgs__rosidl_typesupport_c.dir/rosidl_typesupport_c/px4_msgs/msg/collision_constraints__type_support.cpp.o
[ 29%] Building CXX object CMakeFiles/px4_msgs__rosidl_typesupport_c.dir/rosidl_typesupport_c/px4_msgs/msg/config_overrides__type_support.cpp.o
[ 29%] Building CXX object CMakeFiles/px4_msgs__rosidl_typesupport_c.dir/rosidl_typesupport_c/px4_msgs/msg/control_allocator_status__type_support.cpp.o
[ 30%] Building CXX object CMakeFiles/px4_msgs__rosidl_typesupport_c.dir/rosidl_typesupport_c/px4_msgs/msg/cpuload__type_support.cpp.o
[ 30%] Building CXX object CMakeFiles/px4_msgs__rosidl_typesupport_c.dir/rosidl_typesupport_c/px4_msgs/msg/dataman_request__type_support.cpp.o
[ 30%] Building CXX object CMakeFiles/px4_msgs__rosidl_typesupport_c.dir/rosidl_typesupport_c/px4_msgs/msg/dataman_response__type_support.cpp.o
[ 30%] Building CXX object CMakeFiles/px4_msgs__rosidl_typesupport_c.dir/rosidl_typesupport_c/px4_msgs/msg/debug_array__type_support.cpp.o
[ 30%] Building CXX object CMakeFiles/px4_msgs__rosidl_typesupport_c.dir/rosidl_typesupport_c/px4_msgs/msg/debug_key_value__type_support.cpp.o
[ 30%] Building CXX object CMakeFiles/px4_msgs__rosidl_typesupport_c.dir/rosidl_typesupport_c/px4_msgs/msg/debug_value__type_support.cpp.o
[ 30%] Building CXX object CMakeFiles/px4_msgs__rosidl_typesupport_c.dir/rosidl_typesupport_c/px4_msgs/msg/debug_vect__type_support.cpp.o
[ 30%] Building CXX object CMakeFiles/px4_msgs__rosidl_typesupport_c.dir/rosidl_typesupport_c/px4_msgs/msg/differential_pressure__type_support.cpp.o
[ 30%] Building CXX object CMakeFiles/px4_msgs__rosidl_typesupport_c.dir/rosidl_typesupport_c/px4_msgs/msg/distance_sensor__type_support.cpp.o
[ 30%] Building CXX object CMakeFiles/px4_msgs__rosidl_typesupport_c.dir/rosidl_typesupport_c/px4_msgs/msg/distance_sensor_mode_change_request__type_support.cpp.o
[ 30%] Building CXX object CMakeFiles/px4_msgs__rosidl_typesupport_c.dir/rosidl_typesupport_c/px4_msgs/msg/dronecan_node_status__type_support.cpp.o
[ 30%] Building CXX object CMakeFiles/px4_msgs__rosidl_typesupport_c.dir/rosidl_typesupport_c/px4_msgs/msg/ekf2_timestamps__type_support.cpp.o
[ 30%] Building CXX object CMakeFiles/px4_msgs__rosidl_typesupport_c.dir/rosidl_typesupport_c/px4_msgs/msg/esc_report__type_support.cpp.o
[ 30%] Building CXX object CMakeFiles/px4_msgs__rosidl_typesupport_c.dir/rosidl_typesupport_c/px4_msgs/msg/esc_status__type_support.cpp.o
[ 30%] Building CXX object CMakeFiles/px4_msgs__rosidl_typesupport_c.dir/rosidl_typesupport_c/px4_msgs/msg/estimator_aid_source1d__type_support.cpp.o
[ 30%] Building CXX object CMakeFiles/px4_msgs__rosidl_typesupport_c.dir/rosidl_typesupport_c/px4_msgs/msg/estimator_aid_source2d__type_support.cpp.o
[ 30%] Building CXX object CMakeFiles/px4_msgs__rosidl_typesupport_c.dir/rosidl_typesupport_c/px4_msgs/msg/estimator_aid_source3d__type_support.cpp.o
[ 30%] Building CXX object CMakeFiles/px4_msgs__rosidl_typesupport_c.dir/rosidl_typesupport_c/px4_msgs/msg/estimator_bias__type_support.cpp.o
[ 30%] Building CXX object CMakeFiles/px4_msgs__rosidl_typesupport_c.dir/rosidl_typesupport_c/px4_msgs/msg/estimator_bias3d__type_support.cpp.o
[ 30%] Building CXX object CMakeFiles/px4_msgs__rosidl_typesupport_c.dir/rosidl_typesupport_c/px4_msgs/msg/estimator_event_flags__type_support.cpp.o
[ 30%] Building CXX object CMakeFiles/px4_msgs__rosidl_typesupport_c.dir/rosidl_typesupport_c/px4_msgs/msg/estimator_gps_status__type_support.cpp.o
[ 30%] Building CXX object CMakeFiles/px4_msgs__rosidl_typesupport_c.dir/rosidl_typesupport_c/px4_msgs/msg/estimator_innovations__type_support.cpp.o
[ 30%] Building CXX object CMakeFiles/px4_msgs__rosidl_typesupport_c.dir/rosidl_typesupport_c/px4_msgs/msg/estimator_selector_status__type_support.cpp.o
[ 31%] Building CXX object CMakeFiles/px4_msgs__rosidl_typesupport_c.dir/rosidl_typesupport_c/px4_msgs/msg/estimator_sensor_bias__type_support.cpp.o
[ 31%] Building CXX object CMakeFiles/px4_msgs__rosidl_typesupport_c.dir/rosidl_typesupport_c/px4_msgs/msg/estimator_states__type_support.cpp.o
[ 31%] Building CXX object CMakeFiles/px4_msgs__rosidl_typesupport_c.dir/rosidl_typesupport_c/px4_msgs/msg/estimator_status__type_support.cpp.o
[ 31%] Building CXX object CMakeFiles/px4_msgs__rosidl_typesupport_c.dir/rosidl_typesupport_c/px4_msgs/msg/estimator_status_flags__type_support.cpp.o
[ 31%] Building CXX object CMakeFiles/px4_msgs__rosidl_typesupport_c.dir/rosidl_typesupport_c/px4_msgs/msg/event__type_support.cpp.o
[ 31%] Building CXX object CMakeFiles/px4_msgs__rosidl_typesupport_c.dir/rosidl_typesupport_c/px4_msgs/msg/failsafe_flags__type_support.cpp.o
[ 31%] Building CXX object CMakeFiles/px4_msgs__rosidl_typesupport_c.dir/rosidl_typesupport_c/px4_msgs/msg/failure_detector_status__type_support.cpp.o
[ 31%] Building CXX object CMakeFiles/px4_msgs__rosidl_typesupport_c.dir/rosidl_typesupport_c/px4_msgs/msg/figure_eight_status__type_support.cpp.o
[ 31%] Building CXX object CMakeFiles/px4_msgs__rosidl_typesupport_c.dir/rosidl_typesupport_c/px4_msgs/msg/fixed_wing_lateral_guidance_status__type_support.cpp.o
[ 31%] Building CXX object CMakeFiles/px4_msgs__rosidl_typesupport_c.dir/rosidl_typesupport_c/px4_msgs/msg/fixed_wing_lateral_setpoint__type_support.cpp.o
[ 31%] Building CXX object CMakeFiles/px4_msgs__rosidl_typesupport_c.dir/rosidl_typesupport_c/px4_msgs/msg/fixed_wing_lateral_status__type_support.cpp.o
[ 31%] Building CXX object CMakeFiles/px4_msgs__rosidl_typesupport_c.dir/rosidl_typesupport_c/px4_msgs/msg/fixed_wing_longitudinal_setpoint__type_support.cpp.o
[ 31%] Building CXX object CMakeFiles/px4_msgs__rosidl_typesupport_c.dir/rosidl_typesupport_c/px4_msgs/msg/fixed_wing_runway_control__type_support.cpp.o
[ 31%] Building CXX object CMakeFiles/px4_msgs__rosidl_typesupport_c.dir/rosidl_typesupport_c/px4_msgs/msg/flight_phase_estimation__type_support.cpp.o
[ 31%] Building CXX object CMakeFiles/px4_msgs__rosidl_typesupport_c.dir/rosidl_typesupport_c/px4_msgs/msg/follow_target__type_support.cpp.o
[ 31%] Building CXX object CMakeFiles/px4_msgs__rosidl_typesupport_c.dir/rosidl_typesupport_c/px4_msgs/msg/follow_target_estimator__type_support.cpp.o
[ 31%] Building CXX object CMakeFiles/px4_msgs__rosidl_typesupport_c.dir/rosidl_typesupport_c/px4_msgs/msg/follow_target_status__type_support.cpp.o
[ 31%] Building CXX object CMakeFiles/px4_msgs__rosidl_typesupport_c.dir/rosidl_typesupport_c/px4_msgs/msg/fuel_tank_status__type_support.cpp.o
[ 31%] Building CXX object CMakeFiles/px4_msgs__rosidl_typesupport_c.dir/rosidl_typesupport_c/px4_msgs/msg/generator_status__type_support.cpp.o
[ 31%] Building CXX object CMakeFiles/px4_msgs__rosidl_typesupport_c.dir/rosidl_typesupport_c/px4_msgs/msg/geofence_result__type_support.cpp.o
[ 31%] Building CXX object CMakeFiles/px4_msgs__rosidl_typesupport_c.dir/rosidl_typesupport_c/px4_msgs/msg/geofence_status__type_support.cpp.o
[ 31%] Building CXX object CMakeFiles/px4_msgs__rosidl_typesupport_c.dir/rosidl_typesupport_c/px4_msgs/msg/gimbal_controls__type_support.cpp.o
[ 31%] Building CXX object CMakeFiles/px4_msgs__rosidl_typesupport_c.dir/rosidl_typesupport_c/px4_msgs/msg/gimbal_device_attitude_status__type_support.cpp.o
[ 31%] Building CXX object CMakeFiles/px4_msgs__rosidl_typesupport_c.dir/rosidl_typesupport_c/px4_msgs/msg/gimbal_device_information__type_support.cpp.o
[ 32%] Building CXX object CMakeFiles/px4_msgs__rosidl_typesupport_c.dir/rosidl_typesupport_c/px4_msgs/msg/gimbal_device_set_attitude__type_support.cpp.o
[ 32%] Building CXX object CMakeFiles/px4_msgs__rosidl_typesupport_c.dir/rosidl_typesupport_c/px4_msgs/msg/gimbal_manager_information__type_support.cpp.o
[ 32%] Building CXX object CMakeFiles/px4_msgs__rosidl_typesupport_c.dir/rosidl_typesupport_c/px4_msgs/msg/gimbal_manager_set_attitude__type_support.cpp.o
[ 32%] Building CXX object CMakeFiles/px4_msgs__rosidl_typesupport_c.dir/rosidl_typesupport_c/px4_msgs/msg/gimbal_manager_set_manual_control__type_support.cpp.o
[ 32%] Building CXX object CMakeFiles/px4_msgs__rosidl_typesupport_c.dir/rosidl_typesupport_c/px4_msgs/msg/gimbal_manager_status__type_support.cpp.o
[ 32%] Building CXX object CMakeFiles/px4_msgs__rosidl_typesupport_c.dir/rosidl_typesupport_c/px4_msgs/msg/goto_setpoint__type_support.cpp.o
[ 32%] Building CXX object CMakeFiles/px4_msgs__rosidl_typesupport_c.dir/rosidl_typesupport_c/px4_msgs/msg/gpio_config__type_support.cpp.o
[ 32%] Building CXX object CMakeFiles/px4_msgs__rosidl_typesupport_c.dir/rosidl_typesupport_c/px4_msgs/msg/gpio_in__type_support.cpp.o
[ 32%] Building CXX object CMakeFiles/px4_msgs__rosidl_typesupport_c.dir/rosidl_typesupport_c/px4_msgs/msg/gpio_out__type_support.cpp.o
[ 32%] Building CXX object CMakeFiles/px4_msgs__rosidl_typesupport_c.dir/rosidl_typesupport_c/px4_msgs/msg/gpio_request__type_support.cpp.o
[ 32%] Building CXX object CMakeFiles/px4_msgs__rosidl_typesupport_c.dir/rosidl_typesupport_c/px4_msgs/msg/gps_dump__type_support.cpp.o
[ 32%] Building CXX object CMakeFiles/px4_msgs__rosidl_typesupport_c.dir/rosidl_typesupport_c/px4_msgs/msg/gps_inject_data__type_support.cpp.o
[ 32%] Building CXX object CMakeFiles/px4_msgs__rosidl_typesupport_c.dir/rosidl_typesupport_c/px4_msgs/msg/gripper__type_support.cpp.o
[ 32%] Building CXX object CMakeFiles/px4_msgs__rosidl_typesupport_c.dir/rosidl_typesupport_c/px4_msgs/msg/health_report__type_support.cpp.o
[ 32%] Building CXX object CMakeFiles/px4_msgs__rosidl_typesupport_c.dir/rosidl_typesupport_c/px4_msgs/msg/heater_status__type_support.cpp.o
[ 32%] Building CXX object CMakeFiles/px4_msgs__rosidl_typesupport_c.dir/rosidl_typesupport_c/px4_msgs/msg/home_position__type_support.cpp.o
[ 32%] Building CXX object CMakeFiles/px4_msgs__rosidl_typesupport_c.dir/rosidl_typesupport_c/px4_msgs/msg/hover_thrust_estimate__type_support.cpp.o
[ 32%] Building CXX object CMakeFiles/px4_msgs__rosidl_typesupport_c.dir/rosidl_typesupport_c/px4_msgs/msg/input_rc__type_support.cpp.o
[ 32%] Building CXX object CMakeFiles/px4_msgs__rosidl_typesupport_c.dir/rosidl_typesupport_c/px4_msgs/msg/internal_combustion_engine_control__type_support.cpp.o
[ 32%] Building CXX object CMakeFiles/px4_msgs__rosidl_typesupport_c.dir/rosidl_typesupport_c/px4_msgs/msg/internal_combustion_engine_status__type_support.cpp.o
[ 32%] Building CXX object CMakeFiles/px4_msgs__rosidl_typesupport_c.dir/rosidl_typesupport_c/px4_msgs/msg/iridiumsbd_status__type_support.cpp.o
[ 32%] Building CXX object CMakeFiles/px4_msgs__rosidl_typesupport_c.dir/rosidl_typesupport_c/px4_msgs/msg/irlock_report__type_support.cpp.o
[ 32%] Building CXX object CMakeFiles/px4_msgs__rosidl_typesupport_c.dir/rosidl_typesupport_c/px4_msgs/msg/landing_gear__type_support.cpp.o
[ 32%] Building CXX object CMakeFiles/px4_msgs__rosidl_typesupport_c.dir/rosidl_typesupport_c/px4_msgs/msg/landing_gear_wheel__type_support.cpp.o
[ 33%] Building CXX object CMakeFiles/px4_msgs__rosidl_typesupport_c.dir/rosidl_typesupport_c/px4_msgs/msg/landing_target_innovations__type_support.cpp.o
[ 33%] Building CXX object CMakeFiles/px4_msgs__rosidl_typesupport_c.dir/rosidl_typesupport_c/px4_msgs/msg/landing_target_pose__type_support.cpp.o
[ 33%] Building CXX object CMakeFiles/px4_msgs__rosidl_typesupport_c.dir/rosidl_typesupport_c/px4_msgs/msg/lateral_control_configuration__type_support.cpp.o
[ 33%] Building CXX object CMakeFiles/px4_msgs__rosidl_typesupport_c.dir/rosidl_typesupport_c/px4_msgs/msg/launch_detection_status__type_support.cpp.o
[ 33%] Building CXX object CMakeFiles/px4_msgs__rosidl_typesupport_c.dir/rosidl_typesupport_c/px4_msgs/msg/led_control__type_support.cpp.o
[ 33%] Building CXX object CMakeFiles/px4_msgs__rosidl_typesupport_c.dir/rosidl_typesupport_c/px4_msgs/msg/log_message__type_support.cpp.o
[ 33%] Building CXX object CMakeFiles/px4_msgs__rosidl_typesupport_c.dir/rosidl_typesupport_c/px4_msgs/msg/logger_status__type_support.cpp.o
[ 33%] Building CXX object CMakeFiles/px4_msgs__rosidl_typesupport_c.dir/rosidl_typesupport_c/px4_msgs/msg/longitudinal_control_configuration__type_support.cpp.o
[ 33%] Building CXX object CMakeFiles/px4_msgs__rosidl_typesupport_c.dir/rosidl_typesupport_c/px4_msgs/msg/mag_worker_data__type_support.cpp.o
[ 33%] Building CXX object CMakeFiles/px4_msgs__rosidl_typesupport_c.dir/rosidl_typesupport_c/px4_msgs/msg/magnetometer_bias_estimate__type_support.cpp.o
[ 33%] Building CXX object CMakeFiles/px4_msgs__rosidl_typesupport_c.dir/rosidl_typesupport_c/px4_msgs/msg/manual_control_setpoint__type_support.cpp.o
[ 33%] Building CXX object CMakeFiles/px4_msgs__rosidl_typesupport_c.dir/rosidl_typesupport_c/px4_msgs/msg/manual_control_switches__type_support.cpp.o
[ 33%] Building CXX object CMakeFiles/px4_msgs__rosidl_typesupport_c.dir/rosidl_typesupport_c/px4_msgs/msg/mavlink_log__type_support.cpp.o
[ 33%] Building CXX object CMakeFiles/px4_msgs__rosidl_typesupport_c.dir/rosidl_typesupport_c/px4_msgs/msg/mavlink_tunnel__type_support.cpp.o
[ 33%] Building CXX object CMakeFiles/px4_msgs__rosidl_typesupport_c.dir/rosidl_typesupport_c/px4_msgs/msg/message_format_request__type_support.cpp.o
[ 33%] Building CXX object CMakeFiles/px4_msgs__rosidl_typesupport_c.dir/rosidl_typesupport_c/px4_msgs/msg/message_format_response__type_support.cpp.o
[ 33%] Building CXX object CMakeFiles/px4_msgs__rosidl_typesupport_c.dir/rosidl_typesupport_c/px4_msgs/msg/mission__type_support.cpp.o
[ 33%] Building CXX object CMakeFiles/px4_msgs__rosidl_typesupport_c.dir/rosidl_typesupport_c/px4_msgs/msg/mission_result__type_support.cpp.o
[ 33%] Building CXX object CMakeFiles/px4_msgs__rosidl_typesupport_c.dir/rosidl_typesupport_c/px4_msgs/msg/mode_completed__type_support.cpp.o
[ 33%] Building CXX object CMakeFiles/px4_msgs__rosidl_typesupport_c.dir/rosidl_typesupport_c/px4_msgs/msg/mount_orientation__type_support.cpp.o
[ 33%] Building CXX object CMakeFiles/px4_msgs__rosidl_typesupport_c.dir/rosidl_typesupport_c/px4_msgs/msg/navigator_mission_item__type_support.cpp.o
[ 33%] Building CXX object CMakeFiles/px4_msgs__rosidl_typesupport_c.dir/rosidl_typesupport_c/px4_msgs/msg/navigator_status__type_support.cpp.o
[ 33%] Building CXX object CMakeFiles/px4_msgs__rosidl_typesupport_c.dir/rosidl_typesupport_c/px4_msgs/msg/neural_control__type_support.cpp.o
[ 34%] Building CXX object CMakeFiles/px4_msgs__rosidl_typesupport_c.dir/rosidl_typesupport_c/px4_msgs/msg/normalized_unsigned_setpoint__type_support.cpp.o
[ 34%] Building CXX object CMakeFiles/px4_msgs__rosidl_typesupport_c.dir/rosidl_typesupport_c/px4_msgs/msg/obstacle_distance__type_support.cpp.o
[ 34%] Building CXX object CMakeFiles/px4_msgs__rosidl_typesupport_c.dir/rosidl_typesupport_c/px4_msgs/msg/offboard_control_mode__type_support.cpp.o
[ 34%] Building CXX object CMakeFiles/px4_msgs__rosidl_typesupport_c.dir/rosidl_typesupport_c/px4_msgs/msg/onboard_computer_status__type_support.cpp.o
[ 34%] Building CXX object CMakeFiles/px4_msgs__rosidl_typesupport_c.dir/rosidl_typesupport_c/px4_msgs/msg/open_drone_id_arm_status__type_support.cpp.o
[ 34%] Building CXX object CMakeFiles/px4_msgs__rosidl_typesupport_c.dir/rosidl_typesupport_c/px4_msgs/msg/open_drone_id_operator_id__type_support.cpp.o
[ 34%] Building CXX object CMakeFiles/px4_msgs__rosidl_typesupport_c.dir/rosidl_typesupport_c/px4_msgs/msg/open_drone_id_self_id__type_support.cpp.o
[ 34%] Building CXX object CMakeFiles/px4_msgs__rosidl_typesupport_c.dir/rosidl_typesupport_c/px4_msgs/msg/open_drone_id_system__type_support.cpp.o
[ 34%] Building CXX object CMakeFiles/px4_msgs__rosidl_typesupport_c.dir/rosidl_typesupport_c/px4_msgs/msg/orb_test__type_support.cpp.o
[ 34%] Building CXX object CMakeFiles/px4_msgs__rosidl_typesupport_c.dir/rosidl_typesupport_c/px4_msgs/msg/orb_test_large__type_support.cpp.o
[ 34%] Building CXX object CMakeFiles/px4_msgs__rosidl_typesupport_c.dir/rosidl_typesupport_c/px4_msgs/msg/orb_test_medium__type_support.cpp.o
[ 34%] Building CXX object CMakeFiles/px4_msgs__rosidl_typesupport_c.dir/rosidl_typesupport_c/px4_msgs/msg/orbit_status__type_support.cpp.o
[ 34%] Building CXX object CMakeFiles/px4_msgs__rosidl_typesupport_c.dir/rosidl_typesupport_c/px4_msgs/msg/parameter_reset_request__type_support.cpp.o
[ 34%] Building CXX object CMakeFiles/px4_msgs__rosidl_typesupport_c.dir/rosidl_typesupport_c/px4_msgs/msg/parameter_set_used_request__type_support.cpp.o
[ 34%] Building CXX object CMakeFiles/px4_msgs__rosidl_typesupport_c.dir/rosidl_typesupport_c/px4_msgs/msg/parameter_set_value_request__type_support.cpp.o
[ 34%] Building CXX object CMakeFiles/px4_msgs__rosidl_typesupport_c.dir/rosidl_typesupport_c/px4_msgs/msg/parameter_set_value_response__type_support.cpp.o
[ 34%] Building CXX object CMakeFiles/px4_msgs__rosidl_typesupport_c.dir/rosidl_typesupport_c/px4_msgs/msg/parameter_update__type_support.cpp.o
[ 34%] Building CXX object CMakeFiles/px4_msgs__rosidl_typesupport_c.dir/rosidl_typesupport_c/px4_msgs/msg/ping__type_support.cpp.o
[ 34%] Building CXX object CMakeFiles/px4_msgs__rosidl_typesupport_c.dir/rosidl_typesupport_c/px4_msgs/msg/position_controller_landing_status__type_support.cpp.o
[ 34%] Building CXX object CMakeFiles/px4_msgs__rosidl_typesupport_c.dir/rosidl_typesupport_c/px4_msgs/msg/position_controller_status__type_support.cpp.o
[ 34%] Building CXX object CMakeFiles/px4_msgs__rosidl_typesupport_c.dir/rosidl_typesupport_c/px4_msgs/msg/position_setpoint__type_support.cpp.o
[ 34%] Building CXX object CMakeFiles/px4_msgs__rosidl_typesupport_c.dir/rosidl_typesupport_c/px4_msgs/msg/position_setpoint_triplet__type_support.cpp.o
[ 34%] Building CXX object CMakeFiles/px4_msgs__rosidl_typesupport_c.dir/rosidl_typesupport_c/px4_msgs/msg/power_button_state__type_support.cpp.o
[ 34%] Building CXX object CMakeFiles/px4_msgs__rosidl_typesupport_c.dir/rosidl_typesupport_c/px4_msgs/msg/power_monitor__type_support.cpp.o
[ 35%] Building CXX object CMakeFiles/px4_msgs__rosidl_typesupport_c.dir/rosidl_typesupport_c/px4_msgs/msg/pps_capture__type_support.cpp.o
[ 35%] Building CXX object CMakeFiles/px4_msgs__rosidl_typesupport_c.dir/rosidl_typesupport_c/px4_msgs/msg/pure_pursuit_status__type_support.cpp.o
[ 35%] Building CXX object CMakeFiles/px4_msgs__rosidl_typesupport_c.dir/rosidl_typesupport_c/px4_msgs/msg/pwm_input__type_support.cpp.o
[ 35%] Building CXX object CMakeFiles/px4_msgs__rosidl_typesupport_c.dir/rosidl_typesupport_c/px4_msgs/msg/px4io_status__type_support.cpp.o
[ 35%] Building CXX object CMakeFiles/px4_msgs__rosidl_typesupport_c.dir/rosidl_typesupport_c/px4_msgs/msg/qshell_req__type_support.cpp.o
[ 35%] Building CXX object CMakeFiles/px4_msgs__rosidl_typesupport_c.dir/rosidl_typesupport_c/px4_msgs/msg/qshell_retval__type_support.cpp.o
[ 35%] Building CXX object CMakeFiles/px4_msgs__rosidl_typesupport_c.dir/rosidl_typesupport_c/px4_msgs/msg/radio_status__type_support.cpp.o
[ 35%] Building CXX object CMakeFiles/px4_msgs__rosidl_typesupport_c.dir/rosidl_typesupport_c/px4_msgs/msg/rate_ctrl_status__type_support.cpp.o
[ 35%] Building CXX object CMakeFiles/px4_msgs__rosidl_typesupport_c.dir/rosidl_typesupport_c/px4_msgs/msg/rc_channels__type_support.cpp.o
[ 35%] Building CXX object CMakeFiles/px4_msgs__rosidl_typesupport_c.dir/rosidl_typesupport_c/px4_msgs/msg/rc_parameter_map__type_support.cpp.o
[ 35%] Building CXX object CMakeFiles/px4_msgs__rosidl_typesupport_c.dir/rosidl_typesupport_c/px4_msgs/msg/register_ext_component_reply__type_support.cpp.o
[ 35%] Building CXX object CMakeFiles/px4_msgs__rosidl_typesupport_c.dir/rosidl_typesupport_c/px4_msgs/msg/register_ext_component_request__type_support.cpp.o
[ 35%] Building CXX object CMakeFiles/px4_msgs__rosidl_typesupport_c.dir/rosidl_typesupport_c/px4_msgs/msg/rover_attitude_setpoint__type_support.cpp.o
[ 35%] Building CXX object CMakeFiles/px4_msgs__rosidl_typesupport_c.dir/rosidl_typesupport_c/px4_msgs/msg/rover_attitude_status__type_support.cpp.o
[ 35%] Building CXX object CMakeFiles/px4_msgs__rosidl_typesupport_c.dir/rosidl_typesupport_c/px4_msgs/msg/rover_position_setpoint__type_support.cpp.o
[ 35%] Building CXX object CMakeFiles/px4_msgs__rosidl_typesupport_c.dir/rosidl_typesupport_c/px4_msgs/msg/rover_rate_setpoint__type_support.cpp.o
[ 35%] Building CXX object CMakeFiles/px4_msgs__rosidl_typesupport_c.dir/rosidl_typesupport_c/px4_msgs/msg/rover_rate_status__type_support.cpp.o
[ 35%] Building CXX object CMakeFiles/px4_msgs__rosidl_typesupport_c.dir/rosidl_typesupport_c/px4_msgs/msg/rover_speed_setpoint__type_support.cpp.o
[ 35%] Building CXX object CMakeFiles/px4_msgs__rosidl_typesupport_c.dir/rosidl_typesupport_c/px4_msgs/msg/rover_speed_status__type_support.cpp.o
[ 35%] Building CXX object CMakeFiles/px4_msgs__rosidl_typesupport_c.dir/rosidl_typesupport_c/px4_msgs/msg/rover_steering_setpoint__type_support.cpp.o
[ 35%] Building CXX object CMakeFiles/px4_msgs__rosidl_typesupport_c.dir/rosidl_typesupport_c/px4_msgs/msg/rover_throttle_setpoint__type_support.cpp.o
[ 35%] Building CXX object CMakeFiles/px4_msgs__rosidl_typesupport_c.dir/rosidl_typesupport_c/px4_msgs/msg/rpm__type_support.cpp.o
[ 35%] Building CXX object CMakeFiles/px4_msgs__rosidl_typesupport_c.dir/rosidl_typesupport_c/px4_msgs/msg/rtl_status__type_support.cpp.o
[ 35%] Building CXX object CMakeFiles/px4_msgs__rosidl_typesupport_c.dir/rosidl_typesupport_c/px4_msgs/msg/rtl_time_estimate__type_support.cpp.o
[ 35%] Building CXX object CMakeFiles/px4_msgs__rosidl_typesupport_c.dir/rosidl_typesupport_c/px4_msgs/msg/satellite_info__type_support.cpp.o
[ 36%] Building CXX object CMakeFiles/px4_msgs__rosidl_typesupport_c.dir/rosidl_typesupport_c/px4_msgs/msg/sensor_accel__type_support.cpp.o
[ 36%] Building CXX object CMakeFiles/px4_msgs__rosidl_typesupport_c.dir/rosidl_typesupport_c/px4_msgs/msg/sensor_accel_fifo__type_support.cpp.o
[ 36%] Building CXX object CMakeFiles/px4_msgs__rosidl_typesupport_c.dir/rosidl_typesupport_c/px4_msgs/msg/sensor_airflow__type_support.cpp.o
[ 36%] Building CXX object CMakeFiles/px4_msgs__rosidl_typesupport_c.dir/rosidl_typesupport_c/px4_msgs/msg/sensor_baro__type_support.cpp.o
[ 36%] Building CXX object CMakeFiles/px4_msgs__rosidl_typesupport_c.dir/rosidl_typesupport_c/px4_msgs/msg/sensor_combined__type_support.cpp.o
[ 36%] Building CXX object CMakeFiles/px4_msgs__rosidl_typesupport_c.dir/rosidl_typesupport_c/px4_msgs/msg/sensor_correction__type_support.cpp.o
[ 36%] Building CXX object CMakeFiles/px4_msgs__rosidl_typesupport_c.dir/rosidl_typesupport_c/px4_msgs/msg/sensor_gnss_relative__type_support.cpp.o
[ 36%] Building CXX object CMakeFiles/px4_msgs__rosidl_typesupport_c.dir/rosidl_typesupport_c/px4_msgs/msg/sensor_gnss_status__type_support.cpp.o
[ 36%] Building CXX object CMakeFiles/px4_msgs__rosidl_typesupport_c.dir/rosidl_typesupport_c/px4_msgs/msg/sensor_gps__type_support.cpp.o
[ 36%] Building CXX object CMakeFiles/px4_msgs__rosidl_typesupport_c.dir/rosidl_typesupport_c/px4_msgs/msg/sensor_gyro__type_support.cpp.o
[ 36%] Building CXX object CMakeFiles/px4_msgs__rosidl_typesupport_c.dir/rosidl_typesupport_c/px4_msgs/msg/sensor_gyro_fft__type_support.cpp.o
[ 36%] Building CXX object CMakeFiles/px4_msgs__rosidl_typesupport_c.dir/rosidl_typesupport_c/px4_msgs/msg/sensor_gyro_fifo__type_support.cpp.o
[ 36%] Building CXX object CMakeFiles/px4_msgs__rosidl_typesupport_c.dir/rosidl_typesupport_c/px4_msgs/msg/sensor_hygrometer__type_support.cpp.o
[ 36%] Building CXX object CMakeFiles/px4_msgs__rosidl_typesupport_c.dir/rosidl_typesupport_c/px4_msgs/msg/sensor_mag__type_support.cpp.o
[ 36%] Building CXX object CMakeFiles/px4_msgs__rosidl_typesupport_c.dir/rosidl_typesupport_c/px4_msgs/msg/sensor_optical_flow__type_support.cpp.o
[ 36%] Building CXX object CMakeFiles/px4_msgs__rosidl_typesupport_c.dir/rosidl_typesupport_c/px4_msgs/msg/sensor_preflight_mag__type_support.cpp.o
[ 36%] Building CXX object CMakeFiles/px4_msgs__rosidl_typesupport_c.dir/rosidl_typesupport_c/px4_msgs/msg/sensor_selection__type_support.cpp.o
[ 36%] Building CXX object CMakeFiles/px4_msgs__rosidl_typesupport_c.dir/rosidl_typesupport_c/px4_msgs/msg/sensor_uwb__type_support.cpp.o
[ 36%] Building CXX object CMakeFiles/px4_msgs__rosidl_typesupport_c.dir/rosidl_typesupport_c/px4_msgs/msg/sensors_status__type_support.cpp.o
[ 36%] Building CXX object CMakeFiles/px4_msgs__rosidl_typesupport_c.dir/rosidl_typesupport_c/px4_msgs/msg/sensors_status_imu__type_support.cpp.o
[ 36%] Building CXX object CMakeFiles/px4_msgs__rosidl_typesupport_c.dir/rosidl_typesupport_c/px4_msgs/msg/system_power__type_support.cpp.o
[ 36%] Building CXX object CMakeFiles/px4_msgs__rosidl_typesupport_c.dir/rosidl_typesupport_c/px4_msgs/msg/takeoff_status__type_support.cpp.o
[ 36%] Building CXX object CMakeFiles/px4_msgs__rosidl_typesupport_c.dir/rosidl_typesupport_c/px4_msgs/msg/task_stack_info__type_support.cpp.o
[ 37%] Building CXX object CMakeFiles/px4_msgs__rosidl_typesupport_c.dir/rosidl_typesupport_c/px4_msgs/msg/tecs_status__type_support.cpp.o
[ 37%] Building CXX object CMakeFiles/px4_msgs__rosidl_typesupport_c.dir/rosidl_typesupport_c/px4_msgs/msg/telemetry_status__type_support.cpp.o
[ 37%] Building CXX object CMakeFiles/px4_msgs__rosidl_typesupport_c.dir/rosidl_typesupport_c/px4_msgs/msg/tiltrotor_extra_controls__type_support.cpp.o
[ 37%] Building CXX object CMakeFiles/px4_msgs__rosidl_typesupport_c.dir/rosidl_typesupport_c/px4_msgs/msg/timesync_status__type_support.cpp.o
[ 37%] Building CXX object CMakeFiles/px4_msgs__rosidl_typesupport_c.dir/rosidl_typesupport_c/px4_msgs/msg/trajectory_setpoint__type_support.cpp.o
[ 37%] Building CXX object CMakeFiles/px4_msgs__rosidl_typesupport_c.dir/rosidl_typesupport_c/px4_msgs/msg/trajectory_setpoint6dof__type_support.cpp.o
[ 37%] Building CXX object CMakeFiles/px4_msgs__rosidl_typesupport_c.dir/rosidl_typesupport_c/px4_msgs/msg/transponder_report__type_support.cpp.o
[ 37%] Building CXX object CMakeFiles/px4_msgs__rosidl_typesupport_c.dir/rosidl_typesupport_c/px4_msgs/msg/tune_control__type_support.cpp.o
[ 37%] Building CXX object CMakeFiles/px4_msgs__rosidl_typesupport_c.dir/rosidl_typesupport_c/px4_msgs/msg/uavcan_parameter_request__type_support.cpp.o
[ 37%] Building CXX object CMakeFiles/px4_msgs__rosidl_typesupport_c.dir/rosidl_typesupport_c/px4_msgs/msg/uavcan_parameter_value__type_support.cpp.o
[ 37%] Building CXX object CMakeFiles/px4_msgs__rosidl_typesupport_c.dir/rosidl_typesupport_c/px4_msgs/msg/ulog_stream__type_support.cpp.o
[ 37%] Building CXX object CMakeFiles/px4_msgs__rosidl_typesupport_c.dir/rosidl_typesupport_c/px4_msgs/msg/ulog_stream_ack__type_support.cpp.o
[ 37%] Building CXX object CMakeFiles/px4_msgs__rosidl_typesupport_c.dir/rosidl_typesupport_c/px4_msgs/msg/unregister_ext_component__type_support.cpp.o
[ 37%] Building CXX object CMakeFiles/px4_msgs__rosidl_typesupport_c.dir/rosidl_typesupport_c/px4_msgs/msg/vehicle_acceleration__type_support.cpp.o
[ 37%] Building CXX object CMakeFiles/px4_msgs__rosidl_typesupport_c.dir/rosidl_typesupport_c/px4_msgs/msg/vehicle_air_data__type_support.cpp.o
[ 37%] Building CXX object CMakeFiles/px4_msgs__rosidl_typesupport_c.dir/rosidl_typesupport_c/px4_msgs/msg/vehicle_angular_acceleration_setpoint__type_support.cpp.o
[ 37%] Building CXX object CMakeFiles/px4_msgs__rosidl_typesupport_c.dir/rosidl_typesupport_c/px4_msgs/msg/vehicle_angular_velocity__type_support.cpp.o
[ 37%] Building CXX object CMakeFiles/px4_msgs__rosidl_typesupport_c.dir/rosidl_typesupport_c/px4_msgs/msg/vehicle_attitude__type_support.cpp.o
[ 37%] Building CXX object CMakeFiles/px4_msgs__rosidl_typesupport_c.dir/rosidl_typesupport_c/px4_msgs/msg/vehicle_attitude_setpoint__type_support.cpp.o
[ 37%] Building CXX object CMakeFiles/px4_msgs__rosidl_typesupport_c.dir/rosidl_typesupport_c/px4_msgs/msg/vehicle_command__type_support.cpp.o
[ 37%] Building CXX object CMakeFiles/px4_msgs__rosidl_typesupport_c.dir/rosidl_typesupport_c/px4_msgs/msg/vehicle_command_ack__type_support.cpp.o
[ 37%] Building CXX object CMakeFiles/px4_msgs__rosidl_typesupport_c.dir/rosidl_typesupport_c/px4_msgs/msg/vehicle_constraints__type_support.cpp.o
[ 37%] Building CXX object CMakeFiles/px4_msgs__rosidl_typesupport_c.dir/rosidl_typesupport_c/px4_msgs/msg/vehicle_control_mode__type_support.cpp.o
[ 37%] Building CXX object CMakeFiles/px4_msgs__rosidl_typesupport_c.dir/rosidl_typesupport_c/px4_msgs/msg/vehicle_global_position__type_support.cpp.o
[ 37%] Building CXX object CMakeFiles/px4_msgs__rosidl_typesupport_c.dir/rosidl_typesupport_c/px4_msgs/msg/vehicle_imu__type_support.cpp.o
[ 38%] Building CXX object CMakeFiles/px4_msgs__rosidl_typesupport_c.dir/rosidl_typesupport_c/px4_msgs/msg/vehicle_imu_status__type_support.cpp.o
[ 38%] Building CXX object CMakeFiles/px4_msgs__rosidl_typesupport_c.dir/rosidl_typesupport_c/px4_msgs/msg/vehicle_land_detected__type_support.cpp.o
[ 38%] Building CXX object CMakeFiles/px4_msgs__rosidl_typesupport_c.dir/rosidl_typesupport_c/px4_msgs/msg/vehicle_local_position__type_support.cpp.o
[ 38%] Building CXX object CMakeFiles/px4_msgs__rosidl_typesupport_c.dir/rosidl_typesupport_c/px4_msgs/msg/vehicle_local_position_setpoint__type_support.cpp.o
[ 38%] Building CXX object CMakeFiles/px4_msgs__rosidl_typesupport_c.dir/rosidl_typesupport_c/px4_msgs/msg/vehicle_magnetometer__type_support.cpp.o
[ 38%] Building CXX object CMakeFiles/px4_msgs__rosidl_typesupport_c.dir/rosidl_typesupport_c/px4_msgs/msg/vehicle_odometry__type_support.cpp.o
[ 38%] Building CXX object CMakeFiles/px4_msgs__rosidl_typesupport_c.dir/rosidl_typesupport_c/px4_msgs/msg/vehicle_optical_flow__type_support.cpp.o
[ 38%] Building CXX object CMakeFiles/px4_msgs__rosidl_typesupport_c.dir/rosidl_typesupport_c/px4_msgs/msg/vehicle_optical_flow_vel__type_support.cpp.o
[ 38%] Building CXX object CMakeFiles/px4_msgs__rosidl_typesupport_c.dir/rosidl_typesupport_c/px4_msgs/msg/vehicle_rates_setpoint__type_support.cpp.o
[ 38%] Building CXX object CMakeFiles/px4_msgs__rosidl_typesupport_c.dir/rosidl_typesupport_c/px4_msgs/msg/vehicle_roi__type_support.cpp.o
[ 38%] Building CXX object CMakeFiles/px4_msgs__rosidl_typesupport_c.dir/rosidl_typesupport_c/px4_msgs/msg/vehicle_status__type_support.cpp.o
[ 38%] Building CXX object CMakeFiles/px4_msgs__rosidl_typesupport_c.dir/rosidl_typesupport_c/px4_msgs/msg/vehicle_thrust_setpoint__type_support.cpp.o
[ 38%] Building CXX object CMakeFiles/px4_msgs__rosidl_typesupport_c.dir/rosidl_typesupport_c/px4_msgs/msg/vehicle_torque_setpoint__type_support.cpp.o
[ 38%] Building CXX object CMakeFiles/px4_msgs__rosidl_typesupport_c.dir/rosidl_typesupport_c/px4_msgs/msg/velocity_limits__type_support.cpp.o
[ 38%] Building CXX object CMakeFiles/px4_msgs__rosidl_typesupport_c.dir/rosidl_typesupport_c/px4_msgs/msg/vtol_vehicle_status__type_support.cpp.o
[ 38%] Building CXX object CMakeFiles/px4_msgs__rosidl_typesupport_c.dir/rosidl_typesupport_c/px4_msgs/msg/wheel_encoders__type_support.cpp.o
[ 38%] Building CXX object CMakeFiles/px4_msgs__rosidl_typesupport_c.dir/rosidl_typesupport_c/px4_msgs/msg/wind__type_support.cpp.o
[ 38%] Building CXX object CMakeFiles/px4_msgs__rosidl_typesupport_c.dir/rosidl_typesupport_c/px4_msgs/msg/yaw_estimator_status__type_support.cpp.o
[ 38%] Building CXX object CMakeFiles/px4_msgs__rosidl_typesupport_c.dir/rosidl_typesupport_c/px4_msgs/srv/vehicle_command__type_support.cpp.o
[ 38%] Building CXX object CMakeFiles/px4_msgs__rosidl_typesupport_c.dir/rosidl_typesupport_c/px4_msgs/msg/autotune_attitude_control_status__type_support.cpp.o
[ 39%] Building CXX object CMakeFiles/px4_msgs__rosidl_typesupport_c.dir/rosidl_typesupport_c/px4_msgs/msg/actuator_motors__type_support.cpp.o
[ 39%] Building CXX object CMakeFiles/px4_msgs__rosidl_typesupport_c.dir/rosidl_typesupport_c/px4_msgs/msg/actuator_controls_status__type_support.cpp.o
[ 39%] Linking CXX shared library libpx4_msgs__rosidl_typesupport_c.so
[ 39%] Built target px4_msgs__rosidl_typesupport_c
[ 39%] Generating C introspection for ROS interfaces
[ 39%] Building C object CMakeFiles/px4_msgs__rosidl_typesupport_introspection_c.dir/rosidl_typesupport_introspection_c/px4_msgs/msg/detail/actuator_armed__type_support.c.o
[ 39%] Building C object CMakeFiles/px4_msgs__rosidl_typesupport_introspection_c.dir/rosidl_typesupport_introspection_c/px4_msgs/msg/detail/action_request__type_support.c.o
[ 40%] Building C object CMakeFiles/px4_msgs__rosidl_typesupport_introspection_c.dir/rosidl_typesupport_introspection_c/px4_msgs/msg/detail/actuator_outputs__type_support.c.o
[ 40%] Building C object CMakeFiles/px4_msgs__rosidl_typesupport_introspection_c.dir/rosidl_typesupport_introspection_c/px4_msgs/msg/detail/actuator_controls_status__type_support.c.o
[ 40%] Building C object CMakeFiles/px4_msgs__rosidl_typesupport_introspection_c.dir/rosidl_typesupport_introspection_c/px4_msgs/msg/detail/actuator_motors__type_support.c.o
[ 40%] Building C object CMakeFiles/px4_msgs__rosidl_typesupport_introspection_c.dir/rosidl_typesupport_introspection_c/px4_msgs/msg/detail/actuator_test__type_support.c.o
[ 40%] Building C object CMakeFiles/px4_msgs__rosidl_typesupport_introspection_c.dir/rosidl_typesupport_introspection_c/px4_msgs/msg/detail/adc_report__type_support.c.o
[ 40%] Building C object CMakeFiles/px4_msgs__rosidl_typesupport_introspection_c.dir/rosidl_typesupport_introspection_c/px4_msgs/msg/detail/actuator_servos__type_support.c.o
[ 40%] Building C object CMakeFiles/px4_msgs__rosidl_typesupport_introspection_c.dir/rosidl_typesupport_introspection_c/px4_msgs/msg/detail/actuator_servos_trim__type_support.c.o
[ 40%] Building C object CMakeFiles/px4_msgs__rosidl_typesupport_introspection_c.dir/rosidl_typesupport_introspection_c/px4_msgs/msg/detail/airspeed__type_support.c.o
[ 40%] Building C object CMakeFiles/px4_msgs__rosidl_typesupport_introspection_c.dir/rosidl_typesupport_introspection_c/px4_msgs/msg/detail/airspeed_validated__type_support.c.o
[ 40%] Building C object CMakeFiles/px4_msgs__rosidl_typesupport_introspection_c.dir/rosidl_typesupport_introspection_c/px4_msgs/msg/detail/arming_check_reply__type_support.c.o
[ 40%] Building C object CMakeFiles/px4_msgs__rosidl_typesupport_introspection_c.dir/rosidl_typesupport_introspection_c/px4_msgs/msg/detail/airspeed_wind__type_support.c.o
[ 40%] Building C object CMakeFiles/px4_msgs__rosidl_typesupport_introspection_c.dir/rosidl_typesupport_introspection_c/px4_msgs/msg/detail/arming_check_request__type_support.c.o
[ 40%] Building C object CMakeFiles/px4_msgs__rosidl_typesupport_introspection_c.dir/rosidl_typesupport_introspection_c/px4_msgs/msg/detail/autotune_attitude_control_status__type_support.c.o
[ 40%] Building C object CMakeFiles/px4_msgs__rosidl_typesupport_introspection_c.dir/rosidl_typesupport_introspection_c/px4_msgs/msg/detail/battery_info__type_support.c.o
[ 40%] Building C object CMakeFiles/px4_msgs__rosidl_typesupport_introspection_c.dir/rosidl_typesupport_introspection_c/px4_msgs/msg/detail/battery_status__type_support.c.o
[ 40%] Building C object CMakeFiles/px4_msgs__rosidl_typesupport_introspection_c.dir/rosidl_typesupport_introspection_c/px4_msgs/msg/detail/button_event__type_support.c.o
[ 40%] Building C object CMakeFiles/px4_msgs__rosidl_typesupport_introspection_c.dir/rosidl_typesupport_introspection_c/px4_msgs/msg/detail/camera_capture__type_support.c.o
[ 40%] Building C object CMakeFiles/px4_msgs__rosidl_typesupport_introspection_c.dir/rosidl_typesupport_introspection_c/px4_msgs/msg/detail/camera_status__type_support.c.o
[ 40%] Building C object CMakeFiles/px4_msgs__rosidl_typesupport_introspection_c.dir/rosidl_typesupport_introspection_c/px4_msgs/msg/detail/camera_trigger__type_support.c.o
[ 40%] Building C object CMakeFiles/px4_msgs__rosidl_typesupport_introspection_c.dir/rosidl_typesupport_introspection_c/px4_msgs/msg/detail/can_interface_status__type_support.c.o
[ 40%] Building C object CMakeFiles/px4_msgs__rosidl_typesupport_introspection_c.dir/rosidl_typesupport_introspection_c/px4_msgs/msg/detail/cellular_status__type_support.c.o
[ 40%] Building C object CMakeFiles/px4_msgs__rosidl_typesupport_introspection_c.dir/rosidl_typesupport_introspection_c/px4_msgs/msg/detail/collision_constraints__type_support.c.o
[ 40%] Building C object CMakeFiles/px4_msgs__rosidl_typesupport_introspection_c.dir/rosidl_typesupport_introspection_c/px4_msgs/msg/detail/config_overrides__type_support.c.o
[ 40%] Building C object CMakeFiles/px4_msgs__rosidl_typesupport_introspection_c.dir/rosidl_typesupport_introspection_c/px4_msgs/msg/detail/control_allocator_status__type_support.c.o
[ 40%] Building C object CMakeFiles/px4_msgs__rosidl_typesupport_introspection_c.dir/rosidl_typesupport_introspection_c/px4_msgs/msg/detail/cpuload__type_support.c.o
[ 40%] Building C object CMakeFiles/px4_msgs__rosidl_typesupport_introspection_c.dir/rosidl_typesupport_introspection_c/px4_msgs/msg/detail/dataman_request__type_support.c.o
[ 41%] Building C object CMakeFiles/px4_msgs__rosidl_typesupport_introspection_c.dir/rosidl_typesupport_introspection_c/px4_msgs/msg/detail/dataman_response__type_support.c.o
[ 41%] Building C object CMakeFiles/px4_msgs__rosidl_typesupport_introspection_c.dir/rosidl_typesupport_introspection_c/px4_msgs/msg/detail/debug_array__type_support.c.o
[ 41%] Building C object CMakeFiles/px4_msgs__rosidl_typesupport_introspection_c.dir/rosidl_typesupport_introspection_c/px4_msgs/msg/detail/debug_key_value__type_support.c.o
[ 41%] Building C object CMakeFiles/px4_msgs__rosidl_typesupport_introspection_c.dir/rosidl_typesupport_introspection_c/px4_msgs/msg/detail/debug_value__type_support.c.o
[ 41%] Building C object CMakeFiles/px4_msgs__rosidl_typesupport_introspection_c.dir/rosidl_typesupport_introspection_c/px4_msgs/msg/detail/debug_vect__type_support.c.o
[ 41%] Building C object CMakeFiles/px4_msgs__rosidl_typesupport_introspection_c.dir/rosidl_typesupport_introspection_c/px4_msgs/msg/detail/differential_pressure__type_support.c.o
[ 41%] Building C object CMakeFiles/px4_msgs__rosidl_typesupport_introspection_c.dir/rosidl_typesupport_introspection_c/px4_msgs/msg/detail/distance_sensor__type_support.c.o
[ 41%] Building C object CMakeFiles/px4_msgs__rosidl_typesupport_introspection_c.dir/rosidl_typesupport_introspection_c/px4_msgs/msg/detail/distance_sensor_mode_change_request__type_support.c.o
[ 41%] Building C object CMakeFiles/px4_msgs__rosidl_typesupport_introspection_c.dir/rosidl_typesupport_introspection_c/px4_msgs/msg/detail/dronecan_node_status__type_support.c.o
[ 41%] Building C object CMakeFiles/px4_msgs__rosidl_typesupport_introspection_c.dir/rosidl_typesupport_introspection_c/px4_msgs/msg/detail/ekf2_timestamps__type_support.c.o
[ 41%] Building C object CMakeFiles/px4_msgs__rosidl_typesupport_introspection_c.dir/rosidl_typesupport_introspection_c/px4_msgs/msg/detail/esc_report__type_support.c.o
[ 41%] Building C object CMakeFiles/px4_msgs__rosidl_typesupport_introspection_c.dir/rosidl_typesupport_introspection_c/px4_msgs/msg/detail/esc_status__type_support.c.o
[ 41%] Building C object CMakeFiles/px4_msgs__rosidl_typesupport_introspection_c.dir/rosidl_typesupport_introspection_c/px4_msgs/msg/detail/estimator_aid_source1d__type_support.c.o
[ 41%] Building C object CMakeFiles/px4_msgs__rosidl_typesupport_introspection_c.dir/rosidl_typesupport_introspection_c/px4_msgs/msg/detail/estimator_aid_source2d__type_support.c.o
[ 41%] Building C object CMakeFiles/px4_msgs__rosidl_typesupport_introspection_c.dir/rosidl_typesupport_introspection_c/px4_msgs/msg/detail/estimator_aid_source3d__type_support.c.o
[ 41%] Building C object CMakeFiles/px4_msgs__rosidl_typesupport_introspection_c.dir/rosidl_typesupport_introspection_c/px4_msgs/msg/detail/estimator_bias3d__type_support.c.o
[ 41%] Building C object CMakeFiles/px4_msgs__rosidl_typesupport_introspection_c.dir/rosidl_typesupport_introspection_c/px4_msgs/msg/detail/estimator_bias__type_support.c.o
[ 41%] Building C object CMakeFiles/px4_msgs__rosidl_typesupport_introspection_c.dir/rosidl_typesupport_introspection_c/px4_msgs/msg/detail/estimator_event_flags__type_support.c.o
[ 41%] Building C object CMakeFiles/px4_msgs__rosidl_typesupport_introspection_c.dir/rosidl_typesupport_introspection_c/px4_msgs/msg/detail/estimator_gps_status__type_support.c.o
[ 41%] Building C object CMakeFiles/px4_msgs__rosidl_typesupport_introspection_c.dir/rosidl_typesupport_introspection_c/px4_msgs/msg/detail/estimator_selector_status__type_support.c.o
[ 41%] Building C object CMakeFiles/px4_msgs__rosidl_typesupport_introspection_c.dir/rosidl_typesupport_introspection_c/px4_msgs/msg/detail/estimator_innovations__type_support.c.o
[ 41%] Building C object CMakeFiles/px4_msgs__rosidl_typesupport_introspection_c.dir/rosidl_typesupport_introspection_c/px4_msgs/msg/detail/estimator_sensor_bias__type_support.c.o
[ 42%] Building C object CMakeFiles/px4_msgs__rosidl_typesupport_introspection_c.dir/rosidl_typesupport_introspection_c/px4_msgs/msg/detail/estimator_status__type_support.c.o
[ 42%] Building C object CMakeFiles/px4_msgs__rosidl_typesupport_introspection_c.dir/rosidl_typesupport_introspection_c/px4_msgs/msg/detail/estimator_states__type_support.c.o
[ 42%] Building C object CMakeFiles/px4_msgs__rosidl_typesupport_introspection_c.dir/rosidl_typesupport_introspection_c/px4_msgs/msg/detail/estimator_status_flags__type_support.c.o
[ 42%] Building C object CMakeFiles/px4_msgs__rosidl_typesupport_introspection_c.dir/rosidl_typesupport_introspection_c/px4_msgs/msg/detail/failsafe_flags__type_support.c.o
[ 42%] Building C object CMakeFiles/px4_msgs__rosidl_typesupport_introspection_c.dir/rosidl_typesupport_introspection_c/px4_msgs/msg/detail/event__type_support.c.o
[ 42%] Building C object CMakeFiles/px4_msgs__rosidl_typesupport_introspection_c.dir/rosidl_typesupport_introspection_c/px4_msgs/msg/detail/failure_detector_status__type_support.c.o
[ 42%] Building C object CMakeFiles/px4_msgs__rosidl_typesupport_introspection_c.dir/rosidl_typesupport_introspection_c/px4_msgs/msg/detail/figure_eight_status__type_support.c.o
[ 42%] Building C object CMakeFiles/px4_msgs__rosidl_typesupport_introspection_c.dir/rosidl_typesupport_introspection_c/px4_msgs/msg/detail/fixed_wing_lateral_guidance_status__type_support.c.o
[ 42%] Building C object CMakeFiles/px4_msgs__rosidl_typesupport_introspection_c.dir/rosidl_typesupport_introspection_c/px4_msgs/msg/detail/fixed_wing_lateral_setpoint__type_support.c.o
[ 42%] Building C object CMakeFiles/px4_msgs__rosidl_typesupport_introspection_c.dir/rosidl_typesupport_introspection_c/px4_msgs/msg/detail/fixed_wing_lateral_status__type_support.c.o
[ 42%] Building C object CMakeFiles/px4_msgs__rosidl_typesupport_introspection_c.dir/rosidl_typesupport_introspection_c/px4_msgs/msg/detail/fixed_wing_longitudinal_setpoint__type_support.c.o
[ 42%] Building C object CMakeFiles/px4_msgs__rosidl_typesupport_introspection_c.dir/rosidl_typesupport_introspection_c/px4_msgs/msg/detail/fixed_wing_runway_control__type_support.c.o
[ 42%] Building C object CMakeFiles/px4_msgs__rosidl_typesupport_introspection_c.dir/rosidl_typesupport_introspection_c/px4_msgs/msg/detail/flight_phase_estimation__type_support.c.o
[ 42%] Building C object CMakeFiles/px4_msgs__rosidl_typesupport_introspection_c.dir/rosidl_typesupport_introspection_c/px4_msgs/msg/detail/follow_target__type_support.c.o
[ 42%] Building C object CMakeFiles/px4_msgs__rosidl_typesupport_introspection_c.dir/rosidl_typesupport_introspection_c/px4_msgs/msg/detail/follow_target_estimator__type_support.c.o
[ 42%] Building C object CMakeFiles/px4_msgs__rosidl_typesupport_introspection_c.dir/rosidl_typesupport_introspection_c/px4_msgs/msg/detail/follow_target_status__type_support.c.o
[ 42%] Building C object CMakeFiles/px4_msgs__rosidl_typesupport_introspection_c.dir/rosidl_typesupport_introspection_c/px4_msgs/msg/detail/fuel_tank_status__type_support.c.o
[ 42%] Building C object CMakeFiles/px4_msgs__rosidl_typesupport_introspection_c.dir/rosidl_typesupport_introspection_c/px4_msgs/msg/detail/geofence_result__type_support.c.o
[ 42%] Building C object CMakeFiles/px4_msgs__rosidl_typesupport_introspection_c.dir/rosidl_typesupport_introspection_c/px4_msgs/msg/detail/generator_status__type_support.c.o
[ 42%] Building C object CMakeFiles/px4_msgs__rosidl_typesupport_introspection_c.dir/rosidl_typesupport_introspection_c/px4_msgs/msg/detail/geofence_status__type_support.c.o
[ 42%] Building C object CMakeFiles/px4_msgs__rosidl_typesupport_introspection_c.dir/rosidl_typesupport_introspection_c/px4_msgs/msg/detail/gimbal_controls__type_support.c.o
[ 42%] Building C object CMakeFiles/px4_msgs__rosidl_typesupport_introspection_c.dir/rosidl_typesupport_introspection_c/px4_msgs/msg/detail/gimbal_device_attitude_status__type_support.c.o
[ 42%] Building C object CMakeFiles/px4_msgs__rosidl_typesupport_introspection_c.dir/rosidl_typesupport_introspection_c/px4_msgs/msg/detail/gimbal_device_set_attitude__type_support.c.o
[ 42%] Building C object CMakeFiles/px4_msgs__rosidl_typesupport_introspection_c.dir/rosidl_typesupport_introspection_c/px4_msgs/msg/detail/gimbal_device_information__type_support.c.o
[ 42%] Building C object CMakeFiles/px4_msgs__rosidl_typesupport_introspection_c.dir/rosidl_typesupport_introspection_c/px4_msgs/msg/detail/gimbal_manager_information__type_support.c.o
[ 43%] Building C object CMakeFiles/px4_msgs__rosidl_typesupport_introspection_c.dir/rosidl_typesupport_introspection_c/px4_msgs/msg/detail/gimbal_manager_set_attitude__type_support.c.o
[ 43%] Building C object CMakeFiles/px4_msgs__rosidl_typesupport_introspection_c.dir/rosidl_typesupport_introspection_c/px4_msgs/msg/detail/gimbal_manager_set_manual_control__type_support.c.o
[ 43%] Building C object CMakeFiles/px4_msgs__rosidl_typesupport_introspection_c.dir/rosidl_typesupport_introspection_c/px4_msgs/msg/detail/gimbal_manager_status__type_support.c.o
[ 43%] Building C object CMakeFiles/px4_msgs__rosidl_typesupport_introspection_c.dir/rosidl_typesupport_introspection_c/px4_msgs/msg/detail/goto_setpoint__type_support.c.o
[ 43%] Building C object CMakeFiles/px4_msgs__rosidl_typesupport_introspection_c.dir/rosidl_typesupport_introspection_c/px4_msgs/msg/detail/gpio_config__type_support.c.o
[ 43%] Building C object CMakeFiles/px4_msgs__rosidl_typesupport_introspection_c.dir/rosidl_typesupport_introspection_c/px4_msgs/msg/detail/gpio_in__type_support.c.o
[ 43%] Building C object CMakeFiles/px4_msgs__rosidl_typesupport_introspection_c.dir/rosidl_typesupport_introspection_c/px4_msgs/msg/detail/gpio_out__type_support.c.o
[ 43%] Building C object CMakeFiles/px4_msgs__rosidl_typesupport_introspection_c.dir/rosidl_typesupport_introspection_c/px4_msgs/msg/detail/gpio_request__type_support.c.o
[ 43%] Building C object CMakeFiles/px4_msgs__rosidl_typesupport_introspection_c.dir/rosidl_typesupport_introspection_c/px4_msgs/msg/detail/gps_dump__type_support.c.o
[ 43%] Building C object CMakeFiles/px4_msgs__rosidl_typesupport_introspection_c.dir/rosidl_typesupport_introspection_c/px4_msgs/msg/detail/gps_inject_data__type_support.c.o
[ 43%] Building C object CMakeFiles/px4_msgs__rosidl_typesupport_introspection_c.dir/rosidl_typesupport_introspection_c/px4_msgs/msg/detail/gripper__type_support.c.o
[ 43%] Building C object CMakeFiles/px4_msgs__rosidl_typesupport_introspection_c.dir/rosidl_typesupport_introspection_c/px4_msgs/msg/detail/heater_status__type_support.c.o
[ 43%] Building C object CMakeFiles/px4_msgs__rosidl_typesupport_introspection_c.dir/rosidl_typesupport_introspection_c/px4_msgs/msg/detail/health_report__type_support.c.o
[ 43%] Building C object CMakeFiles/px4_msgs__rosidl_typesupport_introspection_c.dir/rosidl_typesupport_introspection_c/px4_msgs/msg/detail/home_position__type_support.c.o
[ 43%] Building C object CMakeFiles/px4_msgs__rosidl_typesupport_introspection_c.dir/rosidl_typesupport_introspection_c/px4_msgs/msg/detail/hover_thrust_estimate__type_support.c.o
[ 43%] Building C object CMakeFiles/px4_msgs__rosidl_typesupport_introspection_c.dir/rosidl_typesupport_introspection_c/px4_msgs/msg/detail/input_rc__type_support.c.o
[ 43%] Building C object CMakeFiles/px4_msgs__rosidl_typesupport_introspection_c.dir/rosidl_typesupport_introspection_c/px4_msgs/msg/detail/internal_combustion_engine_status__type_support.c.o
[ 43%] Building C object CMakeFiles/px4_msgs__rosidl_typesupport_introspection_c.dir/rosidl_typesupport_introspection_c/px4_msgs/msg/detail/internal_combustion_engine_control__type_support.c.o
[ 43%] Building C object CMakeFiles/px4_msgs__rosidl_typesupport_introspection_c.dir/rosidl_typesupport_introspection_c/px4_msgs/msg/detail/iridiumsbd_status__type_support.c.o
[ 43%] Building C object CMakeFiles/px4_msgs__rosidl_typesupport_introspection_c.dir/rosidl_typesupport_introspection_c/px4_msgs/msg/detail/irlock_report__type_support.c.o
[ 43%] Building C object CMakeFiles/px4_msgs__rosidl_typesupport_introspection_c.dir/rosidl_typesupport_introspection_c/px4_msgs/msg/detail/landing_gear__type_support.c.o
[ 43%] Building C object CMakeFiles/px4_msgs__rosidl_typesupport_introspection_c.dir/rosidl_typesupport_introspection_c/px4_msgs/msg/detail/landing_gear_wheel__type_support.c.o
[ 43%] Building C object CMakeFiles/px4_msgs__rosidl_typesupport_introspection_c.dir/rosidl_typesupport_introspection_c/px4_msgs/msg/detail/landing_target_innovations__type_support.c.o
[ 44%] Building C object CMakeFiles/px4_msgs__rosidl_typesupport_introspection_c.dir/rosidl_typesupport_introspection_c/px4_msgs/msg/detail/lateral_control_configuration__type_support.c.o
[ 44%] Building C object CMakeFiles/px4_msgs__rosidl_typesupport_introspection_c.dir/rosidl_typesupport_introspection_c/px4_msgs/msg/detail/landing_target_pose__type_support.c.o
[ 44%] Building C object CMakeFiles/px4_msgs__rosidl_typesupport_introspection_c.dir/rosidl_typesupport_introspection_c/px4_msgs/msg/detail/launch_detection_status__type_support.c.o
[ 44%] Building C object CMakeFiles/px4_msgs__rosidl_typesupport_introspection_c.dir/rosidl_typesupport_introspection_c/px4_msgs/msg/detail/log_message__type_support.c.o
[ 44%] Building C object CMakeFiles/px4_msgs__rosidl_typesupport_introspection_c.dir/rosidl_typesupport_introspection_c/px4_msgs/msg/detail/logger_status__type_support.c.o
[ 44%] Building C object CMakeFiles/px4_msgs__rosidl_typesupport_introspection_c.dir/rosidl_typesupport_introspection_c/px4_msgs/msg/detail/led_control__type_support.c.o
[ 44%] Building C object CMakeFiles/px4_msgs__rosidl_typesupport_introspection_c.dir/rosidl_typesupport_introspection_c/px4_msgs/msg/detail/longitudinal_control_configuration__type_support.c.o
[ 44%] Building C object CMakeFiles/px4_msgs__rosidl_typesupport_introspection_c.dir/rosidl_typesupport_introspection_c/px4_msgs/msg/detail/mag_worker_data__type_support.c.o
[ 44%] Building C object CMakeFiles/px4_msgs__rosidl_typesupport_introspection_c.dir/rosidl_typesupport_introspection_c/px4_msgs/msg/detail/magnetometer_bias_estimate__type_support.c.o
[ 44%] Building C object CMakeFiles/px4_msgs__rosidl_typesupport_introspection_c.dir/rosidl_typesupport_introspection_c/px4_msgs/msg/detail/manual_control_setpoint__type_support.c.o
[ 44%] Building C object CMakeFiles/px4_msgs__rosidl_typesupport_introspection_c.dir/rosidl_typesupport_introspection_c/px4_msgs/msg/detail/manual_control_switches__type_support.c.o
[ 44%] Building C object CMakeFiles/px4_msgs__rosidl_typesupport_introspection_c.dir/rosidl_typesupport_introspection_c/px4_msgs/msg/detail/mavlink_log__type_support.c.o
[ 44%] Building C object CMakeFiles/px4_msgs__rosidl_typesupport_introspection_c.dir/rosidl_typesupport_introspection_c/px4_msgs/msg/detail/mavlink_tunnel__type_support.c.o
[ 44%] Building C object CMakeFiles/px4_msgs__rosidl_typesupport_introspection_c.dir/rosidl_typesupport_introspection_c/px4_msgs/msg/detail/message_format_request__type_support.c.o
[ 44%] Building C object CMakeFiles/px4_msgs__rosidl_typesupport_introspection_c.dir/rosidl_typesupport_introspection_c/px4_msgs/msg/detail/message_format_response__type_support.c.o
[ 44%] Building C object CMakeFiles/px4_msgs__rosidl_typesupport_introspection_c.dir/rosidl_typesupport_introspection_c/px4_msgs/msg/detail/mission__type_support.c.o
[ 44%] Building C object CMakeFiles/px4_msgs__rosidl_typesupport_introspection_c.dir/rosidl_typesupport_introspection_c/px4_msgs/msg/detail/mode_completed__type_support.c.o
[ 44%] Building C object CMakeFiles/px4_msgs__rosidl_typesupport_introspection_c.dir/rosidl_typesupport_introspection_c/px4_msgs/msg/detail/mission_result__type_support.c.o
[ 44%] Building C object CMakeFiles/px4_msgs__rosidl_typesupport_introspection_c.dir/rosidl_typesupport_introspection_c/px4_msgs/msg/detail/mount_orientation__type_support.c.o
[ 44%] Building C object CMakeFiles/px4_msgs__rosidl_typesupport_introspection_c.dir/rosidl_typesupport_introspection_c/px4_msgs/msg/detail/navigator_mission_item__type_support.c.o
[ 44%] Building C object CMakeFiles/px4_msgs__rosidl_typesupport_introspection_c.dir/rosidl_typesupport_introspection_c/px4_msgs/msg/detail/navigator_status__type_support.c.o
[ 44%] Building C object CMakeFiles/px4_msgs__rosidl_typesupport_introspection_c.dir/rosidl_typesupport_introspection_c/px4_msgs/msg/detail/neural_control__type_support.c.o
[ 44%] Building C object CMakeFiles/px4_msgs__rosidl_typesupport_introspection_c.dir/rosidl_typesupport_introspection_c/px4_msgs/msg/detail/normalized_unsigned_setpoint__type_support.c.o
[ 44%] Building C object CMakeFiles/px4_msgs__rosidl_typesupport_introspection_c.dir/rosidl_typesupport_introspection_c/px4_msgs/msg/detail/obstacle_distance__type_support.c.o
[ 44%] Building C object CMakeFiles/px4_msgs__rosidl_typesupport_introspection_c.dir/rosidl_typesupport_introspection_c/px4_msgs/msg/detail/offboard_control_mode__type_support.c.o
[ 45%] Building C object CMakeFiles/px4_msgs__rosidl_typesupport_introspection_c.dir/rosidl_typesupport_introspection_c/px4_msgs/msg/detail/onboard_computer_status__type_support.c.o
[ 45%] Building C object CMakeFiles/px4_msgs__rosidl_typesupport_introspection_c.dir/rosidl_typesupport_introspection_c/px4_msgs/msg/detail/open_drone_id_arm_status__type_support.c.o
[ 45%] Building C object CMakeFiles/px4_msgs__rosidl_typesupport_introspection_c.dir/rosidl_typesupport_introspection_c/px4_msgs/msg/detail/open_drone_id_operator_id__type_support.c.o
[ 45%] Building C object CMakeFiles/px4_msgs__rosidl_typesupport_introspection_c.dir/rosidl_typesupport_introspection_c/px4_msgs/msg/detail/open_drone_id_self_id__type_support.c.o
[ 45%] Building C object CMakeFiles/px4_msgs__rosidl_typesupport_introspection_c.dir/rosidl_typesupport_introspection_c/px4_msgs/msg/detail/open_drone_id_system__type_support.c.o
[ 45%] Building C object CMakeFiles/px4_msgs__rosidl_typesupport_introspection_c.dir/rosidl_typesupport_introspection_c/px4_msgs/msg/detail/orb_test__type_support.c.o
[ 45%] Building C object CMakeFiles/px4_msgs__rosidl_typesupport_introspection_c.dir/rosidl_typesupport_introspection_c/px4_msgs/msg/detail/orb_test_large__type_support.c.o
[ 45%] Building C object CMakeFiles/px4_msgs__rosidl_typesupport_introspection_c.dir/rosidl_typesupport_introspection_c/px4_msgs/msg/detail/orbit_status__type_support.c.o
[ 45%] Building C object CMakeFiles/px4_msgs__rosidl_typesupport_introspection_c.dir/rosidl_typesupport_introspection_c/px4_msgs/msg/detail/orb_test_medium__type_support.c.o
[ 45%] Building C object CMakeFiles/px4_msgs__rosidl_typesupport_introspection_c.dir/rosidl_typesupport_introspection_c/px4_msgs/msg/detail/parameter_reset_request__type_support.c.o
[ 45%] Building C object CMakeFiles/px4_msgs__rosidl_typesupport_introspection_c.dir/rosidl_typesupport_introspection_c/px4_msgs/msg/detail/parameter_set_value_request__type_support.c.o
[ 45%] Building C object CMakeFiles/px4_msgs__rosidl_typesupport_introspection_c.dir/rosidl_typesupport_introspection_c/px4_msgs/msg/detail/parameter_set_used_request__type_support.c.o
[ 45%] Building C object CMakeFiles/px4_msgs__rosidl_typesupport_introspection_c.dir/rosidl_typesupport_introspection_c/px4_msgs/msg/detail/parameter_set_value_response__type_support.c.o
[ 45%] Building C object CMakeFiles/px4_msgs__rosidl_typesupport_introspection_c.dir/rosidl_typesupport_introspection_c/px4_msgs/msg/detail/parameter_update__type_support.c.o
[ 45%] Building C object CMakeFiles/px4_msgs__rosidl_typesupport_introspection_c.dir/rosidl_typesupport_introspection_c/px4_msgs/msg/detail/ping__type_support.c.o
[ 45%] Building C object CMakeFiles/px4_msgs__rosidl_typesupport_introspection_c.dir/rosidl_typesupport_introspection_c/px4_msgs/msg/detail/position_controller_landing_status__type_support.c.o
[ 45%] Building C object CMakeFiles/px4_msgs__rosidl_typesupport_introspection_c.dir/rosidl_typesupport_introspection_c/px4_msgs/msg/detail/position_controller_status__type_support.c.o
[ 45%] Building C object CMakeFiles/px4_msgs__rosidl_typesupport_introspection_c.dir/rosidl_typesupport_introspection_c/px4_msgs/msg/detail/position_setpoint_triplet__type_support.c.o
[ 45%] Building C object CMakeFiles/px4_msgs__rosidl_typesupport_introspection_c.dir/rosidl_typesupport_introspection_c/px4_msgs/msg/detail/position_setpoint__type_support.c.o
[ 45%] Building C object CMakeFiles/px4_msgs__rosidl_typesupport_introspection_c.dir/rosidl_typesupport_introspection_c/px4_msgs/msg/detail/power_button_state__type_support.c.o
[ 45%] Building C object CMakeFiles/px4_msgs__rosidl_typesupport_introspection_c.dir/rosidl_typesupport_introspection_c/px4_msgs/msg/detail/power_monitor__type_support.c.o
[ 45%] Building C object CMakeFiles/px4_msgs__rosidl_typesupport_introspection_c.dir/rosidl_typesupport_introspection_c/px4_msgs/msg/detail/pps_capture__type_support.c.o
[ 45%] Building C object CMakeFiles/px4_msgs__rosidl_typesupport_introspection_c.dir/rosidl_typesupport_introspection_c/px4_msgs/msg/detail/pure_pursuit_status__type_support.c.o
[ 45%] Building C object CMakeFiles/px4_msgs__rosidl_typesupport_introspection_c.dir/rosidl_typesupport_introspection_c/px4_msgs/msg/detail/pwm_input__type_support.c.o
[ 46%] Building C object CMakeFiles/px4_msgs__rosidl_typesupport_introspection_c.dir/rosidl_typesupport_introspection_c/px4_msgs/msg/detail/px4io_status__type_support.c.o
[ 46%] Building C object CMakeFiles/px4_msgs__rosidl_typesupport_introspection_c.dir/rosidl_typesupport_introspection_c/px4_msgs/msg/detail/qshell_req__type_support.c.o
[ 46%] Building C object CMakeFiles/px4_msgs__rosidl_typesupport_introspection_c.dir/rosidl_typesupport_introspection_c/px4_msgs/msg/detail/qshell_retval__type_support.c.o
[ 46%] Building C object CMakeFiles/px4_msgs__rosidl_typesupport_introspection_c.dir/rosidl_typesupport_introspection_c/px4_msgs/msg/detail/radio_status__type_support.c.o
[ 46%] Building C object CMakeFiles/px4_msgs__rosidl_typesupport_introspection_c.dir/rosidl_typesupport_introspection_c/px4_msgs/msg/detail/rate_ctrl_status__type_support.c.o
[ 46%] Building C object CMakeFiles/px4_msgs__rosidl_typesupport_introspection_c.dir/rosidl_typesupport_introspection_c/px4_msgs/msg/detail/rc_channels__type_support.c.o
[ 46%] Building C object CMakeFiles/px4_msgs__rosidl_typesupport_introspection_c.dir/rosidl_typesupport_introspection_c/px4_msgs/msg/detail/rc_parameter_map__type_support.c.o
[ 46%] Building C object CMakeFiles/px4_msgs__rosidl_typesupport_introspection_c.dir/rosidl_typesupport_introspection_c/px4_msgs/msg/detail/register_ext_component_reply__type_support.c.o
[ 46%] Building C object CMakeFiles/px4_msgs__rosidl_typesupport_introspection_c.dir/rosidl_typesupport_introspection_c/px4_msgs/msg/detail/register_ext_component_request__type_support.c.o
[ 46%] Building C object CMakeFiles/px4_msgs__rosidl_typesupport_introspection_c.dir/rosidl_typesupport_introspection_c/px4_msgs/msg/detail/rover_attitude_setpoint__type_support.c.o
[ 46%] Building C object CMakeFiles/px4_msgs__rosidl_typesupport_introspection_c.dir/rosidl_typesupport_introspection_c/px4_msgs/msg/detail/rover_attitude_status__type_support.c.o
[ 46%] Building C object CMakeFiles/px4_msgs__rosidl_typesupport_introspection_c.dir/rosidl_typesupport_introspection_c/px4_msgs/msg/detail/rover_position_setpoint__type_support.c.o
[ 46%] Building C object CMakeFiles/px4_msgs__rosidl_typesupport_introspection_c.dir/rosidl_typesupport_introspection_c/px4_msgs/msg/detail/rover_rate_setpoint__type_support.c.o
[ 46%] Building C object CMakeFiles/px4_msgs__rosidl_typesupport_introspection_c.dir/rosidl_typesupport_introspection_c/px4_msgs/msg/detail/rover_speed_setpoint__type_support.c.o
[ 46%] Building C object CMakeFiles/px4_msgs__rosidl_typesupport_introspection_c.dir/rosidl_typesupport_introspection_c/px4_msgs/msg/detail/rover_rate_status__type_support.c.o
[ 46%] Building C object CMakeFiles/px4_msgs__rosidl_typesupport_introspection_c.dir/rosidl_typesupport_introspection_c/px4_msgs/msg/detail/rover_speed_status__type_support.c.o
[ 46%] Building C object CMakeFiles/px4_msgs__rosidl_typesupport_introspection_c.dir/rosidl_typesupport_introspection_c/px4_msgs/msg/detail/rover_steering_setpoint__type_support.c.o
[ 46%] Building C object CMakeFiles/px4_msgs__rosidl_typesupport_introspection_c.dir/rosidl_typesupport_introspection_c/px4_msgs/msg/detail/rover_throttle_setpoint__type_support.c.o
[ 46%] Building C object CMakeFiles/px4_msgs__rosidl_typesupport_introspection_c.dir/rosidl_typesupport_introspection_c/px4_msgs/msg/detail/rtl_status__type_support.c.o
[ 46%] Building C object CMakeFiles/px4_msgs__rosidl_typesupport_introspection_c.dir/rosidl_typesupport_introspection_c/px4_msgs/msg/detail/rpm__type_support.c.o
[ 46%] Building C object CMakeFiles/px4_msgs__rosidl_typesupport_introspection_c.dir/rosidl_typesupport_introspection_c/px4_msgs/msg/detail/rtl_time_estimate__type_support.c.o
[ 46%] Building C object CMakeFiles/px4_msgs__rosidl_typesupport_introspection_c.dir/rosidl_typesupport_introspection_c/px4_msgs/msg/detail/sensor_accel__type_support.c.o
[ 46%] Building C object CMakeFiles/px4_msgs__rosidl_typesupport_introspection_c.dir/rosidl_typesupport_introspection_c/px4_msgs/msg/detail/satellite_info__type_support.c.o
[ 46%] Building C object CMakeFiles/px4_msgs__rosidl_typesupport_introspection_c.dir/rosidl_typesupport_introspection_c/px4_msgs/msg/detail/sensor_accel_fifo__type_support.c.o
[ 47%] Building C object CMakeFiles/px4_msgs__rosidl_typesupport_introspection_c.dir/rosidl_typesupport_introspection_c/px4_msgs/msg/detail/sensor_airflow__type_support.c.o
[ 47%] Building C object CMakeFiles/px4_msgs__rosidl_typesupport_introspection_c.dir/rosidl_typesupport_introspection_c/px4_msgs/msg/detail/sensor_baro__type_support.c.o
[ 47%] Building C object CMakeFiles/px4_msgs__rosidl_typesupport_introspection_c.dir/rosidl_typesupport_introspection_c/px4_msgs/msg/detail/sensor_combined__type_support.c.o
[ 47%] Building C object CMakeFiles/px4_msgs__rosidl_typesupport_introspection_c.dir/rosidl_typesupport_introspection_c/px4_msgs/msg/detail/sensor_correction__type_support.c.o
[ 47%] Building C object CMakeFiles/px4_msgs__rosidl_typesupport_introspection_c.dir/rosidl_typesupport_introspection_c/px4_msgs/msg/detail/sensor_gnss_relative__type_support.c.o
[ 47%] Building C object CMakeFiles/px4_msgs__rosidl_typesupport_introspection_c.dir/rosidl_typesupport_introspection_c/px4_msgs/msg/detail/sensor_gnss_status__type_support.c.o
[ 47%] Building C object CMakeFiles/px4_msgs__rosidl_typesupport_introspection_c.dir/rosidl_typesupport_introspection_c/px4_msgs/msg/detail/sensor_gps__type_support.c.o
[ 47%] Building C object CMakeFiles/px4_msgs__rosidl_typesupport_introspection_c.dir/rosidl_typesupport_introspection_c/px4_msgs/msg/detail/sensor_gyro__type_support.c.o
[ 47%] Building C object CMakeFiles/px4_msgs__rosidl_typesupport_introspection_c.dir/rosidl_typesupport_introspection_c/px4_msgs/msg/detail/sensor_gyro_fft__type_support.c.o
[ 47%] Building C object CMakeFiles/px4_msgs__rosidl_typesupport_introspection_c.dir/rosidl_typesupport_introspection_c/px4_msgs/msg/detail/sensor_gyro_fifo__type_support.c.o
[ 47%] Building C object CMakeFiles/px4_msgs__rosidl_typesupport_introspection_c.dir/rosidl_typesupport_introspection_c/px4_msgs/msg/detail/sensor_hygrometer__type_support.c.o
[ 47%] Building C object CMakeFiles/px4_msgs__rosidl_typesupport_introspection_c.dir/rosidl_typesupport_introspection_c/px4_msgs/msg/detail/sensor_mag__type_support.c.o
[ 47%] Building C object CMakeFiles/px4_msgs__rosidl_typesupport_introspection_c.dir/rosidl_typesupport_introspection_c/px4_msgs/msg/detail/sensor_optical_flow__type_support.c.o
[ 47%] Building C object CMakeFiles/px4_msgs__rosidl_typesupport_introspection_c.dir/rosidl_typesupport_introspection_c/px4_msgs/msg/detail/sensor_selection__type_support.c.o
[ 47%] Building C object CMakeFiles/px4_msgs__rosidl_typesupport_introspection_c.dir/rosidl_typesupport_introspection_c/px4_msgs/msg/detail/sensor_preflight_mag__type_support.c.o
[ 47%] Building C object CMakeFiles/px4_msgs__rosidl_typesupport_introspection_c.dir/rosidl_typesupport_introspection_c/px4_msgs/msg/detail/sensor_uwb__type_support.c.o
[ 47%] Building C object CMakeFiles/px4_msgs__rosidl_typesupport_introspection_c.dir/rosidl_typesupport_introspection_c/px4_msgs/msg/detail/sensors_status__type_support.c.o
[ 47%] Building C object CMakeFiles/px4_msgs__rosidl_typesupport_introspection_c.dir/rosidl_typesupport_introspection_c/px4_msgs/msg/detail/system_power__type_support.c.o
[ 47%] Building C object CMakeFiles/px4_msgs__rosidl_typesupport_introspection_c.dir/rosidl_typesupport_introspection_c/px4_msgs/msg/detail/sensors_status_imu__type_support.c.o
[ 47%] Building C object CMakeFiles/px4_msgs__rosidl_typesupport_introspection_c.dir/rosidl_typesupport_introspection_c/px4_msgs/msg/detail/task_stack_info__type_support.c.o
[ 47%] Building C object CMakeFiles/px4_msgs__rosidl_typesupport_introspection_c.dir/rosidl_typesupport_introspection_c/px4_msgs/msg/detail/takeoff_status__type_support.c.o
[ 47%] Building C object CMakeFiles/px4_msgs__rosidl_typesupport_introspection_c.dir/rosidl_typesupport_introspection_c/px4_msgs/msg/detail/tecs_status__type_support.c.o
[ 47%] Building C object CMakeFiles/px4_msgs__rosidl_typesupport_introspection_c.dir/rosidl_typesupport_introspection_c/px4_msgs/msg/detail/telemetry_status__type_support.c.o
[ 48%] Building C object CMakeFiles/px4_msgs__rosidl_typesupport_introspection_c.dir/rosidl_typesupport_introspection_c/px4_msgs/msg/detail/tiltrotor_extra_controls__type_support.c.o
[ 48%] Building C object CMakeFiles/px4_msgs__rosidl_typesupport_introspection_c.dir/rosidl_typesupport_introspection_c/px4_msgs/msg/detail/timesync_status__type_support.c.o
[ 48%] Building C object CMakeFiles/px4_msgs__rosidl_typesupport_introspection_c.dir/rosidl_typesupport_introspection_c/px4_msgs/msg/detail/trajectory_setpoint6dof__type_support.c.o
[ 48%] Building C object CMakeFiles/px4_msgs__rosidl_typesupport_introspection_c.dir/rosidl_typesupport_introspection_c/px4_msgs/msg/detail/trajectory_setpoint__type_support.c.o
[ 48%] Building C object CMakeFiles/px4_msgs__rosidl_typesupport_introspection_c.dir/rosidl_typesupport_introspection_c/px4_msgs/msg/detail/transponder_report__type_support.c.o
[ 48%] Building C object CMakeFiles/px4_msgs__rosidl_typesupport_introspection_c.dir/rosidl_typesupport_introspection_c/px4_msgs/msg/detail/tune_control__type_support.c.o
[ 48%] Building C object CMakeFiles/px4_msgs__rosidl_typesupport_introspection_c.dir/rosidl_typesupport_introspection_c/px4_msgs/msg/detail/uavcan_parameter_request__type_support.c.o
[ 48%] Building C object CMakeFiles/px4_msgs__rosidl_typesupport_introspection_c.dir/rosidl_typesupport_introspection_c/px4_msgs/msg/detail/uavcan_parameter_value__type_support.c.o
[ 48%] Building C object CMakeFiles/px4_msgs__rosidl_typesupport_introspection_c.dir/rosidl_typesupport_introspection_c/px4_msgs/msg/detail/ulog_stream__type_support.c.o
[ 48%] Building C object CMakeFiles/px4_msgs__rosidl_typesupport_introspection_c.dir/rosidl_typesupport_introspection_c/px4_msgs/msg/detail/ulog_stream_ack__type_support.c.o
[ 48%] Building C object CMakeFiles/px4_msgs__rosidl_typesupport_introspection_c.dir/rosidl_typesupport_introspection_c/px4_msgs/msg/detail/vehicle_acceleration__type_support.c.o
[ 48%] Building C object CMakeFiles/px4_msgs__rosidl_typesupport_introspection_c.dir/rosidl_typesupport_introspection_c/px4_msgs/msg/detail/unregister_ext_component__type_support.c.o
[ 48%] Building C object CMakeFiles/px4_msgs__rosidl_typesupport_introspection_c.dir/rosidl_typesupport_introspection_c/px4_msgs/msg/detail/vehicle_air_data__type_support.c.o
[ 48%] Building C object CMakeFiles/px4_msgs__rosidl_typesupport_introspection_c.dir/rosidl_typesupport_introspection_c/px4_msgs/msg/detail/vehicle_angular_acceleration_setpoint__type_support.c.o
[ 48%] Building C object CMakeFiles/px4_msgs__rosidl_typesupport_introspection_c.dir/rosidl_typesupport_introspection_c/px4_msgs/msg/detail/vehicle_angular_velocity__type_support.c.o
[ 48%] Building C object CMakeFiles/px4_msgs__rosidl_typesupport_introspection_c.dir/rosidl_typesupport_introspection_c/px4_msgs/msg/detail/vehicle_attitude__type_support.c.o
[ 48%] Building C object CMakeFiles/px4_msgs__rosidl_typesupport_introspection_c.dir/rosidl_typesupport_introspection_c/px4_msgs/msg/detail/vehicle_attitude_setpoint__type_support.c.o
[ 48%] Building C object CMakeFiles/px4_msgs__rosidl_typesupport_introspection_c.dir/rosidl_typesupport_introspection_c/px4_msgs/msg/detail/vehicle_command__type_support.c.o
[ 48%] Building C object CMakeFiles/px4_msgs__rosidl_typesupport_introspection_c.dir/rosidl_typesupport_introspection_c/px4_msgs/msg/detail/vehicle_command_ack__type_support.c.o
[ 48%] Building C object CMakeFiles/px4_msgs__rosidl_typesupport_introspection_c.dir/rosidl_typesupport_introspection_c/px4_msgs/msg/detail/vehicle_constraints__type_support.c.o
[ 48%] Building C object CMakeFiles/px4_msgs__rosidl_typesupport_introspection_c.dir/rosidl_typesupport_introspection_c/px4_msgs/msg/detail/vehicle_control_mode__type_support.c.o
[ 48%] Building C object CMakeFiles/px4_msgs__rosidl_typesupport_introspection_c.dir/rosidl_typesupport_introspection_c/px4_msgs/msg/detail/vehicle_global_position__type_support.c.o
[ 48%] Building C object CMakeFiles/px4_msgs__rosidl_typesupport_introspection_c.dir/rosidl_typesupport_introspection_c/px4_msgs/msg/detail/vehicle_imu__type_support.c.o
[ 48%] Building C object CMakeFiles/px4_msgs__rosidl_typesupport_introspection_c.dir/rosidl_typesupport_introspection_c/px4_msgs/msg/detail/vehicle_imu_status__type_support.c.o
[ 49%] Building C object CMakeFiles/px4_msgs__rosidl_typesupport_introspection_c.dir/rosidl_typesupport_introspection_c/px4_msgs/msg/detail/vehicle_land_detected__type_support.c.o
[ 49%] Building C object CMakeFiles/px4_msgs__rosidl_typesupport_introspection_c.dir/rosidl_typesupport_introspection_c/px4_msgs/msg/detail/vehicle_local_position__type_support.c.o
[ 49%] Building C object CMakeFiles/px4_msgs__rosidl_typesupport_introspection_c.dir/rosidl_typesupport_introspection_c/px4_msgs/msg/detail/vehicle_local_position_setpoint__type_support.c.o
[ 49%] Building C object CMakeFiles/px4_msgs__rosidl_typesupport_introspection_c.dir/rosidl_typesupport_introspection_c/px4_msgs/msg/detail/vehicle_magnetometer__type_support.c.o
[ 49%] Building C object CMakeFiles/px4_msgs__rosidl_typesupport_introspection_c.dir/rosidl_typesupport_introspection_c/px4_msgs/msg/detail/vehicle_odometry__type_support.c.o
[ 49%] Building C object CMakeFiles/px4_msgs__rosidl_typesupport_introspection_c.dir/rosidl_typesupport_introspection_c/px4_msgs/msg/detail/vehicle_optical_flow_vel__type_support.c.o
[ 49%] Building C object CMakeFiles/px4_msgs__rosidl_typesupport_introspection_c.dir/rosidl_typesupport_introspection_c/px4_msgs/msg/detail/vehicle_optical_flow__type_support.c.o
[ 49%] Building C object CMakeFiles/px4_msgs__rosidl_typesupport_introspection_c.dir/rosidl_typesupport_introspection_c/px4_msgs/msg/detail/vehicle_rates_setpoint__type_support.c.o
[ 49%] Building C object CMakeFiles/px4_msgs__rosidl_typesupport_introspection_c.dir/rosidl_typesupport_introspection_c/px4_msgs/msg/detail/vehicle_roi__type_support.c.o
[ 49%] Building C object CMakeFiles/px4_msgs__rosidl_typesupport_introspection_c.dir/rosidl_typesupport_introspection_c/px4_msgs/msg/detail/vehicle_status__type_support.c.o
[ 49%] Building C object CMakeFiles/px4_msgs__rosidl_typesupport_introspection_c.dir/rosidl_typesupport_introspection_c/px4_msgs/msg/detail/vehicle_thrust_setpoint__type_support.c.o
[ 49%] Building C object CMakeFiles/px4_msgs__rosidl_typesupport_introspection_c.dir/rosidl_typesupport_introspection_c/px4_msgs/msg/detail/vehicle_torque_setpoint__type_support.c.o
[ 49%] Building C object CMakeFiles/px4_msgs__rosidl_typesupport_introspection_c.dir/rosidl_typesupport_introspection_c/px4_msgs/msg/detail/velocity_limits__type_support.c.o
[ 49%] Building C object CMakeFiles/px4_msgs__rosidl_typesupport_introspection_c.dir/rosidl_typesupport_introspection_c/px4_msgs/msg/detail/vtol_vehicle_status__type_support.c.o
[ 49%] Building C object CMakeFiles/px4_msgs__rosidl_typesupport_introspection_c.dir/rosidl_typesupport_introspection_c/px4_msgs/msg/detail/wheel_encoders__type_support.c.o
[ 49%] Building C object CMakeFiles/px4_msgs__rosidl_typesupport_introspection_c.dir/rosidl_typesupport_introspection_c/px4_msgs/msg/detail/wind__type_support.c.o
[ 49%] Building C object CMakeFiles/px4_msgs__rosidl_typesupport_introspection_c.dir/rosidl_typesupport_introspection_c/px4_msgs/msg/detail/yaw_estimator_status__type_support.c.o
[ 49%] Building C object CMakeFiles/px4_msgs__rosidl_typesupport_introspection_c.dir/rosidl_typesupport_introspection_c/px4_msgs/srv/detail/vehicle_command__type_support.c.o
[ 49%] Linking C shared library libpx4_msgs__rosidl_typesupport_introspection_c.so
[ 49%] Built target px4_msgs__rosidl_typesupport_introspection_c
[ 49%] Generating C type support for eProsima Fast-RTPS
[ 49%] Generating C++ code for ROS interfaces
[ 50%] Built target px4_msgs__cpp
[ 50%] Generating C++ type support dispatch for ROS interfaces
[ 50%] Generating C++ introspection for ROS interfaces
[ 50%] Generating C++ type support for eProsima Fast-RTPS
[ 50%] Building CXX object CMakeFiles/px4_msgs__rosidl_typesupport_fastrtps_c.dir/rosidl_typesupport_fastrtps_c/px4_msgs/msg/detail/action_request__type_support_c.cpp.o
[ 50%] Building CXX object CMakeFiles/px4_msgs__rosidl_typesupport_fastrtps_c.dir/rosidl_typesupport_fastrtps_c/px4_msgs/msg/detail/actuator_armed__type_support_c.cpp.o
[ 50%] Building CXX object CMakeFiles/px4_msgs__rosidl_typesupport_fastrtps_c.dir/rosidl_typesupport_fastrtps_c/px4_msgs/msg/detail/actuator_controls_status__type_support_c.cpp.o
[ 50%] Building CXX object CMakeFiles/px4_msgs__rosidl_typesupport_fastrtps_c.dir/rosidl_typesupport_fastrtps_c/px4_msgs/msg/detail/actuator_motors__type_support_c.cpp.o
[ 50%] Building CXX object CMakeFiles/px4_msgs__rosidl_typesupport_fastrtps_c.dir/rosidl_typesupport_fastrtps_c/px4_msgs/msg/detail/actuator_outputs__type_support_c.cpp.o
[ 50%] Building CXX object CMakeFiles/px4_msgs__rosidl_typesupport_fastrtps_c.dir/rosidl_typesupport_fastrtps_c/px4_msgs/msg/detail/adc_report__type_support_c.cpp.o
[ 50%] Building CXX object CMakeFiles/px4_msgs__rosidl_typesupport_fastrtps_c.dir/rosidl_typesupport_fastrtps_c/px4_msgs/msg/detail/airspeed__type_support_c.cpp.o
[ 50%] Building CXX object CMakeFiles/px4_msgs__rosidl_typesupport_fastrtps_c.dir/rosidl_typesupport_fastrtps_c/px4_msgs/msg/detail/arming_check_reply__type_support_c.cpp.o
[ 50%] Building CXX object CMakeFiles/px4_msgs__rosidl_typesupport_fastrtps_c.dir/rosidl_typesupport_fastrtps_c/px4_msgs/msg/detail/arming_check_request__type_support_c.cpp.o
[ 50%] Building CXX object CMakeFiles/px4_msgs__rosidl_typesupport_fastrtps_c.dir/rosidl_typesupport_fastrtps_c/px4_msgs/msg/detail/autotune_attitude_control_status__type_support_c.cpp.o
[ 50%] Building CXX object CMakeFiles/px4_msgs__rosidl_typesupport_fastrtps_c.dir/rosidl_typesupport_fastrtps_c/px4_msgs/msg/detail/battery_info__type_support_c.cpp.o
[ 50%] Building CXX object CMakeFiles/px4_msgs__rosidl_typesupport_fastrtps_c.dir/rosidl_typesupport_fastrtps_c/px4_msgs/msg/detail/battery_status__type_support_c.cpp.o
[ 50%] Building CXX object CMakeFiles/px4_msgs__rosidl_typesupport_fastrtps_c.dir/rosidl_typesupport_fastrtps_c/px4_msgs/msg/detail/camera_trigger__type_support_c.cpp.o
[ 50%] Building CXX object CMakeFiles/px4_msgs__rosidl_typesupport_fastrtps_c.dir/rosidl_typesupport_fastrtps_c/px4_msgs/msg/detail/cellular_status__type_support_c.cpp.o
[ 50%] Building CXX object CMakeFiles/px4_msgs__rosidl_typesupport_fastrtps_c.dir/rosidl_typesupport_fastrtps_c/px4_msgs/msg/detail/collision_constraints__type_support_c.cpp.o
[ 50%] Building CXX object CMakeFiles/px4_msgs__rosidl_typesupport_fastrtps_c.dir/rosidl_typesupport_fastrtps_c/px4_msgs/msg/detail/config_overrides__type_support_c.cpp.o
[ 50%] Building CXX object CMakeFiles/px4_msgs__rosidl_typesupport_fastrtps_c.dir/rosidl_typesupport_fastrtps_c/px4_msgs/msg/detail/actuator_test__type_support_c.cpp.o
[ 50%] Building CXX object CMakeFiles/px4_msgs__rosidl_typesupport_fastrtps_c.dir/rosidl_typesupport_fastrtps_c/px4_msgs/msg/detail/control_allocator_status__type_support_c.cpp.o
[ 50%] Building CXX object CMakeFiles/px4_msgs__rosidl_typesupport_fastrtps_c.dir/rosidl_typesupport_fastrtps_c/px4_msgs/msg/detail/cpuload__type_support_c.cpp.o
[ 51%] Building CXX object CMakeFiles/px4_msgs__rosidl_typesupport_fastrtps_c.dir/rosidl_typesupport_fastrtps_c/px4_msgs/msg/detail/dataman_request__type_support_c.cpp.o
[ 51%] Building CXX object CMakeFiles/px4_msgs__rosidl_typesupport_fastrtps_c.dir/rosidl_typesupport_fastrtps_c/px4_msgs/msg/detail/dataman_response__type_support_c.cpp.o
[ 51%] Building CXX object CMakeFiles/px4_msgs__rosidl_typesupport_fastrtps_c.dir/rosidl_typesupport_fastrtps_c/px4_msgs/msg/detail/debug_array__type_support_c.cpp.o
[ 51%] Building CXX object CMakeFiles/px4_msgs__rosidl_typesupport_fastrtps_c.dir/rosidl_typesupport_fastrtps_c/px4_msgs/msg/detail/debug_key_value__type_support_c.cpp.o
[ 51%] Building CXX object CMakeFiles/px4_msgs__rosidl_typesupport_fastrtps_c.dir/rosidl_typesupport_fastrtps_c/px4_msgs/msg/detail/debug_value__type_support_c.cpp.o
[ 51%] Building CXX object CMakeFiles/px4_msgs__rosidl_typesupport_fastrtps_c.dir/rosidl_typesupport_fastrtps_c/px4_msgs/msg/detail/debug_vect__type_support_c.cpp.o
[ 51%] Building CXX object CMakeFiles/px4_msgs__rosidl_typesupport_fastrtps_c.dir/rosidl_typesupport_fastrtps_c/px4_msgs/msg/detail/differential_pressure__type_support_c.cpp.o
[ 51%] Building CXX object CMakeFiles/px4_msgs__rosidl_typesupport_fastrtps_c.dir/rosidl_typesupport_fastrtps_c/px4_msgs/msg/detail/distance_sensor__type_support_c.cpp.o
[ 51%] Building CXX object CMakeFiles/px4_msgs__rosidl_typesupport_fastrtps_c.dir/rosidl_typesupport_fastrtps_c/px4_msgs/msg/detail/distance_sensor_mode_change_request__type_support_c.cpp.o
[ 51%] Building CXX object CMakeFiles/px4_msgs__rosidl_typesupport_fastrtps_c.dir/rosidl_typesupport_fastrtps_c/px4_msgs/msg/detail/ekf2_timestamps__type_support_c.cpp.o
[ 51%] Building CXX object CMakeFiles/px4_msgs__rosidl_typesupport_fastrtps_c.dir/rosidl_typesupport_fastrtps_c/px4_msgs/msg/detail/esc_status__type_support_c.cpp.o
[ 51%] Building CXX object CMakeFiles/px4_msgs__rosidl_typesupport_fastrtps_c.dir/rosidl_typesupport_fastrtps_c/px4_msgs/msg/detail/estimator_aid_source1d__type_support_c.cpp.o
[ 51%] Building CXX object CMakeFiles/px4_msgs__rosidl_typesupport_fastrtps_c.dir/rosidl_typesupport_fastrtps_c/px4_msgs/msg/detail/estimator_aid_source3d__type_support_c.cpp.o
[ 51%] Building CXX object CMakeFiles/px4_msgs__rosidl_typesupport_fastrtps_c.dir/rosidl_typesupport_fastrtps_c/px4_msgs/msg/detail/estimator_bias__type_support_c.cpp.o
[ 51%] Building CXX object CMakeFiles/px4_msgs__rosidl_typesupport_fastrtps_c.dir/rosidl_typesupport_fastrtps_c/px4_msgs/msg/detail/estimator_innovations__type_support_c.cpp.o
[ 51%] Building CXX object CMakeFiles/px4_msgs__rosidl_typesupport_fastrtps_c.dir/rosidl_typesupport_fastrtps_c/px4_msgs/msg/detail/estimator_selector_status__type_support_c.cpp.o
[ 52%] Building CXX object CMakeFiles/px4_msgs__rosidl_typesupport_fastrtps_c.dir/rosidl_typesupport_fastrtps_c/px4_msgs/msg/detail/estimator_sensor_bias__type_support_c.cpp.o
[ 52%] Building CXX object CMakeFiles/px4_msgs__rosidl_typesupport_fastrtps_c.dir/rosidl_typesupport_fastrtps_c/px4_msgs/msg/detail/estimator_states__type_support_c.cpp.o
[ 52%] Building CXX object CMakeFiles/px4_msgs__rosidl_typesupport_fastrtps_c.dir/rosidl_typesupport_fastrtps_c/px4_msgs/msg/detail/dronecan_node_status__type_support_c.cpp.o
[ 52%] Building CXX object CMakeFiles/px4_msgs__rosidl_typesupport_fastrtps_c.dir/rosidl_typesupport_fastrtps_c/px4_msgs/msg/detail/estimator_status__type_support_c.cpp.o
[ 52%] Building CXX object CMakeFiles/px4_msgs__rosidl_typesupport_fastrtps_c.dir/rosidl_typesupport_fastrtps_c/px4_msgs/msg/detail/event__type_support_c.cpp.o
[ 52%] Building CXX object CMakeFiles/px4_msgs__rosidl_typesupport_fastrtps_c.dir/rosidl_typesupport_fastrtps_c/px4_msgs/msg/detail/failsafe_flags__type_support_c.cpp.o
[ 52%] Building CXX object CMakeFiles/px4_msgs__rosidl_typesupport_fastrtps_c.dir/rosidl_typesupport_fastrtps_c/px4_msgs/msg/detail/failure_detector_status__type_support_c.cpp.o
[ 52%] Building CXX object CMakeFiles/px4_msgs__rosidl_typesupport_fastrtps_c.dir/rosidl_typesupport_fastrtps_c/px4_msgs/msg/detail/figure_eight_status__type_support_c.cpp.o
[ 52%] Building CXX object CMakeFiles/px4_msgs__rosidl_typesupport_fastrtps_c.dir/rosidl_typesupport_fastrtps_c/px4_msgs/msg/detail/fixed_wing_lateral_guidance_status__type_support_c.cpp.o
[ 52%] Building CXX object CMakeFiles/px4_msgs__rosidl_typesupport_fastrtps_c.dir/rosidl_typesupport_fastrtps_c/px4_msgs/msg/detail/fixed_wing_lateral_setpoint__type_support_c.cpp.o
[ 52%] Building CXX object CMakeFiles/px4_msgs__rosidl_typesupport_fastrtps_c.dir/rosidl_typesupport_fastrtps_c/px4_msgs/msg/detail/fixed_wing_lateral_status__type_support_c.cpp.o
[ 52%] Building CXX object CMakeFiles/px4_msgs__rosidl_typesupport_fastrtps_c.dir/rosidl_typesupport_fastrtps_c/px4_msgs/msg/detail/fixed_wing_longitudinal_setpoint__type_support_c.cpp.o
[ 52%] Building CXX object CMakeFiles/px4_msgs__rosidl_typesupport_fastrtps_c.dir/rosidl_typesupport_fastrtps_c/px4_msgs/msg/detail/fixed_wing_runway_control__type_support_c.cpp.o
[ 52%] Building CXX object CMakeFiles/px4_msgs__rosidl_typesupport_fastrtps_c.dir/rosidl_typesupport_fastrtps_c/px4_msgs/msg/detail/flight_phase_estimation__type_support_c.cpp.o
[ 52%] Building CXX object CMakeFiles/px4_msgs__rosidl_typesupport_fastrtps_c.dir/rosidl_typesupport_fastrtps_c/px4_msgs/msg/detail/follow_target__type_support_c.cpp.o
[ 52%] Building CXX object CMakeFiles/px4_msgs__rosidl_typesupport_fastrtps_c.dir/rosidl_typesupport_fastrtps_c/px4_msgs/msg/detail/follow_target_estimator__type_support_c.cpp.o
[ 52%] Building CXX object CMakeFiles/px4_msgs__rosidl_typesupport_fastrtps_c.dir/rosidl_typesupport_fastrtps_c/px4_msgs/msg/detail/follow_target_status__type_support_c.cpp.o
[ 52%] Building CXX object CMakeFiles/px4_msgs__rosidl_typesupport_fastrtps_c.dir/rosidl_typesupport_fastrtps_c/px4_msgs/msg/detail/fuel_tank_status__type_support_c.cpp.o
[ 52%] Building CXX object CMakeFiles/px4_msgs__rosidl_typesupport_fastrtps_c.dir/rosidl_typesupport_fastrtps_c/px4_msgs/msg/detail/generator_status__type_support_c.cpp.o
[ 52%] Building CXX object CMakeFiles/px4_msgs__rosidl_typesupport_fastrtps_c.dir/rosidl_typesupport_fastrtps_c/px4_msgs/msg/detail/geofence_result__type_support_c.cpp.o
[ 52%] Building CXX object CMakeFiles/px4_msgs__rosidl_typesupport_fastrtps_c.dir/rosidl_typesupport_fastrtps_c/px4_msgs/msg/detail/geofence_status__type_support_c.cpp.o
[ 52%] Building CXX object CMakeFiles/px4_msgs__rosidl_typesupport_fastrtps_c.dir/rosidl_typesupport_fastrtps_c/px4_msgs/msg/detail/gimbal_controls__type_support_c.cpp.o
[ 52%] Building CXX object CMakeFiles/px4_msgs__rosidl_typesupport_fastrtps_c.dir/rosidl_typesupport_fastrtps_c/px4_msgs/msg/detail/gimbal_device_attitude_status__type_support_c.cpp.o
[ 52%] Building CXX object CMakeFiles/px4_msgs__rosidl_typesupport_fastrtps_c.dir/rosidl_typesupport_fastrtps_c/px4_msgs/msg/detail/gimbal_device_information__type_support_c.cpp.o
[ 53%] Building CXX object CMakeFiles/px4_msgs__rosidl_typesupport_fastrtps_c.dir/rosidl_typesupport_fastrtps_c/px4_msgs/msg/detail/gimbal_device_set_attitude__type_support_c.cpp.o
[ 53%] Building CXX object CMakeFiles/px4_msgs__rosidl_typesupport_fastrtps_c.dir/rosidl_typesupport_fastrtps_c/px4_msgs/msg/detail/gimbal_manager_information__type_support_c.cpp.o
[ 53%] Building CXX object CMakeFiles/px4_msgs__rosidl_typesupport_fastrtps_c.dir/rosidl_typesupport_fastrtps_c/px4_msgs/msg/detail/gimbal_manager_set_attitude__type_support_c.cpp.o
[ 53%] Building CXX object CMakeFiles/px4_msgs__rosidl_typesupport_fastrtps_c.dir/rosidl_typesupport_fastrtps_c/px4_msgs/msg/detail/gimbal_manager_set_manual_control__type_support_c.cpp.o
[ 53%] Building CXX object CMakeFiles/px4_msgs__rosidl_typesupport_fastrtps_c.dir/rosidl_typesupport_fastrtps_c/px4_msgs/msg/detail/gimbal_manager_status__type_support_c.cpp.o
[ 53%] Building CXX object CMakeFiles/px4_msgs__rosidl_typesupport_fastrtps_c.dir/rosidl_typesupport_fastrtps_c/px4_msgs/msg/detail/goto_setpoint__type_support_c.cpp.o
[ 53%] Building CXX object CMakeFiles/px4_msgs__rosidl_typesupport_fastrtps_c.dir/rosidl_typesupport_fastrtps_c/px4_msgs/msg/detail/gpio_config__type_support_c.cpp.o
[ 53%] Building CXX object CMakeFiles/px4_msgs__rosidl_typesupport_fastrtps_c.dir/rosidl_typesupport_fastrtps_c/px4_msgs/msg/detail/gpio_in__type_support_c.cpp.o
[ 53%] Building CXX object CMakeFiles/px4_msgs__rosidl_typesupport_fastrtps_c.dir/rosidl_typesupport_fastrtps_c/px4_msgs/msg/detail/gpio_out__type_support_c.cpp.o
[ 53%] Building CXX object CMakeFiles/px4_msgs__rosidl_typesupport_fastrtps_c.dir/rosidl_typesupport_fastrtps_c/px4_msgs/msg/detail/gpio_request__type_support_c.cpp.o
[ 53%] Building CXX object CMakeFiles/px4_msgs__rosidl_typesupport_fastrtps_c.dir/rosidl_typesupport_fastrtps_c/px4_msgs/msg/detail/gps_dump__type_support_c.cpp.o
[ 53%] Building CXX object CMakeFiles/px4_msgs__rosidl_typesupport_fastrtps_c.dir/rosidl_typesupport_fastrtps_c/px4_msgs/msg/detail/gps_inject_data__type_support_c.cpp.o
[ 53%] Building CXX object CMakeFiles/px4_msgs__rosidl_typesupport_fastrtps_c.dir/rosidl_typesupport_fastrtps_c/px4_msgs/msg/detail/gripper__type_support_c.cpp.o
[ 53%] Building CXX object CMakeFiles/px4_msgs__rosidl_typesupport_fastrtps_c.dir/rosidl_typesupport_fastrtps_c/px4_msgs/msg/detail/health_report__type_support_c.cpp.o
[ 53%] Building CXX object CMakeFiles/px4_msgs__rosidl_typesupport_fastrtps_c.dir/rosidl_typesupport_fastrtps_c/px4_msgs/msg/detail/heater_status__type_support_c.cpp.o
[ 53%] Building CXX object CMakeFiles/px4_msgs__rosidl_typesupport_fastrtps_c.dir/rosidl_typesupport_fastrtps_c/px4_msgs/msg/detail/home_position__type_support_c.cpp.o
[ 53%] Building CXX object CMakeFiles/px4_msgs__rosidl_typesupport_fastrtps_c.dir/rosidl_typesupport_fastrtps_c/px4_msgs/msg/detail/hover_thrust_estimate__type_support_c.cpp.o
[ 53%] Building CXX object CMakeFiles/px4_msgs__rosidl_typesupport_fastrtps_c.dir/rosidl_typesupport_fastrtps_c/px4_msgs/msg/detail/input_rc__type_support_c.cpp.o
[ 53%] Building CXX object CMakeFiles/px4_msgs__rosidl_typesupport_fastrtps_c.dir/rosidl_typesupport_fastrtps_c/px4_msgs/msg/detail/internal_combustion_engine_control__type_support_c.cpp.o
[ 53%] Building CXX object CMakeFiles/px4_msgs__rosidl_typesupport_fastrtps_c.dir/rosidl_typesupport_fastrtps_c/px4_msgs/msg/detail/internal_combustion_engine_status__type_support_c.cpp.o
[ 53%] Building CXX object CMakeFiles/px4_msgs__rosidl_typesupport_fastrtps_c.dir/rosidl_typesupport_fastrtps_c/px4_msgs/msg/detail/iridiumsbd_status__type_support_c.cpp.o
[ 53%] Building CXX object CMakeFiles/px4_msgs__rosidl_typesupport_fastrtps_c.dir/rosidl_typesupport_fastrtps_c/px4_msgs/msg/detail/irlock_report__type_support_c.cpp.o
[ 53%] Building CXX object CMakeFiles/px4_msgs__rosidl_typesupport_fastrtps_c.dir/rosidl_typesupport_fastrtps_c/px4_msgs/msg/detail/landing_gear__type_support_c.cpp.o
[ 53%] Building CXX object CMakeFiles/px4_msgs__rosidl_typesupport_fastrtps_c.dir/rosidl_typesupport_fastrtps_c/px4_msgs/msg/detail/landing_gear_wheel__type_support_c.cpp.o
[ 53%] Building CXX object CMakeFiles/px4_msgs__rosidl_typesupport_fastrtps_c.dir/rosidl_typesupport_fastrtps_c/px4_msgs/msg/detail/landing_target_innovations__type_support_c.cpp.o
[ 54%] Building CXX object CMakeFiles/px4_msgs__rosidl_typesupport_fastrtps_c.dir/rosidl_typesupport_fastrtps_c/px4_msgs/msg/detail/landing_target_pose__type_support_c.cpp.o
[ 54%] Building CXX object CMakeFiles/px4_msgs__rosidl_typesupport_fastrtps_c.dir/rosidl_typesupport_fastrtps_c/px4_msgs/msg/detail/actuator_servos_trim__type_support_c.cpp.o
[ 54%] Building CXX object CMakeFiles/px4_msgs__rosidl_typesupport_fastrtps_c.dir/rosidl_typesupport_fastrtps_c/px4_msgs/msg/detail/lateral_control_configuration__type_support_c.cpp.o
[ 54%] Building CXX object CMakeFiles/px4_msgs__rosidl_typesupport_fastrtps_c.dir/rosidl_typesupport_fastrtps_c/px4_msgs/msg/detail/launch_detection_status__type_support_c.cpp.o
[ 54%] Building CXX object CMakeFiles/px4_msgs__rosidl_typesupport_fastrtps_c.dir/rosidl_typesupport_fastrtps_c/px4_msgs/msg/detail/led_control__type_support_c.cpp.o
[ 54%] Building CXX object CMakeFiles/px4_msgs__rosidl_typesupport_fastrtps_c.dir/rosidl_typesupport_fastrtps_c/px4_msgs/msg/detail/log_message__type_support_c.cpp.o
[ 54%] Building CXX object CMakeFiles/px4_msgs__rosidl_typesupport_fastrtps_c.dir/rosidl_typesupport_fastrtps_c/px4_msgs/msg/detail/logger_status__type_support_c.cpp.o
[ 54%] Building CXX object CMakeFiles/px4_msgs__rosidl_typesupport_fastrtps_c.dir/rosidl_typesupport_fastrtps_c/px4_msgs/msg/detail/longitudinal_control_configuration__type_support_c.cpp.o
[ 54%] Building CXX object CMakeFiles/px4_msgs__rosidl_typesupport_fastrtps_c.dir/rosidl_typesupport_fastrtps_c/px4_msgs/msg/detail/mag_worker_data__type_support_c.cpp.o
[ 54%] Building CXX object CMakeFiles/px4_msgs__rosidl_typesupport_fastrtps_c.dir/rosidl_typesupport_fastrtps_c/px4_msgs/msg/detail/magnetometer_bias_estimate__type_support_c.cpp.o
[ 54%] Building CXX object CMakeFiles/px4_msgs__rosidl_typesupport_fastrtps_c.dir/rosidl_typesupport_fastrtps_c/px4_msgs/msg/detail/actuator_servos__type_support_c.cpp.o
[ 54%] Building CXX object CMakeFiles/px4_msgs__rosidl_typesupport_fastrtps_c.dir/rosidl_typesupport_fastrtps_c/px4_msgs/msg/detail/manual_control_setpoint__type_support_c.cpp.o
[ 54%] Building CXX object CMakeFiles/px4_msgs__rosidl_typesupport_fastrtps_c.dir/rosidl_typesupport_fastrtps_c/px4_msgs/msg/detail/manual_control_switches__type_support_c.cpp.o
[ 54%] Building CXX object CMakeFiles/px4_msgs__rosidl_typesupport_fastrtps_c.dir/rosidl_typesupport_fastrtps_c/px4_msgs/msg/detail/mavlink_log__type_support_c.cpp.o
[ 54%] Building CXX object CMakeFiles/px4_msgs__rosidl_typesupport_fastrtps_c.dir/rosidl_typesupport_fastrtps_c/px4_msgs/msg/detail/mavlink_tunnel__type_support_c.cpp.o
[ 54%] Building CXX object CMakeFiles/px4_msgs__rosidl_typesupport_fastrtps_c.dir/rosidl_typesupport_fastrtps_c/px4_msgs/msg/detail/message_format_request__type_support_c.cpp.o
[ 54%] Building CXX object CMakeFiles/px4_msgs__rosidl_typesupport_fastrtps_c.dir/rosidl_typesupport_fastrtps_c/px4_msgs/msg/detail/message_format_response__type_support_c.cpp.o
[ 54%] Building CXX object CMakeFiles/px4_msgs__rosidl_typesupport_fastrtps_c.dir/rosidl_typesupport_fastrtps_c/px4_msgs/msg/detail/mission__type_support_c.cpp.o
[ 54%] Building CXX object CMakeFiles/px4_msgs__rosidl_typesupport_fastrtps_c.dir/rosidl_typesupport_fastrtps_c/px4_msgs/msg/detail/mission_result__type_support_c.cpp.o
[ 54%] Building CXX object CMakeFiles/px4_msgs__rosidl_typesupport_fastrtps_c.dir/rosidl_typesupport_fastrtps_c/px4_msgs/msg/detail/mode_completed__type_support_c.cpp.o
[ 54%] Building CXX object CMakeFiles/px4_msgs__rosidl_typesupport_fastrtps_c.dir/rosidl_typesupport_fastrtps_c/px4_msgs/msg/detail/mount_orientation__type_support_c.cpp.o
[ 54%] Building CXX object CMakeFiles/px4_msgs__rosidl_typesupport_fastrtps_c.dir/rosidl_typesupport_fastrtps_c/px4_msgs/msg/detail/normalized_unsigned_setpoint__type_support_c.cpp.o
[ 54%] Building CXX object CMakeFiles/px4_msgs__rosidl_typesupport_fastrtps_c.dir/rosidl_typesupport_fastrtps_c/px4_msgs/msg/detail/obstacle_distance__type_support_c.cpp.o
[ 55%] Building CXX object CMakeFiles/px4_msgs__rosidl_typesupport_fastrtps_c.dir/rosidl_typesupport_fastrtps_c/px4_msgs/msg/detail/offboard_control_mode__type_support_c.cpp.o
[ 55%] Building CXX object CMakeFiles/px4_msgs__rosidl_typesupport_fastrtps_c.dir/rosidl_typesupport_fastrtps_c/px4_msgs/msg/detail/onboard_computer_status__type_support_c.cpp.o
[ 55%] Building CXX object CMakeFiles/px4_msgs__rosidl_typesupport_fastrtps_c.dir/rosidl_typesupport_fastrtps_c/px4_msgs/msg/detail/open_drone_id_operator_id__type_support_c.cpp.o
[ 55%] Building CXX object CMakeFiles/px4_msgs__rosidl_typesupport_fastrtps_c.dir/rosidl_typesupport_fastrtps_c/px4_msgs/msg/detail/open_drone_id_self_id__type_support_c.cpp.o
[ 55%] Building CXX object CMakeFiles/px4_msgs__rosidl_typesupport_fastrtps_c.dir/rosidl_typesupport_fastrtps_c/px4_msgs/msg/detail/open_drone_id_system__type_support_c.cpp.o
[ 55%] Building CXX object CMakeFiles/px4_msgs__rosidl_typesupport_fastrtps_c.dir/rosidl_typesupport_fastrtps_c/px4_msgs/msg/detail/orb_test__type_support_c.cpp.o
[ 55%] Building CXX object CMakeFiles/px4_msgs__rosidl_typesupport_fastrtps_c.dir/rosidl_typesupport_fastrtps_c/px4_msgs/msg/detail/orb_test_large__type_support_c.cpp.o
[ 55%] Building CXX object CMakeFiles/px4_msgs__rosidl_typesupport_fastrtps_c.dir/rosidl_typesupport_fastrtps_c/px4_msgs/msg/detail/orbit_status__type_support_c.cpp.o
[ 55%] Building CXX object CMakeFiles/px4_msgs__rosidl_typesupport_fastrtps_c.dir/rosidl_typesupport_fastrtps_c/px4_msgs/msg/detail/parameter_reset_request__type_support_c.cpp.o
[ 55%] Building CXX object CMakeFiles/px4_msgs__rosidl_typesupport_fastrtps_c.dir/rosidl_typesupport_fastrtps_c/px4_msgs/msg/detail/parameter_set_used_request__type_support_c.cpp.o
[ 55%] Building CXX object CMakeFiles/px4_msgs__rosidl_typesupport_fastrtps_c.dir/rosidl_typesupport_fastrtps_c/px4_msgs/msg/detail/neural_control__type_support_c.cpp.o
[ 55%] Building CXX object CMakeFiles/px4_msgs__rosidl_typesupport_fastrtps_c.dir/rosidl_typesupport_fastrtps_c/px4_msgs/msg/detail/parameter_set_value_request__type_support_c.cpp.o
[ 55%] Building CXX object CMakeFiles/px4_msgs__rosidl_typesupport_fastrtps_c.dir/rosidl_typesupport_fastrtps_c/px4_msgs/msg/detail/parameter_set_value_response__type_support_c.cpp.o
[ 55%] Building CXX object CMakeFiles/px4_msgs__rosidl_typesupport_fastrtps_c.dir/rosidl_typesupport_fastrtps_c/px4_msgs/msg/detail/parameter_update__type_support_c.cpp.o
[ 55%] Building CXX object CMakeFiles/px4_msgs__rosidl_typesupport_fastrtps_c.dir/rosidl_typesupport_fastrtps_c/px4_msgs/msg/detail/ping__type_support_c.cpp.o
[ 55%] Building CXX object CMakeFiles/px4_msgs__rosidl_typesupport_fastrtps_c.dir/rosidl_typesupport_fastrtps_c/px4_msgs/msg/detail/position_controller_landing_status__type_support_c.cpp.o
[ 55%] Building CXX object CMakeFiles/px4_msgs__rosidl_typesupport_fastrtps_c.dir/rosidl_typesupport_fastrtps_c/px4_msgs/msg/detail/position_controller_status__type_support_c.cpp.o
[ 55%] Building CXX object CMakeFiles/px4_msgs__rosidl_typesupport_fastrtps_c.dir/rosidl_typesupport_fastrtps_c/px4_msgs/msg/detail/position_setpoint__type_support_c.cpp.o
[ 55%] Building CXX object CMakeFiles/px4_msgs__rosidl_typesupport_fastrtps_c.dir/rosidl_typesupport_fastrtps_c/px4_msgs/msg/detail/position_setpoint_triplet__type_support_c.cpp.o
[ 55%] Building CXX object CMakeFiles/px4_msgs__rosidl_typesupport_fastrtps_c.dir/rosidl_typesupport_fastrtps_c/px4_msgs/msg/detail/power_button_state__type_support_c.cpp.o
[ 55%] Building CXX object CMakeFiles/px4_msgs__rosidl_typesupport_fastrtps_c.dir/rosidl_typesupport_fastrtps_c/px4_msgs/msg/detail/power_monitor__type_support_c.cpp.o
[ 55%] Building CXX object CMakeFiles/px4_msgs__rosidl_typesupport_fastrtps_c.dir/rosidl_typesupport_fastrtps_c/px4_msgs/msg/detail/pps_capture__type_support_c.cpp.o
[ 56%] Building CXX object CMakeFiles/px4_msgs__rosidl_typesupport_fastrtps_c.dir/rosidl_typesupport_fastrtps_c/px4_msgs/msg/detail/navigator_status__type_support_c.cpp.o
[ 56%] Building CXX object CMakeFiles/px4_msgs__rosidl_typesupport_fastrtps_c.dir/rosidl_typesupport_fastrtps_c/px4_msgs/msg/detail/pure_pursuit_status__type_support_c.cpp.o
[ 56%] Building CXX object CMakeFiles/px4_msgs__rosidl_typesupport_fastrtps_c.dir/rosidl_typesupport_fastrtps_c/px4_msgs/msg/detail/pwm_input__type_support_c.cpp.o
[ 56%] Building CXX object CMakeFiles/px4_msgs__rosidl_typesupport_fastrtps_c.dir/rosidl_typesupport_fastrtps_c/px4_msgs/msg/detail/px4io_status__type_support_c.cpp.o
[ 56%] Building CXX object CMakeFiles/px4_msgs__rosidl_typesupport_fastrtps_c.dir/rosidl_typesupport_fastrtps_c/px4_msgs/msg/detail/qshell_req__type_support_c.cpp.o
[ 56%] Building CXX object CMakeFiles/px4_msgs__rosidl_typesupport_fastrtps_c.dir/rosidl_typesupport_fastrtps_c/px4_msgs/msg/detail/qshell_retval__type_support_c.cpp.o
[ 56%] Building CXX object CMakeFiles/px4_msgs__rosidl_typesupport_fastrtps_c.dir/rosidl_typesupport_fastrtps_c/px4_msgs/msg/detail/radio_status__type_support_c.cpp.o
[ 56%] Building CXX object CMakeFiles/px4_msgs__rosidl_typesupport_fastrtps_c.dir/rosidl_typesupport_fastrtps_c/px4_msgs/msg/detail/rate_ctrl_status__type_support_c.cpp.o
[ 56%] Building CXX object CMakeFiles/px4_msgs__rosidl_typesupport_fastrtps_c.dir/rosidl_typesupport_fastrtps_c/px4_msgs/msg/detail/rc_channels__type_support_c.cpp.o
[ 56%] Building CXX object CMakeFiles/px4_msgs__rosidl_typesupport_fastrtps_c.dir/rosidl_typesupport_fastrtps_c/px4_msgs/msg/detail/rc_parameter_map__type_support_c.cpp.o
[ 56%] Building CXX object CMakeFiles/px4_msgs__rosidl_typesupport_fastrtps_c.dir/rosidl_typesupport_fastrtps_c/px4_msgs/msg/detail/register_ext_component_reply__type_support_c.cpp.o
[ 56%] Building CXX object CMakeFiles/px4_msgs__rosidl_typesupport_fastrtps_c.dir/rosidl_typesupport_fastrtps_c/px4_msgs/msg/detail/register_ext_component_request__type_support_c.cpp.o
[ 56%] Building CXX object CMakeFiles/px4_msgs__rosidl_typesupport_fastrtps_c.dir/rosidl_typesupport_fastrtps_c/px4_msgs/msg/detail/rover_attitude_setpoint__type_support_c.cpp.o
[ 56%] Building CXX object CMakeFiles/px4_msgs__rosidl_typesupport_fastrtps_c.dir/rosidl_typesupport_fastrtps_c/px4_msgs/msg/detail/rover_attitude_status__type_support_c.cpp.o
[ 56%] Building CXX object CMakeFiles/px4_msgs__rosidl_typesupport_fastrtps_c.dir/rosidl_typesupport_fastrtps_c/px4_msgs/msg/detail/rover_position_setpoint__type_support_c.cpp.o
[ 56%] Building CXX object CMakeFiles/px4_msgs__rosidl_typesupport_fastrtps_c.dir/rosidl_typesupport_fastrtps_c/px4_msgs/msg/detail/rover_rate_setpoint__type_support_c.cpp.o
[ 56%] Building CXX object CMakeFiles/px4_msgs__rosidl_typesupport_fastrtps_c.dir/rosidl_typesupport_fastrtps_c/px4_msgs/msg/detail/rover_rate_status__type_support_c.cpp.o
[ 56%] Building CXX object CMakeFiles/px4_msgs__rosidl_typesupport_fastrtps_c.dir/rosidl_typesupport_fastrtps_c/px4_msgs/msg/detail/rover_speed_setpoint__type_support_c.cpp.o
[ 56%] Building CXX object CMakeFiles/px4_msgs__rosidl_typesupport_fastrtps_c.dir/rosidl_typesupport_fastrtps_c/px4_msgs/msg/detail/rover_speed_status__type_support_c.cpp.o
[ 56%] Building CXX object CMakeFiles/px4_msgs__rosidl_typesupport_fastrtps_c.dir/rosidl_typesupport_fastrtps_c/px4_msgs/msg/detail/rover_steering_setpoint__type_support_c.cpp.o
[ 56%] Building CXX object CMakeFiles/px4_msgs__rosidl_typesupport_fastrtps_c.dir/rosidl_typesupport_fastrtps_c/px4_msgs/msg/detail/rover_throttle_setpoint__type_support_c.cpp.o
[ 56%] Building CXX object CMakeFiles/px4_msgs__rosidl_typesupport_fastrtps_c.dir/rosidl_typesupport_fastrtps_c/px4_msgs/msg/detail/rpm__type_support_c.cpp.o
[ 56%] Building CXX object CMakeFiles/px4_msgs__rosidl_typesupport_fastrtps_c.dir/rosidl_typesupport_fastrtps_c/px4_msgs/msg/detail/rtl_status__type_support_c.cpp.o
[ 56%] Building CXX object CMakeFiles/px4_msgs__rosidl_typesupport_fastrtps_c.dir/rosidl_typesupport_fastrtps_c/px4_msgs/msg/detail/rtl_time_estimate__type_support_c.cpp.o
[ 56%] Building CXX object CMakeFiles/px4_msgs__rosidl_typesupport_fastrtps_c.dir/rosidl_typesupport_fastrtps_c/px4_msgs/msg/detail/satellite_info__type_support_c.cpp.o
[ 56%] Building CXX object CMakeFiles/px4_msgs__rosidl_typesupport_fastrtps_c.dir/rosidl_typesupport_fastrtps_c/px4_msgs/msg/detail/sensor_accel__type_support_c.cpp.o
[ 57%] Building CXX object CMakeFiles/px4_msgs__rosidl_typesupport_fastrtps_c.dir/rosidl_typesupport_fastrtps_c/px4_msgs/msg/detail/sensor_accel_fifo__type_support_c.cpp.o
[ 57%] Building CXX object CMakeFiles/px4_msgs__rosidl_typesupport_fastrtps_c.dir/rosidl_typesupport_fastrtps_c/px4_msgs/msg/detail/sensor_airflow__type_support_c.cpp.o
[ 57%] Building CXX object CMakeFiles/px4_msgs__rosidl_typesupport_fastrtps_c.dir/rosidl_typesupport_fastrtps_c/px4_msgs/msg/detail/sensor_baro__type_support_c.cpp.o
[ 57%] Building CXX object CMakeFiles/px4_msgs__rosidl_typesupport_fastrtps_c.dir/rosidl_typesupport_fastrtps_c/px4_msgs/msg/detail/sensor_combined__type_support_c.cpp.o
[ 57%] Building CXX object CMakeFiles/px4_msgs__rosidl_typesupport_fastrtps_c.dir/rosidl_typesupport_fastrtps_c/px4_msgs/msg/detail/sensor_gnss_status__type_support_c.cpp.o
[ 57%] Building CXX object CMakeFiles/px4_msgs__rosidl_typesupport_fastrtps_c.dir/rosidl_typesupport_fastrtps_c/px4_msgs/msg/detail/sensor_gps__type_support_c.cpp.o
[ 57%] Building CXX object CMakeFiles/px4_msgs__rosidl_typesupport_fastrtps_c.dir/rosidl_typesupport_fastrtps_c/px4_msgs/msg/detail/sensor_gyro__type_support_c.cpp.o
[ 57%] Building CXX object CMakeFiles/px4_msgs__rosidl_typesupport_fastrtps_c.dir/rosidl_typesupport_fastrtps_c/px4_msgs/msg/detail/sensor_gyro_fft__type_support_c.cpp.o
[ 57%] Building CXX object CMakeFiles/px4_msgs__rosidl_typesupport_fastrtps_c.dir/rosidl_typesupport_fastrtps_c/px4_msgs/msg/detail/sensor_gyro_fifo__type_support_c.cpp.o
[ 57%] Building CXX object CMakeFiles/px4_msgs__rosidl_typesupport_fastrtps_c.dir/rosidl_typesupport_fastrtps_c/px4_msgs/msg/detail/sensor_hygrometer__type_support_c.cpp.o
[ 57%] Building CXX object CMakeFiles/px4_msgs__rosidl_typesupport_fastrtps_c.dir/rosidl_typesupport_fastrtps_c/px4_msgs/msg/detail/sensor_mag__type_support_c.cpp.o
[ 57%] Building CXX object CMakeFiles/px4_msgs__rosidl_typesupport_fastrtps_c.dir/rosidl_typesupport_fastrtps_c/px4_msgs/msg/detail/sensor_optical_flow__type_support_c.cpp.o
[ 57%] Building CXX object CMakeFiles/px4_msgs__rosidl_typesupport_fastrtps_c.dir/rosidl_typesupport_fastrtps_c/px4_msgs/msg/detail/sensor_preflight_mag__type_support_c.cpp.o
[ 57%] Building CXX object CMakeFiles/px4_msgs__rosidl_typesupport_fastrtps_c.dir/rosidl_typesupport_fastrtps_c/px4_msgs/msg/detail/sensor_selection__type_support_c.cpp.o
[ 57%] Building CXX object CMakeFiles/px4_msgs__rosidl_typesupport_cpp.dir/rosidl_typesupport_cpp/px4_msgs/msg/action_request__type_support.cpp.o
[ 57%] Building CXX object CMakeFiles/px4_msgs__rosidl_typesupport_fastrtps_c.dir/rosidl_typesupport_fastrtps_c/px4_msgs/msg/detail/sensor_uwb__type_support_c.cpp.o
[ 57%] Building CXX object CMakeFiles/px4_msgs__rosidl_typesupport_cpp.dir/rosidl_typesupport_cpp/px4_msgs/msg/actuator_armed__type_support.cpp.o
[ 57%] Building CXX object CMakeFiles/px4_msgs__rosidl_typesupport_fastrtps_c.dir/rosidl_typesupport_fastrtps_c/px4_msgs/msg/detail/sensor_gnss_relative__type_support_c.cpp.o
[ 57%] Building CXX object CMakeFiles/px4_msgs__rosidl_typesupport_fastrtps_c.dir/rosidl_typesupport_fastrtps_c/px4_msgs/msg/detail/sensors_status__type_support_c.cpp.o
[ 58%] Building CXX object CMakeFiles/px4_msgs__rosidl_typesupport_cpp.dir/rosidl_typesupport_cpp/px4_msgs/msg/actuator_controls_status__type_support.cpp.o
[ 58%] Building CXX object CMakeFiles/px4_msgs__rosidl_typesupport_fastrtps_c.dir/rosidl_typesupport_fastrtps_c/px4_msgs/msg/detail/sensors_status_imu__type_support_c.cpp.o
[ 58%] Building CXX object CMakeFiles/px4_msgs__rosidl_typesupport_cpp.dir/rosidl_typesupport_cpp/px4_msgs/msg/actuator_motors__type_support.cpp.o
[ 58%] Building CXX object CMakeFiles/px4_msgs__rosidl_typesupport_fastrtps_c.dir/rosidl_typesupport_fastrtps_c/px4_msgs/msg/detail/sensor_correction__type_support_c.cpp.o
[ 58%] Building CXX object CMakeFiles/px4_msgs__rosidl_typesupport_cpp.dir/rosidl_typesupport_cpp/px4_msgs/msg/actuator_outputs__type_support.cpp.o
[ 58%] Building CXX object CMakeFiles/px4_msgs__rosidl_typesupport_fastrtps_c.dir/rosidl_typesupport_fastrtps_c/px4_msgs/msg/detail/system_power__type_support_c.cpp.o
[ 58%] Building CXX object CMakeFiles/px4_msgs__rosidl_typesupport_cpp.dir/rosidl_typesupport_cpp/px4_msgs/msg/actuator_servos__type_support.cpp.o
[ 58%] Building CXX object CMakeFiles/px4_msgs__rosidl_typesupport_fastrtps_c.dir/rosidl_typesupport_fastrtps_c/px4_msgs/msg/detail/takeoff_status__type_support_c.cpp.o
[ 58%] Building CXX object CMakeFiles/px4_msgs__rosidl_typesupport_cpp.dir/rosidl_typesupport_cpp/px4_msgs/msg/actuator_servos_trim__type_support.cpp.o
[ 58%] Building CXX object CMakeFiles/px4_msgs__rosidl_typesupport_fastrtps_c.dir/rosidl_typesupport_fastrtps_c/px4_msgs/msg/detail/navigator_mission_item__type_support_c.cpp.o
[ 58%] Building CXX object CMakeFiles/px4_msgs__rosidl_typesupport_cpp.dir/rosidl_typesupport_cpp/px4_msgs/msg/actuator_test__type_support.cpp.o
[ 58%] Building CXX object CMakeFiles/px4_msgs__rosidl_typesupport_fastrtps_c.dir/rosidl_typesupport_fastrtps_c/px4_msgs/msg/detail/task_stack_info__type_support_c.cpp.o
[ 58%] Building CXX object CMakeFiles/px4_msgs__rosidl_typesupport_cpp.dir/rosidl_typesupport_cpp/px4_msgs/msg/adc_report__type_support.cpp.o
[ 58%] Building CXX object CMakeFiles/px4_msgs__rosidl_typesupport_cpp.dir/rosidl_typesupport_cpp/px4_msgs/msg/airspeed_validated__type_support.cpp.o
[ 58%] Building CXX object CMakeFiles/px4_msgs__rosidl_typesupport_cpp.dir/rosidl_typesupport_cpp/px4_msgs/msg/airspeed__type_support.cpp.o
[ 58%] Building CXX object CMakeFiles/px4_msgs__rosidl_typesupport_cpp.dir/rosidl_typesupport_cpp/px4_msgs/msg/arming_check_reply__type_support.cpp.o
[ 58%] Building CXX object CMakeFiles/px4_msgs__rosidl_typesupport_fastrtps_c.dir/rosidl_typesupport_fastrtps_c/px4_msgs/msg/detail/tecs_status__type_support_c.cpp.o
[ 58%] Building CXX object CMakeFiles/px4_msgs__rosidl_typesupport_fastrtps_c.dir/rosidl_typesupport_fastrtps_c/px4_msgs/msg/detail/telemetry_status__type_support_c.cpp.o
[ 58%] Building CXX object CMakeFiles/px4_msgs__rosidl_typesupport_cpp.dir/rosidl_typesupport_cpp/px4_msgs/msg/arming_check_request__type_support.cpp.o
[ 58%] Building CXX object CMakeFiles/px4_msgs__rosidl_typesupport_cpp.dir/rosidl_typesupport_cpp/px4_msgs/msg/airspeed_wind__type_support.cpp.o
[ 58%] Building CXX object CMakeFiles/px4_msgs__rosidl_typesupport_cpp.dir/rosidl_typesupport_cpp/px4_msgs/msg/autotune_attitude_control_status__type_support.cpp.o
[ 58%] Building CXX object CMakeFiles/px4_msgs__rosidl_typesupport_introspection_cpp.dir/rosidl_typesupport_introspection_cpp/px4_msgs/msg/detail/action_request__type_support.cpp.o
[ 58%] Building CXX object CMakeFiles/px4_msgs__rosidl_typesupport_fastrtps_c.dir/rosidl_typesupport_fastrtps_c/px4_msgs/msg/detail/trajectory_setpoint__type_support_c.cpp.o
[ 58%] Building CXX object CMakeFiles/px4_msgs__rosidl_typesupport_fastrtps_c.dir/rosidl_typesupport_fastrtps_c/px4_msgs/msg/detail/timesync_status__type_support_c.cpp.o
[ 58%] Building CXX object CMakeFiles/px4_msgs__rosidl_typesupport_introspection_cpp.dir/rosidl_typesupport_introspection_cpp/px4_msgs/msg/detail/actuator_armed__type_support.cpp.o
[ 59%] Building CXX object CMakeFiles/px4_msgs__rosidl_typesupport_fastrtps_c.dir/rosidl_typesupport_fastrtps_c/px4_msgs/msg/detail/tiltrotor_extra_controls__type_support_c.cpp.o
[ 59%] Building CXX object CMakeFiles/px4_msgs__rosidl_typesupport_cpp.dir/rosidl_typesupport_cpp/px4_msgs/msg/battery_info__type_support.cpp.o
[ 59%] Building CXX object CMakeFiles/px4_msgs__rosidl_typesupport_introspection_cpp.dir/rosidl_typesupport_introspection_cpp/px4_msgs/msg/detail/actuator_controls_status__type_support.cpp.o
[ 59%] Building CXX object CMakeFiles/px4_msgs__rosidl_typesupport_cpp.dir/rosidl_typesupport_cpp/px4_msgs/msg/battery_status__type_support.cpp.o
[ 59%] Building CXX object CMakeFiles/px4_msgs__rosidl_typesupport_introspection_cpp.dir/rosidl_typesupport_introspection_cpp/px4_msgs/msg/detail/actuator_motors__type_support.cpp.o
[ 59%] Building CXX object CMakeFiles/px4_msgs__rosidl_typesupport_fastrtps_c.dir/rosidl_typesupport_fastrtps_c/px4_msgs/msg/detail/transponder_report__type_support_c.cpp.o
[ 59%] Building CXX object CMakeFiles/px4_msgs__rosidl_typesupport_cpp.dir/rosidl_typesupport_cpp/px4_msgs/msg/button_event__type_support.cpp.o
[ 59%] Building CXX object CMakeFiles/px4_msgs__rosidl_typesupport_fastrtps_c.dir/rosidl_typesupport_fastrtps_c/px4_msgs/msg/detail/trajectory_setpoint6dof__type_support_c.cpp.o
[ 60%] Building CXX object CMakeFiles/px4_msgs__rosidl_typesupport_introspection_cpp.dir/rosidl_typesupport_introspection_cpp/px4_msgs/msg/detail/actuator_outputs__type_support.cpp.o
[ 60%] Building CXX object CMakeFiles/px4_msgs__rosidl_typesupport_cpp.dir/rosidl_typesupport_cpp/px4_msgs/msg/camera_status__type_support.cpp.o
[ 60%] Building CXX object CMakeFiles/px4_msgs__rosidl_typesupport_fastrtps_c.dir/rosidl_typesupport_fastrtps_c/px4_msgs/msg/detail/tune_control__type_support_c.cpp.o
[ 60%] Building CXX object CMakeFiles/px4_msgs__rosidl_typesupport_cpp.dir/rosidl_typesupport_cpp/px4_msgs/msg/camera_trigger__type_support.cpp.o
[ 60%] Building CXX object CMakeFiles/px4_msgs__rosidl_typesupport_cpp.dir/rosidl_typesupport_cpp/px4_msgs/msg/camera_capture__type_support.cpp.o
[ 60%] Building CXX object CMakeFiles/px4_msgs__rosidl_typesupport_introspection_cpp.dir/rosidl_typesupport_introspection_cpp/px4_msgs/msg/detail/actuator_servos__type_support.cpp.o
[ 60%] Building CXX object CMakeFiles/px4_msgs__rosidl_typesupport_introspection_cpp.dir/rosidl_typesupport_introspection_cpp/px4_msgs/msg/detail/actuator_servos_trim__type_support.cpp.o
[ 60%] Building CXX object CMakeFiles/px4_msgs__rosidl_typesupport_introspection_cpp.dir/rosidl_typesupport_introspection_cpp/px4_msgs/msg/detail/airspeed__type_support.cpp.o
[ 60%] Building CXX object CMakeFiles/px4_msgs__rosidl_typesupport_cpp.dir/rosidl_typesupport_cpp/px4_msgs/msg/can_interface_status__type_support.cpp.o
[ 60%] Building CXX object CMakeFiles/px4_msgs__rosidl_typesupport_fastrtps_c.dir/rosidl_typesupport_fastrtps_c/px4_msgs/msg/detail/uavcan_parameter_request__type_support_c.cpp.o
[ 60%] Building CXX object CMakeFiles/px4_msgs__rosidl_typesupport_introspection_cpp.dir/rosidl_typesupport_introspection_cpp/px4_msgs/msg/detail/adc_report__type_support.cpp.o
[ 60%] Building CXX object CMakeFiles/px4_msgs__rosidl_typesupport_cpp.dir/rosidl_typesupport_cpp/px4_msgs/msg/cellular_status__type_support.cpp.o
[ 60%] Building CXX object CMakeFiles/px4_msgs__rosidl_typesupport_introspection_cpp.dir/rosidl_typesupport_introspection_cpp/px4_msgs/msg/detail/actuator_test__type_support.cpp.o
[ 60%] Building CXX object CMakeFiles/px4_msgs__rosidl_typesupport_fastrtps_c.dir/rosidl_typesupport_fastrtps_c/px4_msgs/msg/detail/uavcan_parameter_value__type_support_c.cpp.o
[ 60%] Building CXX object CMakeFiles/px4_msgs__rosidl_typesupport_cpp.dir/rosidl_typesupport_cpp/px4_msgs/msg/collision_constraints__type_support.cpp.o
[ 60%] Building CXX object CMakeFiles/px4_msgs__rosidl_typesupport_introspection_cpp.dir/rosidl_typesupport_introspection_cpp/px4_msgs/msg/detail/airspeed_validated__type_support.cpp.o
[ 60%] Building CXX object CMakeFiles/px4_msgs__rosidl_typesupport_fastrtps_c.dir/rosidl_typesupport_fastrtps_c/px4_msgs/msg/detail/unregister_ext_component__type_support_c.cpp.o
[ 60%] Building CXX object CMakeFiles/px4_msgs__rosidl_typesupport_cpp.dir/rosidl_typesupport_cpp/px4_msgs/msg/config_overrides__type_support.cpp.o
[ 60%] Building CXX object CMakeFiles/px4_msgs__rosidl_typesupport_fastrtps_c.dir/rosidl_typesupport_fastrtps_c/px4_msgs/msg/detail/ulog_stream_ack__type_support_c.cpp.o
[ 60%] Building CXX object CMakeFiles/px4_msgs__rosidl_typesupport_introspection_cpp.dir/rosidl_typesupport_introspection_cpp/px4_msgs/msg/detail/airspeed_wind__type_support.cpp.o
[ 60%] Building CXX object CMakeFiles/px4_msgs__rosidl_typesupport_cpp.dir/rosidl_typesupport_cpp/px4_msgs/msg/control_allocator_status__type_support.cpp.o
[ 60%] Building CXX object CMakeFiles/px4_msgs__rosidl_typesupport_fastrtps_c.dir/rosidl_typesupport_fastrtps_c/px4_msgs/msg/detail/vehicle_acceleration__type_support_c.cpp.o
[ 60%] Building CXX object CMakeFiles/px4_msgs__rosidl_typesupport_introspection_cpp.dir/rosidl_typesupport_introspection_cpp/px4_msgs/msg/detail/arming_check_reply__type_support.cpp.o
[ 61%] Building CXX object CMakeFiles/px4_msgs__rosidl_typesupport_cpp.dir/rosidl_typesupport_cpp/px4_msgs/msg/cpuload__type_support.cpp.o
[ 61%] Building CXX object CMakeFiles/px4_msgs__rosidl_typesupport_fastrtps_c.dir/rosidl_typesupport_fastrtps_c/px4_msgs/msg/detail/ulog_stream__type_support_c.cpp.o
[ 61%] Building CXX object CMakeFiles/px4_msgs__rosidl_typesupport_fastrtps_c.dir/rosidl_typesupport_fastrtps_c/px4_msgs/msg/detail/vehicle_air_data__type_support_c.cpp.o
[ 61%] Building CXX object CMakeFiles/px4_msgs__rosidl_typesupport_introspection_cpp.dir/rosidl_typesupport_introspection_cpp/px4_msgs/msg/detail/arming_check_request__type_support.cpp.o
[ 61%] Building CXX object CMakeFiles/px4_msgs__rosidl_typesupport_cpp.dir/rosidl_typesupport_cpp/px4_msgs/msg/dataman_request__type_support.cpp.o
[ 61%] Building CXX object CMakeFiles/px4_msgs__rosidl_typesupport_fastrtps_c.dir/rosidl_typesupport_fastrtps_c/px4_msgs/msg/detail/vehicle_angular_acceleration_setpoint__type_support_c.cpp.o
[ 61%] Building CXX object CMakeFiles/px4_msgs__rosidl_typesupport_introspection_cpp.dir/rosidl_typesupport_introspection_cpp/px4_msgs/msg/detail/battery_info__type_support.cpp.o
[ 61%] Building CXX object CMakeFiles/px4_msgs__rosidl_typesupport_introspection_cpp.dir/rosidl_typesupport_introspection_cpp/px4_msgs/msg/detail/autotune_attitude_control_status__type_support.cpp.o
[ 61%] Building CXX object CMakeFiles/px4_msgs__rosidl_typesupport_fastrtps_c.dir/rosidl_typesupport_fastrtps_c/px4_msgs/msg/detail/vehicle_angular_velocity__type_support_c.cpp.o
[ 61%] Building CXX object CMakeFiles/px4_msgs__rosidl_typesupport_cpp.dir/rosidl_typesupport_cpp/px4_msgs/msg/dataman_response__type_support.cpp.o
[ 61%] Building CXX object CMakeFiles/px4_msgs__rosidl_typesupport_cpp.dir/rosidl_typesupport_cpp/px4_msgs/msg/debug_array__type_support.cpp.o
[ 61%] Building CXX object CMakeFiles/px4_msgs__rosidl_typesupport_fastrtps_c.dir/rosidl_typesupport_fastrtps_c/px4_msgs/msg/detail/vehicle_attitude__type_support_c.cpp.o
[ 61%] Building CXX object CMakeFiles/px4_msgs__rosidl_typesupport_introspection_cpp.dir/rosidl_typesupport_introspection_cpp/px4_msgs/msg/detail/button_event__type_support.cpp.o
[ 61%] Building CXX object CMakeFiles/px4_msgs__rosidl_typesupport_introspection_cpp.dir/rosidl_typesupport_introspection_cpp/px4_msgs/msg/detail/battery_status__type_support.cpp.o
[ 61%] Building CXX object CMakeFiles/px4_msgs__rosidl_typesupport_cpp.dir/rosidl_typesupport_cpp/px4_msgs/msg/debug_key_value__type_support.cpp.o
[ 61%] Building CXX object CMakeFiles/px4_msgs__rosidl_typesupport_fastrtps_c.dir/rosidl_typesupport_fastrtps_c/px4_msgs/msg/detail/vehicle_attitude_setpoint__type_support_c.cpp.o
[ 61%] Building CXX object CMakeFiles/px4_msgs__rosidl_typesupport_cpp.dir/rosidl_typesupport_cpp/px4_msgs/msg/debug_value__type_support.cpp.o
[ 61%] Building CXX object CMakeFiles/px4_msgs__rosidl_typesupport_introspection_cpp.dir/rosidl_typesupport_introspection_cpp/px4_msgs/msg/detail/camera_capture__type_support.cpp.o
[ 61%] Building CXX object CMakeFiles/px4_msgs__rosidl_typesupport_introspection_cpp.dir/rosidl_typesupport_introspection_cpp/px4_msgs/msg/detail/camera_status__type_support.cpp.o
[ 61%] Building CXX object CMakeFiles/px4_msgs__rosidl_typesupport_fastrtps_c.dir/rosidl_typesupport_fastrtps_c/px4_msgs/msg/detail/vehicle_command__type_support_c.cpp.o
[ 61%] Building CXX object CMakeFiles/px4_msgs__rosidl_typesupport_fastrtps_c.dir/rosidl_typesupport_fastrtps_c/px4_msgs/msg/detail/vehicle_command_ack__type_support_c.cpp.o
[ 61%] Building CXX object CMakeFiles/px4_msgs__rosidl_typesupport_cpp.dir/rosidl_typesupport_cpp/px4_msgs/msg/debug_vect__type_support.cpp.o
[ 61%] Building CXX object CMakeFiles/px4_msgs__rosidl_typesupport_introspection_cpp.dir/rosidl_typesupport_introspection_cpp/px4_msgs/msg/detail/camera_trigger__type_support.cpp.o
[ 61%] Building CXX object CMakeFiles/px4_msgs__rosidl_typesupport_fastrtps_c.dir/rosidl_typesupport_fastrtps_c/px4_msgs/msg/detail/vehicle_constraints__type_support_c.cpp.o
[ 61%] Building CXX object CMakeFiles/px4_msgs__rosidl_typesupport_introspection_cpp.dir/rosidl_typesupport_introspection_cpp/px4_msgs/msg/detail/can_interface_status__type_support.cpp.o
[ 61%] Building CXX object CMakeFiles/px4_msgs__rosidl_typesupport_cpp.dir/rosidl_typesupport_cpp/px4_msgs/msg/differential_pressure__type_support.cpp.o
[ 61%] Building CXX object CMakeFiles/px4_msgs__rosidl_typesupport_fastrtps_c.dir/rosidl_typesupport_fastrtps_c/px4_msgs/msg/detail/vehicle_global_position__type_support_c.cpp.o
[ 61%] Building CXX object CMakeFiles/px4_msgs__rosidl_typesupport_fastrtps_c.dir/rosidl_typesupport_fastrtps_c/px4_msgs/msg/detail/vehicle_control_mode__type_support_c.cpp.o
[ 61%] Building CXX object CMakeFiles/px4_msgs__rosidl_typesupport_introspection_cpp.dir/rosidl_typesupport_introspection_cpp/px4_msgs/msg/detail/cellular_status__type_support.cpp.o
[ 61%] Building CXX object CMakeFiles/px4_msgs__rosidl_typesupport_cpp.dir/rosidl_typesupport_cpp/px4_msgs/msg/distance_sensor__type_support.cpp.o
[ 61%] Building CXX object CMakeFiles/px4_msgs__rosidl_typesupport_introspection_cpp.dir/rosidl_typesupport_introspection_cpp/px4_msgs/msg/detail/collision_constraints__type_support.cpp.o
[ 61%] Building CXX object CMakeFiles/px4_msgs__rosidl_typesupport_cpp.dir/rosidl_typesupport_cpp/px4_msgs/msg/distance_sensor_mode_change_request__type_support.cpp.o
[ 62%] Building CXX object CMakeFiles/px4_msgs__rosidl_typesupport_fastrtps_c.dir/rosidl_typesupport_fastrtps_c/px4_msgs/msg/detail/vehicle_imu_status__type_support_c.cpp.o
[ 62%] Building CXX object CMakeFiles/px4_msgs__rosidl_typesupport_introspection_cpp.dir/rosidl_typesupport_introspection_cpp/px4_msgs/msg/detail/config_overrides__type_support.cpp.o
[ 62%] Building CXX object CMakeFiles/px4_msgs__rosidl_typesupport_cpp.dir/rosidl_typesupport_cpp/px4_msgs/msg/esc_report__type_support.cpp.o
[ 62%] Building CXX object CMakeFiles/px4_msgs__rosidl_typesupport_introspection_cpp.dir/rosidl_typesupport_introspection_cpp/px4_msgs/msg/detail/control_allocator_status__type_support.cpp.o
[ 62%] Building CXX object CMakeFiles/px4_msgs__rosidl_typesupport_cpp.dir/rosidl_typesupport_cpp/px4_msgs/msg/ekf2_timestamps__type_support.cpp.o
[ 62%] Building CXX object CMakeFiles/px4_msgs__rosidl_typesupport_cpp.dir/rosidl_typesupport_cpp/px4_msgs/msg/dronecan_node_status__type_support.cpp.o
[ 62%] Building CXX object CMakeFiles/px4_msgs__rosidl_typesupport_introspection_cpp.dir/rosidl_typesupport_introspection_cpp/px4_msgs/msg/detail/cpuload__type_support.cpp.o
[ 62%] Building CXX object CMakeFiles/px4_msgs__rosidl_typesupport_fastrtps_c.dir/rosidl_typesupport_fastrtps_c/px4_msgs/msg/detail/vehicle_local_position__type_support_c.cpp.o
[ 62%] Building CXX object CMakeFiles/px4_msgs__rosidl_typesupport_cpp.dir/rosidl_typesupport_cpp/px4_msgs/msg/esc_status__type_support.cpp.o
[ 62%] Building CXX object CMakeFiles/px4_msgs__rosidl_typesupport_introspection_cpp.dir/rosidl_typesupport_introspection_cpp/px4_msgs/msg/detail/dataman_request__type_support.cpp.o
[ 62%] Building CXX object CMakeFiles/px4_msgs__rosidl_typesupport_cpp.dir/rosidl_typesupport_cpp/px4_msgs/msg/estimator_aid_source1d__type_support.cpp.o
[ 62%] Building CXX object CMakeFiles/px4_msgs__rosidl_typesupport_fastrtps_c.dir/rosidl_typesupport_fastrtps_c/px4_msgs/msg/detail/vehicle_local_position_setpoint__type_support_c.cpp.o
[ 62%] Building CXX object CMakeFiles/px4_msgs__rosidl_typesupport_introspection_cpp.dir/rosidl_typesupport_introspection_cpp/px4_msgs/msg/detail/debug_array__type_support.cpp.o
[ 62%] Building CXX object CMakeFiles/px4_msgs__rosidl_typesupport_cpp.dir/rosidl_typesupport_cpp/px4_msgs/msg/estimator_aid_source2d__type_support.cpp.o
[ 62%] Building CXX object CMakeFiles/px4_msgs__rosidl_typesupport_fastrtps_c.dir/rosidl_typesupport_fastrtps_c/px4_msgs/msg/detail/vehicle_land_detected__type_support_c.cpp.o
[ 62%] Building CXX object CMakeFiles/px4_msgs__rosidl_typesupport_introspection_cpp.dir/rosidl_typesupport_introspection_cpp/px4_msgs/msg/detail/debug_key_value__type_support.cpp.o
[ 62%] Building CXX object CMakeFiles/px4_msgs__rosidl_typesupport_cpp.dir/rosidl_typesupport_cpp/px4_msgs/msg/estimator_aid_source3d__type_support.cpp.o
[ 62%] Building CXX object CMakeFiles/px4_msgs__rosidl_typesupport_cpp.dir/rosidl_typesupport_cpp/px4_msgs/msg/estimator_bias__type_support.cpp.o
[ 63%] Building CXX object CMakeFiles/px4_msgs__rosidl_typesupport_introspection_cpp.dir/rosidl_typesupport_introspection_cpp/px4_msgs/msg/detail/dataman_response__type_support.cpp.o
[ 63%] Building CXX object CMakeFiles/px4_msgs__rosidl_typesupport_fastrtps_c.dir/rosidl_typesupport_fastrtps_c/px4_msgs/msg/detail/vehicle_odometry__type_support_c.cpp.o
[ 63%] Building CXX object CMakeFiles/px4_msgs__rosidl_typesupport_cpp.dir/rosidl_typesupport_cpp/px4_msgs/msg/estimator_bias3d__type_support.cpp.o
[ 63%] Building CXX object CMakeFiles/px4_msgs__rosidl_typesupport_cpp.dir/rosidl_typesupport_cpp/px4_msgs/msg/estimator_event_flags__type_support.cpp.o
[ 63%] Building CXX object CMakeFiles/px4_msgs__rosidl_typesupport_introspection_cpp.dir/rosidl_typesupport_introspection_cpp/px4_msgs/msg/detail/debug_value__type_support.cpp.o
[ 63%] Building CXX object CMakeFiles/px4_msgs__rosidl_typesupport_cpp.dir/rosidl_typesupport_cpp/px4_msgs/msg/estimator_gps_status__type_support.cpp.o
[ 63%] Building CXX object CMakeFiles/px4_msgs__rosidl_typesupport_fastrtps_c.dir/rosidl_typesupport_fastrtps_c/px4_msgs/msg/detail/vehicle_optical_flow__type_support_c.cpp.o
[ 63%] Building CXX object CMakeFiles/px4_msgs__rosidl_typesupport_introspection_cpp.dir/rosidl_typesupport_introspection_cpp/px4_msgs/msg/detail/debug_vect__type_support.cpp.o
[ 63%] Building CXX object CMakeFiles/px4_msgs__rosidl_typesupport_cpp.dir/rosidl_typesupport_cpp/px4_msgs/msg/estimator_innovations__type_support.cpp.o
[ 63%] Building CXX object CMakeFiles/px4_msgs__rosidl_typesupport_introspection_cpp.dir/rosidl_typesupport_introspection_cpp/px4_msgs/msg/detail/differential_pressure__type_support.cpp.o
[ 63%] Building CXX object CMakeFiles/px4_msgs__rosidl_typesupport_fastrtps_c.dir/rosidl_typesupport_fastrtps_c/px4_msgs/msg/detail/vehicle_optical_flow_vel__type_support_c.cpp.o
[ 63%] Building CXX object CMakeFiles/px4_msgs__rosidl_typesupport_cpp.dir/rosidl_typesupport_cpp/px4_msgs/msg/estimator_selector_status__type_support.cpp.o
[ 63%] Building CXX object CMakeFiles/px4_msgs__rosidl_typesupport_introspection_cpp.dir/rosidl_typesupport_introspection_cpp/px4_msgs/msg/detail/distance_sensor_mode_change_request__type_support.cpp.o
[ 63%] Building CXX object CMakeFiles/px4_msgs__rosidl_typesupport_cpp.dir/rosidl_typesupport_cpp/px4_msgs/msg/estimator_sensor_bias__type_support.cpp.o
[ 63%] Building CXX object CMakeFiles/px4_msgs__rosidl_typesupport_introspection_cpp.dir/rosidl_typesupport_introspection_cpp/px4_msgs/msg/detail/dronecan_node_status__type_support.cpp.o
[ 64%] Building CXX object CMakeFiles/px4_msgs__rosidl_typesupport_cpp.dir/rosidl_typesupport_cpp/px4_msgs/msg/estimator_states__type_support.cpp.o
[ 64%] Building CXX object CMakeFiles/px4_msgs__rosidl_typesupport_fastrtps_c.dir/rosidl_typesupport_fastrtps_c/px4_msgs/msg/detail/vehicle_magnetometer__type_support_c.cpp.o
[ 64%] Building CXX object CMakeFiles/px4_msgs__rosidl_typesupport_introspection_cpp.dir/rosidl_typesupport_introspection_cpp/px4_msgs/msg/detail/ekf2_timestamps__type_support.cpp.o
[ 64%] Building CXX object CMakeFiles/px4_msgs__rosidl_typesupport_fastrtps_cpp.dir/rosidl_typesupport_fastrtps_cpp/px4_msgs/msg/detail/dds_fastrtps/action_request__type_support.cpp.o
[ 64%] Building CXX object CMakeFiles/px4_msgs__rosidl_typesupport_cpp.dir/rosidl_typesupport_cpp/px4_msgs/msg/estimator_status__type_support.cpp.o
[ 64%] Building CXX object CMakeFiles/px4_msgs__rosidl_typesupport_fastrtps_c.dir/rosidl_typesupport_fastrtps_c/px4_msgs/msg/detail/vehicle_roi__type_support_c.cpp.o
[ 64%] Building CXX object CMakeFiles/px4_msgs__rosidl_typesupport_introspection_cpp.dir/rosidl_typesupport_introspection_cpp/px4_msgs/msg/detail/distance_sensor__type_support.cpp.o
[ 64%] Building CXX object CMakeFiles/px4_msgs__rosidl_typesupport_cpp.dir/rosidl_typesupport_cpp/px4_msgs/msg/estimator_status_flags__type_support.cpp.o
[ 64%] Building CXX object CMakeFiles/px4_msgs__rosidl_typesupport_fastrtps_cpp.dir/rosidl_typesupport_fastrtps_cpp/px4_msgs/msg/detail/dds_fastrtps/actuator_armed__type_support.cpp.o
[ 64%] Building CXX object CMakeFiles/px4_msgs__rosidl_typesupport_introspection_cpp.dir/rosidl_typesupport_introspection_cpp/px4_msgs/msg/detail/esc_report__type_support.cpp.o
[ 64%] Building CXX object CMakeFiles/px4_msgs__rosidl_typesupport_cpp.dir/rosidl_typesupport_cpp/px4_msgs/msg/event__type_support.cpp.o
[ 64%] Building CXX object CMakeFiles/px4_msgs__rosidl_typesupport_cpp.dir/rosidl_typesupport_cpp/px4_msgs/msg/failsafe_flags__type_support.cpp.o
[ 64%] Building CXX object CMakeFiles/px4_msgs__rosidl_typesupport_fastrtps_c.dir/rosidl_typesupport_fastrtps_c/px4_msgs/msg/detail/vehicle_thrust_setpoint__type_support_c.cpp.o
[ 64%] Building CXX object CMakeFiles/px4_msgs__rosidl_typesupport_fastrtps_c.dir/rosidl_typesupport_fastrtps_c/px4_msgs/msg/detail/vehicle_status__type_support_c.cpp.o
[ 64%] Building CXX object CMakeFiles/px4_msgs__rosidl_typesupport_introspection_cpp.dir/rosidl_typesupport_introspection_cpp/px4_msgs/msg/detail/esc_status__type_support.cpp.o
[ 64%] Building CXX object CMakeFiles/px4_msgs__rosidl_typesupport_fastrtps_cpp.dir/rosidl_typesupport_fastrtps_cpp/px4_msgs/msg/detail/dds_fastrtps/actuator_controls_status__type_support.cpp.o
[ 65%] Building CXX object CMakeFiles/px4_msgs__rosidl_typesupport_fastrtps_cpp.dir/rosidl_typesupport_fastrtps_cpp/px4_msgs/msg/detail/dds_fastrtps/actuator_motors__type_support.cpp.o
[ 65%] Building CXX object CMakeFiles/px4_msgs__rosidl_typesupport_cpp.dir/rosidl_typesupport_cpp/px4_msgs/msg/failure_detector_status__type_support.cpp.o
[ 65%] Building CXX object CMakeFiles/px4_msgs__rosidl_typesupport_introspection_cpp.dir/rosidl_typesupport_introspection_cpp/px4_msgs/msg/detail/estimator_aid_source1d__type_support.cpp.o
[ 65%] Building CXX object CMakeFiles/px4_msgs__rosidl_typesupport_introspection_cpp.dir/rosidl_typesupport_introspection_cpp/px4_msgs/msg/detail/estimator_aid_source2d__type_support.cpp.o
[ 65%] Building CXX object CMakeFiles/px4_msgs__rosidl_typesupport_fastrtps_c.dir/rosidl_typesupport_fastrtps_c/px4_msgs/msg/detail/vehicle_rates_setpoint__type_support_c.cpp.o
[ 65%] Building CXX object CMakeFiles/px4_msgs__rosidl_typesupport_fastrtps_c.dir/rosidl_typesupport_fastrtps_c/px4_msgs/msg/detail/vehicle_imu__type_support_c.cpp.o
[ 65%] Building CXX object CMakeFiles/px4_msgs__rosidl_typesupport_cpp.dir/rosidl_typesupport_cpp/px4_msgs/msg/fixed_wing_lateral_guidance_status__type_support.cpp.o
[ 65%] Building CXX object CMakeFiles/px4_msgs__rosidl_typesupport_introspection_cpp.dir/rosidl_typesupport_introspection_cpp/px4_msgs/msg/detail/estimator_aid_source3d__type_support.cpp.o
[ 65%] Building CXX object CMakeFiles/px4_msgs__rosidl_typesupport_fastrtps_cpp.dir/rosidl_typesupport_fastrtps_cpp/px4_msgs/msg/detail/dds_fastrtps/actuator_outputs__type_support.cpp.o
[ 65%] Building CXX object CMakeFiles/px4_msgs__rosidl_typesupport_cpp.dir/rosidl_typesupport_cpp/px4_msgs/msg/fixed_wing_lateral_setpoint__type_support.cpp.o
[ 65%] Building CXX object CMakeFiles/px4_msgs__rosidl_typesupport_cpp.dir/rosidl_typesupport_cpp/px4_msgs/msg/figure_eight_status__type_support.cpp.o
[ 65%] Building CXX object CMakeFiles/px4_msgs__rosidl_typesupport_fastrtps_c.dir/rosidl_typesupport_fastrtps_c/px4_msgs/msg/detail/velocity_limits__type_support_c.cpp.o
[ 65%] Building CXX object CMakeFiles/px4_msgs__rosidl_typesupport_fastrtps_c.dir/rosidl_typesupport_fastrtps_c/px4_msgs/msg/detail/vehicle_torque_setpoint__type_support_c.cpp.o
[ 65%] Building CXX object CMakeFiles/px4_msgs__rosidl_typesupport_fastrtps_cpp.dir/rosidl_typesupport_fastrtps_cpp/px4_msgs/msg/detail/dds_fastrtps/actuator_servos__type_support.cpp.o
[ 65%] Building CXX object CMakeFiles/px4_msgs__rosidl_typesupport_fastrtps_c.dir/rosidl_typesupport_fastrtps_c/px4_msgs/msg/detail/vtol_vehicle_status__type_support_c.cpp.o
[ 65%] Building CXX object CMakeFiles/px4_msgs__rosidl_typesupport_introspection_cpp.dir/rosidl_typesupport_introspection_cpp/px4_msgs/msg/detail/estimator_bias__type_support.cpp.o
[ 65%] Building CXX object CMakeFiles/px4_msgs__rosidl_typesupport_fastrtps_cpp.dir/rosidl_typesupport_fastrtps_cpp/px4_msgs/msg/detail/dds_fastrtps/actuator_servos_trim__type_support.cpp.o
[ 65%] Building CXX object CMakeFiles/px4_msgs__rosidl_typesupport_cpp.dir/rosidl_typesupport_cpp/px4_msgs/msg/fixed_wing_lateral_status__type_support.cpp.o
[ 65%] Building CXX object CMakeFiles/px4_msgs__rosidl_typesupport_introspection_cpp.dir/rosidl_typesupport_introspection_cpp/px4_msgs/msg/detail/estimator_bias3d__type_support.cpp.o
[ 65%] Building CXX object CMakeFiles/px4_msgs__rosidl_typesupport_fastrtps_c.dir/rosidl_typesupport_fastrtps_c/px4_msgs/msg/detail/wheel_encoders__type_support_c.cpp.o
[ 65%] Building CXX object CMakeFiles/px4_msgs__rosidl_typesupport_fastrtps_cpp.dir/rosidl_typesupport_fastrtps_cpp/px4_msgs/msg/detail/dds_fastrtps/actuator_test__type_support.cpp.o
[ 65%] Building CXX object CMakeFiles/px4_msgs__rosidl_typesupport_cpp.dir/rosidl_typesupport_cpp/px4_msgs/msg/fixed_wing_longitudinal_setpoint__type_support.cpp.o
[ 65%] Building CXX object CMakeFiles/px4_msgs__rosidl_typesupport_introspection_cpp.dir/rosidl_typesupport_introspection_cpp/px4_msgs/msg/detail/estimator_gps_status__type_support.cpp.o
[ 65%] Building CXX object CMakeFiles/px4_msgs__rosidl_typesupport_cpp.dir/rosidl_typesupport_cpp/px4_msgs/msg/fixed_wing_runway_control__type_support.cpp.o
[ 65%] Building CXX object CMakeFiles/px4_msgs__rosidl_typesupport_fastrtps_c.dir/rosidl_typesupport_fastrtps_c/px4_msgs/msg/detail/wind__type_support_c.cpp.o
[ 65%] Building CXX object CMakeFiles/px4_msgs__rosidl_typesupport_fastrtps_cpp.dir/rosidl_typesupport_fastrtps_cpp/px4_msgs/msg/detail/dds_fastrtps/airspeed__type_support.cpp.o
[ 65%] Building CXX object CMakeFiles/px4_msgs__rosidl_typesupport_fastrtps_cpp.dir/rosidl_typesupport_fastrtps_cpp/px4_msgs/msg/detail/dds_fastrtps/adc_report__type_support.cpp.o
[ 65%] Building CXX object CMakeFiles/px4_msgs__rosidl_typesupport_cpp.dir/rosidl_typesupport_cpp/px4_msgs/msg/follow_target__type_support.cpp.o
[ 65%] Building CXX object CMakeFiles/px4_msgs__rosidl_typesupport_introspection_cpp.dir/rosidl_typesupport_introspection_cpp/px4_msgs/msg/detail/estimator_innovations__type_support.cpp.o
[ 65%] Building CXX object CMakeFiles/px4_msgs__rosidl_typesupport_introspection_cpp.dir/rosidl_typesupport_introspection_cpp/px4_msgs/msg/detail/estimator_event_flags__type_support.cpp.o
[ 65%] Building CXX object CMakeFiles/px4_msgs__rosidl_typesupport_cpp.dir/rosidl_typesupport_cpp/px4_msgs/msg/flight_phase_estimation__type_support.cpp.o
[ 65%] Building CXX object CMakeFiles/px4_msgs__rosidl_typesupport_fastrtps_c.dir/rosidl_typesupport_fastrtps_c/px4_msgs/msg/detail/yaw_estimator_status__type_support_c.cpp.o
[ 65%] Building CXX object CMakeFiles/px4_msgs__rosidl_typesupport_fastrtps_cpp.dir/rosidl_typesupport_fastrtps_cpp/px4_msgs/msg/detail/dds_fastrtps/airspeed_validated__type_support.cpp.o
[ 65%] Building CXX object CMakeFiles/px4_msgs__rosidl_typesupport_cpp.dir/rosidl_typesupport_cpp/px4_msgs/msg/follow_target_estimator__type_support.cpp.o
[ 65%] Building CXX object CMakeFiles/px4_msgs__rosidl_typesupport_fastrtps_cpp.dir/rosidl_typesupport_fastrtps_cpp/px4_msgs/msg/detail/dds_fastrtps/airspeed_wind__type_support.cpp.o
[ 65%] Building CXX object CMakeFiles/px4_msgs__rosidl_typesupport_introspection_cpp.dir/rosidl_typesupport_introspection_cpp/px4_msgs/msg/detail/estimator_sensor_bias__type_support.cpp.o
[ 65%] Building CXX object CMakeFiles/px4_msgs__rosidl_typesupport_fastrtps_c.dir/rosidl_typesupport_fastrtps_c/px4_msgs/srv/detail/vehicle_command__type_support_c.cpp.o
[ 65%] Building CXX object CMakeFiles/px4_msgs__rosidl_typesupport_introspection_cpp.dir/rosidl_typesupport_introspection_cpp/px4_msgs/msg/detail/estimator_selector_status__type_support.cpp.o
[ 65%] Building CXX object CMakeFiles/px4_msgs__rosidl_typesupport_fastrtps_cpp.dir/rosidl_typesupport_fastrtps_cpp/px4_msgs/msg/detail/dds_fastrtps/arming_check_reply__type_support.cpp.o
[ 65%] Building CXX object CMakeFiles/px4_msgs__rosidl_typesupport_cpp.dir/rosidl_typesupport_cpp/px4_msgs/msg/follow_target_status__type_support.cpp.o
[ 65%] Building CXX object CMakeFiles/px4_msgs__rosidl_typesupport_fastrtps_cpp.dir/rosidl_typesupport_fastrtps_cpp/px4_msgs/msg/detail/dds_fastrtps/arming_check_request__type_support.cpp.o
[ 65%] Building CXX object CMakeFiles/px4_msgs__rosidl_typesupport_introspection_cpp.dir/rosidl_typesupport_introspection_cpp/px4_msgs/msg/detail/estimator_states__type_support.cpp.o
[ 65%] Building CXX object CMakeFiles/px4_msgs__rosidl_typesupport_cpp.dir/rosidl_typesupport_cpp/px4_msgs/msg/fuel_tank_status__type_support.cpp.o
[ 65%] Building CXX object CMakeFiles/px4_msgs__rosidl_typesupport_introspection_cpp.dir/rosidl_typesupport_introspection_cpp/px4_msgs/msg/detail/estimator_status__type_support.cpp.o
[ 65%] Building CXX object CMakeFiles/px4_msgs__rosidl_typesupport_fastrtps_cpp.dir/rosidl_typesupport_fastrtps_cpp/px4_msgs/msg/detail/dds_fastrtps/autotune_attitude_control_status__type_support.cpp.o
[ 65%] Linking CXX shared library libpx4_msgs__rosidl_typesupport_fastrtps_c.so
[ 66%] Building CXX object CMakeFiles/px4_msgs__rosidl_typesupport_introspection_cpp.dir/rosidl_typesupport_introspection_cpp/px4_msgs/msg/detail/estimator_status_flags__type_support.cpp.o
[ 66%] Building CXX object CMakeFiles/px4_msgs__rosidl_typesupport_cpp.dir/rosidl_typesupport_cpp/px4_msgs/msg/generator_status__type_support.cpp.o
[ 66%] Building CXX object CMakeFiles/px4_msgs__rosidl_typesupport_introspection_cpp.dir/rosidl_typesupport_introspection_cpp/px4_msgs/msg/detail/event__type_support.cpp.o
[ 66%] Built target px4_msgs__rosidl_typesupport_fastrtps_c
[ 66%] Building CXX object CMakeFiles/px4_msgs__rosidl_typesupport_fastrtps_cpp.dir/rosidl_typesupport_fastrtps_cpp/px4_msgs/msg/detail/dds_fastrtps/battery_status__type_support.cpp.o
[ 66%] Building CXX object CMakeFiles/px4_msgs__rosidl_typesupport_introspection_cpp.dir/rosidl_typesupport_introspection_cpp/px4_msgs/msg/detail/failsafe_flags__type_support.cpp.o
[ 66%] Building CXX object CMakeFiles/px4_msgs__rosidl_typesupport_fastrtps_cpp.dir/rosidl_typesupport_fastrtps_cpp/px4_msgs/msg/detail/dds_fastrtps/battery_info__type_support.cpp.o
[ 66%] Building CXX object CMakeFiles/px4_msgs__rosidl_typesupport_cpp.dir/rosidl_typesupport_cpp/px4_msgs/msg/geofence_status__type_support.cpp.o
[ 66%] Building CXX object CMakeFiles/px4_msgs__rosidl_typesupport_cpp.dir/rosidl_typesupport_cpp/px4_msgs/msg/geofence_result__type_support.cpp.o
[ 66%] Building CXX object CMakeFiles/px4_msgs__rosidl_typesupport_fastrtps_cpp.dir/rosidl_typesupport_fastrtps_cpp/px4_msgs/msg/detail/dds_fastrtps/camera_capture__type_support.cpp.o
[ 66%] Building CXX object CMakeFiles/px4_msgs__rosidl_typesupport_introspection_cpp.dir/rosidl_typesupport_introspection_cpp/px4_msgs/msg/detail/failure_detector_status__type_support.cpp.o
[ 66%] Building CXX object CMakeFiles/px4_msgs__rosidl_typesupport_cpp.dir/rosidl_typesupport_cpp/px4_msgs/msg/gimbal_controls__type_support.cpp.o
[ 66%] Building CXX object CMakeFiles/px4_msgs__rosidl_typesupport_cpp.dir/rosidl_typesupport_cpp/px4_msgs/msg/gimbal_device_attitude_status__type_support.cpp.o
[ 66%] Building CXX object CMakeFiles/px4_msgs__rosidl_typesupport_introspection_cpp.dir/rosidl_typesupport_introspection_cpp/px4_msgs/msg/detail/figure_eight_status__type_support.cpp.o
[ 66%] Building CXX object CMakeFiles/px4_msgs__rosidl_typesupport_fastrtps_cpp.dir/rosidl_typesupport_fastrtps_cpp/px4_msgs/msg/detail/dds_fastrtps/camera_status__type_support.cpp.o
[ 66%] Building CXX object CMakeFiles/px4_msgs__rosidl_typesupport_fastrtps_cpp.dir/rosidl_typesupport_fastrtps_cpp/px4_msgs/msg/detail/dds_fastrtps/button_event__type_support.cpp.o
[ 66%] Building CXX object CMakeFiles/px4_msgs__rosidl_typesupport_cpp.dir/rosidl_typesupport_cpp/px4_msgs/msg/gimbal_device_information__type_support.cpp.o
[ 66%] Building CXX object CMakeFiles/px4_msgs__rosidl_typesupport_introspection_cpp.dir/rosidl_typesupport_introspection_cpp/px4_msgs/msg/detail/fixed_wing_lateral_guidance_status__type_support.cpp.o
[ 66%] Building CXX object CMakeFiles/px4_msgs__rosidl_typesupport_cpp.dir/rosidl_typesupport_cpp/px4_msgs/msg/gimbal_device_set_attitude__type_support.cpp.o
[ 66%] Building CXX object CMakeFiles/px4_msgs__rosidl_typesupport_fastrtps_cpp.dir/rosidl_typesupport_fastrtps_cpp/px4_msgs/msg/detail/dds_fastrtps/camera_trigger__type_support.cpp.o
[ 66%] Building CXX object CMakeFiles/px4_msgs__rosidl_typesupport_introspection_cpp.dir/rosidl_typesupport_introspection_cpp/px4_msgs/msg/detail/fixed_wing_lateral_setpoint__type_support.cpp.o
[ 67%] Building CXX object CMakeFiles/px4_msgs__rosidl_typesupport_cpp.dir/rosidl_typesupport_cpp/px4_msgs/msg/gimbal_manager_information__type_support.cpp.o
[ 67%] Building CXX object CMakeFiles/px4_msgs__rosidl_typesupport_fastrtps_cpp.dir/rosidl_typesupport_fastrtps_cpp/px4_msgs/msg/detail/dds_fastrtps/can_interface_status__type_support.cpp.o
[ 67%] Building CXX object CMakeFiles/px4_msgs__rosidl_typesupport_introspection_cpp.dir/rosidl_typesupport_introspection_cpp/px4_msgs/msg/detail/fixed_wing_lateral_status__type_support.cpp.o
[ 67%] Building CXX object CMakeFiles/px4_msgs__rosidl_typesupport_cpp.dir/rosidl_typesupport_cpp/px4_msgs/msg/gimbal_manager_set_attitude__type_support.cpp.o
[ 67%] Building CXX object CMakeFiles/px4_msgs__rosidl_typesupport_fastrtps_cpp.dir/rosidl_typesupport_fastrtps_cpp/px4_msgs/msg/detail/dds_fastrtps/cellular_status__type_support.cpp.o
[ 67%] Building CXX object CMakeFiles/px4_msgs__rosidl_typesupport_cpp.dir/rosidl_typesupport_cpp/px4_msgs/msg/gimbal_manager_set_manual_control__type_support.cpp.o
[ 67%] Building CXX object CMakeFiles/px4_msgs__rosidl_typesupport_introspection_cpp.dir/rosidl_typesupport_introspection_cpp/px4_msgs/msg/detail/fixed_wing_longitudinal_setpoint__type_support.cpp.o
[ 67%] Building CXX object CMakeFiles/px4_msgs__rosidl_typesupport_fastrtps_cpp.dir/rosidl_typesupport_fastrtps_cpp/px4_msgs/msg/detail/dds_fastrtps/collision_constraints__type_support.cpp.o
[ 67%] Building CXX object CMakeFiles/px4_msgs__rosidl_typesupport_introspection_cpp.dir/rosidl_typesupport_introspection_cpp/px4_msgs/msg/detail/flight_phase_estimation__type_support.cpp.o
[ 67%] Building CXX object CMakeFiles/px4_msgs__rosidl_typesupport_cpp.dir/rosidl_typesupport_cpp/px4_msgs/msg/gimbal_manager_status__type_support.cpp.o
[ 67%] Building CXX object CMakeFiles/px4_msgs__rosidl_typesupport_cpp.dir/rosidl_typesupport_cpp/px4_msgs/msg/goto_setpoint__type_support.cpp.o
[ 67%] Building CXX object CMakeFiles/px4_msgs__rosidl_typesupport_introspection_cpp.dir/rosidl_typesupport_introspection_cpp/px4_msgs/msg/detail/fixed_wing_runway_control__type_support.cpp.o
[ 67%] Building CXX object CMakeFiles/px4_msgs__rosidl_typesupport_fastrtps_cpp.dir/rosidl_typesupport_fastrtps_cpp/px4_msgs/msg/detail/dds_fastrtps/config_overrides__type_support.cpp.o
[ 67%] Building CXX object CMakeFiles/px4_msgs__rosidl_typesupport_introspection_cpp.dir/rosidl_typesupport_introspection_cpp/px4_msgs/msg/detail/follow_target__type_support.cpp.o
[ 67%] Building CXX object CMakeFiles/px4_msgs__rosidl_typesupport_fastrtps_cpp.dir/rosidl_typesupport_fastrtps_cpp/px4_msgs/msg/detail/dds_fastrtps/control_allocator_status__type_support.cpp.o
[ 67%] Building CXX object CMakeFiles/px4_msgs__rosidl_typesupport_fastrtps_cpp.dir/rosidl_typesupport_fastrtps_cpp/px4_msgs/msg/detail/dds_fastrtps/cpuload__type_support.cpp.o
[ 67%] Building CXX object CMakeFiles/px4_msgs__rosidl_typesupport_cpp.dir/rosidl_typesupport_cpp/px4_msgs/msg/gpio_in__type_support.cpp.o
[ 67%] Building CXX object CMakeFiles/px4_msgs__rosidl_typesupport_cpp.dir/rosidl_typesupport_cpp/px4_msgs/msg/gpio_config__type_support.cpp.o
[ 67%] Building CXX object CMakeFiles/px4_msgs__rosidl_typesupport_introspection_cpp.dir/rosidl_typesupport_introspection_cpp/px4_msgs/msg/detail/follow_target_status__type_support.cpp.o
[ 68%] Building CXX object CMakeFiles/px4_msgs__rosidl_typesupport_introspection_cpp.dir/rosidl_typesupport_introspection_cpp/px4_msgs/msg/detail/follow_target_estimator__type_support.cpp.o
[ 68%] Building CXX object CMakeFiles/px4_msgs__rosidl_typesupport_fastrtps_cpp.dir/rosidl_typesupport_fastrtps_cpp/px4_msgs/msg/detail/dds_fastrtps/dataman_request__type_support.cpp.o
[ 68%] Building CXX object CMakeFiles/px4_msgs__rosidl_typesupport_fastrtps_cpp.dir/rosidl_typesupport_fastrtps_cpp/px4_msgs/msg/detail/dds_fastrtps/dataman_response__type_support.cpp.o
[ 68%] Building CXX object CMakeFiles/px4_msgs__rosidl_typesupport_cpp.dir/rosidl_typesupport_cpp/px4_msgs/msg/gpio_out__type_support.cpp.o
[ 68%] Building CXX object CMakeFiles/px4_msgs__rosidl_typesupport_cpp.dir/rosidl_typesupport_cpp/px4_msgs/msg/gpio_request__type_support.cpp.o
[ 68%] Building CXX object CMakeFiles/px4_msgs__rosidl_typesupport_fastrtps_cpp.dir/rosidl_typesupport_fastrtps_cpp/px4_msgs/msg/detail/dds_fastrtps/debug_array__type_support.cpp.o
[ 68%] Building CXX object CMakeFiles/px4_msgs__rosidl_typesupport_fastrtps_cpp.dir/rosidl_typesupport_fastrtps_cpp/px4_msgs/msg/detail/dds_fastrtps/debug_key_value__type_support.cpp.o
[ 68%] Building CXX object CMakeFiles/px4_msgs__rosidl_typesupport_introspection_cpp.dir/rosidl_typesupport_introspection_cpp/px4_msgs/msg/detail/fuel_tank_status__type_support.cpp.o
[ 68%] Building CXX object CMakeFiles/px4_msgs__rosidl_typesupport_fastrtps_cpp.dir/rosidl_typesupport_fastrtps_cpp/px4_msgs/msg/detail/dds_fastrtps/debug_value__type_support.cpp.o
[ 68%] Building CXX object CMakeFiles/px4_msgs__rosidl_typesupport_cpp.dir/rosidl_typesupport_cpp/px4_msgs/msg/gps_dump__type_support.cpp.o
[ 68%] Building CXX object CMakeFiles/px4_msgs__rosidl_typesupport_fastrtps_cpp.dir/rosidl_typesupport_fastrtps_cpp/px4_msgs/msg/detail/dds_fastrtps/debug_vect__type_support.cpp.o
[ 68%] Building CXX object CMakeFiles/px4_msgs__rosidl_typesupport_cpp.dir/rosidl_typesupport_cpp/px4_msgs/msg/gps_inject_data__type_support.cpp.o
[ 68%] Building CXX object CMakeFiles/px4_msgs__rosidl_typesupport_fastrtps_cpp.dir/rosidl_typesupport_fastrtps_cpp/px4_msgs/msg/detail/dds_fastrtps/differential_pressure__type_support.cpp.o
[ 68%] Building CXX object CMakeFiles/px4_msgs__rosidl_typesupport_introspection_cpp.dir/rosidl_typesupport_introspection_cpp/px4_msgs/msg/detail/generator_status__type_support.cpp.o
[ 68%] Building CXX object CMakeFiles/px4_msgs__rosidl_typesupport_introspection_cpp.dir/rosidl_typesupport_introspection_cpp/px4_msgs/msg/detail/geofence_result__type_support.cpp.o
[ 68%] Building CXX object CMakeFiles/px4_msgs__rosidl_typesupport_cpp.dir/rosidl_typesupport_cpp/px4_msgs/msg/gripper__type_support.cpp.o
[ 68%] Building CXX object CMakeFiles/px4_msgs__rosidl_typesupport_fastrtps_cpp.dir/rosidl_typesupport_fastrtps_cpp/px4_msgs/msg/detail/dds_fastrtps/distance_sensor__type_support.cpp.o
[ 68%] Building CXX object CMakeFiles/px4_msgs__rosidl_typesupport_introspection_cpp.dir/rosidl_typesupport_introspection_cpp/px4_msgs/msg/detail/gimbal_controls__type_support.cpp.o
[ 68%] Building CXX object CMakeFiles/px4_msgs__rosidl_typesupport_cpp.dir/rosidl_typesupport_cpp/px4_msgs/msg/hover_thrust_estimate__type_support.cpp.o
[ 68%] Building CXX object CMakeFiles/px4_msgs__rosidl_typesupport_cpp.dir/rosidl_typesupport_cpp/px4_msgs/msg/home_position__type_support.cpp.o
[ 68%] Building CXX object CMakeFiles/px4_msgs__rosidl_typesupport_introspection_cpp.dir/rosidl_typesupport_introspection_cpp/px4_msgs/msg/detail/gimbal_device_information__type_support.cpp.o
[ 68%] Building CXX object CMakeFiles/px4_msgs__rosidl_typesupport_fastrtps_cpp.dir/rosidl_typesupport_fastrtps_cpp/px4_msgs/msg/detail/dds_fastrtps/distance_sensor_mode_change_request__type_support.cpp.o
[ 68%] Building CXX object CMakeFiles/px4_msgs__rosidl_typesupport_cpp.dir/rosidl_typesupport_cpp/px4_msgs/msg/input_rc__type_support.cpp.o
[ 68%] Building CXX object CMakeFiles/px4_msgs__rosidl_typesupport_introspection_cpp.dir/rosidl_typesupport_introspection_cpp/px4_msgs/msg/detail/gimbal_device_attitude_status__type_support.cpp.o
[ 68%] Building CXX object CMakeFiles/px4_msgs__rosidl_typesupport_fastrtps_cpp.dir/rosidl_typesupport_fastrtps_cpp/px4_msgs/msg/detail/dds_fastrtps/ekf2_timestamps__type_support.cpp.o
[ 68%] Building CXX object CMakeFiles/px4_msgs__rosidl_typesupport_cpp.dir/rosidl_typesupport_cpp/px4_msgs/msg/heater_status__type_support.cpp.o
[ 68%] Building CXX object CMakeFiles/px4_msgs__rosidl_typesupport_introspection_cpp.dir/rosidl_typesupport_introspection_cpp/px4_msgs/msg/detail/gimbal_manager_information__type_support.cpp.o
[ 68%] Building CXX object CMakeFiles/px4_msgs__rosidl_typesupport_cpp.dir/rosidl_typesupport_cpp/px4_msgs/msg/health_report__type_support.cpp.o
[ 68%] Building CXX object CMakeFiles/px4_msgs__rosidl_typesupport_fastrtps_cpp.dir/rosidl_typesupport_fastrtps_cpp/px4_msgs/msg/detail/dds_fastrtps/esc_status__type_support.cpp.o
[ 68%] Building CXX object CMakeFiles/px4_msgs__rosidl_typesupport_introspection_cpp.dir/rosidl_typesupport_introspection_cpp/px4_msgs/msg/detail/gimbal_manager_set_attitude__type_support.cpp.o
[ 68%] Building CXX object CMakeFiles/px4_msgs__rosidl_typesupport_cpp.dir/rosidl_typesupport_cpp/px4_msgs/msg/internal_combustion_engine_control__type_support.cpp.o
[ 68%] Building CXX object CMakeFiles/px4_msgs__rosidl_typesupport_introspection_cpp.dir/rosidl_typesupport_introspection_cpp/px4_msgs/msg/detail/gimbal_device_set_attitude__type_support.cpp.o
[ 68%] Building CXX object CMakeFiles/px4_msgs__rosidl_typesupport_cpp.dir/rosidl_typesupport_cpp/px4_msgs/msg/internal_combustion_engine_status__type_support.cpp.o
[ 68%] Building CXX object CMakeFiles/px4_msgs__rosidl_typesupport_fastrtps_cpp.dir/rosidl_typesupport_fastrtps_cpp/px4_msgs/msg/detail/dds_fastrtps/estimator_aid_source1d__type_support.cpp.o
[ 68%] Building CXX object CMakeFiles/px4_msgs__rosidl_typesupport_cpp.dir/rosidl_typesupport_cpp/px4_msgs/msg/iridiumsbd_status__type_support.cpp.o
[ 68%] Building CXX object CMakeFiles/px4_msgs__rosidl_typesupport_introspection_cpp.dir/rosidl_typesupport_introspection_cpp/px4_msgs/msg/detail/gimbal_manager_status__type_support.cpp.o
[ 68%] Building CXX object CMakeFiles/px4_msgs__rosidl_typesupport_fastrtps_cpp.dir/rosidl_typesupport_fastrtps_cpp/px4_msgs/msg/detail/dds_fastrtps/esc_report__type_support.cpp.o
[ 69%] Building CXX object CMakeFiles/px4_msgs__rosidl_typesupport_cpp.dir/rosidl_typesupport_cpp/px4_msgs/msg/landing_gear__type_support.cpp.o
[ 69%] Building CXX object CMakeFiles/px4_msgs__rosidl_typesupport_introspection_cpp.dir/rosidl_typesupport_introspection_cpp/px4_msgs/msg/detail/gimbal_manager_set_manual_control__type_support.cpp.o
[ 69%] Building CXX object CMakeFiles/px4_msgs__rosidl_typesupport_introspection_cpp.dir/rosidl_typesupport_introspection_cpp/px4_msgs/msg/detail/geofence_status__type_support.cpp.o
[ 69%] Building CXX object CMakeFiles/px4_msgs__rosidl_typesupport_cpp.dir/rosidl_typesupport_cpp/px4_msgs/msg/irlock_report__type_support.cpp.o
[ 69%] Building CXX object CMakeFiles/px4_msgs__rosidl_typesupport_fastrtps_cpp.dir/rosidl_typesupport_fastrtps_cpp/px4_msgs/msg/detail/dds_fastrtps/estimator_bias3d__type_support.cpp.o
[ 69%] Building CXX object CMakeFiles/px4_msgs__rosidl_typesupport_introspection_cpp.dir/rosidl_typesupport_introspection_cpp/px4_msgs/msg/detail/goto_setpoint__type_support.cpp.o
[ 69%] Building CXX object CMakeFiles/px4_msgs__rosidl_typesupport_cpp.dir/rosidl_typesupport_cpp/px4_msgs/msg/landing_gear_wheel__type_support.cpp.o
[ 69%] Building CXX object CMakeFiles/px4_msgs__rosidl_typesupport_cpp.dir/rosidl_typesupport_cpp/px4_msgs/msg/landing_target_innovations__type_support.cpp.o
[ 69%] Building CXX object CMakeFiles/px4_msgs__rosidl_typesupport_introspection_cpp.dir/rosidl_typesupport_introspection_cpp/px4_msgs/msg/detail/gpio_config__type_support.cpp.o
[ 69%] Building CXX object CMakeFiles/px4_msgs__rosidl_typesupport_fastrtps_cpp.dir/rosidl_typesupport_fastrtps_cpp/px4_msgs/msg/detail/dds_fastrtps/estimator_event_flags__type_support.cpp.o
[ 70%] Building CXX object CMakeFiles/px4_msgs__rosidl_typesupport_cpp.dir/rosidl_typesupport_cpp/px4_msgs/msg/landing_target_pose__type_support.cpp.o
[ 70%] Building CXX object CMakeFiles/px4_msgs__rosidl_typesupport_introspection_cpp.dir/rosidl_typesupport_introspection_cpp/px4_msgs/msg/detail/gpio_in__type_support.cpp.o
[ 70%] Building CXX object CMakeFiles/px4_msgs__rosidl_typesupport_fastrtps_cpp.dir/rosidl_typesupport_fastrtps_cpp/px4_msgs/msg/detail/dds_fastrtps/estimator_bias__type_support.cpp.o
[ 70%] Building CXX object CMakeFiles/px4_msgs__rosidl_typesupport_cpp.dir/rosidl_typesupport_cpp/px4_msgs/msg/launch_detection_status__type_support.cpp.o
[ 70%] Building CXX object CMakeFiles/px4_msgs__rosidl_typesupport_introspection_cpp.dir/rosidl_typesupport_introspection_cpp/px4_msgs/msg/detail/gpio_out__type_support.cpp.o
[ 70%] Building CXX object CMakeFiles/px4_msgs__rosidl_typesupport_fastrtps_cpp.dir/rosidl_typesupport_fastrtps_cpp/px4_msgs/msg/detail/dds_fastrtps/estimator_aid_source3d__type_support.cpp.o
[ 70%] Building CXX object CMakeFiles/px4_msgs__rosidl_typesupport_cpp.dir/rosidl_typesupport_cpp/px4_msgs/msg/led_control__type_support.cpp.o
[ 70%] Building CXX object CMakeFiles/px4_msgs__rosidl_typesupport_introspection_cpp.dir/rosidl_typesupport_introspection_cpp/px4_msgs/msg/detail/gpio_request__type_support.cpp.o
[ 70%] Building CXX object CMakeFiles/px4_msgs__rosidl_typesupport_cpp.dir/rosidl_typesupport_cpp/px4_msgs/msg/logger_status__type_support.cpp.o
[ 70%] Building CXX object CMakeFiles/px4_msgs__rosidl_typesupport_fastrtps_cpp.dir/rosidl_typesupport_fastrtps_cpp/px4_msgs/msg/detail/dds_fastrtps/estimator_gps_status__type_support.cpp.o
[ 70%] Building CXX object CMakeFiles/px4_msgs__rosidl_typesupport_cpp.dir/rosidl_typesupport_cpp/px4_msgs/msg/log_message__type_support.cpp.o
[ 70%] Building CXX object CMakeFiles/px4_msgs__rosidl_typesupport_introspection_cpp.dir/rosidl_typesupport_introspection_cpp/px4_msgs/msg/detail/gps_inject_data__type_support.cpp.o
[ 70%] Building CXX object CMakeFiles/px4_msgs__rosidl_typesupport_cpp.dir/rosidl_typesupport_cpp/px4_msgs/msg/lateral_control_configuration__type_support.cpp.o
[ 70%] Building CXX object CMakeFiles/px4_msgs__rosidl_typesupport_fastrtps_cpp.dir/rosidl_typesupport_fastrtps_cpp/px4_msgs/msg/detail/dds_fastrtps/estimator_selector_status__type_support.cpp.o
[ 70%] Building CXX object CMakeFiles/px4_msgs__rosidl_typesupport_introspection_cpp.dir/rosidl_typesupport_introspection_cpp/px4_msgs/msg/detail/gps_dump__type_support.cpp.o
[ 70%] Building CXX object CMakeFiles/px4_msgs__rosidl_typesupport_cpp.dir/rosidl_typesupport_cpp/px4_msgs/msg/longitudinal_control_configuration__type_support.cpp.o
[ 70%] Building CXX object CMakeFiles/px4_msgs__rosidl_typesupport_introspection_cpp.dir/rosidl_typesupport_introspection_cpp/px4_msgs/msg/detail/gripper__type_support.cpp.o
[ 70%] Building CXX object CMakeFiles/px4_msgs__rosidl_typesupport_cpp.dir/rosidl_typesupport_cpp/px4_msgs/msg/mag_worker_data__type_support.cpp.o
[ 70%] Building CXX object CMakeFiles/px4_msgs__rosidl_typesupport_fastrtps_cpp.dir/rosidl_typesupport_fastrtps_cpp/px4_msgs/msg/detail/dds_fastrtps/estimator_states__type_support.cpp.o
[ 70%] Building CXX object CMakeFiles/px4_msgs__rosidl_typesupport_introspection_cpp.dir/rosidl_typesupport_introspection_cpp/px4_msgs/msg/detail/health_report__type_support.cpp.o
[ 70%] Building CXX object CMakeFiles/px4_msgs__rosidl_typesupport_introspection_cpp.dir/rosidl_typesupport_introspection_cpp/px4_msgs/msg/detail/heater_status__type_support.cpp.o
[ 70%] Building CXX object CMakeFiles/px4_msgs__rosidl_typesupport_cpp.dir/rosidl_typesupport_cpp/px4_msgs/msg/magnetometer_bias_estimate__type_support.cpp.o
[ 70%] Building CXX object CMakeFiles/px4_msgs__rosidl_typesupport_introspection_cpp.dir/rosidl_typesupport_introspection_cpp/px4_msgs/msg/detail/home_position__type_support.cpp.o
[ 71%] Building CXX object CMakeFiles/px4_msgs__rosidl_typesupport_fastrtps_cpp.dir/rosidl_typesupport_fastrtps_cpp/px4_msgs/msg/detail/dds_fastrtps/estimator_status__type_support.cpp.o
[ 71%] Building CXX object CMakeFiles/px4_msgs__rosidl_typesupport_cpp.dir/rosidl_typesupport_cpp/px4_msgs/msg/manual_control_setpoint__type_support.cpp.o
[ 71%] Building CXX object CMakeFiles/px4_msgs__rosidl_typesupport_introspection_cpp.dir/rosidl_typesupport_introspection_cpp/px4_msgs/msg/detail/hover_thrust_estimate__type_support.cpp.o
[ 71%] Building CXX object CMakeFiles/px4_msgs__rosidl_typesupport_cpp.dir/rosidl_typesupport_cpp/px4_msgs/msg/manual_control_switches__type_support.cpp.o
[ 71%] Building CXX object CMakeFiles/px4_msgs__rosidl_typesupport_fastrtps_cpp.dir/rosidl_typesupport_fastrtps_cpp/px4_msgs/msg/detail/dds_fastrtps/estimator_sensor_bias__type_support.cpp.o
[ 71%] Building CXX object CMakeFiles/px4_msgs__rosidl_typesupport_cpp.dir/rosidl_typesupport_cpp/px4_msgs/msg/mavlink_log__type_support.cpp.o
[ 71%] Building CXX object CMakeFiles/px4_msgs__rosidl_typesupport_introspection_cpp.dir/rosidl_typesupport_introspection_cpp/px4_msgs/msg/detail/internal_combustion_engine_control__type_support.cpp.o
[ 71%] Building CXX object CMakeFiles/px4_msgs__rosidl_typesupport_cpp.dir/rosidl_typesupport_cpp/px4_msgs/msg/mavlink_tunnel__type_support.cpp.o
[ 71%] Building CXX object CMakeFiles/px4_msgs__rosidl_typesupport_fastrtps_cpp.dir/rosidl_typesupport_fastrtps_cpp/px4_msgs/msg/detail/dds_fastrtps/estimator_innovations__type_support.cpp.o
[ 71%] Building CXX object CMakeFiles/px4_msgs__rosidl_typesupport_introspection_cpp.dir/rosidl_typesupport_introspection_cpp/px4_msgs/msg/detail/iridiumsbd_status__type_support.cpp.o
[ 71%] Building CXX object CMakeFiles/px4_msgs__rosidl_typesupport_cpp.dir/rosidl_typesupport_cpp/px4_msgs/msg/message_format_request__type_support.cpp.o
[ 71%] Building CXX object CMakeFiles/px4_msgs__rosidl_typesupport_introspection_cpp.dir/rosidl_typesupport_introspection_cpp/px4_msgs/msg/detail/internal_combustion_engine_status__type_support.cpp.o
[ 71%] Building CXX object CMakeFiles/px4_msgs__rosidl_typesupport_cpp.dir/rosidl_typesupport_cpp/px4_msgs/msg/message_format_response__type_support.cpp.o
[ 71%] Building CXX object CMakeFiles/px4_msgs__rosidl_typesupport_introspection_cpp.dir/rosidl_typesupport_introspection_cpp/px4_msgs/msg/detail/input_rc__type_support.cpp.o
[ 71%] Building CXX object CMakeFiles/px4_msgs__rosidl_typesupport_fastrtps_cpp.dir/rosidl_typesupport_fastrtps_cpp/px4_msgs/msg/detail/dds_fastrtps/failsafe_flags__type_support.cpp.o
[ 71%] Building CXX object CMakeFiles/px4_msgs__rosidl_typesupport_cpp.dir/rosidl_typesupport_cpp/px4_msgs/msg/mission__type_support.cpp.o
[ 71%] Building CXX object CMakeFiles/px4_msgs__rosidl_typesupport_introspection_cpp.dir/rosidl_typesupport_introspection_cpp/px4_msgs/msg/detail/irlock_report__type_support.cpp.o
[ 71%] Building CXX object CMakeFiles/px4_msgs__rosidl_typesupport_fastrtps_cpp.dir/rosidl_typesupport_fastrtps_cpp/px4_msgs/msg/detail/dds_fastrtps/failure_detector_status__type_support.cpp.o
[ 71%] Building CXX object CMakeFiles/px4_msgs__rosidl_typesupport_cpp.dir/rosidl_typesupport_cpp/px4_msgs/msg/mission_result__type_support.cpp.o
[ 71%] Building CXX object CMakeFiles/px4_msgs__rosidl_typesupport_introspection_cpp.dir/rosidl_typesupport_introspection_cpp/px4_msgs/msg/detail/landing_gear__type_support.cpp.o
[ 71%] Building CXX object CMakeFiles/px4_msgs__rosidl_typesupport_cpp.dir/rosidl_typesupport_cpp/px4_msgs/msg/mode_completed__type_support.cpp.o
[ 71%] Building CXX object CMakeFiles/px4_msgs__rosidl_typesupport_fastrtps_cpp.dir/rosidl_typesupport_fastrtps_cpp/px4_msgs/msg/detail/dds_fastrtps/figure_eight_status__type_support.cpp.o
[ 71%] Building CXX object CMakeFiles/px4_msgs__rosidl_typesupport_introspection_cpp.dir/rosidl_typesupport_introspection_cpp/px4_msgs/msg/detail/landing_gear_wheel__type_support.cpp.o
[ 71%] Building CXX object CMakeFiles/px4_msgs__rosidl_typesupport_cpp.dir/rosidl_typesupport_cpp/px4_msgs/msg/mount_orientation__type_support.cpp.o
[ 71%] Building CXX object CMakeFiles/px4_msgs__rosidl_typesupport_introspection_cpp.dir/rosidl_typesupport_introspection_cpp/px4_msgs/msg/detail/landing_target_innovations__type_support.cpp.o
[ 71%] Building CXX object CMakeFiles/px4_msgs__rosidl_typesupport_fastrtps_cpp.dir/rosidl_typesupport_fastrtps_cpp/px4_msgs/msg/detail/dds_fastrtps/event__type_support.cpp.o
[ 71%] Building CXX object CMakeFiles/px4_msgs__rosidl_typesupport_cpp.dir/rosidl_typesupport_cpp/px4_msgs/msg/navigator_mission_item__type_support.cpp.o
[ 72%] Building CXX object CMakeFiles/px4_msgs__rosidl_typesupport_introspection_cpp.dir/rosidl_typesupport_introspection_cpp/px4_msgs/msg/detail/landing_target_pose__type_support.cpp.o
[ 72%] Building CXX object CMakeFiles/px4_msgs__rosidl_typesupport_cpp.dir/rosidl_typesupport_cpp/px4_msgs/msg/navigator_status__type_support.cpp.o
[ 72%] Building CXX object CMakeFiles/px4_msgs__rosidl_typesupport_fastrtps_cpp.dir/rosidl_typesupport_fastrtps_cpp/px4_msgs/msg/detail/dds_fastrtps/fixed_wing_lateral_setpoint__type_support.cpp.o
[ 72%] Building CXX object CMakeFiles/px4_msgs__rosidl_typesupport_introspection_cpp.dir/rosidl_typesupport_introspection_cpp/px4_msgs/msg/detail/lateral_control_configuration__type_support.cpp.o
[ 72%] Building CXX object CMakeFiles/px4_msgs__rosidl_typesupport_fastrtps_cpp.dir/rosidl_typesupport_fastrtps_cpp/px4_msgs/msg/detail/dds_fastrtps/fixed_wing_lateral_guidance_status__type_support.cpp.o
[ 72%] Building CXX object CMakeFiles/px4_msgs__rosidl_typesupport_cpp.dir/rosidl_typesupport_cpp/px4_msgs/msg/neural_control__type_support.cpp.o
[ 72%] Building CXX object CMakeFiles/px4_msgs__rosidl_typesupport_introspection_cpp.dir/rosidl_typesupport_introspection_cpp/px4_msgs/msg/detail/launch_detection_status__type_support.cpp.o
[ 72%] Building CXX object CMakeFiles/px4_msgs__rosidl_typesupport_fastrtps_cpp.dir/rosidl_typesupport_fastrtps_cpp/px4_msgs/msg/detail/dds_fastrtps/fixed_wing_lateral_status__type_support.cpp.o
[ 72%] Building CXX object CMakeFiles/px4_msgs__rosidl_typesupport_cpp.dir/rosidl_typesupport_cpp/px4_msgs/msg/normalized_unsigned_setpoint__type_support.cpp.o
[ 72%] Building CXX object CMakeFiles/px4_msgs__rosidl_typesupport_introspection_cpp.dir/rosidl_typesupport_introspection_cpp/px4_msgs/msg/detail/led_control__type_support.cpp.o
[ 72%] Building CXX object CMakeFiles/px4_msgs__rosidl_typesupport_fastrtps_cpp.dir/rosidl_typesupport_fastrtps_cpp/px4_msgs/msg/detail/dds_fastrtps/fixed_wing_longitudinal_setpoint__type_support.cpp.o
[ 72%] Building CXX object CMakeFiles/px4_msgs__rosidl_typesupport_cpp.dir/rosidl_typesupport_cpp/px4_msgs/msg/obstacle_distance__type_support.cpp.o
[ 72%] Building CXX object CMakeFiles/px4_msgs__rosidl_typesupport_introspection_cpp.dir/rosidl_typesupport_introspection_cpp/px4_msgs/msg/detail/log_message__type_support.cpp.o
[ 73%] Building CXX object CMakeFiles/px4_msgs__rosidl_typesupport_cpp.dir/rosidl_typesupport_cpp/px4_msgs/msg/offboard_control_mode__type_support.cpp.o
[ 73%] Building CXX object CMakeFiles/px4_msgs__rosidl_typesupport_fastrtps_cpp.dir/rosidl_typesupport_fastrtps_cpp/px4_msgs/msg/detail/dds_fastrtps/fixed_wing_runway_control__type_support.cpp.o
[ 73%] Building CXX object CMakeFiles/px4_msgs__rosidl_typesupport_fastrtps_cpp.dir/rosidl_typesupport_fastrtps_cpp/px4_msgs/msg/detail/dds_fastrtps/estimator_status_flags__type_support.cpp.o
[ 73%] Building CXX object CMakeFiles/px4_msgs__rosidl_typesupport_cpp.dir/rosidl_typesupport_cpp/px4_msgs/msg/onboard_computer_status__type_support.cpp.o
[ 73%] Building CXX object CMakeFiles/px4_msgs__rosidl_typesupport_introspection_cpp.dir/rosidl_typesupport_introspection_cpp/px4_msgs/msg/detail/longitudinal_control_configuration__type_support.cpp.o
[ 73%] Building CXX object CMakeFiles/px4_msgs__rosidl_typesupport_fastrtps_cpp.dir/rosidl_typesupport_fastrtps_cpp/px4_msgs/msg/detail/dds_fastrtps/follow_target__type_support.cpp.o
[ 73%] Building CXX object CMakeFiles/px4_msgs__rosidl_typesupport_cpp.dir/rosidl_typesupport_cpp/px4_msgs/msg/open_drone_id_arm_status__type_support.cpp.o
[ 73%] Building CXX object CMakeFiles/px4_msgs__rosidl_typesupport_fastrtps_cpp.dir/rosidl_typesupport_fastrtps_cpp/px4_msgs/msg/detail/dds_fastrtps/flight_phase_estimation__type_support.cpp.o
[ 73%] Building CXX object CMakeFiles/px4_msgs__rosidl_typesupport_introspection_cpp.dir/rosidl_typesupport_introspection_cpp/px4_msgs/msg/detail/mag_worker_data__type_support.cpp.o
[ 73%] Building CXX object CMakeFiles/px4_msgs__rosidl_typesupport_fastrtps_cpp.dir/rosidl_typesupport_fastrtps_cpp/px4_msgs/msg/detail/dds_fastrtps/follow_target_estimator__type_support.cpp.o
[ 73%] Building CXX object CMakeFiles/px4_msgs__rosidl_typesupport_introspection_cpp.dir/rosidl_typesupport_introspection_cpp/px4_msgs/msg/detail/magnetometer_bias_estimate__type_support.cpp.o
[ 73%] Building CXX object CMakeFiles/px4_msgs__rosidl_typesupport_cpp.dir/rosidl_typesupport_cpp/px4_msgs/msg/open_drone_id_operator_id__type_support.cpp.o
[ 73%] Building CXX object CMakeFiles/px4_msgs__rosidl_typesupport_introspection_cpp.dir/rosidl_typesupport_introspection_cpp/px4_msgs/msg/detail/manual_control_setpoint__type_support.cpp.o
[ 73%] Building CXX object CMakeFiles/px4_msgs__rosidl_typesupport_fastrtps_cpp.dir/rosidl_typesupport_fastrtps_cpp/px4_msgs/msg/detail/dds_fastrtps/estimator_aid_source2d__type_support.cpp.o
[ 73%] Building CXX object CMakeFiles/px4_msgs__rosidl_typesupport_introspection_cpp.dir/rosidl_typesupport_introspection_cpp/px4_msgs/msg/detail/mavlink_log__type_support.cpp.o
[ 73%] Building CXX object CMakeFiles/px4_msgs__rosidl_typesupport_cpp.dir/rosidl_typesupport_cpp/px4_msgs/msg/open_drone_id_self_id__type_support.cpp.o
[ 73%] Building CXX object CMakeFiles/px4_msgs__rosidl_typesupport_fastrtps_cpp.dir/rosidl_typesupport_fastrtps_cpp/px4_msgs/msg/detail/dds_fastrtps/dronecan_node_status__type_support.cpp.o
[ 73%] Building CXX object CMakeFiles/px4_msgs__rosidl_typesupport_fastrtps_cpp.dir/rosidl_typesupport_fastrtps_cpp/px4_msgs/msg/detail/dds_fastrtps/follow_target_status__type_support.cpp.o
[ 73%] Building CXX object CMakeFiles/px4_msgs__rosidl_typesupport_cpp.dir/rosidl_typesupport_cpp/px4_msgs/msg/open_drone_id_system__type_support.cpp.o
[ 73%] Building CXX object CMakeFiles/px4_msgs__rosidl_typesupport_introspection_cpp.dir/rosidl_typesupport_introspection_cpp/px4_msgs/msg/detail/mavlink_tunnel__type_support.cpp.o
[ 73%] Building CXX object CMakeFiles/px4_msgs__rosidl_typesupport_fastrtps_cpp.dir/rosidl_typesupport_fastrtps_cpp/px4_msgs/msg/detail/dds_fastrtps/geofence_result__type_support.cpp.o
[ 73%] Building CXX object CMakeFiles/px4_msgs__rosidl_typesupport_cpp.dir/rosidl_typesupport_cpp/px4_msgs/msg/orb_test__type_support.cpp.o
[ 73%] Building CXX object CMakeFiles/px4_msgs__rosidl_typesupport_introspection_cpp.dir/rosidl_typesupport_introspection_cpp/px4_msgs/msg/detail/message_format_request__type_support.cpp.o
[ 73%] Building CXX object CMakeFiles/px4_msgs__rosidl_typesupport_fastrtps_cpp.dir/rosidl_typesupport_fastrtps_cpp/px4_msgs/msg/detail/dds_fastrtps/generator_status__type_support.cpp.o
[ 73%] Building CXX object CMakeFiles/px4_msgs__rosidl_typesupport_fastrtps_cpp.dir/rosidl_typesupport_fastrtps_cpp/px4_msgs/msg/detail/dds_fastrtps/fuel_tank_status__type_support.cpp.o
[ 73%] Building CXX object CMakeFiles/px4_msgs__rosidl_typesupport_cpp.dir/rosidl_typesupport_cpp/px4_msgs/msg/orb_test_large__type_support.cpp.o
[ 73%] Building CXX object CMakeFiles/px4_msgs__rosidl_typesupport_introspection_cpp.dir/rosidl_typesupport_introspection_cpp/px4_msgs/msg/detail/message_format_response__type_support.cpp.o
[ 73%] Building CXX object CMakeFiles/px4_msgs__rosidl_typesupport_cpp.dir/rosidl_typesupport_cpp/px4_msgs/msg/orbit_status__type_support.cpp.o
[ 73%] Building CXX object CMakeFiles/px4_msgs__rosidl_typesupport_fastrtps_cpp.dir/rosidl_typesupport_fastrtps_cpp/px4_msgs/msg/detail/dds_fastrtps/gimbal_device_attitude_status__type_support.cpp.o
[ 73%] Building CXX object CMakeFiles/px4_msgs__rosidl_typesupport_introspection_cpp.dir/rosidl_typesupport_introspection_cpp/px4_msgs/msg/detail/mission_result__type_support.cpp.o
[ 73%] Building CXX object CMakeFiles/px4_msgs__rosidl_typesupport_cpp.dir/rosidl_typesupport_cpp/px4_msgs/msg/orb_test_medium__type_support.cpp.o
[ 73%] Building CXX object CMakeFiles/px4_msgs__rosidl_typesupport_cpp.dir/rosidl_typesupport_cpp/px4_msgs/msg/parameter_reset_request__type_support.cpp.o
[ 73%] Building CXX object CMakeFiles/px4_msgs__rosidl_typesupport_introspection_cpp.dir/rosidl_typesupport_introspection_cpp/px4_msgs/msg/detail/mode_completed__type_support.cpp.o
[ 73%] Building CXX object CMakeFiles/px4_msgs__rosidl_typesupport_fastrtps_cpp.dir/rosidl_typesupport_fastrtps_cpp/px4_msgs/msg/detail/dds_fastrtps/gimbal_manager_information__type_support.cpp.o
[ 73%] Building CXX object CMakeFiles/px4_msgs__rosidl_typesupport_cpp.dir/rosidl_typesupport_cpp/px4_msgs/msg/parameter_set_used_request__type_support.cpp.o
[ 73%] Building CXX object CMakeFiles/px4_msgs__rosidl_typesupport_introspection_cpp.dir/rosidl_typesupport_introspection_cpp/px4_msgs/msg/detail/navigator_mission_item__type_support.cpp.o
[ 73%] Building CXX object CMakeFiles/px4_msgs__rosidl_typesupport_fastrtps_cpp.dir/rosidl_typesupport_fastrtps_cpp/px4_msgs/msg/detail/dds_fastrtps/gimbal_device_set_attitude__type_support.cpp.o
[ 73%] Building CXX object CMakeFiles/px4_msgs__rosidl_typesupport_cpp.dir/rosidl_typesupport_cpp/px4_msgs/msg/parameter_set_value_request__type_support.cpp.o
[ 73%] Building CXX object CMakeFiles/px4_msgs__rosidl_typesupport_introspection_cpp.dir/rosidl_typesupport_introspection_cpp/px4_msgs/msg/detail/neural_control__type_support.cpp.o
[ 73%] Building CXX object CMakeFiles/px4_msgs__rosidl_typesupport_cpp.dir/rosidl_typesupport_cpp/px4_msgs/msg/parameter_set_value_response__type_support.cpp.o
[ 73%] Building CXX object CMakeFiles/px4_msgs__rosidl_typesupport_cpp.dir/rosidl_typesupport_cpp/px4_msgs/msg/parameter_update__type_support.cpp.o
[ 74%] Building CXX object CMakeFiles/px4_msgs__rosidl_typesupport_fastrtps_cpp.dir/rosidl_typesupport_fastrtps_cpp/px4_msgs/msg/detail/dds_fastrtps/gimbal_manager_set_attitude__type_support.cpp.o
[ 74%] Building CXX object CMakeFiles/px4_msgs__rosidl_typesupport_introspection_cpp.dir/rosidl_typesupport_introspection_cpp/px4_msgs/msg/detail/navigator_status__type_support.cpp.o
[ 74%] Building CXX object CMakeFiles/px4_msgs__rosidl_typesupport_introspection_cpp.dir/rosidl_typesupport_introspection_cpp/px4_msgs/msg/detail/normalized_unsigned_setpoint__type_support.cpp.o
[ 74%] Building CXX object CMakeFiles/px4_msgs__rosidl_typesupport_cpp.dir/rosidl_typesupport_cpp/px4_msgs/msg/ping__type_support.cpp.o
[ 74%] Building CXX object CMakeFiles/px4_msgs__rosidl_typesupport_fastrtps_cpp.dir/rosidl_typesupport_fastrtps_cpp/px4_msgs/msg/detail/dds_fastrtps/gimbal_manager_status__type_support.cpp.o
[ 74%] Building CXX object CMakeFiles/px4_msgs__rosidl_typesupport_introspection_cpp.dir/rosidl_typesupport_introspection_cpp/px4_msgs/msg/detail/obstacle_distance__type_support.cpp.o
[ 74%] Building CXX object CMakeFiles/px4_msgs__rosidl_typesupport_cpp.dir/rosidl_typesupport_cpp/px4_msgs/msg/position_controller_landing_status__type_support.cpp.o
[ 74%] Building CXX object CMakeFiles/px4_msgs__rosidl_typesupport_introspection_cpp.dir/rosidl_typesupport_introspection_cpp/px4_msgs/msg/detail/offboard_control_mode__type_support.cpp.o
[ 74%] Building CXX object CMakeFiles/px4_msgs__rosidl_typesupport_fastrtps_cpp.dir/rosidl_typesupport_fastrtps_cpp/px4_msgs/msg/detail/dds_fastrtps/gimbal_manager_set_manual_control__type_support.cpp.o
[ 74%] Building CXX object CMakeFiles/px4_msgs__rosidl_typesupport_cpp.dir/rosidl_typesupport_cpp/px4_msgs/msg/position_controller_status__type_support.cpp.o
[ 75%] Building CXX object CMakeFiles/px4_msgs__rosidl_typesupport_cpp.dir/rosidl_typesupport_cpp/px4_msgs/msg/position_setpoint__type_support.cpp.o
[ 75%] Building CXX object CMakeFiles/px4_msgs__rosidl_typesupport_introspection_cpp.dir/rosidl_typesupport_introspection_cpp/px4_msgs/msg/detail/onboard_computer_status__type_support.cpp.o
[ 75%] Building CXX object CMakeFiles/px4_msgs__rosidl_typesupport_fastrtps_cpp.dir/rosidl_typesupport_fastrtps_cpp/px4_msgs/msg/detail/dds_fastrtps/goto_setpoint__type_support.cpp.o
[ 75%] Building CXX object CMakeFiles/px4_msgs__rosidl_typesupport_cpp.dir/rosidl_typesupport_cpp/px4_msgs/msg/power_button_state__type_support.cpp.o
[ 75%] Building CXX object CMakeFiles/px4_msgs__rosidl_typesupport_introspection_cpp.dir/rosidl_typesupport_introspection_cpp/px4_msgs/msg/detail/open_drone_id_arm_status__type_support.cpp.o
[ 75%] Building CXX object CMakeFiles/px4_msgs__rosidl_typesupport_fastrtps_cpp.dir/rosidl_typesupport_fastrtps_cpp/px4_msgs/msg/detail/dds_fastrtps/gimbal_device_information__type_support.cpp.o
[ 75%] Building CXX object CMakeFiles/px4_msgs__rosidl_typesupport_cpp.dir/rosidl_typesupport_cpp/px4_msgs/msg/power_monitor__type_support.cpp.o
[ 75%] Building CXX object CMakeFiles/px4_msgs__rosidl_typesupport_cpp.dir/rosidl_typesupport_cpp/px4_msgs/msg/position_setpoint_triplet__type_support.cpp.o
[ 75%] Building CXX object CMakeFiles/px4_msgs__rosidl_typesupport_introspection_cpp.dir/rosidl_typesupport_introspection_cpp/px4_msgs/msg/detail/open_drone_id_self_id__type_support.cpp.o
[ 75%] Building CXX object CMakeFiles/px4_msgs__rosidl_typesupport_fastrtps_cpp.dir/rosidl_typesupport_fastrtps_cpp/px4_msgs/msg/detail/dds_fastrtps/gpio_config__type_support.cpp.o
[ 75%] Building CXX object CMakeFiles/px4_msgs__rosidl_typesupport_cpp.dir/rosidl_typesupport_cpp/px4_msgs/msg/pps_capture__type_support.cpp.o
[ 75%] Building CXX object CMakeFiles/px4_msgs__rosidl_typesupport_introspection_cpp.dir/rosidl_typesupport_introspection_cpp/px4_msgs/msg/detail/orb_test__type_support.cpp.o
[ 75%] Building CXX object CMakeFiles/px4_msgs__rosidl_typesupport_fastrtps_cpp.dir/rosidl_typesupport_fastrtps_cpp/px4_msgs/msg/detail/dds_fastrtps/gimbal_controls__type_support.cpp.o
[ 75%] Building CXX object CMakeFiles/px4_msgs__rosidl_typesupport_introspection_cpp.dir/rosidl_typesupport_introspection_cpp/px4_msgs/msg/detail/open_drone_id_system__type_support.cpp.o
[ 76%] Building CXX object CMakeFiles/px4_msgs__rosidl_typesupport_cpp.dir/rosidl_typesupport_cpp/px4_msgs/msg/pwm_input__type_support.cpp.o
[ 76%] Building CXX object CMakeFiles/px4_msgs__rosidl_typesupport_introspection_cpp.dir/rosidl_typesupport_introspection_cpp/px4_msgs/msg/detail/orb_test_large__type_support.cpp.o
[ 76%] Building CXX object CMakeFiles/px4_msgs__rosidl_typesupport_fastrtps_cpp.dir/rosidl_typesupport_fastrtps_cpp/px4_msgs/msg/detail/dds_fastrtps/gpio_request__type_support.cpp.o
[ 76%] Building CXX object CMakeFiles/px4_msgs__rosidl_typesupport_cpp.dir/rosidl_typesupport_cpp/px4_msgs/msg/px4io_status__type_support.cpp.o
[ 76%] Building CXX object CMakeFiles/px4_msgs__rosidl_typesupport_introspection_cpp.dir/rosidl_typesupport_introspection_cpp/px4_msgs/msg/detail/open_drone_id_operator_id__type_support.cpp.o
[ 76%] Building CXX object CMakeFiles/px4_msgs__rosidl_typesupport_cpp.dir/rosidl_typesupport_cpp/px4_msgs/msg/qshell_req__type_support.cpp.o
[ 76%] Building CXX object CMakeFiles/px4_msgs__rosidl_typesupport_fastrtps_cpp.dir/rosidl_typesupport_fastrtps_cpp/px4_msgs/msg/detail/dds_fastrtps/gps_inject_data__type_support.cpp.o
[ 76%] Building CXX object CMakeFiles/px4_msgs__rosidl_typesupport_introspection_cpp.dir/rosidl_typesupport_introspection_cpp/px4_msgs/msg/detail/orb_test_medium__type_support.cpp.o
[ 76%] Building CXX object CMakeFiles/px4_msgs__rosidl_typesupport_cpp.dir/rosidl_typesupport_cpp/px4_msgs/msg/qshell_retval__type_support.cpp.o
[ 76%] Building CXX object CMakeFiles/px4_msgs__rosidl_typesupport_introspection_cpp.dir/rosidl_typesupport_introspection_cpp/px4_msgs/msg/detail/orbit_status__type_support.cpp.o
[ 76%] Building CXX object CMakeFiles/px4_msgs__rosidl_typesupport_fastrtps_cpp.dir/rosidl_typesupport_fastrtps_cpp/px4_msgs/msg/detail/dds_fastrtps/gripper__type_support.cpp.o
[ 76%] Building CXX object CMakeFiles/px4_msgs__rosidl_typesupport_introspection_cpp.dir/rosidl_typesupport_introspection_cpp/px4_msgs/msg/detail/parameter_reset_request__type_support.cpp.o
[ 76%] Building CXX object CMakeFiles/px4_msgs__rosidl_typesupport_cpp.dir/rosidl_typesupport_cpp/px4_msgs/msg/radio_status__type_support.cpp.o
[ 76%] Building CXX object CMakeFiles/px4_msgs__rosidl_typesupport_fastrtps_cpp.dir/rosidl_typesupport_fastrtps_cpp/px4_msgs/msg/detail/dds_fastrtps/gps_dump__type_support.cpp.o
[ 76%] Building CXX object CMakeFiles/px4_msgs__rosidl_typesupport_introspection_cpp.dir/rosidl_typesupport_introspection_cpp/px4_msgs/msg/detail/parameter_set_value_request__type_support.cpp.o
[ 76%] Building CXX object CMakeFiles/px4_msgs__rosidl_typesupport_cpp.dir/rosidl_typesupport_cpp/px4_msgs/msg/pure_pursuit_status__type_support.cpp.o
[ 76%] Building CXX object CMakeFiles/px4_msgs__rosidl_typesupport_fastrtps_cpp.dir/rosidl_typesupport_fastrtps_cpp/px4_msgs/msg/detail/dds_fastrtps/health_report__type_support.cpp.o
[ 76%] Building CXX object CMakeFiles/px4_msgs__rosidl_typesupport_introspection_cpp.dir/rosidl_typesupport_introspection_cpp/px4_msgs/msg/detail/parameter_update__type_support.cpp.o
[ 76%] Building CXX object CMakeFiles/px4_msgs__rosidl_typesupport_cpp.dir/rosidl_typesupport_cpp/px4_msgs/msg/rate_ctrl_status__type_support.cpp.o
[ 76%] Building CXX object CMakeFiles/px4_msgs__rosidl_typesupport_introspection_cpp.dir/rosidl_typesupport_introspection_cpp/px4_msgs/msg/detail/ping__type_support.cpp.o
[ 76%] Building CXX object CMakeFiles/px4_msgs__rosidl_typesupport_fastrtps_cpp.dir/rosidl_typesupport_fastrtps_cpp/px4_msgs/msg/detail/dds_fastrtps/gpio_in__type_support.cpp.o
[ 76%] Building CXX object CMakeFiles/px4_msgs__rosidl_typesupport_cpp.dir/rosidl_typesupport_cpp/px4_msgs/msg/rc_parameter_map__type_support.cpp.o
[ 76%] Building CXX object CMakeFiles/px4_msgs__rosidl_typesupport_introspection_cpp.dir/rosidl_typesupport_introspection_cpp/px4_msgs/msg/detail/position_controller_landing_status__type_support.cpp.o
[ 76%] Building CXX object CMakeFiles/px4_msgs__rosidl_typesupport_cpp.dir/rosidl_typesupport_cpp/px4_msgs/msg/rc_channels__type_support.cpp.o
[ 76%] Building CXX object CMakeFiles/px4_msgs__rosidl_typesupport_fastrtps_cpp.dir/rosidl_typesupport_fastrtps_cpp/px4_msgs/msg/detail/dds_fastrtps/heater_status__type_support.cpp.o
[ 76%] Building CXX object CMakeFiles/px4_msgs__rosidl_typesupport_introspection_cpp.dir/rosidl_typesupport_introspection_cpp/px4_msgs/msg/detail/position_setpoint__type_support.cpp.o
[ 76%] Building CXX object CMakeFiles/px4_msgs__rosidl_typesupport_cpp.dir/rosidl_typesupport_cpp/px4_msgs/msg/register_ext_component_reply__type_support.cpp.o
[ 76%] Building CXX object CMakeFiles/px4_msgs__rosidl_typesupport_fastrtps_cpp.dir/rosidl_typesupport_fastrtps_cpp/px4_msgs/msg/detail/dds_fastrtps/home_position__type_support.cpp.o
[ 76%] Building CXX object CMakeFiles/px4_msgs__rosidl_typesupport_cpp.dir/rosidl_typesupport_cpp/px4_msgs/msg/register_ext_component_request__type_support.cpp.o
[ 76%] Building CXX object CMakeFiles/px4_msgs__rosidl_typesupport_introspection_cpp.dir/rosidl_typesupport_introspection_cpp/px4_msgs/msg/detail/position_controller_status__type_support.cpp.o
[ 76%] Building CXX object CMakeFiles/px4_msgs__rosidl_typesupport_cpp.dir/rosidl_typesupport_cpp/px4_msgs/msg/rover_attitude_setpoint__type_support.cpp.o
[ 76%] Building CXX object CMakeFiles/px4_msgs__rosidl_typesupport_fastrtps_cpp.dir/rosidl_typesupport_fastrtps_cpp/px4_msgs/msg/detail/dds_fastrtps/input_rc__type_support.cpp.o
[ 76%] Building CXX object CMakeFiles/px4_msgs__rosidl_typesupport_introspection_cpp.dir/rosidl_typesupport_introspection_cpp/px4_msgs/msg/detail/parameter_set_value_response__type_support.cpp.o
[ 76%] Building CXX object CMakeFiles/px4_msgs__rosidl_typesupport_cpp.dir/rosidl_typesupport_cpp/px4_msgs/msg/rover_attitude_status__type_support.cpp.o
[ 76%] Building CXX object CMakeFiles/px4_msgs__rosidl_typesupport_fastrtps_cpp.dir/rosidl_typesupport_fastrtps_cpp/px4_msgs/msg/detail/dds_fastrtps/internal_combustion_engine_status__type_support.cpp.o
[ 76%] Building CXX object CMakeFiles/px4_msgs__rosidl_typesupport_introspection_cpp.dir/rosidl_typesupport_introspection_cpp/px4_msgs/msg/detail/parameter_set_used_request__type_support.cpp.o
[ 76%] Building CXX object CMakeFiles/px4_msgs__rosidl_typesupport_cpp.dir/rosidl_typesupport_cpp/px4_msgs/msg/rover_position_setpoint__type_support.cpp.o
[ 76%] Building CXX object CMakeFiles/px4_msgs__rosidl_typesupport_cpp.dir/rosidl_typesupport_cpp/px4_msgs/msg/rover_rate_setpoint__type_support.cpp.o
[ 76%] Building CXX object CMakeFiles/px4_msgs__rosidl_typesupport_introspection_cpp.dir/rosidl_typesupport_introspection_cpp/px4_msgs/msg/detail/position_setpoint_triplet__type_support.cpp.o
[ 76%] Building CXX object CMakeFiles/px4_msgs__rosidl_typesupport_fastrtps_cpp.dir/rosidl_typesupport_fastrtps_cpp/px4_msgs/msg/detail/dds_fastrtps/irlock_report__type_support.cpp.o
[ 76%] Building CXX object CMakeFiles/px4_msgs__rosidl_typesupport_cpp.dir/rosidl_typesupport_cpp/px4_msgs/msg/rover_rate_status__type_support.cpp.o
[ 76%] Building CXX object CMakeFiles/px4_msgs__rosidl_typesupport_introspection_cpp.dir/rosidl_typesupport_introspection_cpp/px4_msgs/msg/detail/power_button_state__type_support.cpp.o
[ 76%] Building CXX object CMakeFiles/px4_msgs__rosidl_typesupport_cpp.dir/rosidl_typesupport_cpp/px4_msgs/msg/rover_speed_setpoint__type_support.cpp.o
[ 76%] Building CXX object CMakeFiles/px4_msgs__rosidl_typesupport_fastrtps_cpp.dir/rosidl_typesupport_fastrtps_cpp/px4_msgs/msg/detail/dds_fastrtps/landing_gear__type_support.cpp.o
[ 76%] Building CXX object CMakeFiles/px4_msgs__rosidl_typesupport_cpp.dir/rosidl_typesupport_cpp/px4_msgs/msg/rover_speed_status__type_support.cpp.o
[ 76%] Building CXX object CMakeFiles/px4_msgs__rosidl_typesupport_introspection_cpp.dir/rosidl_typesupport_introspection_cpp/px4_msgs/msg/detail/power_monitor__type_support.cpp.o
[ 76%] Building CXX object CMakeFiles/px4_msgs__rosidl_typesupport_fastrtps_cpp.dir/rosidl_typesupport_fastrtps_cpp/px4_msgs/msg/detail/dds_fastrtps/landing_gear_wheel__type_support.cpp.o
[ 76%] Building CXX object CMakeFiles/px4_msgs__rosidl_typesupport_introspection_cpp.dir/rosidl_typesupport_introspection_cpp/px4_msgs/msg/detail/pps_capture__type_support.cpp.o
[ 76%] Building CXX object CMakeFiles/px4_msgs__rosidl_typesupport_cpp.dir/rosidl_typesupport_cpp/px4_msgs/msg/rover_steering_setpoint__type_support.cpp.o
[ 76%] Building CXX object CMakeFiles/px4_msgs__rosidl_typesupport_introspection_cpp.dir/rosidl_typesupport_introspection_cpp/px4_msgs/msg/detail/pure_pursuit_status__type_support.cpp.o
[ 76%] Building CXX object CMakeFiles/px4_msgs__rosidl_typesupport_cpp.dir/rosidl_typesupport_cpp/px4_msgs/msg/rover_throttle_setpoint__type_support.cpp.o
[ 76%] Building CXX object CMakeFiles/px4_msgs__rosidl_typesupport_introspection_cpp.dir/rosidl_typesupport_introspection_cpp/px4_msgs/msg/detail/pwm_input__type_support.cpp.o
[ 76%] Building CXX object CMakeFiles/px4_msgs__rosidl_typesupport_fastrtps_cpp.dir/rosidl_typesupport_fastrtps_cpp/px4_msgs/msg/detail/dds_fastrtps/landing_target_innovations__type_support.cpp.o
[ 76%] Building CXX object CMakeFiles/px4_msgs__rosidl_typesupport_cpp.dir/rosidl_typesupport_cpp/px4_msgs/msg/rpm__type_support.cpp.o
[ 77%] Building CXX object CMakeFiles/px4_msgs__rosidl_typesupport_introspection_cpp.dir/rosidl_typesupport_introspection_cpp/px4_msgs/msg/detail/px4io_status__type_support.cpp.o
[ 77%] Building CXX object CMakeFiles/px4_msgs__rosidl_typesupport_cpp.dir/rosidl_typesupport_cpp/px4_msgs/msg/rtl_status__type_support.cpp.o
[ 77%] Building CXX object CMakeFiles/px4_msgs__rosidl_typesupport_fastrtps_cpp.dir/rosidl_typesupport_fastrtps_cpp/px4_msgs/msg/detail/dds_fastrtps/landing_target_pose__type_support.cpp.o
[ 77%] Building CXX object CMakeFiles/px4_msgs__rosidl_typesupport_introspection_cpp.dir/rosidl_typesupport_introspection_cpp/px4_msgs/msg/detail/qshell_req__type_support.cpp.o
[ 77%] Building CXX object CMakeFiles/px4_msgs__rosidl_typesupport_cpp.dir/rosidl_typesupport_cpp/px4_msgs/msg/rtl_time_estimate__type_support.cpp.o
[ 77%] Building CXX object CMakeFiles/px4_msgs__rosidl_typesupport_cpp.dir/rosidl_typesupport_cpp/px4_msgs/msg/satellite_info__type_support.cpp.o
[ 77%] Building CXX object CMakeFiles/px4_msgs__rosidl_typesupport_introspection_cpp.dir/rosidl_typesupport_introspection_cpp/px4_msgs/msg/detail/qshell_retval__type_support.cpp.o
[ 78%] Building CXX object CMakeFiles/px4_msgs__rosidl_typesupport_fastrtps_cpp.dir/rosidl_typesupport_fastrtps_cpp/px4_msgs/msg/detail/dds_fastrtps/lateral_control_configuration__type_support.cpp.o
[ 78%] Building CXX object CMakeFiles/px4_msgs__rosidl_typesupport_introspection_cpp.dir/rosidl_typesupport_introspection_cpp/px4_msgs/msg/detail/radio_status__type_support.cpp.o
[ 79%] Building CXX object CMakeFiles/px4_msgs__rosidl_typesupport_cpp.dir/rosidl_typesupport_cpp/px4_msgs/msg/sensor_accel__type_support.cpp.o
[ 79%] Building CXX object CMakeFiles/px4_msgs__rosidl_typesupport_introspection_cpp.dir/rosidl_typesupport_introspection_cpp/px4_msgs/msg/detail/rate_ctrl_status__type_support.cpp.o
[ 79%] Building CXX object CMakeFiles/px4_msgs__rosidl_typesupport_fastrtps_cpp.dir/rosidl_typesupport_fastrtps_cpp/px4_msgs/msg/detail/dds_fastrtps/launch_detection_status__type_support.cpp.o
[ 79%] Building CXX object CMakeFiles/px4_msgs__rosidl_typesupport_cpp.dir/rosidl_typesupport_cpp/px4_msgs/msg/sensor_accel_fifo__type_support.cpp.o
[ 79%] Building CXX object CMakeFiles/px4_msgs__rosidl_typesupport_introspection_cpp.dir/rosidl_typesupport_introspection_cpp/px4_msgs/msg/detail/rc_channels__type_support.cpp.o
[ 79%] Building CXX object CMakeFiles/px4_msgs__rosidl_typesupport_introspection_cpp.dir/rosidl_typesupport_introspection_cpp/px4_msgs/msg/detail/rc_parameter_map__type_support.cpp.o
[ 79%] Building CXX object CMakeFiles/px4_msgs__rosidl_typesupport_fastrtps_cpp.dir/rosidl_typesupport_fastrtps_cpp/px4_msgs/msg/detail/dds_fastrtps/led_control__type_support.cpp.o
[ 79%] Building CXX object CMakeFiles/px4_msgs__rosidl_typesupport_cpp.dir/rosidl_typesupport_cpp/px4_msgs/msg/sensor_airflow__type_support.cpp.o
[ 79%] Building CXX object CMakeFiles/px4_msgs__rosidl_typesupport_introspection_cpp.dir/rosidl_typesupport_introspection_cpp/px4_msgs/msg/detail/register_ext_component_reply__type_support.cpp.o
[ 79%] Building CXX object CMakeFiles/px4_msgs__rosidl_typesupport_cpp.dir/rosidl_typesupport_cpp/px4_msgs/msg/sensor_baro__type_support.cpp.o
[ 79%] Building CXX object CMakeFiles/px4_msgs__rosidl_typesupport_introspection_cpp.dir/rosidl_typesupport_introspection_cpp/px4_msgs/msg/detail/register_ext_component_request__type_support.cpp.o
[ 79%] Building CXX object CMakeFiles/px4_msgs__rosidl_typesupport_cpp.dir/rosidl_typesupport_cpp/px4_msgs/msg/sensor_combined__type_support.cpp.o
[ 79%] Building CXX object CMakeFiles/px4_msgs__rosidl_typesupport_fastrtps_cpp.dir/rosidl_typesupport_fastrtps_cpp/px4_msgs/msg/detail/dds_fastrtps/log_message__type_support.cpp.o
[ 79%] Building CXX object CMakeFiles/px4_msgs__rosidl_typesupport_cpp.dir/rosidl_typesupport_cpp/px4_msgs/msg/sensor_correction__type_support.cpp.o
[ 79%] Building CXX object CMakeFiles/px4_msgs__rosidl_typesupport_introspection_cpp.dir/rosidl_typesupport_introspection_cpp/px4_msgs/msg/detail/rover_attitude_setpoint__type_support.cpp.o
[ 79%] Building CXX object CMakeFiles/px4_msgs__rosidl_typesupport_fastrtps_cpp.dir/rosidl_typesupport_fastrtps_cpp/px4_msgs/msg/detail/dds_fastrtps/logger_status__type_support.cpp.o
[ 79%] Building CXX object CMakeFiles/px4_msgs__rosidl_typesupport_cpp.dir/rosidl_typesupport_cpp/px4_msgs/msg/sensor_gnss_relative__type_support.cpp.o
[ 79%] Building CXX object CMakeFiles/px4_msgs__rosidl_typesupport_introspection_cpp.dir/rosidl_typesupport_introspection_cpp/px4_msgs/msg/detail/rover_attitude_status__type_support.cpp.o
[ 79%] Building CXX object CMakeFiles/px4_msgs__rosidl_typesupport_introspection_cpp.dir/rosidl_typesupport_introspection_cpp/px4_msgs/msg/detail/rover_position_setpoint__type_support.cpp.o
[ 79%] Building CXX object CMakeFiles/px4_msgs__rosidl_typesupport_cpp.dir/rosidl_typesupport_cpp/px4_msgs/msg/sensor_gnss_status__type_support.cpp.o
[ 79%] Building CXX object CMakeFiles/px4_msgs__rosidl_typesupport_cpp.dir/rosidl_typesupport_cpp/px4_msgs/msg/sensor_gps__type_support.cpp.o
[ 79%] Building CXX object CMakeFiles/px4_msgs__rosidl_typesupport_fastrtps_cpp.dir/rosidl_typesupport_fastrtps_cpp/px4_msgs/msg/detail/dds_fastrtps/longitudinal_control_configuration__type_support.cpp.o
[ 79%] Building CXX object CMakeFiles/px4_msgs__rosidl_typesupport_fastrtps_cpp.dir/rosidl_typesupport_fastrtps_cpp/px4_msgs/msg/detail/dds_fastrtps/iridiumsbd_status__type_support.cpp.o
[ 79%] Building CXX object CMakeFiles/px4_msgs__rosidl_typesupport_cpp.dir/rosidl_typesupport_cpp/px4_msgs/msg/sensor_gyro__type_support.cpp.o
[ 79%] Building CXX object CMakeFiles/px4_msgs__rosidl_typesupport_introspection_cpp.dir/rosidl_typesupport_introspection_cpp/px4_msgs/msg/detail/rover_rate_setpoint__type_support.cpp.o
[ 79%] Building CXX object CMakeFiles/px4_msgs__rosidl_typesupport_fastrtps_cpp.dir/rosidl_typesupport_fastrtps_cpp/px4_msgs/msg/detail/dds_fastrtps/mag_worker_data__type_support.cpp.o
[ 79%] Building CXX object CMakeFiles/px4_msgs__rosidl_typesupport_cpp.dir/rosidl_typesupport_cpp/px4_msgs/msg/sensor_gyro_fifo__type_support.cpp.o
[ 79%] Building CXX object CMakeFiles/px4_msgs__rosidl_typesupport_fastrtps_cpp.dir/rosidl_typesupport_fastrtps_cpp/px4_msgs/msg/detail/dds_fastrtps/internal_combustion_engine_control__type_support.cpp.o
[ 79%] Building CXX object CMakeFiles/px4_msgs__rosidl_typesupport_introspection_cpp.dir/rosidl_typesupport_introspection_cpp/px4_msgs/msg/detail/rover_rate_status__type_support.cpp.o
[ 79%] Building CXX object CMakeFiles/px4_msgs__rosidl_typesupport_cpp.dir/rosidl_typesupport_cpp/px4_msgs/msg/sensor_gyro_fft__type_support.cpp.o
[ 79%] Building CXX object CMakeFiles/px4_msgs__rosidl_typesupport_cpp.dir/rosidl_typesupport_cpp/px4_msgs/msg/sensor_hygrometer__type_support.cpp.o
[ 79%] Building CXX object CMakeFiles/px4_msgs__rosidl_typesupport_cpp.dir/rosidl_typesupport_cpp/px4_msgs/msg/sensor_mag__type_support.cpp.o
[ 79%] Building CXX object CMakeFiles/px4_msgs__rosidl_typesupport_introspection_cpp.dir/rosidl_typesupport_introspection_cpp/px4_msgs/msg/detail/rover_speed_setpoint__type_support.cpp.o
[ 79%] Building CXX object CMakeFiles/px4_msgs__rosidl_typesupport_fastrtps_cpp.dir/rosidl_typesupport_fastrtps_cpp/px4_msgs/msg/detail/dds_fastrtps/magnetometer_bias_estimate__type_support.cpp.o
[ 79%] Building CXX object CMakeFiles/px4_msgs__rosidl_typesupport_fastrtps_cpp.dir/rosidl_typesupport_fastrtps_cpp/px4_msgs/msg/detail/dds_fastrtps/manual_control_setpoint__type_support.cpp.o
[ 79%] Building CXX object CMakeFiles/px4_msgs__rosidl_typesupport_introspection_cpp.dir/rosidl_typesupport_introspection_cpp/px4_msgs/msg/detail/rover_steering_setpoint__type_support.cpp.o
[ 79%] Building CXX object CMakeFiles/px4_msgs__rosidl_typesupport_fastrtps_cpp.dir/rosidl_typesupport_fastrtps_cpp/px4_msgs/msg/detail/dds_fastrtps/manual_control_switches__type_support.cpp.o
[ 79%] Building CXX object CMakeFiles/px4_msgs__rosidl_typesupport_introspection_cpp.dir/rosidl_typesupport_introspection_cpp/px4_msgs/msg/detail/rover_speed_status__type_support.cpp.o
[ 79%] Building CXX object CMakeFiles/px4_msgs__rosidl_typesupport_cpp.dir/rosidl_typesupport_cpp/px4_msgs/msg/sensor_optical_flow__type_support.cpp.o
[ 79%] Building CXX object CMakeFiles/px4_msgs__rosidl_typesupport_cpp.dir/rosidl_typesupport_cpp/px4_msgs/msg/sensor_preflight_mag__type_support.cpp.o
[ 79%] Building CXX object CMakeFiles/px4_msgs__rosidl_typesupport_fastrtps_cpp.dir/rosidl_typesupport_fastrtps_cpp/px4_msgs/msg/detail/dds_fastrtps/hover_thrust_estimate__type_support.cpp.o
[ 79%] Building CXX object CMakeFiles/px4_msgs__rosidl_typesupport_introspection_cpp.dir/rosidl_typesupport_introspection_cpp/px4_msgs/msg/detail/rover_throttle_setpoint__type_support.cpp.o
[ 79%] Building CXX object CMakeFiles/px4_msgs__rosidl_typesupport_cpp.dir/rosidl_typesupport_cpp/px4_msgs/msg/sensor_selection__type_support.cpp.o
[ 79%] Building CXX object CMakeFiles/px4_msgs__rosidl_typesupport_fastrtps_cpp.dir/rosidl_typesupport_fastrtps_cpp/px4_msgs/msg/detail/dds_fastrtps/mavlink_log__type_support.cpp.o
[ 79%] Building CXX object CMakeFiles/px4_msgs__rosidl_typesupport_introspection_cpp.dir/rosidl_typesupport_introspection_cpp/px4_msgs/msg/detail/rpm__type_support.cpp.o
[ 79%] Building CXX object CMakeFiles/px4_msgs__rosidl_typesupport_cpp.dir/rosidl_typesupport_cpp/px4_msgs/msg/sensor_uwb__type_support.cpp.o
[ 79%] Building CXX object CMakeFiles/px4_msgs__rosidl_typesupport_fastrtps_cpp.dir/rosidl_typesupport_fastrtps_cpp/px4_msgs/msg/detail/dds_fastrtps/geofence_status__type_support.cpp.o
[ 80%] Building CXX object CMakeFiles/px4_msgs__rosidl_typesupport_introspection_cpp.dir/rosidl_typesupport_introspection_cpp/px4_msgs/msg/detail/rtl_status__type_support.cpp.o
[ 80%] Building CXX object CMakeFiles/px4_msgs__rosidl_typesupport_introspection_cpp.dir/rosidl_typesupport_introspection_cpp/px4_msgs/msg/detail/satellite_info__type_support.cpp.o
[ 80%] Building CXX object CMakeFiles/px4_msgs__rosidl_typesupport_fastrtps_cpp.dir/rosidl_typesupport_fastrtps_cpp/px4_msgs/msg/detail/dds_fastrtps/mavlink_tunnel__type_support.cpp.o
[ 80%] Building CXX object CMakeFiles/px4_msgs__rosidl_typesupport_introspection_cpp.dir/rosidl_typesupport_introspection_cpp/px4_msgs/msg/detail/sensor_accel_fifo__type_support.cpp.o
[ 80%] Building CXX object CMakeFiles/px4_msgs__rosidl_typesupport_cpp.dir/rosidl_typesupport_cpp/px4_msgs/msg/sensors_status__type_support.cpp.o
[ 80%] Building CXX object CMakeFiles/px4_msgs__rosidl_typesupport_introspection_cpp.dir/rosidl_typesupport_introspection_cpp/px4_msgs/msg/detail/sensor_airflow__type_support.cpp.o
[ 80%] Building CXX object CMakeFiles/px4_msgs__rosidl_typesupport_cpp.dir/rosidl_typesupport_cpp/px4_msgs/msg/sensors_status_imu__type_support.cpp.o
[ 80%] Building CXX object CMakeFiles/px4_msgs__rosidl_typesupport_introspection_cpp.dir/rosidl_typesupport_introspection_cpp/px4_msgs/msg/detail/sensor_accel__type_support.cpp.o
[ 80%] Building CXX object CMakeFiles/px4_msgs__rosidl_typesupport_fastrtps_cpp.dir/rosidl_typesupport_fastrtps_cpp/px4_msgs/msg/detail/dds_fastrtps/message_format_request__type_support.cpp.o
[ 80%] Building CXX object CMakeFiles/px4_msgs__rosidl_typesupport_cpp.dir/rosidl_typesupport_cpp/px4_msgs/msg/tecs_status__type_support.cpp.o
[ 80%] Building CXX object CMakeFiles/px4_msgs__rosidl_typesupport_introspection_cpp.dir/rosidl_typesupport_introspection_cpp/px4_msgs/msg/detail/sensor_baro__type_support.cpp.o
[ 80%] Building CXX object CMakeFiles/px4_msgs__rosidl_typesupport_fastrtps_cpp.dir/rosidl_typesupport_fastrtps_cpp/px4_msgs/msg/detail/dds_fastrtps/mission__type_support.cpp.o
[ 80%] Building CXX object CMakeFiles/px4_msgs__rosidl_typesupport_cpp.dir/rosidl_typesupport_cpp/px4_msgs/msg/task_stack_info__type_support.cpp.o
[ 80%] Building CXX object CMakeFiles/px4_msgs__rosidl_typesupport_introspection_cpp.dir/rosidl_typesupport_introspection_cpp/px4_msgs/msg/detail/sensor_correction__type_support.cpp.o
[ 80%] Building CXX object CMakeFiles/px4_msgs__rosidl_typesupport_cpp.dir/rosidl_typesupport_cpp/px4_msgs/msg/takeoff_status__type_support.cpp.o
[ 80%] Building CXX object CMakeFiles/px4_msgs__rosidl_typesupport_introspection_cpp.dir/rosidl_typesupport_introspection_cpp/px4_msgs/msg/detail/sensor_gnss_status__type_support.cpp.o
[ 80%] Building CXX object CMakeFiles/px4_msgs__rosidl_typesupport_cpp.dir/rosidl_typesupport_cpp/px4_msgs/msg/system_power__type_support.cpp.o
[ 80%] Building CXX object CMakeFiles/px4_msgs__rosidl_typesupport_fastrtps_cpp.dir/rosidl_typesupport_fastrtps_cpp/px4_msgs/msg/detail/dds_fastrtps/mount_orientation__type_support.cpp.o
[ 80%] Building CXX object CMakeFiles/px4_msgs__rosidl_typesupport_introspection_cpp.dir/rosidl_typesupport_introspection_cpp/px4_msgs/msg/detail/sensor_hygrometer__type_support.cpp.o
[ 81%] Building CXX object CMakeFiles/px4_msgs__rosidl_typesupport_cpp.dir/rosidl_typesupport_cpp/px4_msgs/msg/telemetry_status__type_support.cpp.o
[ 81%] Building CXX object CMakeFiles/px4_msgs__rosidl_typesupport_fastrtps_cpp.dir/rosidl_typesupport_fastrtps_cpp/px4_msgs/msg/detail/dds_fastrtps/mode_completed__type_support.cpp.o
[ 81%] Building CXX object CMakeFiles/px4_msgs__rosidl_typesupport_cpp.dir/rosidl_typesupport_cpp/px4_msgs/msg/tiltrotor_extra_controls__type_support.cpp.o
[ 81%] Building CXX object CMakeFiles/px4_msgs__rosidl_typesupport_introspection_cpp.dir/rosidl_typesupport_introspection_cpp/px4_msgs/msg/detail/sensor_mag__type_support.cpp.o
[ 81%] Building CXX object CMakeFiles/px4_msgs__rosidl_typesupport_fastrtps_cpp.dir/rosidl_typesupport_fastrtps_cpp/px4_msgs/msg/detail/dds_fastrtps/navigator_status__type_support.cpp.o
[ 82%] Building CXX object CMakeFiles/px4_msgs__rosidl_typesupport_cpp.dir/rosidl_typesupport_cpp/px4_msgs/msg/timesync_status__type_support.cpp.o
[ 82%] Building CXX object CMakeFiles/px4_msgs__rosidl_typesupport_introspection_cpp.dir/rosidl_typesupport_introspection_cpp/px4_msgs/msg/detail/sensor_preflight_mag__type_support.cpp.o
[ 82%] Building CXX object CMakeFiles/px4_msgs__rosidl_typesupport_cpp.dir/rosidl_typesupport_cpp/px4_msgs/msg/trajectory_setpoint__type_support.cpp.o
[ 82%] Building CXX object CMakeFiles/px4_msgs__rosidl_typesupport_fastrtps_cpp.dir/rosidl_typesupport_fastrtps_cpp/px4_msgs/msg/detail/dds_fastrtps/mission_result__type_support.cpp.o
[ 82%] Building CXX object CMakeFiles/px4_msgs__rosidl_typesupport_introspection_cpp.dir/rosidl_typesupport_introspection_cpp/px4_msgs/msg/detail/sensor_selection__type_support.cpp.o
[ 82%] Building CXX object CMakeFiles/px4_msgs__rosidl_typesupport_cpp.dir/rosidl_typesupport_cpp/px4_msgs/msg/transponder_report__type_support.cpp.o
[ 82%] Building CXX object CMakeFiles/px4_msgs__rosidl_typesupport_introspection_cpp.dir/rosidl_typesupport_introspection_cpp/px4_msgs/msg/detail/sensor_optical_flow__type_support.cpp.o
[ 82%] Building CXX object CMakeFiles/px4_msgs__rosidl_typesupport_cpp.dir/rosidl_typesupport_cpp/px4_msgs/msg/tune_control__type_support.cpp.o
[ 82%] Building CXX object CMakeFiles/px4_msgs__rosidl_typesupport_introspection_cpp.dir/rosidl_typesupport_introspection_cpp/px4_msgs/msg/detail/sensor_gyro_fifo__type_support.cpp.o
[ 82%] Building CXX object CMakeFiles/px4_msgs__rosidl_typesupport_cpp.dir/rosidl_typesupport_cpp/px4_msgs/msg/trajectory_setpoint6dof__type_support.cpp.o
[ 82%] Building CXX object CMakeFiles/px4_msgs__rosidl_typesupport_fastrtps_cpp.dir/rosidl_typesupport_fastrtps_cpp/px4_msgs/msg/detail/dds_fastrtps/open_drone_id_operator_id__type_support.cpp.o
[ 82%] Building CXX object CMakeFiles/px4_msgs__rosidl_typesupport_introspection_cpp.dir/rosidl_typesupport_introspection_cpp/px4_msgs/msg/detail/sensor_uwb__type_support.cpp.o
[ 82%] Building CXX object CMakeFiles/px4_msgs__rosidl_typesupport_cpp.dir/rosidl_typesupport_cpp/px4_msgs/msg/uavcan_parameter_request__type_support.cpp.o
[ 82%] Building CXX object CMakeFiles/px4_msgs__rosidl_typesupport_fastrtps_cpp.dir/rosidl_typesupport_fastrtps_cpp/px4_msgs/msg/detail/dds_fastrtps/open_drone_id_arm_status__type_support.cpp.o
[ 82%] Building CXX object CMakeFiles/px4_msgs__rosidl_typesupport_introspection_cpp.dir/rosidl_typesupport_introspection_cpp/px4_msgs/msg/detail/sensors_status__type_support.cpp.o
[ 82%] Building CXX object CMakeFiles/px4_msgs__rosidl_typesupport_cpp.dir/rosidl_typesupport_cpp/px4_msgs/msg/uavcan_parameter_value__type_support.cpp.o
[ 82%] Building CXX object CMakeFiles/px4_msgs__rosidl_typesupport_fastrtps_cpp.dir/rosidl_typesupport_fastrtps_cpp/px4_msgs/msg/detail/dds_fastrtps/open_drone_id_self_id__type_support.cpp.o
[ 82%] Building CXX object CMakeFiles/px4_msgs__rosidl_typesupport_cpp.dir/rosidl_typesupport_cpp/px4_msgs/msg/ulog_stream__type_support.cpp.o
[ 82%] Building CXX object CMakeFiles/px4_msgs__rosidl_typesupport_introspection_cpp.dir/rosidl_typesupport_introspection_cpp/px4_msgs/msg/detail/sensors_status_imu__type_support.cpp.o
[ 82%] Building CXX object CMakeFiles/px4_msgs__rosidl_typesupport_introspection_cpp.dir/rosidl_typesupport_introspection_cpp/px4_msgs/msg/detail/system_power__type_support.cpp.o
[ 82%] Building CXX object CMakeFiles/px4_msgs__rosidl_typesupport_fastrtps_cpp.dir/rosidl_typesupport_fastrtps_cpp/px4_msgs/msg/detail/dds_fastrtps/open_drone_id_system__type_support.cpp.o
[ 82%] Building CXX object CMakeFiles/px4_msgs__rosidl_typesupport_cpp.dir/rosidl_typesupport_cpp/px4_msgs/msg/ulog_stream_ack__type_support.cpp.o
[ 82%] Building CXX object CMakeFiles/px4_msgs__rosidl_typesupport_cpp.dir/rosidl_typesupport_cpp/px4_msgs/msg/unregister_ext_component__type_support.cpp.o
[ 82%] Building CXX object CMakeFiles/px4_msgs__rosidl_typesupport_introspection_cpp.dir/rosidl_typesupport_introspection_cpp/px4_msgs/msg/detail/task_stack_info__type_support.cpp.o
[ 82%] Building CXX object CMakeFiles/px4_msgs__rosidl_typesupport_fastrtps_cpp.dir/rosidl_typesupport_fastrtps_cpp/px4_msgs/msg/detail/dds_fastrtps/orb_test__type_support.cpp.o
[ 82%] Building CXX object CMakeFiles/px4_msgs__rosidl_typesupport_cpp.dir/rosidl_typesupport_cpp/px4_msgs/msg/vehicle_acceleration__type_support.cpp.o
[ 82%] Building CXX object CMakeFiles/px4_msgs__rosidl_typesupport_introspection_cpp.dir/rosidl_typesupport_introspection_cpp/px4_msgs/msg/detail/telemetry_status__type_support.cpp.o
[ 82%] Building CXX object CMakeFiles/px4_msgs__rosidl_typesupport_fastrtps_cpp.dir/rosidl_typesupport_fastrtps_cpp/px4_msgs/msg/detail/dds_fastrtps/orb_test_large__type_support.cpp.o
[ 82%] Building CXX object CMakeFiles/px4_msgs__rosidl_typesupport_introspection_cpp.dir/rosidl_typesupport_introspection_cpp/px4_msgs/msg/detail/tiltrotor_extra_controls__type_support.cpp.o
[ 82%] Building CXX object CMakeFiles/px4_msgs__rosidl_typesupport_cpp.dir/rosidl_typesupport_cpp/px4_msgs/msg/vehicle_air_data__type_support.cpp.o
[ 82%] Building CXX object CMakeFiles/px4_msgs__rosidl_typesupport_introspection_cpp.dir/rosidl_typesupport_introspection_cpp/px4_msgs/msg/detail/tecs_status__type_support.cpp.o
[ 82%] Building CXX object CMakeFiles/px4_msgs__rosidl_typesupport_cpp.dir/rosidl_typesupport_cpp/px4_msgs/msg/vehicle_angular_acceleration_setpoint__type_support.cpp.o
[ 82%] Building CXX object CMakeFiles/px4_msgs__rosidl_typesupport_fastrtps_cpp.dir/rosidl_typesupport_fastrtps_cpp/px4_msgs/msg/detail/dds_fastrtps/orb_test_medium__type_support.cpp.o
[ 83%] Building CXX object CMakeFiles/px4_msgs__rosidl_typesupport_introspection_cpp.dir/rosidl_typesupport_introspection_cpp/px4_msgs/msg/detail/timesync_status__type_support.cpp.o
[ 83%] Building CXX object CMakeFiles/px4_msgs__rosidl_typesupport_cpp.dir/rosidl_typesupport_cpp/px4_msgs/msg/vehicle_attitude__type_support.cpp.o
[ 83%] Building CXX object CMakeFiles/px4_msgs__rosidl_typesupport_introspection_cpp.dir/rosidl_typesupport_introspection_cpp/px4_msgs/msg/detail/trajectory_setpoint__type_support.cpp.o
[ 83%] Building CXX object CMakeFiles/px4_msgs__rosidl_typesupport_fastrtps_cpp.dir/rosidl_typesupport_fastrtps_cpp/px4_msgs/msg/detail/dds_fastrtps/orbit_status__type_support.cpp.o
[ 83%] Building CXX object CMakeFiles/px4_msgs__rosidl_typesupport_cpp.dir/rosidl_typesupport_cpp/px4_msgs/msg/vehicle_angular_velocity__type_support.cpp.o
[ 83%] Building CXX object CMakeFiles/px4_msgs__rosidl_typesupport_introspection_cpp.dir/rosidl_typesupport_introspection_cpp/px4_msgs/msg/detail/trajectory_setpoint6dof__type_support.cpp.o
[ 83%] Building CXX object CMakeFiles/px4_msgs__rosidl_typesupport_fastrtps_cpp.dir/rosidl_typesupport_fastrtps_cpp/px4_msgs/msg/detail/dds_fastrtps/parameter_set_used_request__type_support.cpp.o
[ 83%] Building CXX object CMakeFiles/px4_msgs__rosidl_typesupport_introspection_cpp.dir/rosidl_typesupport_introspection_cpp/px4_msgs/msg/detail/transponder_report__type_support.cpp.o
[ 83%] Building CXX object CMakeFiles/px4_msgs__rosidl_typesupport_cpp.dir/rosidl_typesupport_cpp/px4_msgs/msg/vehicle_attitude_setpoint__type_support.cpp.o
[ 83%] Building CXX object CMakeFiles/px4_msgs__rosidl_typesupport_introspection_cpp.dir/rosidl_typesupport_introspection_cpp/px4_msgs/msg/detail/tune_control__type_support.cpp.o
[ 83%] Building CXX object CMakeFiles/px4_msgs__rosidl_typesupport_fastrtps_cpp.dir/rosidl_typesupport_fastrtps_cpp/px4_msgs/msg/detail/dds_fastrtps/parameter_reset_request__type_support.cpp.o
[ 83%] Building CXX object CMakeFiles/px4_msgs__rosidl_typesupport_cpp.dir/rosidl_typesupport_cpp/px4_msgs/msg/vehicle_command__type_support.cpp.o
[ 83%] Building CXX object CMakeFiles/px4_msgs__rosidl_typesupport_introspection_cpp.dir/rosidl_typesupport_introspection_cpp/px4_msgs/msg/detail/uavcan_parameter_request__type_support.cpp.o
[ 83%] Building CXX object CMakeFiles/px4_msgs__rosidl_typesupport_fastrtps_cpp.dir/rosidl_typesupport_fastrtps_cpp/px4_msgs/msg/detail/dds_fastrtps/parameter_set_value_request__type_support.cpp.o
[ 83%] Building CXX object CMakeFiles/px4_msgs__rosidl_typesupport_introspection_cpp.dir/rosidl_typesupport_introspection_cpp/px4_msgs/msg/detail/uavcan_parameter_value__type_support.cpp.o
[ 83%] Building CXX object CMakeFiles/px4_msgs__rosidl_typesupport_cpp.dir/rosidl_typesupport_cpp/px4_msgs/msg/vehicle_constraints__type_support.cpp.o
[ 83%] Building CXX object CMakeFiles/px4_msgs__rosidl_typesupport_introspection_cpp.dir/rosidl_typesupport_introspection_cpp/px4_msgs/msg/detail/ulog_stream__type_support.cpp.o
[ 83%] Building CXX object CMakeFiles/px4_msgs__rosidl_typesupport_cpp.dir/rosidl_typesupport_cpp/px4_msgs/msg/vehicle_control_mode__type_support.cpp.o
[ 83%] Building CXX object CMakeFiles/px4_msgs__rosidl_typesupport_introspection_cpp.dir/rosidl_typesupport_introspection_cpp/px4_msgs/msg/detail/ulog_stream_ack__type_support.cpp.o
[ 83%] Building CXX object CMakeFiles/px4_msgs__rosidl_typesupport_fastrtps_cpp.dir/rosidl_typesupport_fastrtps_cpp/px4_msgs/msg/detail/dds_fastrtps/parameter_set_value_response__type_support.cpp.o
[ 83%] Building CXX object CMakeFiles/px4_msgs__rosidl_typesupport_cpp.dir/rosidl_typesupport_cpp/px4_msgs/msg/vehicle_command_ack__type_support.cpp.o
[ 83%] Building CXX object CMakeFiles/px4_msgs__rosidl_typesupport_introspection_cpp.dir/rosidl_typesupport_introspection_cpp/px4_msgs/msg/detail/unregister_ext_component__type_support.cpp.o
[ 83%] Building CXX object CMakeFiles/px4_msgs__rosidl_typesupport_cpp.dir/rosidl_typesupport_cpp/px4_msgs/msg/vehicle_global_position__type_support.cpp.o
[ 83%] Building CXX object CMakeFiles/px4_msgs__rosidl_typesupport_fastrtps_cpp.dir/rosidl_typesupport_fastrtps_cpp/px4_msgs/msg/detail/dds_fastrtps/ping__type_support.cpp.o
[ 83%] Building CXX object CMakeFiles/px4_msgs__rosidl_typesupport_introspection_cpp.dir/rosidl_typesupport_introspection_cpp/px4_msgs/msg/detail/vehicle_acceleration__type_support.cpp.o
[ 83%] Building CXX object CMakeFiles/px4_msgs__rosidl_typesupport_cpp.dir/rosidl_typesupport_cpp/px4_msgs/msg/vehicle_imu__type_support.cpp.o
[ 83%] Building CXX object CMakeFiles/px4_msgs__rosidl_typesupport_fastrtps_cpp.dir/rosidl_typesupport_fastrtps_cpp/px4_msgs/msg/detail/dds_fastrtps/parameter_update__type_support.cpp.o
[ 83%] Building CXX object CMakeFiles/px4_msgs__rosidl_typesupport_introspection_cpp.dir/rosidl_typesupport_introspection_cpp/px4_msgs/msg/detail/vehicle_angular_acceleration_setpoint__type_support.cpp.o
[ 84%] Building CXX object CMakeFiles/px4_msgs__rosidl_typesupport_cpp.dir/rosidl_typesupport_cpp/px4_msgs/msg/vehicle_imu_status__type_support.cpp.o
[ 84%] Building CXX object CMakeFiles/px4_msgs__rosidl_typesupport_introspection_cpp.dir/rosidl_typesupport_introspection_cpp/px4_msgs/msg/detail/vehicle_air_data__type_support.cpp.o
[ 84%] Building CXX object CMakeFiles/px4_msgs__rosidl_typesupport_fastrtps_cpp.dir/rosidl_typesupport_fastrtps_cpp/px4_msgs/msg/detail/dds_fastrtps/position_controller_landing_status__type_support.cpp.o
[ 84%] Building CXX object CMakeFiles/px4_msgs__rosidl_typesupport_cpp.dir/rosidl_typesupport_cpp/px4_msgs/msg/vehicle_land_detected__type_support.cpp.o
[ 84%] Building CXX object CMakeFiles/px4_msgs__rosidl_typesupport_introspection_cpp.dir/rosidl_typesupport_introspection_cpp/px4_msgs/msg/detail/vehicle_angular_velocity__type_support.cpp.o
[ 84%] Building CXX object CMakeFiles/px4_msgs__rosidl_typesupport_cpp.dir/rosidl_typesupport_cpp/px4_msgs/msg/vehicle_local_position__type_support.cpp.o
[ 84%] Building CXX object CMakeFiles/px4_msgs__rosidl_typesupport_fastrtps_cpp.dir/rosidl_typesupport_fastrtps_cpp/px4_msgs/msg/detail/dds_fastrtps/position_controller_status__type_support.cpp.o
[ 84%] Building CXX object CMakeFiles/px4_msgs__rosidl_typesupport_introspection_cpp.dir/rosidl_typesupport_introspection_cpp/px4_msgs/msg/detail/vehicle_attitude__type_support.cpp.o
[ 84%] Building CXX object CMakeFiles/px4_msgs__rosidl_typesupport_fastrtps_cpp.dir/rosidl_typesupport_fastrtps_cpp/px4_msgs/msg/detail/dds_fastrtps/position_setpoint__type_support.cpp.o
[ 84%] Building CXX object CMakeFiles/px4_msgs__rosidl_typesupport_cpp.dir/rosidl_typesupport_cpp/px4_msgs/msg/vehicle_local_position_setpoint__type_support.cpp.o
[ 84%] Building CXX object CMakeFiles/px4_msgs__rosidl_typesupport_introspection_cpp.dir/rosidl_typesupport_introspection_cpp/px4_msgs/msg/detail/vehicle_attitude_setpoint__type_support.cpp.o
[ 84%] Building CXX object CMakeFiles/px4_msgs__rosidl_typesupport_fastrtps_cpp.dir/rosidl_typesupport_fastrtps_cpp/px4_msgs/msg/detail/dds_fastrtps/onboard_computer_status__type_support.cpp.o
[ 84%] Building CXX object CMakeFiles/px4_msgs__rosidl_typesupport_cpp.dir/rosidl_typesupport_cpp/px4_msgs/msg/vehicle_odometry__type_support.cpp.o
[ 84%] Building CXX object CMakeFiles/px4_msgs__rosidl_typesupport_introspection_cpp.dir/rosidl_typesupport_introspection_cpp/px4_msgs/msg/detail/vehicle_command__type_support.cpp.o
[ 84%] Building CXX object CMakeFiles/px4_msgs__rosidl_typesupport_cpp.dir/rosidl_typesupport_cpp/px4_msgs/msg/vehicle_magnetometer__type_support.cpp.o
[ 84%] Building CXX object CMakeFiles/px4_msgs__rosidl_typesupport_introspection_cpp.dir/rosidl_typesupport_introspection_cpp/px4_msgs/msg/detail/vehicle_command_ack__type_support.cpp.o
[ 84%] Building CXX object CMakeFiles/px4_msgs__rosidl_typesupport_fastrtps_cpp.dir/rosidl_typesupport_fastrtps_cpp/px4_msgs/msg/detail/dds_fastrtps/neural_control__type_support.cpp.o
[ 84%] Building CXX object CMakeFiles/px4_msgs__rosidl_typesupport_cpp.dir/rosidl_typesupport_cpp/px4_msgs/msg/vehicle_optical_flow__type_support.cpp.o
[ 84%] Building CXX object CMakeFiles/px4_msgs__rosidl_typesupport_introspection_cpp.dir/rosidl_typesupport_introspection_cpp/px4_msgs/msg/detail/vehicle_control_mode__type_support.cpp.o
[ 84%] Building CXX object CMakeFiles/px4_msgs__rosidl_typesupport_fastrtps_cpp.dir/rosidl_typesupport_fastrtps_cpp/px4_msgs/msg/detail/dds_fastrtps/position_setpoint_triplet__type_support.cpp.o
[ 84%] Building CXX object CMakeFiles/px4_msgs__rosidl_typesupport_cpp.dir/rosidl_typesupport_cpp/px4_msgs/msg/vehicle_optical_flow_vel__type_support.cpp.o
[ 84%] Building CXX object CMakeFiles/px4_msgs__rosidl_typesupport_introspection_cpp.dir/rosidl_typesupport_introspection_cpp/px4_msgs/msg/detail/vehicle_global_position__type_support.cpp.o
[ 84%] Building CXX object CMakeFiles/px4_msgs__rosidl_typesupport_introspection_cpp.dir/rosidl_typesupport_introspection_cpp/px4_msgs/msg/detail/vehicle_constraints__type_support.cpp.o
[ 84%] Building CXX object CMakeFiles/px4_msgs__rosidl_typesupport_fastrtps_cpp.dir/rosidl_typesupport_fastrtps_cpp/px4_msgs/msg/detail/dds_fastrtps/message_format_response__type_support.cpp.o
[ 84%] Building CXX object CMakeFiles/px4_msgs__rosidl_typesupport_introspection_cpp.dir/rosidl_typesupport_introspection_cpp/px4_msgs/msg/detail/vehicle_imu_status__type_support.cpp.o
[ 84%] Building CXX object CMakeFiles/px4_msgs__rosidl_typesupport_cpp.dir/rosidl_typesupport_cpp/px4_msgs/msg/vehicle_rates_setpoint__type_support.cpp.o
[ 84%] Building CXX object CMakeFiles/px4_msgs__rosidl_typesupport_introspection_cpp.dir/rosidl_typesupport_introspection_cpp/px4_msgs/msg/detail/vehicle_land_detected__type_support.cpp.o
[ 84%] Building CXX object CMakeFiles/px4_msgs__rosidl_typesupport_introspection_cpp.dir/rosidl_typesupport_introspection_cpp/px4_msgs/msg/detail/vehicle_imu__type_support.cpp.o
[ 85%] Building CXX object CMakeFiles/px4_msgs__rosidl_typesupport_fastrtps_cpp.dir/rosidl_typesupport_fastrtps_cpp/px4_msgs/msg/detail/dds_fastrtps/power_monitor__type_support.cpp.o
[ 85%] Building CXX object CMakeFiles/px4_msgs__rosidl_typesupport_cpp.dir/rosidl_typesupport_cpp/px4_msgs/msg/vehicle_roi__type_support.cpp.o
[ 85%] Building CXX object CMakeFiles/px4_msgs__rosidl_typesupport_fastrtps_cpp.dir/rosidl_typesupport_fastrtps_cpp/px4_msgs/msg/detail/dds_fastrtps/power_button_state__type_support.cpp.o
[ 86%] Building CXX object CMakeFiles/px4_msgs__rosidl_typesupport_introspection_cpp.dir/rosidl_typesupport_introspection_cpp/px4_msgs/msg/detail/vehicle_local_position__type_support.cpp.o
[ 86%] Building CXX object CMakeFiles/px4_msgs__rosidl_typesupport_cpp.dir/rosidl_typesupport_cpp/px4_msgs/msg/vehicle_status__type_support.cpp.o
[ 86%] Building CXX object CMakeFiles/px4_msgs__rosidl_typesupport_fastrtps_cpp.dir/rosidl_typesupport_fastrtps_cpp/px4_msgs/msg/detail/dds_fastrtps/pure_pursuit_status__type_support.cpp.o
[ 86%] Building CXX object CMakeFiles/px4_msgs__rosidl_typesupport_introspection_cpp.dir/rosidl_typesupport_introspection_cpp/px4_msgs/msg/detail/vehicle_local_position_setpoint__type_support.cpp.o
[ 86%] Building CXX object CMakeFiles/px4_msgs__rosidl_typesupport_cpp.dir/rosidl_typesupport_cpp/px4_msgs/msg/vehicle_thrust_setpoint__type_support.cpp.o
[ 86%] Building CXX object CMakeFiles/px4_msgs__rosidl_typesupport_fastrtps_cpp.dir/rosidl_typesupport_fastrtps_cpp/px4_msgs/msg/detail/dds_fastrtps/pps_capture__type_support.cpp.o
[ 86%] Building CXX object CMakeFiles/px4_msgs__rosidl_typesupport_introspection_cpp.dir/rosidl_typesupport_introspection_cpp/px4_msgs/msg/detail/vehicle_magnetometer__type_support.cpp.o
[ 86%] Building CXX object CMakeFiles/px4_msgs__rosidl_typesupport_introspection_cpp.dir/rosidl_typesupport_introspection_cpp/px4_msgs/msg/detail/vehicle_odometry__type_support.cpp.o
[ 86%] Building CXX object CMakeFiles/px4_msgs__rosidl_typesupport_cpp.dir/rosidl_typesupport_cpp/px4_msgs/msg/vehicle_torque_setpoint__type_support.cpp.o
[ 86%] Building CXX object CMakeFiles/px4_msgs__rosidl_typesupport_fastrtps_cpp.dir/rosidl_typesupport_fastrtps_cpp/px4_msgs/msg/detail/dds_fastrtps/px4io_status__type_support.cpp.o
[ 86%] Building CXX object CMakeFiles/px4_msgs__rosidl_typesupport_introspection_cpp.dir/rosidl_typesupport_introspection_cpp/px4_msgs/msg/detail/vehicle_optical_flow__type_support.cpp.o
[ 86%] Building CXX object CMakeFiles/px4_msgs__rosidl_typesupport_fastrtps_cpp.dir/rosidl_typesupport_fastrtps_cpp/px4_msgs/msg/detail/dds_fastrtps/pwm_input__type_support.cpp.o
[ 86%] Building CXX object CMakeFiles/px4_msgs__rosidl_typesupport_cpp.dir/rosidl_typesupport_cpp/px4_msgs/msg/velocity_limits__type_support.cpp.o
[ 86%] Building CXX object CMakeFiles/px4_msgs__rosidl_typesupport_introspection_cpp.dir/rosidl_typesupport_introspection_cpp/px4_msgs/msg/detail/vehicle_roi__type_support.cpp.o
[ 86%] Building CXX object CMakeFiles/px4_msgs__rosidl_typesupport_fastrtps_cpp.dir/rosidl_typesupport_fastrtps_cpp/px4_msgs/msg/detail/dds_fastrtps/qshell_retval__type_support.cpp.o
[ 86%] Building CXX object CMakeFiles/px4_msgs__rosidl_typesupport_cpp.dir/rosidl_typesupport_cpp/px4_msgs/msg/vtol_vehicle_status__type_support.cpp.o
[ 86%] Building CXX object CMakeFiles/px4_msgs__rosidl_typesupport_introspection_cpp.dir/rosidl_typesupport_introspection_cpp/px4_msgs/msg/detail/vehicle_thrust_setpoint__type_support.cpp.o
[ 86%] Building CXX object CMakeFiles/px4_msgs__rosidl_typesupport_fastrtps_cpp.dir/rosidl_typesupport_fastrtps_cpp/px4_msgs/msg/detail/dds_fastrtps/qshell_req__type_support.cpp.o
[ 86%] Building CXX object CMakeFiles/px4_msgs__rosidl_typesupport_cpp.dir/rosidl_typesupport_cpp/px4_msgs/msg/wheel_encoders__type_support.cpp.o
[ 86%] Building CXX object CMakeFiles/px4_msgs__rosidl_typesupport_introspection_cpp.dir/rosidl_typesupport_introspection_cpp/px4_msgs/msg/detail/velocity_limits__type_support.cpp.o
[ 86%] Building CXX object CMakeFiles/px4_msgs__rosidl_typesupport_introspection_cpp.dir/rosidl_typesupport_introspection_cpp/px4_msgs/msg/detail/vehicle_torque_setpoint__type_support.cpp.o
[ 86%] Building CXX object CMakeFiles/px4_msgs__rosidl_typesupport_cpp.dir/rosidl_typesupport_cpp/px4_msgs/msg/wind__type_support.cpp.o
[ 86%] Building CXX object CMakeFiles/px4_msgs__rosidl_typesupport_fastrtps_cpp.dir/rosidl_typesupport_fastrtps_cpp/px4_msgs/msg/detail/dds_fastrtps/rate_ctrl_status__type_support.cpp.o
[ 86%] Building CXX object CMakeFiles/px4_msgs__rosidl_typesupport_introspection_cpp.dir/rosidl_typesupport_introspection_cpp/px4_msgs/msg/detail/vtol_vehicle_status__type_support.cpp.o
[ 86%] Building CXX object CMakeFiles/px4_msgs__rosidl_typesupport_cpp.dir/rosidl_typesupport_cpp/px4_msgs/msg/yaw_estimator_status__type_support.cpp.o
[ 86%] Building CXX object CMakeFiles/px4_msgs__rosidl_typesupport_fastrtps_cpp.dir/rosidl_typesupport_fastrtps_cpp/px4_msgs/msg/detail/dds_fastrtps/rc_channels__type_support.cpp.o
[ 86%] Building CXX object CMakeFiles/px4_msgs__rosidl_typesupport_cpp.dir/rosidl_typesupport_cpp/px4_msgs/srv/vehicle_command__type_support.cpp.o
[ 86%] Building CXX object CMakeFiles/px4_msgs__rosidl_typesupport_introspection_cpp.dir/rosidl_typesupport_introspection_cpp/px4_msgs/msg/detail/vehicle_status__type_support.cpp.o
[ 86%] Building CXX object CMakeFiles/px4_msgs__rosidl_typesupport_fastrtps_cpp.dir/rosidl_typesupport_fastrtps_cpp/px4_msgs/msg/detail/dds_fastrtps/rover_attitude_setpoint__type_support.cpp.o
[ 86%] Linking CXX shared library libpx4_msgs__rosidl_typesupport_cpp.so
[ 86%] Building CXX object CMakeFiles/px4_msgs__rosidl_typesupport_introspection_cpp.dir/rosidl_typesupport_introspection_cpp/px4_msgs/msg/detail/wheel_encoders__type_support.cpp.o
[ 86%] Built target px4_msgs__rosidl_typesupport_cpp
[ 86%] Building CXX object CMakeFiles/px4_msgs__rosidl_typesupport_introspection_cpp.dir/rosidl_typesupport_introspection_cpp/px4_msgs/msg/detail/wind__type_support.cpp.o
[ 86%] Building CXX object CMakeFiles/px4_msgs__rosidl_typesupport_fastrtps_cpp.dir/rosidl_typesupport_fastrtps_cpp/px4_msgs/msg/detail/dds_fastrtps/rover_rate_setpoint__type_support.cpp.o
[ 86%] Building CXX object CMakeFiles/px4_msgs__rosidl_typesupport_introspection_cpp.dir/rosidl_typesupport_introspection_cpp/px4_msgs/msg/detail/yaw_estimator_status__type_support.cpp.o
[ 86%] Building CXX object CMakeFiles/px4_msgs__rosidl_typesupport_fastrtps_cpp.dir/rosidl_typesupport_fastrtps_cpp/px4_msgs/msg/detail/dds_fastrtps/rover_rate_status__type_support.cpp.o
[ 86%] Building CXX object CMakeFiles/px4_msgs__rosidl_typesupport_introspection_cpp.dir/rosidl_typesupport_introspection_cpp/px4_msgs/srv/detail/vehicle_command__type_support.cpp.o
[ 86%] Building CXX object CMakeFiles/px4_msgs__rosidl_typesupport_fastrtps_cpp.dir/rosidl_typesupport_fastrtps_cpp/px4_msgs/msg/detail/dds_fastrtps/rover_speed_setpoint__type_support.cpp.o
[ 86%] Building CXX object CMakeFiles/px4_msgs__rosidl_typesupport_introspection_cpp.dir/rosidl_typesupport_introspection_cpp/px4_msgs/msg/detail/vehicle_rates_setpoint__type_support.cpp.o
[ 86%] Building CXX object CMakeFiles/px4_msgs__rosidl_typesupport_introspection_cpp.dir/rosidl_typesupport_introspection_cpp/px4_msgs/msg/detail/vehicle_optical_flow_vel__type_support.cpp.o
[ 86%] Building CXX object CMakeFiles/px4_msgs__rosidl_typesupport_fastrtps_cpp.dir/rosidl_typesupport_fastrtps_cpp/px4_msgs/msg/detail/dds_fastrtps/rover_throttle_setpoint__type_support.cpp.o
[ 86%] Linking CXX shared library libpx4_msgs__rosidl_typesupport_introspection_cpp.so
[ 86%] Built target px4_msgs__rosidl_typesupport_introspection_cpp
[ 86%] Building CXX object CMakeFiles/px4_msgs__rosidl_typesupport_fastrtps_cpp.dir/rosidl_typesupport_fastrtps_cpp/px4_msgs/msg/detail/dds_fastrtps/rtl_status__type_support.cpp.o
[ 86%] Building CXX object CMakeFiles/px4_msgs__rosidl_typesupport_fastrtps_cpp.dir/rosidl_typesupport_fastrtps_cpp/px4_msgs/msg/detail/dds_fastrtps/rtl_time_estimate__type_support.cpp.o
[ 86%] Building CXX object CMakeFiles/px4_msgs__rosidl_typesupport_fastrtps_cpp.dir/rosidl_typesupport_fastrtps_cpp/px4_msgs/msg/detail/dds_fastrtps/satellite_info__type_support.cpp.o
[ 86%] Building CXX object CMakeFiles/px4_msgs__rosidl_typesupport_fastrtps_cpp.dir/rosidl_typesupport_fastrtps_cpp/px4_msgs/msg/detail/dds_fastrtps/sensor_accel__type_support.cpp.o
[ 87%] Building CXX object CMakeFiles/px4_msgs__rosidl_typesupport_fastrtps_cpp.dir/rosidl_typesupport_fastrtps_cpp/px4_msgs/msg/detail/dds_fastrtps/sensor_accel_fifo__type_support.cpp.o
[ 87%] Building CXX object CMakeFiles/px4_msgs__rosidl_typesupport_fastrtps_cpp.dir/rosidl_typesupport_fastrtps_cpp/px4_msgs/msg/detail/dds_fastrtps/sensor_airflow__type_support.cpp.o
[ 87%] Building CXX object CMakeFiles/px4_msgs__rosidl_typesupport_fastrtps_cpp.dir/rosidl_typesupport_fastrtps_cpp/px4_msgs/msg/detail/dds_fastrtps/sensor_baro__type_support.cpp.o
[ 87%] Building CXX object CMakeFiles/px4_msgs__rosidl_typesupport_fastrtps_cpp.dir/rosidl_typesupport_fastrtps_cpp/px4_msgs/msg/detail/dds_fastrtps/sensor_combined__type_support.cpp.o
[ 87%] Building CXX object CMakeFiles/px4_msgs__rosidl_typesupport_fastrtps_cpp.dir/rosidl_typesupport_fastrtps_cpp/px4_msgs/msg/detail/dds_fastrtps/sensor_correction__type_support.cpp.o
[ 87%] Building CXX object CMakeFiles/px4_msgs__rosidl_typesupport_fastrtps_cpp.dir/rosidl_typesupport_fastrtps_cpp/px4_msgs/msg/detail/dds_fastrtps/sensor_gnss_relative__type_support.cpp.o
[ 87%] Building CXX object CMakeFiles/px4_msgs__rosidl_typesupport_fastrtps_cpp.dir/rosidl_typesupport_fastrtps_cpp/px4_msgs/msg/detail/dds_fastrtps/sensor_gnss_status__type_support.cpp.o
[ 87%] Building CXX object CMakeFiles/px4_msgs__rosidl_typesupport_fastrtps_cpp.dir/rosidl_typesupport_fastrtps_cpp/px4_msgs/msg/detail/dds_fastrtps/sensor_gps__type_support.cpp.o
[ 87%] Building CXX object CMakeFiles/px4_msgs__rosidl_typesupport_fastrtps_cpp.dir/rosidl_typesupport_fastrtps_cpp/px4_msgs/msg/detail/dds_fastrtps/sensor_gyro__type_support.cpp.o
[ 87%] Building CXX object CMakeFiles/px4_msgs__rosidl_typesupport_fastrtps_cpp.dir/rosidl_typesupport_fastrtps_cpp/px4_msgs/msg/detail/dds_fastrtps/sensor_gyro_fft__type_support.cpp.o
[ 87%] Building CXX object CMakeFiles/px4_msgs__rosidl_typesupport_fastrtps_cpp.dir/rosidl_typesupport_fastrtps_cpp/px4_msgs/msg/detail/dds_fastrtps/rover_steering_setpoint__type_support.cpp.o
[ 87%] Building CXX object CMakeFiles/px4_msgs__rosidl_typesupport_fastrtps_cpp.dir/rosidl_typesupport_fastrtps_cpp/px4_msgs/msg/detail/dds_fastrtps/sensor_gyro_fifo__type_support.cpp.o
[ 87%] Building CXX object CMakeFiles/px4_msgs__rosidl_typesupport_fastrtps_cpp.dir/rosidl_typesupport_fastrtps_cpp/px4_msgs/msg/detail/dds_fastrtps/rpm__type_support.cpp.o
[ 87%] Building CXX object CMakeFiles/px4_msgs__rosidl_typesupport_fastrtps_cpp.dir/rosidl_typesupport_fastrtps_cpp/px4_msgs/msg/detail/dds_fastrtps/sensor_hygrometer__type_support.cpp.o
[ 87%] Building CXX object CMakeFiles/px4_msgs__rosidl_typesupport_fastrtps_cpp.dir/rosidl_typesupport_fastrtps_cpp/px4_msgs/msg/detail/dds_fastrtps/sensor_mag__type_support.cpp.o
[ 87%] Building CXX object CMakeFiles/px4_msgs__rosidl_typesupport_fastrtps_cpp.dir/rosidl_typesupport_fastrtps_cpp/px4_msgs/msg/detail/dds_fastrtps/sensor_optical_flow__type_support.cpp.o
[ 87%] Building CXX object CMakeFiles/px4_msgs__rosidl_typesupport_fastrtps_cpp.dir/rosidl_typesupport_fastrtps_cpp/px4_msgs/msg/detail/dds_fastrtps/sensor_preflight_mag__type_support.cpp.o
[ 87%] Building CXX object CMakeFiles/px4_msgs__rosidl_typesupport_fastrtps_cpp.dir/rosidl_typesupport_fastrtps_cpp/px4_msgs/msg/detail/dds_fastrtps/sensor_selection__type_support.cpp.o
[ 87%] Building CXX object CMakeFiles/px4_msgs__rosidl_typesupport_fastrtps_cpp.dir/rosidl_typesupport_fastrtps_cpp/px4_msgs/msg/detail/dds_fastrtps/rover_speed_status__type_support.cpp.o
[ 87%] Building CXX object CMakeFiles/px4_msgs__rosidl_typesupport_fastrtps_cpp.dir/rosidl_typesupport_fastrtps_cpp/px4_msgs/msg/detail/dds_fastrtps/rover_position_setpoint__type_support.cpp.o
[ 87%] Building CXX object CMakeFiles/px4_msgs__rosidl_typesupport_fastrtps_cpp.dir/rosidl_typesupport_fastrtps_cpp/px4_msgs/msg/detail/dds_fastrtps/sensor_uwb__type_support.cpp.o
[ 87%] Building CXX object CMakeFiles/px4_msgs__rosidl_typesupport_fastrtps_cpp.dir/rosidl_typesupport_fastrtps_cpp/px4_msgs/msg/detail/dds_fastrtps/sensors_status__type_support.cpp.o
[ 87%] Building CXX object CMakeFiles/px4_msgs__rosidl_typesupport_fastrtps_cpp.dir/rosidl_typesupport_fastrtps_cpp/px4_msgs/msg/detail/dds_fastrtps/sensors_status_imu__type_support.cpp.o
[ 87%] Building CXX object CMakeFiles/px4_msgs__rosidl_typesupport_fastrtps_cpp.dir/rosidl_typesupport_fastrtps_cpp/px4_msgs/msg/detail/dds_fastrtps/system_power__type_support.cpp.o
[ 87%] Building CXX object CMakeFiles/px4_msgs__rosidl_typesupport_fastrtps_cpp.dir/rosidl_typesupport_fastrtps_cpp/px4_msgs/msg/detail/dds_fastrtps/rc_parameter_map__type_support.cpp.o
[ 87%] Building CXX object CMakeFiles/px4_msgs__rosidl_typesupport_fastrtps_cpp.dir/rosidl_typesupport_fastrtps_cpp/px4_msgs/msg/detail/dds_fastrtps/takeoff_status__type_support.cpp.o
[ 87%] Building CXX object CMakeFiles/px4_msgs__rosidl_typesupport_fastrtps_cpp.dir/rosidl_typesupport_fastrtps_cpp/px4_msgs/msg/detail/dds_fastrtps/task_stack_info__type_support.cpp.o
[ 87%] Building CXX object CMakeFiles/px4_msgs__rosidl_typesupport_fastrtps_cpp.dir/rosidl_typesupport_fastrtps_cpp/px4_msgs/msg/detail/dds_fastrtps/tecs_status__type_support.cpp.o
[ 87%] Building CXX object CMakeFiles/px4_msgs__rosidl_typesupport_fastrtps_cpp.dir/rosidl_typesupport_fastrtps_cpp/px4_msgs/msg/detail/dds_fastrtps/telemetry_status__type_support.cpp.o
[ 88%] Building CXX object CMakeFiles/px4_msgs__rosidl_typesupport_fastrtps_cpp.dir/rosidl_typesupport_fastrtps_cpp/px4_msgs/msg/detail/dds_fastrtps/tiltrotor_extra_controls__type_support.cpp.o
[ 88%] Building CXX object CMakeFiles/px4_msgs__rosidl_typesupport_fastrtps_cpp.dir/rosidl_typesupport_fastrtps_cpp/px4_msgs/msg/detail/dds_fastrtps/timesync_status__type_support.cpp.o
[ 88%] Building CXX object CMakeFiles/px4_msgs__rosidl_typesupport_fastrtps_cpp.dir/rosidl_typesupport_fastrtps_cpp/px4_msgs/msg/detail/dds_fastrtps/radio_status__type_support.cpp.o
[ 88%] Building CXX object CMakeFiles/px4_msgs__rosidl_typesupport_fastrtps_cpp.dir/rosidl_typesupport_fastrtps_cpp/px4_msgs/msg/detail/dds_fastrtps/trajectory_setpoint__type_support.cpp.o
[ 88%] Building CXX object CMakeFiles/px4_msgs__rosidl_typesupport_fastrtps_cpp.dir/rosidl_typesupport_fastrtps_cpp/px4_msgs/msg/detail/dds_fastrtps/trajectory_setpoint6dof__type_support.cpp.o
[ 88%] Building CXX object CMakeFiles/px4_msgs__rosidl_typesupport_fastrtps_cpp.dir/rosidl_typesupport_fastrtps_cpp/px4_msgs/msg/detail/dds_fastrtps/transponder_report__type_support.cpp.o
[ 88%] Building CXX object CMakeFiles/px4_msgs__rosidl_typesupport_fastrtps_cpp.dir/rosidl_typesupport_fastrtps_cpp/px4_msgs/msg/detail/dds_fastrtps/tune_control__type_support.cpp.o
[ 88%] Building CXX object CMakeFiles/px4_msgs__rosidl_typesupport_fastrtps_cpp.dir/rosidl_typesupport_fastrtps_cpp/px4_msgs/msg/detail/dds_fastrtps/uavcan_parameter_request__type_support.cpp.o
[ 88%] Building CXX object CMakeFiles/px4_msgs__rosidl_typesupport_fastrtps_cpp.dir/rosidl_typesupport_fastrtps_cpp/px4_msgs/msg/detail/dds_fastrtps/uavcan_parameter_value__type_support.cpp.o
[ 88%] Building CXX object CMakeFiles/px4_msgs__rosidl_typesupport_fastrtps_cpp.dir/rosidl_typesupport_fastrtps_cpp/px4_msgs/msg/detail/dds_fastrtps/ulog_stream__type_support.cpp.o
[ 88%] Building CXX object CMakeFiles/px4_msgs__rosidl_typesupport_fastrtps_cpp.dir/rosidl_typesupport_fastrtps_cpp/px4_msgs/msg/detail/dds_fastrtps/ulog_stream_ack__type_support.cpp.o
[ 88%] Building CXX object CMakeFiles/px4_msgs__rosidl_typesupport_fastrtps_cpp.dir/rosidl_typesupport_fastrtps_cpp/px4_msgs/msg/detail/dds_fastrtps/unregister_ext_component__type_support.cpp.o
[ 88%] Building CXX object CMakeFiles/px4_msgs__rosidl_typesupport_fastrtps_cpp.dir/rosidl_typesupport_fastrtps_cpp/px4_msgs/msg/detail/dds_fastrtps/vehicle_acceleration__type_support.cpp.o
[ 88%] Building CXX object CMakeFiles/px4_msgs__rosidl_typesupport_fastrtps_cpp.dir/rosidl_typesupport_fastrtps_cpp/px4_msgs/msg/detail/dds_fastrtps/vehicle_command_ack__type_support.cpp.o
[ 88%] Building CXX object CMakeFiles/px4_msgs__rosidl_typesupport_fastrtps_cpp.dir/rosidl_typesupport_fastrtps_cpp/px4_msgs/msg/detail/dds_fastrtps/vehicle_constraints__type_support.cpp.o
[ 88%] Building CXX object CMakeFiles/px4_msgs__rosidl_typesupport_fastrtps_cpp.dir/rosidl_typesupport_fastrtps_cpp/px4_msgs/msg/detail/dds_fastrtps/vehicle_control_mode__type_support.cpp.o
[ 88%] Building CXX object CMakeFiles/px4_msgs__rosidl_typesupport_fastrtps_cpp.dir/rosidl_typesupport_fastrtps_cpp/px4_msgs/msg/detail/dds_fastrtps/vehicle_global_position__type_support.cpp.o
[ 88%] Building CXX object CMakeFiles/px4_msgs__rosidl_typesupport_fastrtps_cpp.dir/rosidl_typesupport_fastrtps_cpp/px4_msgs/msg/detail/dds_fastrtps/vehicle_imu__type_support.cpp.o
[ 88%] Building CXX object CMakeFiles/px4_msgs__rosidl_typesupport_fastrtps_cpp.dir/rosidl_typesupport_fastrtps_cpp/px4_msgs/msg/detail/dds_fastrtps/vehicle_imu_status__type_support.cpp.o
[ 89%] Building CXX object CMakeFiles/px4_msgs__rosidl_typesupport_fastrtps_cpp.dir/rosidl_typesupport_fastrtps_cpp/px4_msgs/msg/detail/dds_fastrtps/vehicle_land_detected__type_support.cpp.o
[ 89%] Building CXX object CMakeFiles/px4_msgs__rosidl_typesupport_fastrtps_cpp.dir/rosidl_typesupport_fastrtps_cpp/px4_msgs/msg/detail/dds_fastrtps/vehicle_local_position__type_support.cpp.o
[ 89%] Building CXX object CMakeFiles/px4_msgs__rosidl_typesupport_fastrtps_cpp.dir/rosidl_typesupport_fastrtps_cpp/px4_msgs/msg/detail/dds_fastrtps/vehicle_local_position_setpoint__type_support.cpp.o
[ 89%] Building CXX object CMakeFiles/px4_msgs__rosidl_typesupport_fastrtps_cpp.dir/rosidl_typesupport_fastrtps_cpp/px4_msgs/msg/detail/dds_fastrtps/vehicle_magnetometer__type_support.cpp.o
[ 89%] Building CXX object CMakeFiles/px4_msgs__rosidl_typesupport_fastrtps_cpp.dir/rosidl_typesupport_fastrtps_cpp/px4_msgs/msg/detail/dds_fastrtps/vehicle_odometry__type_support.cpp.o
[ 89%] Building CXX object CMakeFiles/px4_msgs__rosidl_typesupport_fastrtps_cpp.dir/rosidl_typesupport_fastrtps_cpp/px4_msgs/msg/detail/dds_fastrtps/vehicle_command__type_support.cpp.o
[ 89%] Building CXX object CMakeFiles/px4_msgs__rosidl_typesupport_fastrtps_cpp.dir/rosidl_typesupport_fastrtps_cpp/px4_msgs/msg/detail/dds_fastrtps/vehicle_attitude__type_support.cpp.o
[ 89%] Building CXX object CMakeFiles/px4_msgs__rosidl_typesupport_fastrtps_cpp.dir/rosidl_typesupport_fastrtps_cpp/px4_msgs/msg/detail/dds_fastrtps/vehicle_optical_flow__type_support.cpp.o
[ 89%] Building CXX object CMakeFiles/px4_msgs__rosidl_typesupport_fastrtps_cpp.dir/rosidl_typesupport_fastrtps_cpp/px4_msgs/msg/detail/dds_fastrtps/vehicle_attitude_setpoint__type_support.cpp.o
[ 89%] Building CXX object CMakeFiles/px4_msgs__rosidl_typesupport_fastrtps_cpp.dir/rosidl_typesupport_fastrtps_cpp/px4_msgs/msg/detail/dds_fastrtps/vehicle_rates_setpoint__type_support.cpp.o
[ 89%] Building CXX object CMakeFiles/px4_msgs__rosidl_typesupport_fastrtps_cpp.dir/rosidl_typesupport_fastrtps_cpp/px4_msgs/msg/detail/dds_fastrtps/vehicle_roi__type_support.cpp.o
[ 89%] Building CXX object CMakeFiles/px4_msgs__rosidl_typesupport_fastrtps_cpp.dir/rosidl_typesupport_fastrtps_cpp/px4_msgs/msg/detail/dds_fastrtps/vehicle_status__type_support.cpp.o
[ 89%] Building CXX object CMakeFiles/px4_msgs__rosidl_typesupport_fastrtps_cpp.dir/rosidl_typesupport_fastrtps_cpp/px4_msgs/msg/detail/dds_fastrtps/vehicle_thrust_setpoint__type_support.cpp.o
[ 89%] Building CXX object CMakeFiles/px4_msgs__rosidl_typesupport_fastrtps_cpp.dir/rosidl_typesupport_fastrtps_cpp/px4_msgs/msg/detail/dds_fastrtps/vehicle_optical_flow_vel__type_support.cpp.o
[ 89%] Building CXX object CMakeFiles/px4_msgs__rosidl_typesupport_fastrtps_cpp.dir/rosidl_typesupport_fastrtps_cpp/px4_msgs/msg/detail/dds_fastrtps/vehicle_torque_setpoint__type_support.cpp.o
[ 89%] Building CXX object CMakeFiles/px4_msgs__rosidl_typesupport_fastrtps_cpp.dir/rosidl_typesupport_fastrtps_cpp/px4_msgs/msg/detail/dds_fastrtps/velocity_limits__type_support.cpp.o
[ 89%] Building CXX object CMakeFiles/px4_msgs__rosidl_typesupport_fastrtps_cpp.dir/rosidl_typesupport_fastrtps_cpp/px4_msgs/msg/detail/dds_fastrtps/vtol_vehicle_status__type_support.cpp.o
[ 89%] Building CXX object CMakeFiles/px4_msgs__rosidl_typesupport_fastrtps_cpp.dir/rosidl_typesupport_fastrtps_cpp/px4_msgs/msg/detail/dds_fastrtps/wheel_encoders__type_support.cpp.o
[ 89%] Building CXX object CMakeFiles/px4_msgs__rosidl_typesupport_fastrtps_cpp.dir/rosidl_typesupport_fastrtps_cpp/px4_msgs/msg/detail/dds_fastrtps/vehicle_angular_velocity__type_support.cpp.o
[ 89%] Building CXX object CMakeFiles/px4_msgs__rosidl_typesupport_fastrtps_cpp.dir/rosidl_typesupport_fastrtps_cpp/px4_msgs/msg/detail/dds_fastrtps/wind__type_support.cpp.o
[ 89%] Building CXX object CMakeFiles/px4_msgs__rosidl_typesupport_fastrtps_cpp.dir/rosidl_typesupport_fastrtps_cpp/px4_msgs/msg/detail/dds_fastrtps/yaw_estimator_status__type_support.cpp.o
[ 89%] Building CXX object CMakeFiles/px4_msgs__rosidl_typesupport_fastrtps_cpp.dir/rosidl_typesupport_fastrtps_cpp/px4_msgs/srv/detail/dds_fastrtps/vehicle_command__type_support.cpp.o
[ 89%] Building CXX object CMakeFiles/px4_msgs__rosidl_typesupport_fastrtps_cpp.dir/rosidl_typesupport_fastrtps_cpp/px4_msgs/msg/detail/dds_fastrtps/vehicle_air_data__type_support.cpp.o
[ 89%] Building CXX object CMakeFiles/px4_msgs__rosidl_typesupport_fastrtps_cpp.dir/rosidl_typesupport_fastrtps_cpp/px4_msgs/msg/detail/dds_fastrtps/vehicle_angular_acceleration_setpoint__type_support.cpp.o
[ 89%] Linking CXX shared library libpx4_msgs__rosidl_typesupport_fastrtps_cpp.so
[ 89%] Built target px4_msgs__rosidl_typesupport_fastrtps_cpp
[ 89%] Built target px4_msgs
[ 89%] Generating Python code for ROS interfaces
[ 89%] Built target px4_msgs__py
[ 89%] Building C object CMakeFiles/px4_msgs__rosidl_generator_py.dir/rosidl_generator_py/px4_msgs/msg/_action_request_s.c.o
[ 89%] Building C object CMakeFiles/px4_msgs__rosidl_generator_py.dir/rosidl_generator_py/px4_msgs/msg/_actuator_outputs_s.c.o
[ 89%] Building C object CMakeFiles/px4_msgs__rosidl_generator_py.dir/rosidl_generator_py/px4_msgs/msg/_actuator_armed_s.c.o
[ 89%] Building C object CMakeFiles/px4_msgs__rosidl_generator_py.dir/rosidl_generator_py/px4_msgs/msg/_actuator_controls_status_s.c.o
[ 89%] Building C object CMakeFiles/px4_msgs__rosidl_generator_py.dir/rosidl_generator_py/px4_msgs/msg/_actuator_servos_trim_s.c.o
[ 89%] Building C object CMakeFiles/px4_msgs__rosidl_generator_py.dir/rosidl_generator_py/px4_msgs/msg/_actuator_servos_s.c.o
[ 90%] Building C object CMakeFiles/px4_msgs__rosidl_generator_py.dir/rosidl_generator_py/px4_msgs/msg/_actuator_motors_s.c.o
[ 90%] Building C object CMakeFiles/px4_msgs__rosidl_generator_py.dir/rosidl_generator_py/px4_msgs/msg/_actuator_test_s.c.o
[ 90%] Building C object CMakeFiles/px4_msgs__rosidl_generator_py.dir/rosidl_generator_py/px4_msgs/msg/_adc_report_s.c.o
[ 90%] Building C object CMakeFiles/px4_msgs__rosidl_generator_py.dir/rosidl_generator_py/px4_msgs/msg/_airspeed_s.c.o
[ 90%] Building C object CMakeFiles/px4_msgs__rosidl_generator_py.dir/rosidl_generator_py/px4_msgs/msg/_airspeed_validated_s.c.o
[ 90%] Building C object CMakeFiles/px4_msgs__rosidl_generator_py.dir/rosidl_generator_py/px4_msgs/msg/_airspeed_wind_s.c.o
[ 90%] Building C object CMakeFiles/px4_msgs__rosidl_generator_py.dir/rosidl_generator_py/px4_msgs/msg/_arming_check_request_s.c.o
[ 90%] Building C object CMakeFiles/px4_msgs__rosidl_generator_py.dir/rosidl_generator_py/px4_msgs/msg/_arming_check_reply_s.c.o
[ 90%] Building C object CMakeFiles/px4_msgs__rosidl_generator_py.dir/rosidl_generator_py/px4_msgs/msg/_autotune_attitude_control_status_s.c.o
[ 90%] Building C object CMakeFiles/px4_msgs__rosidl_generator_py.dir/rosidl_generator_py/px4_msgs/msg/_battery_info_s.c.o
[ 90%] Building C object CMakeFiles/px4_msgs__rosidl_generator_py.dir/rosidl_generator_py/px4_msgs/msg/_battery_status_s.c.o
[ 90%] Building C object CMakeFiles/px4_msgs__rosidl_generator_py.dir/rosidl_generator_py/px4_msgs/msg/_button_event_s.c.o
[ 90%] Building C object CMakeFiles/px4_msgs__rosidl_generator_py.dir/rosidl_generator_py/px4_msgs/msg/_camera_capture_s.c.o
[ 90%] Building C object CMakeFiles/px4_msgs__rosidl_generator_py.dir/rosidl_generator_py/px4_msgs/msg/_camera_status_s.c.o
[ 90%] Building C object CMakeFiles/px4_msgs__rosidl_generator_py.dir/rosidl_generator_py/px4_msgs/msg/_camera_trigger_s.c.o
[ 90%] Building C object CMakeFiles/px4_msgs__rosidl_generator_py.dir/rosidl_generator_py/px4_msgs/msg/_can_interface_status_s.c.o
[ 90%] Building C object CMakeFiles/px4_msgs__rosidl_generator_py.dir/rosidl_generator_py/px4_msgs/msg/_cellular_status_s.c.o
[ 90%] Building C object CMakeFiles/px4_msgs__rosidl_generator_py.dir/rosidl_generator_py/px4_msgs/msg/_collision_constraints_s.c.o
[ 90%] Building C object CMakeFiles/px4_msgs__rosidl_generator_py.dir/rosidl_generator_py/px4_msgs/msg/_config_overrides_s.c.o
[ 90%] Building C object CMakeFiles/px4_msgs__rosidl_generator_py.dir/rosidl_generator_py/px4_msgs/msg/_control_allocator_status_s.c.o
[ 90%] Building C object CMakeFiles/px4_msgs__rosidl_generator_py.dir/rosidl_generator_py/px4_msgs/msg/_cpuload_s.c.o
[ 91%] Building C object CMakeFiles/px4_msgs__rosidl_generator_py.dir/rosidl_generator_py/px4_msgs/msg/_dataman_request_s.c.o
[ 91%] Building C object CMakeFiles/px4_msgs__rosidl_generator_py.dir/rosidl_generator_py/px4_msgs/msg/_dataman_response_s.c.o
[ 91%] Building C object CMakeFiles/px4_msgs__rosidl_generator_py.dir/rosidl_generator_py/px4_msgs/msg/_debug_array_s.c.o
[ 91%] Building C object CMakeFiles/px4_msgs__rosidl_generator_py.dir/rosidl_generator_py/px4_msgs/msg/_debug_key_value_s.c.o
[ 91%] Building C object CMakeFiles/px4_msgs__rosidl_generator_py.dir/rosidl_generator_py/px4_msgs/msg/_debug_value_s.c.o
[ 91%] Building C object CMakeFiles/px4_msgs__rosidl_generator_py.dir/rosidl_generator_py/px4_msgs/msg/_debug_vect_s.c.o
[ 91%] Building C object CMakeFiles/px4_msgs__rosidl_generator_py.dir/rosidl_generator_py/px4_msgs/msg/_differential_pressure_s.c.o
[ 91%] Building C object CMakeFiles/px4_msgs__rosidl_generator_py.dir/rosidl_generator_py/px4_msgs/msg/_distance_sensor_s.c.o
[ 91%] Building C object CMakeFiles/px4_msgs__rosidl_generator_py.dir/rosidl_generator_py/px4_msgs/msg/_distance_sensor_mode_change_request_s.c.o
[ 91%] Building C object CMakeFiles/px4_msgs__rosidl_generator_py.dir/rosidl_generator_py/px4_msgs/msg/_dronecan_node_status_s.c.o
[ 91%] Building C object CMakeFiles/px4_msgs__rosidl_generator_py.dir/rosidl_generator_py/px4_msgs/msg/_ekf2_timestamps_s.c.o
[ 91%] Building C object CMakeFiles/px4_msgs__rosidl_generator_py.dir/rosidl_generator_py/px4_msgs/msg/_esc_report_s.c.o
[ 91%] Building C object CMakeFiles/px4_msgs__rosidl_generator_py.dir/rosidl_generator_py/px4_msgs/msg/_esc_status_s.c.o
[ 91%] Building C object CMakeFiles/px4_msgs__rosidl_generator_py.dir/rosidl_generator_py/px4_msgs/msg/_estimator_aid_source1d_s.c.o
[ 91%] Building C object CMakeFiles/px4_msgs__rosidl_generator_py.dir/rosidl_generator_py/px4_msgs/msg/_estimator_aid_source2d_s.c.o
[ 91%] Building C object CMakeFiles/px4_msgs__rosidl_generator_py.dir/rosidl_generator_py/px4_msgs/msg/_estimator_aid_source3d_s.c.o
[ 91%] Building C object CMakeFiles/px4_msgs__rosidl_generator_py.dir/rosidl_generator_py/px4_msgs/msg/_estimator_bias_s.c.o
[ 91%] Building C object CMakeFiles/px4_msgs__rosidl_generator_py.dir/rosidl_generator_py/px4_msgs/msg/_estimator_bias3d_s.c.o
[ 91%] Building C object CMakeFiles/px4_msgs__rosidl_generator_py.dir/rosidl_generator_py/px4_msgs/msg/_estimator_event_flags_s.c.o
[ 91%] Building C object CMakeFiles/px4_msgs__rosidl_generator_py.dir/rosidl_generator_py/px4_msgs/msg/_estimator_gps_status_s.c.o
[ 91%] Building C object CMakeFiles/px4_msgs__rosidl_generator_py.dir/rosidl_generator_py/px4_msgs/msg/_estimator_innovations_s.c.o
[ 91%] Building C object CMakeFiles/px4_msgs__rosidl_generator_py.dir/rosidl_generator_py/px4_msgs/msg/_estimator_selector_status_s.c.o
[ 91%] Building C object CMakeFiles/px4_msgs__rosidl_generator_py.dir/rosidl_generator_py/px4_msgs/msg/_estimator_sensor_bias_s.c.o
[ 92%] Building C object CMakeFiles/px4_msgs__rosidl_generator_py.dir/rosidl_generator_py/px4_msgs/msg/_estimator_states_s.c.o
[ 92%] Building C object CMakeFiles/px4_msgs__rosidl_generator_py.dir/rosidl_generator_py/px4_msgs/msg/_estimator_status_s.c.o
[ 92%] Building C object CMakeFiles/px4_msgs__rosidl_generator_py.dir/rosidl_generator_py/px4_msgs/msg/_estimator_status_flags_s.c.o
[ 92%] Building C object CMakeFiles/px4_msgs__rosidl_generator_py.dir/rosidl_generator_py/px4_msgs/msg/_event_s.c.o
[ 92%] Building C object CMakeFiles/px4_msgs__rosidl_generator_py.dir/rosidl_generator_py/px4_msgs/msg/_failsafe_flags_s.c.o
[ 92%] Building C object CMakeFiles/px4_msgs__rosidl_generator_py.dir/rosidl_generator_py/px4_msgs/msg/_failure_detector_status_s.c.o
[ 92%] Building C object CMakeFiles/px4_msgs__rosidl_generator_py.dir/rosidl_generator_py/px4_msgs/msg/_figure_eight_status_s.c.o
[ 92%] Building C object CMakeFiles/px4_msgs__rosidl_generator_py.dir/rosidl_generator_py/px4_msgs/msg/_fixed_wing_lateral_guidance_status_s.c.o
[ 92%] Building C object CMakeFiles/px4_msgs__rosidl_generator_py.dir/rosidl_generator_py/px4_msgs/msg/_fixed_wing_lateral_setpoint_s.c.o
[ 92%] Building C object CMakeFiles/px4_msgs__rosidl_generator_py.dir/rosidl_generator_py/px4_msgs/msg/_fixed_wing_lateral_status_s.c.o
[ 92%] Building C object CMakeFiles/px4_msgs__rosidl_generator_py.dir/rosidl_generator_py/px4_msgs/msg/_fixed_wing_longitudinal_setpoint_s.c.o
[ 92%] Building C object CMakeFiles/px4_msgs__rosidl_generator_py.dir/rosidl_generator_py/px4_msgs/msg/_fixed_wing_runway_control_s.c.o
[ 92%] Building C object CMakeFiles/px4_msgs__rosidl_generator_py.dir/rosidl_generator_py/px4_msgs/msg/_flight_phase_estimation_s.c.o
[ 92%] Building C object CMakeFiles/px4_msgs__rosidl_generator_py.dir/rosidl_generator_py/px4_msgs/msg/_follow_target_s.c.o
[ 92%] Building C object CMakeFiles/px4_msgs__rosidl_generator_py.dir/rosidl_generator_py/px4_msgs/msg/_follow_target_estimator_s.c.o
[ 92%] Building C object CMakeFiles/px4_msgs__rosidl_generator_py.dir/rosidl_generator_py/px4_msgs/msg/_follow_target_status_s.c.o
[ 92%] Building C object CMakeFiles/px4_msgs__rosidl_generator_py.dir/rosidl_generator_py/px4_msgs/msg/_fuel_tank_status_s.c.o
[ 92%] Building C object CMakeFiles/px4_msgs__rosidl_generator_py.dir/rosidl_generator_py/px4_msgs/msg/_generator_status_s.c.o
[ 92%] Building C object CMakeFiles/px4_msgs__rosidl_generator_py.dir/rosidl_generator_py/px4_msgs/msg/_geofence_result_s.c.o
[ 92%] Building C object CMakeFiles/px4_msgs__rosidl_generator_py.dir/rosidl_generator_py/px4_msgs/msg/_geofence_status_s.c.o
[ 92%] Building C object CMakeFiles/px4_msgs__rosidl_generator_py.dir/rosidl_generator_py/px4_msgs/msg/_gimbal_controls_s.c.o
[ 92%] Building C object CMakeFiles/px4_msgs__rosidl_generator_py.dir/rosidl_generator_py/px4_msgs/msg/_gimbal_device_attitude_status_s.c.o
[ 92%] Building C object CMakeFiles/px4_msgs__rosidl_generator_py.dir/rosidl_generator_py/px4_msgs/msg/_gimbal_device_information_s.c.o
[ 93%] Building C object CMakeFiles/px4_msgs__rosidl_generator_py.dir/rosidl_generator_py/px4_msgs/msg/_gimbal_manager_information_s.c.o
[ 93%] Building C object CMakeFiles/px4_msgs__rosidl_generator_py.dir/rosidl_generator_py/px4_msgs/msg/_gimbal_device_set_attitude_s.c.o
[ 93%] Building C object CMakeFiles/px4_msgs__rosidl_generator_py.dir/rosidl_generator_py/px4_msgs/msg/_gimbal_manager_set_attitude_s.c.o
[ 93%] Building C object CMakeFiles/px4_msgs__rosidl_generator_py.dir/rosidl_generator_py/px4_msgs/msg/_gimbal_manager_set_manual_control_s.c.o
[ 93%] Building C object CMakeFiles/px4_msgs__rosidl_generator_py.dir/rosidl_generator_py/px4_msgs/msg/_gimbal_manager_status_s.c.o
[ 93%] Building C object CMakeFiles/px4_msgs__rosidl_generator_py.dir/rosidl_generator_py/px4_msgs/msg/_goto_setpoint_s.c.o
[ 93%] Building C object CMakeFiles/px4_msgs__rosidl_generator_py.dir/rosidl_generator_py/px4_msgs/msg/_gpio_config_s.c.o
[ 93%] Building C object CMakeFiles/px4_msgs__rosidl_generator_py.dir/rosidl_generator_py/px4_msgs/msg/_gpio_in_s.c.o
[ 93%] Building C object CMakeFiles/px4_msgs__rosidl_generator_py.dir/rosidl_generator_py/px4_msgs/msg/_gpio_out_s.c.o
[ 93%] Building C object CMakeFiles/px4_msgs__rosidl_generator_py.dir/rosidl_generator_py/px4_msgs/msg/_gpio_request_s.c.o
[ 93%] Building C object CMakeFiles/px4_msgs__rosidl_generator_py.dir/rosidl_generator_py/px4_msgs/msg/_gps_dump_s.c.o
[ 93%] Building C object CMakeFiles/px4_msgs__rosidl_generator_py.dir/rosidl_generator_py/px4_msgs/msg/_gps_inject_data_s.c.o
[ 93%] Building C object CMakeFiles/px4_msgs__rosidl_generator_py.dir/rosidl_generator_py/px4_msgs/msg/_gripper_s.c.o
[ 93%] Building C object CMakeFiles/px4_msgs__rosidl_generator_py.dir/rosidl_generator_py/px4_msgs/msg/_health_report_s.c.o
[ 93%] Building C object CMakeFiles/px4_msgs__rosidl_generator_py.dir/rosidl_generator_py/px4_msgs/msg/_heater_status_s.c.o
[ 93%] Building C object CMakeFiles/px4_msgs__rosidl_generator_py.dir/rosidl_generator_py/px4_msgs/msg/_home_position_s.c.o
[ 93%] Building C object CMakeFiles/px4_msgs__rosidl_generator_py.dir/rosidl_generator_py/px4_msgs/msg/_hover_thrust_estimate_s.c.o
[ 93%] Building C object CMakeFiles/px4_msgs__rosidl_generator_py.dir/rosidl_generator_py/px4_msgs/msg/_input_rc_s.c.o
[ 93%] Building C object CMakeFiles/px4_msgs__rosidl_generator_py.dir/rosidl_generator_py/px4_msgs/msg/_internal_combustion_engine_control_s.c.o
[ 93%] Building C object CMakeFiles/px4_msgs__rosidl_generator_py.dir/rosidl_generator_py/px4_msgs/msg/_internal_combustion_engine_status_s.c.o
[ 93%] Building C object CMakeFiles/px4_msgs__rosidl_generator_py.dir/rosidl_generator_py/px4_msgs/msg/_iridiumsbd_status_s.c.o
[ 93%] Building C object CMakeFiles/px4_msgs__rosidl_generator_py.dir/rosidl_generator_py/px4_msgs/msg/_irlock_report_s.c.o
[ 93%] Building C object CMakeFiles/px4_msgs__rosidl_generator_py.dir/rosidl_generator_py/px4_msgs/msg/_landing_gear_s.c.o
[ 93%] Building C object CMakeFiles/px4_msgs__rosidl_generator_py.dir/rosidl_generator_py/px4_msgs/msg/_landing_gear_wheel_s.c.o
[ 93%] Building C object CMakeFiles/px4_msgs__rosidl_generator_py.dir/rosidl_generator_py/px4_msgs/msg/_landing_target_innovations_s.c.o
[ 94%] Building C object CMakeFiles/px4_msgs__rosidl_generator_py.dir/rosidl_generator_py/px4_msgs/msg/_landing_target_pose_s.c.o
[ 94%] Building C object CMakeFiles/px4_msgs__rosidl_generator_py.dir/rosidl_generator_py/px4_msgs/msg/_lateral_control_configuration_s.c.o
[ 94%] Building C object CMakeFiles/px4_msgs__rosidl_generator_py.dir/rosidl_generator_py/px4_msgs/msg/_launch_detection_status_s.c.o
[ 94%] Building C object CMakeFiles/px4_msgs__rosidl_generator_py.dir/rosidl_generator_py/px4_msgs/msg/_led_control_s.c.o
[ 94%] Building C object CMakeFiles/px4_msgs__rosidl_generator_py.dir/rosidl_generator_py/px4_msgs/msg/_log_message_s.c.o
[ 94%] Building C object CMakeFiles/px4_msgs__rosidl_generator_py.dir/rosidl_generator_py/px4_msgs/msg/_longitudinal_control_configuration_s.c.o
[ 94%] Building C object CMakeFiles/px4_msgs__rosidl_generator_py.dir/rosidl_generator_py/px4_msgs/msg/_logger_status_s.c.o
[ 94%] Building C object CMakeFiles/px4_msgs__rosidl_generator_py.dir/rosidl_generator_py/px4_msgs/msg/_mag_worker_data_s.c.o
[ 94%] Building C object CMakeFiles/px4_msgs__rosidl_generator_py.dir/rosidl_generator_py/px4_msgs/msg/_magnetometer_bias_estimate_s.c.o
[ 94%] Building C object CMakeFiles/px4_msgs__rosidl_generator_py.dir/rosidl_generator_py/px4_msgs/msg/_manual_control_setpoint_s.c.o
[ 94%] Building C object CMakeFiles/px4_msgs__rosidl_generator_py.dir/rosidl_generator_py/px4_msgs/msg/_manual_control_switches_s.c.o
[ 94%] Building C object CMakeFiles/px4_msgs__rosidl_generator_py.dir/rosidl_generator_py/px4_msgs/msg/_mavlink_log_s.c.o
[ 94%] Building C object CMakeFiles/px4_msgs__rosidl_generator_py.dir/rosidl_generator_py/px4_msgs/msg/_mavlink_tunnel_s.c.o
[ 94%] Building C object CMakeFiles/px4_msgs__rosidl_generator_py.dir/rosidl_generator_py/px4_msgs/msg/_message_format_request_s.c.o
[ 94%] Building C object CMakeFiles/px4_msgs__rosidl_generator_py.dir/rosidl_generator_py/px4_msgs/msg/_message_format_response_s.c.o
[ 94%] Building C object CMakeFiles/px4_msgs__rosidl_generator_py.dir/rosidl_generator_py/px4_msgs/msg/_mission_s.c.o
[ 94%] Building C object CMakeFiles/px4_msgs__rosidl_generator_py.dir/rosidl_generator_py/px4_msgs/msg/_mission_result_s.c.o
[ 94%] Building C object CMakeFiles/px4_msgs__rosidl_generator_py.dir/rosidl_generator_py/px4_msgs/msg/_mode_completed_s.c.o
[ 94%] Building C object CMakeFiles/px4_msgs__rosidl_generator_py.dir/rosidl_generator_py/px4_msgs/msg/_mount_orientation_s.c.o
[ 94%] Building C object CMakeFiles/px4_msgs__rosidl_generator_py.dir/rosidl_generator_py/px4_msgs/msg/_navigator_mission_item_s.c.o
[ 94%] Building C object CMakeFiles/px4_msgs__rosidl_generator_py.dir/rosidl_generator_py/px4_msgs/msg/_navigator_status_s.c.o
[ 94%] Building C object CMakeFiles/px4_msgs__rosidl_generator_py.dir/rosidl_generator_py/px4_msgs/msg/_neural_control_s.c.o
[ 94%] Building C object CMakeFiles/px4_msgs__rosidl_generator_py.dir/rosidl_generator_py/px4_msgs/msg/_normalized_unsigned_setpoint_s.c.o
[ 94%] Building C object CMakeFiles/px4_msgs__rosidl_generator_py.dir/rosidl_generator_py/px4_msgs/msg/_obstacle_distance_s.c.o
[ 95%] Building C object CMakeFiles/px4_msgs__rosidl_generator_py.dir/rosidl_generator_py/px4_msgs/msg/_offboard_control_mode_s.c.o
[ 95%] Building C object CMakeFiles/px4_msgs__rosidl_generator_py.dir/rosidl_generator_py/px4_msgs/msg/_onboard_computer_status_s.c.o
[ 95%] Building C object CMakeFiles/px4_msgs__rosidl_generator_py.dir/rosidl_generator_py/px4_msgs/msg/_open_drone_id_arm_status_s.c.o
[ 95%] Building C object CMakeFiles/px4_msgs__rosidl_generator_py.dir/rosidl_generator_py/px4_msgs/msg/_open_drone_id_operator_id_s.c.o
[ 95%] Building C object CMakeFiles/px4_msgs__rosidl_generator_py.dir/rosidl_generator_py/px4_msgs/msg/_open_drone_id_self_id_s.c.o
[ 95%] Building C object CMakeFiles/px4_msgs__rosidl_generator_py.dir/rosidl_generator_py/px4_msgs/msg/_open_drone_id_system_s.c.o
[ 95%] Building C object CMakeFiles/px4_msgs__rosidl_generator_py.dir/rosidl_generator_py/px4_msgs/msg/_orb_test_s.c.o
[ 95%] Building C object CMakeFiles/px4_msgs__rosidl_generator_py.dir/rosidl_generator_py/px4_msgs/msg/_orb_test_large_s.c.o
[ 95%] Building C object CMakeFiles/px4_msgs__rosidl_generator_py.dir/rosidl_generator_py/px4_msgs/msg/_orb_test_medium_s.c.o
[ 95%] Building C object CMakeFiles/px4_msgs__rosidl_generator_py.dir/rosidl_generator_py/px4_msgs/msg/_orbit_status_s.c.o
[ 95%] Building C object CMakeFiles/px4_msgs__rosidl_generator_py.dir/rosidl_generator_py/px4_msgs/msg/_parameter_reset_request_s.c.o
[ 95%] Building C object CMakeFiles/px4_msgs__rosidl_generator_py.dir/rosidl_generator_py/px4_msgs/msg/_parameter_set_used_request_s.c.o
[ 95%] Building C object CMakeFiles/px4_msgs__rosidl_generator_py.dir/rosidl_generator_py/px4_msgs/msg/_parameter_set_value_request_s.c.o
[ 95%] Building C object CMakeFiles/px4_msgs__rosidl_generator_py.dir/rosidl_generator_py/px4_msgs/msg/_parameter_set_value_response_s.c.o
[ 95%] Building C object CMakeFiles/px4_msgs__rosidl_generator_py.dir/rosidl_generator_py/px4_msgs/msg/_parameter_update_s.c.o
[ 95%] Building C object CMakeFiles/px4_msgs__rosidl_generator_py.dir/rosidl_generator_py/px4_msgs/msg/_ping_s.c.o
[ 95%] Building C object CMakeFiles/px4_msgs__rosidl_generator_py.dir/rosidl_generator_py/px4_msgs/msg/_position_controller_landing_status_s.c.o
[ 95%] Building C object CMakeFiles/px4_msgs__rosidl_generator_py.dir/rosidl_generator_py/px4_msgs/msg/_position_controller_status_s.c.o
[ 95%] Building C object CMakeFiles/px4_msgs__rosidl_generator_py.dir/rosidl_generator_py/px4_msgs/msg/_position_setpoint_s.c.o
[ 95%] Building C object CMakeFiles/px4_msgs__rosidl_generator_py.dir/rosidl_generator_py/px4_msgs/msg/_position_setpoint_triplet_s.c.o
[ 95%] Building C object CMakeFiles/px4_msgs__rosidl_generator_py.dir/rosidl_generator_py/px4_msgs/msg/_power_button_state_s.c.o
[ 95%] Building C object CMakeFiles/px4_msgs__rosidl_generator_py.dir/rosidl_generator_py/px4_msgs/msg/_power_monitor_s.c.o
[ 95%] Building C object CMakeFiles/px4_msgs__rosidl_generator_py.dir/rosidl_generator_py/px4_msgs/msg/_pps_capture_s.c.o
[ 95%] Building C object CMakeFiles/px4_msgs__rosidl_generator_py.dir/rosidl_generator_py/px4_msgs/msg/_pure_pursuit_status_s.c.o
[ 96%] Building C object CMakeFiles/px4_msgs__rosidl_generator_py.dir/rosidl_generator_py/px4_msgs/msg/_pwm_input_s.c.o
[ 96%] Building C object CMakeFiles/px4_msgs__rosidl_generator_py.dir/rosidl_generator_py/px4_msgs/msg/_px4io_status_s.c.o
[ 96%] Building C object CMakeFiles/px4_msgs__rosidl_generator_py.dir/rosidl_generator_py/px4_msgs/msg/_qshell_req_s.c.o
[ 96%] Building C object CMakeFiles/px4_msgs__rosidl_generator_py.dir/rosidl_generator_py/px4_msgs/msg/_qshell_retval_s.c.o
[ 96%] Building C object CMakeFiles/px4_msgs__rosidl_generator_py.dir/rosidl_generator_py/px4_msgs/msg/_radio_status_s.c.o
[ 96%] Building C object CMakeFiles/px4_msgs__rosidl_generator_py.dir/rosidl_generator_py/px4_msgs/msg/_rate_ctrl_status_s.c.o
[ 96%] Building C object CMakeFiles/px4_msgs__rosidl_generator_py.dir/rosidl_generator_py/px4_msgs/msg/_rc_channels_s.c.o
[ 96%] Building C object CMakeFiles/px4_msgs__rosidl_generator_py.dir/rosidl_generator_py/px4_msgs/msg/_rc_parameter_map_s.c.o
[ 96%] Building C object CMakeFiles/px4_msgs__rosidl_generator_py.dir/rosidl_generator_py/px4_msgs/msg/_register_ext_component_reply_s.c.o
[ 96%] Building C object CMakeFiles/px4_msgs__rosidl_generator_py.dir/rosidl_generator_py/px4_msgs/msg/_register_ext_component_request_s.c.o
[ 96%] Building C object CMakeFiles/px4_msgs__rosidl_generator_py.dir/rosidl_generator_py/px4_msgs/msg/_rover_attitude_setpoint_s.c.o
[ 96%] Building C object CMakeFiles/px4_msgs__rosidl_generator_py.dir/rosidl_generator_py/px4_msgs/msg/_rover_attitude_status_s.c.o
[ 96%] Building C object CMakeFiles/px4_msgs__rosidl_generator_py.dir/rosidl_generator_py/px4_msgs/msg/_rover_position_setpoint_s.c.o
[ 96%] Building C object CMakeFiles/px4_msgs__rosidl_generator_py.dir/rosidl_generator_py/px4_msgs/msg/_rover_rate_setpoint_s.c.o
[ 96%] Building C object CMakeFiles/px4_msgs__rosidl_generator_py.dir/rosidl_generator_py/px4_msgs/msg/_rover_rate_status_s.c.o
[ 96%] Building C object CMakeFiles/px4_msgs__rosidl_generator_py.dir/rosidl_generator_py/px4_msgs/msg/_rover_speed_setpoint_s.c.o
[ 96%] Building C object CMakeFiles/px4_msgs__rosidl_generator_py.dir/rosidl_generator_py/px4_msgs/msg/_rover_speed_status_s.c.o
[ 96%] Building C object CMakeFiles/px4_msgs__rosidl_generator_py.dir/rosidl_generator_py/px4_msgs/msg/_rover_steering_setpoint_s.c.o
[ 96%] Building C object CMakeFiles/px4_msgs__rosidl_generator_py.dir/rosidl_generator_py/px4_msgs/msg/_rover_throttle_setpoint_s.c.o
[ 96%] Building C object CMakeFiles/px4_msgs__rosidl_generator_py.dir/rosidl_generator_py/px4_msgs/msg/_rpm_s.c.o
[ 96%] Building C object CMakeFiles/px4_msgs__rosidl_generator_py.dir/rosidl_generator_py/px4_msgs/msg/_rtl_status_s.c.o
[ 96%] Building C object CMakeFiles/px4_msgs__rosidl_generator_py.dir/rosidl_generator_py/px4_msgs/msg/_rtl_time_estimate_s.c.o
[ 96%] Building C object CMakeFiles/px4_msgs__rosidl_generator_py.dir/rosidl_generator_py/px4_msgs/msg/_satellite_info_s.c.o
[ 96%] Building C object CMakeFiles/px4_msgs__rosidl_generator_py.dir/rosidl_generator_py/px4_msgs/msg/_sensor_accel_s.c.o
[ 96%] Building C object CMakeFiles/px4_msgs__rosidl_generator_py.dir/rosidl_generator_py/px4_msgs/msg/_sensor_airflow_s.c.o
[ 97%] Building C object CMakeFiles/px4_msgs__rosidl_generator_py.dir/rosidl_generator_py/px4_msgs/msg/_sensor_accel_fifo_s.c.o
[ 97%] Building C object CMakeFiles/px4_msgs__rosidl_generator_py.dir/rosidl_generator_py/px4_msgs/msg/_sensor_baro_s.c.o
[ 97%] Building C object CMakeFiles/px4_msgs__rosidl_generator_py.dir/rosidl_generator_py/px4_msgs/msg/_sensor_combined_s.c.o
[ 97%] Building C object CMakeFiles/px4_msgs__rosidl_generator_py.dir/rosidl_generator_py/px4_msgs/msg/_sensor_correction_s.c.o
[ 97%] Building C object CMakeFiles/px4_msgs__rosidl_generator_py.dir/rosidl_generator_py/px4_msgs/msg/_sensor_gnss_relative_s.c.o
[ 97%] Building C object CMakeFiles/px4_msgs__rosidl_generator_py.dir/rosidl_generator_py/px4_msgs/msg/_sensor_gnss_status_s.c.o
[ 97%] Building C object CMakeFiles/px4_msgs__rosidl_generator_py.dir/rosidl_generator_py/px4_msgs/msg/_sensor_gps_s.c.o
[ 97%] Building C object CMakeFiles/px4_msgs__rosidl_generator_py.dir/rosidl_generator_py/px4_msgs/msg/_sensor_gyro_s.c.o
[ 97%] Building C object CMakeFiles/px4_msgs__rosidl_generator_py.dir/rosidl_generator_py/px4_msgs/msg/_sensor_gyro_fft_s.c.o
[ 97%] Building C object CMakeFiles/px4_msgs__rosidl_generator_py.dir/rosidl_generator_py/px4_msgs/msg/_sensor_gyro_fifo_s.c.o
[ 97%] Building C object CMakeFiles/px4_msgs__rosidl_generator_py.dir/rosidl_generator_py/px4_msgs/msg/_sensor_hygrometer_s.c.o
[ 97%] Building C object CMakeFiles/px4_msgs__rosidl_generator_py.dir/rosidl_generator_py/px4_msgs/msg/_sensor_mag_s.c.o
[ 97%] Building C object CMakeFiles/px4_msgs__rosidl_generator_py.dir/rosidl_generator_py/px4_msgs/msg/_sensor_optical_flow_s.c.o
[ 97%] Building C object CMakeFiles/px4_msgs__rosidl_generator_py.dir/rosidl_generator_py/px4_msgs/msg/_sensor_preflight_mag_s.c.o
[ 97%] Building C object CMakeFiles/px4_msgs__rosidl_generator_py.dir/rosidl_generator_py/px4_msgs/msg/_sensors_status_s.c.o
[ 97%] Building C object CMakeFiles/px4_msgs__rosidl_generator_py.dir/rosidl_generator_py/px4_msgs/msg/_sensor_selection_s.c.o
[ 97%] Building C object CMakeFiles/px4_msgs__rosidl_generator_py.dir/rosidl_generator_py/px4_msgs/msg/_sensor_uwb_s.c.o
[ 97%] Building C object CMakeFiles/px4_msgs__rosidl_generator_py.dir/rosidl_generator_py/px4_msgs/msg/_sensors_status_imu_s.c.o
[ 97%] Building C object CMakeFiles/px4_msgs__rosidl_generator_py.dir/rosidl_generator_py/px4_msgs/msg/_system_power_s.c.o
[ 97%] Building C object CMakeFiles/px4_msgs__rosidl_generator_py.dir/rosidl_generator_py/px4_msgs/msg/_takeoff_status_s.c.o
[ 97%] Building C object CMakeFiles/px4_msgs__rosidl_generator_py.dir/rosidl_generator_py/px4_msgs/msg/_task_stack_info_s.c.o
[ 97%] Building C object CMakeFiles/px4_msgs__rosidl_generator_py.dir/rosidl_generator_py/px4_msgs/msg/_tecs_status_s.c.o
[ 98%] Building C object CMakeFiles/px4_msgs__rosidl_generator_py.dir/rosidl_generator_py/px4_msgs/msg/_telemetry_status_s.c.o
[ 98%] Building C object CMakeFiles/px4_msgs__rosidl_generator_py.dir/rosidl_generator_py/px4_msgs/msg/_tiltrotor_extra_controls_s.c.o
[ 98%] Building C object CMakeFiles/px4_msgs__rosidl_generator_py.dir/rosidl_generator_py/px4_msgs/msg/_timesync_status_s.c.o
[ 98%] Building C object CMakeFiles/px4_msgs__rosidl_generator_py.dir/rosidl_generator_py/px4_msgs/msg/_trajectory_setpoint_s.c.o
[ 98%] Building C object CMakeFiles/px4_msgs__rosidl_generator_py.dir/rosidl_generator_py/px4_msgs/msg/_trajectory_setpoint6dof_s.c.o
[ 98%] Building C object CMakeFiles/px4_msgs__rosidl_generator_py.dir/rosidl_generator_py/px4_msgs/msg/_transponder_report_s.c.o
[ 98%] Building C object CMakeFiles/px4_msgs__rosidl_generator_py.dir/rosidl_generator_py/px4_msgs/msg/_tune_control_s.c.o
[ 98%] Building C object CMakeFiles/px4_msgs__rosidl_generator_py.dir/rosidl_generator_py/px4_msgs/msg/_uavcan_parameter_request_s.c.o
[ 98%] Building C object CMakeFiles/px4_msgs__rosidl_generator_py.dir/rosidl_generator_py/px4_msgs/msg/_uavcan_parameter_value_s.c.o
[ 98%] Building C object CMakeFiles/px4_msgs__rosidl_generator_py.dir/rosidl_generator_py/px4_msgs/msg/_ulog_stream_s.c.o
[ 98%] Building C object CMakeFiles/px4_msgs__rosidl_generator_py.dir/rosidl_generator_py/px4_msgs/msg/_ulog_stream_ack_s.c.o
[ 98%] Building C object CMakeFiles/px4_msgs__rosidl_generator_py.dir/rosidl_generator_py/px4_msgs/msg/_unregister_ext_component_s.c.o
[ 98%] Building C object CMakeFiles/px4_msgs__rosidl_generator_py.dir/rosidl_generator_py/px4_msgs/msg/_vehicle_acceleration_s.c.o
[ 98%] Building C object CMakeFiles/px4_msgs__rosidl_generator_py.dir/rosidl_generator_py/px4_msgs/msg/_vehicle_air_data_s.c.o
[ 98%] Building C object CMakeFiles/px4_msgs__rosidl_generator_py.dir/rosidl_generator_py/px4_msgs/msg/_vehicle_angular_acceleration_setpoint_s.c.o
[ 98%] Building C object CMakeFiles/px4_msgs__rosidl_generator_py.dir/rosidl_generator_py/px4_msgs/msg/_vehicle_angular_velocity_s.c.o
[ 98%] Building C object CMakeFiles/px4_msgs__rosidl_generator_py.dir/rosidl_generator_py/px4_msgs/msg/_vehicle_attitude_s.c.o
[ 98%] Building C object CMakeFiles/px4_msgs__rosidl_generator_py.dir/rosidl_generator_py/px4_msgs/msg/_vehicle_attitude_setpoint_s.c.o
[ 98%] Building C object CMakeFiles/px4_msgs__rosidl_generator_py.dir/rosidl_generator_py/px4_msgs/msg/_vehicle_command_s.c.o
[ 98%] Building C object CMakeFiles/px4_msgs__rosidl_generator_py.dir/rosidl_generator_py/px4_msgs/msg/_vehicle_command_ack_s.c.o
[ 98%] Building C object CMakeFiles/px4_msgs__rosidl_generator_py.dir/rosidl_generator_py/px4_msgs/msg/_vehicle_constraints_s.c.o
[ 98%] Building C object CMakeFiles/px4_msgs__rosidl_generator_py.dir/rosidl_generator_py/px4_msgs/msg/_vehicle_control_mode_s.c.o
[ 98%] Building C object CMakeFiles/px4_msgs__rosidl_generator_py.dir/rosidl_generator_py/px4_msgs/msg/_vehicle_global_position_s.c.o
[ 98%] Building C object CMakeFiles/px4_msgs__rosidl_generator_py.dir/rosidl_generator_py/px4_msgs/msg/_vehicle_imu_s.c.o
[ 99%] Building C object CMakeFiles/px4_msgs__rosidl_generator_py.dir/rosidl_generator_py/px4_msgs/msg/_vehicle_imu_status_s.c.o
[ 99%] Building C object CMakeFiles/px4_msgs__rosidl_generator_py.dir/rosidl_generator_py/px4_msgs/msg/_vehicle_land_detected_s.c.o
[ 99%] Building C object CMakeFiles/px4_msgs__rosidl_generator_py.dir/rosidl_generator_py/px4_msgs/msg/_vehicle_local_position_setpoint_s.c.o
[ 99%] Building C object CMakeFiles/px4_msgs__rosidl_generator_py.dir/rosidl_generator_py/px4_msgs/msg/_vehicle_local_position_s.c.o
[ 99%] Building C object CMakeFiles/px4_msgs__rosidl_generator_py.dir/rosidl_generator_py/px4_msgs/msg/_vehicle_magnetometer_s.c.o
[ 99%] Building C object CMakeFiles/px4_msgs__rosidl_generator_py.dir/rosidl_generator_py/px4_msgs/msg/_vehicle_odometry_s.c.o
[ 99%] Building C object CMakeFiles/px4_msgs__rosidl_generator_py.dir/rosidl_generator_py/px4_msgs/msg/_vehicle_optical_flow_s.c.o
[ 99%] Building C object CMakeFiles/px4_msgs__rosidl_generator_py.dir/rosidl_generator_py/px4_msgs/msg/_vehicle_optical_flow_vel_s.c.o
[ 99%] Building C object CMakeFiles/px4_msgs__rosidl_generator_py.dir/rosidl_generator_py/px4_msgs/msg/_vehicle_rates_setpoint_s.c.o
[ 99%] Building C object CMakeFiles/px4_msgs__rosidl_generator_py.dir/rosidl_generator_py/px4_msgs/msg/_vehicle_roi_s.c.o
[ 99%] Building C object CMakeFiles/px4_msgs__rosidl_generator_py.dir/rosidl_generator_py/px4_msgs/msg/_vehicle_status_s.c.o
[ 99%] Building C object CMakeFiles/px4_msgs__rosidl_generator_py.dir/rosidl_generator_py/px4_msgs/msg/_vehicle_thrust_setpoint_s.c.o
[ 99%] Building C object CMakeFiles/px4_msgs__rosidl_generator_py.dir/rosidl_generator_py/px4_msgs/msg/_vehicle_torque_setpoint_s.c.o
[ 99%] Building C object CMakeFiles/px4_msgs__rosidl_generator_py.dir/rosidl_generator_py/px4_msgs/msg/_velocity_limits_s.c.o
[ 99%] Building C object CMakeFiles/px4_msgs__rosidl_generator_py.dir/rosidl_generator_py/px4_msgs/msg/_vtol_vehicle_status_s.c.o
[ 99%] Building C object CMakeFiles/px4_msgs__rosidl_generator_py.dir/rosidl_generator_py/px4_msgs/msg/_wheel_encoders_s.c.o
[ 99%] Building C object CMakeFiles/px4_msgs__rosidl_generator_py.dir/rosidl_generator_py/px4_msgs/msg/_wind_s.c.o
[ 99%] Building C object CMakeFiles/px4_msgs__rosidl_generator_py.dir/rosidl_generator_py/px4_msgs/msg/_yaw_estimator_status_s.c.o
[ 99%] Building C object CMakeFiles/px4_msgs__rosidl_generator_py.dir/rosidl_generator_py/px4_msgs/srv/_vehicle_command_s.c.o
[ 99%] Linking C shared library libpx4_msgs__rosidl_generator_py.so
[ 99%] Built target px4_msgs__rosidl_generator_py
[ 99%] Building C object CMakeFiles/px4_msgs_s__rosidl_typesupport_introspection_c.dir/rosidl_generator_py/px4_msgs/_px4_msgs_s.ep.rosidl_typesupport_introspection_c.c.o
[ 99%] Building C object CMakeFiles/px4_msgs_s__rosidl_typesupport_fastrtps_c.dir/rosidl_generator_py/px4_msgs/_px4_msgs_s.ep.rosidl_typesupport_fastrtps_c.c.o
[ 99%] Building C object CMakeFiles/px4_msgs_s__rosidl_typesupport_c.dir/rosidl_generator_py/px4_msgs/_px4_msgs_s.ep.rosidl_typesupport_c.c.o
[ 99%] Linking C shared module rosidl_generator_py/px4_msgs/px4_msgs_s__rosidl_typesupport_c.so
[100%] Linking C shared module rosidl_generator_py/px4_msgs/px4_msgs_s__rosidl_typesupport_introspection_c.so
[100%] Built target px4_msgs_s__rosidl_typesupport_c
[100%] Built target px4_msgs_s__rosidl_typesupport_introspection_c
[100%] Linking C shared module rosidl_generator_py/px4_msgs/px4_msgs_s__rosidl_typesupport_fastrtps_c.so
[100%] Built target px4_msgs_s__rosidl_typesupport_fastrtps_c
-- Install configuration: ""
-- Installing: /home/hamad/ws_offboard_control/install/px4_msgs/share/ament_index/resource_index/rosidl_interfaces/px4_msgs
-- Installing: /home/hamad/ws_offboard_control/install/px4_msgs/share/px4_msgs/msg/ActionRequest.json
-- Installing: /home/hamad/ws_offboard_control/install/px4_msgs/share/px4_msgs/msg/ActuatorArmed.json
-- Installing: /home/hamad/ws_offboard_control/install/px4_msgs/share/px4_msgs/msg/ActuatorControlsStatus.json
-- Installing: /home/hamad/ws_offboard_control/install/px4_msgs/share/px4_msgs/msg/ActuatorMotors.json
-- Installing: /home/hamad/ws_offboard_control/install/px4_msgs/share/px4_msgs/msg/ActuatorOutputs.json
-- Installing: /home/hamad/ws_offboard_control/install/px4_msgs/share/px4_msgs/msg/ActuatorServos.json
-- Installing: /home/hamad/ws_offboard_control/install/px4_msgs/share/px4_msgs/msg/ActuatorServosTrim.json
-- Installing: /home/hamad/ws_offboard_control/install/px4_msgs/share/px4_msgs/msg/ActuatorTest.json
-- Installing: /home/hamad/ws_offboard_control/install/px4_msgs/share/px4_msgs/msg/AdcReport.json
-- Installing: /home/hamad/ws_offboard_control/install/px4_msgs/share/px4_msgs/msg/Airspeed.json
-- Installing: /home/hamad/ws_offboard_control/install/px4_msgs/share/px4_msgs/msg/AirspeedValidated.json
-- Installing: /home/hamad/ws_offboard_control/install/px4_msgs/share/px4_msgs/msg/AirspeedWind.json
-- Installing: /home/hamad/ws_offboard_control/install/px4_msgs/share/px4_msgs/msg/ArmingCheckReply.json
-- Installing: /home/hamad/ws_offboard_control/install/px4_msgs/share/px4_msgs/msg/ArmingCheckRequest.json
-- Installing: /home/hamad/ws_offboard_control/install/px4_msgs/share/px4_msgs/msg/AutotuneAttitudeControlStatus.json
-- Installing: /home/hamad/ws_offboard_control/install/px4_msgs/share/px4_msgs/msg/BatteryInfo.json
-- Installing: /home/hamad/ws_offboard_control/install/px4_msgs/share/px4_msgs/msg/BatteryStatus.json
-- Installing: /home/hamad/ws_offboard_control/install/px4_msgs/share/px4_msgs/msg/ButtonEvent.json
-- Installing: /home/hamad/ws_offboard_control/install/px4_msgs/share/px4_msgs/msg/CameraCapture.json
-- Installing: /home/hamad/ws_offboard_control/install/px4_msgs/share/px4_msgs/msg/CameraStatus.json
-- Installing: /home/hamad/ws_offboard_control/install/px4_msgs/share/px4_msgs/msg/CameraTrigger.json
-- Installing: /home/hamad/ws_offboard_control/install/px4_msgs/share/px4_msgs/msg/CanInterfaceStatus.json
-- Installing: /home/hamad/ws_offboard_control/install/px4_msgs/share/px4_msgs/msg/CellularStatus.json
-- Installing: /home/hamad/ws_offboard_control/install/px4_msgs/share/px4_msgs/msg/CollisionConstraints.json
-- Installing: /home/hamad/ws_offboard_control/install/px4_msgs/share/px4_msgs/msg/ConfigOverrides.json
-- Installing: /home/hamad/ws_offboard_control/install/px4_msgs/share/px4_msgs/msg/ControlAllocatorStatus.json
-- Installing: /home/hamad/ws_offboard_control/install/px4_msgs/share/px4_msgs/msg/Cpuload.json
-- Installing: /home/hamad/ws_offboard_control/install/px4_msgs/share/px4_msgs/msg/DatamanRequest.json
-- Installing: /home/hamad/ws_offboard_control/install/px4_msgs/share/px4_msgs/msg/DatamanResponse.json
-- Installing: /home/hamad/ws_offboard_control/install/px4_msgs/share/px4_msgs/msg/DebugArray.json
-- Installing: /home/hamad/ws_offboard_control/install/px4_msgs/share/px4_msgs/msg/DebugKeyValue.json
-- Installing: /home/hamad/ws_offboard_control/install/px4_msgs/share/px4_msgs/msg/DebugValue.json
-- Installing: /home/hamad/ws_offboard_control/install/px4_msgs/share/px4_msgs/msg/DebugVect.json
-- Installing: /home/hamad/ws_offboard_control/install/px4_msgs/share/px4_msgs/msg/DifferentialPressure.json
-- Installing: /home/hamad/ws_offboard_control/install/px4_msgs/share/px4_msgs/msg/DistanceSensor.json
-- Installing: /home/hamad/ws_offboard_control/install/px4_msgs/share/px4_msgs/msg/DistanceSensorModeChangeRequest.json
-- Installing: /home/hamad/ws_offboard_control/install/px4_msgs/share/px4_msgs/msg/DronecanNodeStatus.json
-- Installing: /home/hamad/ws_offboard_control/install/px4_msgs/share/px4_msgs/msg/Ekf2Timestamps.json
-- Installing: /home/hamad/ws_offboard_control/install/px4_msgs/share/px4_msgs/msg/EscReport.json
-- Installing: /home/hamad/ws_offboard_control/install/px4_msgs/share/px4_msgs/msg/EscStatus.json
-- Installing: /home/hamad/ws_offboard_control/install/px4_msgs/share/px4_msgs/msg/EstimatorAidSource1d.json
-- Installing: /home/hamad/ws_offboard_control/install/px4_msgs/share/px4_msgs/msg/EstimatorAidSource2d.json
-- Installing: /home/hamad/ws_offboard_control/install/px4_msgs/share/px4_msgs/msg/EstimatorAidSource3d.json
-- Installing: /home/hamad/ws_offboard_control/install/px4_msgs/share/px4_msgs/msg/EstimatorBias.json
-- Installing: /home/hamad/ws_offboard_control/install/px4_msgs/share/px4_msgs/msg/EstimatorBias3d.json
-- Installing: /home/hamad/ws_offboard_control/install/px4_msgs/share/px4_msgs/msg/EstimatorEventFlags.json
-- Installing: /home/hamad/ws_offboard_control/install/px4_msgs/share/px4_msgs/msg/EstimatorGpsStatus.json
-- Installing: /home/hamad/ws_offboard_control/install/px4_msgs/share/px4_msgs/msg/EstimatorInnovations.json
-- Installing: /home/hamad/ws_offboard_control/install/px4_msgs/share/px4_msgs/msg/EstimatorSelectorStatus.json
-- Installing: /home/hamad/ws_offboard_control/install/px4_msgs/share/px4_msgs/msg/EstimatorSensorBias.json
-- Installing: /home/hamad/ws_offboard_control/install/px4_msgs/share/px4_msgs/msg/EstimatorStates.json
-- Installing: /home/hamad/ws_offboard_control/install/px4_msgs/share/px4_msgs/msg/EstimatorStatus.json
-- Installing: /home/hamad/ws_offboard_control/install/px4_msgs/share/px4_msgs/msg/EstimatorStatusFlags.json
-- Installing: /home/hamad/ws_offboard_control/install/px4_msgs/share/px4_msgs/msg/Event.json
-- Installing: /home/hamad/ws_offboard_control/install/px4_msgs/share/px4_msgs/msg/FailsafeFlags.json
-- Installing: /home/hamad/ws_offboard_control/install/px4_msgs/share/px4_msgs/msg/FailureDetectorStatus.json
-- Installing: /home/hamad/ws_offboard_control/install/px4_msgs/share/px4_msgs/msg/FigureEightStatus.json
-- Installing: /home/hamad/ws_offboard_control/install/px4_msgs/share/px4_msgs/msg/FixedWingLateralGuidanceStatus.json
-- Installing: /home/hamad/ws_offboard_control/install/px4_msgs/share/px4_msgs/msg/FixedWingLateralSetpoint.json
-- Installing: /home/hamad/ws_offboard_control/install/px4_msgs/share/px4_msgs/msg/FixedWingLateralStatus.json
-- Installing: /home/hamad/ws_offboard_control/install/px4_msgs/share/px4_msgs/msg/FixedWingLongitudinalSetpoint.json
-- Installing: /home/hamad/ws_offboard_control/install/px4_msgs/share/px4_msgs/msg/FixedWingRunwayControl.json
-- Installing: /home/hamad/ws_offboard_control/install/px4_msgs/share/px4_msgs/msg/FlightPhaseEstimation.json
-- Installing: /home/hamad/ws_offboard_control/install/px4_msgs/share/px4_msgs/msg/FollowTarget.json
-- Installing: /home/hamad/ws_offboard_control/install/px4_msgs/share/px4_msgs/msg/FollowTargetEstimator.json
-- Installing: /home/hamad/ws_offboard_control/install/px4_msgs/share/px4_msgs/msg/FollowTargetStatus.json
-- Installing: /home/hamad/ws_offboard_control/install/px4_msgs/share/px4_msgs/msg/FuelTankStatus.json
-- Installing: /home/hamad/ws_offboard_control/install/px4_msgs/share/px4_msgs/msg/GeneratorStatus.json
-- Installing: /home/hamad/ws_offboard_control/install/px4_msgs/share/px4_msgs/msg/GeofenceResult.json
-- Installing: /home/hamad/ws_offboard_control/install/px4_msgs/share/px4_msgs/msg/GeofenceStatus.json
-- Installing: /home/hamad/ws_offboard_control/install/px4_msgs/share/px4_msgs/msg/GimbalControls.json
-- Installing: /home/hamad/ws_offboard_control/install/px4_msgs/share/px4_msgs/msg/GimbalDeviceAttitudeStatus.json
-- Installing: /home/hamad/ws_offboard_control/install/px4_msgs/share/px4_msgs/msg/GimbalDeviceInformation.json
-- Installing: /home/hamad/ws_offboard_control/install/px4_msgs/share/px4_msgs/msg/GimbalDeviceSetAttitude.json
-- Installing: /home/hamad/ws_offboard_control/install/px4_msgs/share/px4_msgs/msg/GimbalManagerInformation.json
-- Installing: /home/hamad/ws_offboard_control/install/px4_msgs/share/px4_msgs/msg/GimbalManagerSetAttitude.json
-- Installing: /home/hamad/ws_offboard_control/install/px4_msgs/share/px4_msgs/msg/GimbalManagerSetManualControl.json
-- Installing: /home/hamad/ws_offboard_control/install/px4_msgs/share/px4_msgs/msg/GimbalManagerStatus.json
-- Installing: /home/hamad/ws_offboard_control/install/px4_msgs/share/px4_msgs/msg/GotoSetpoint.json
-- Installing: /home/hamad/ws_offboard_control/install/px4_msgs/share/px4_msgs/msg/GpioConfig.json
-- Installing: /home/hamad/ws_offboard_control/install/px4_msgs/share/px4_msgs/msg/GpioIn.json
-- Installing: /home/hamad/ws_offboard_control/install/px4_msgs/share/px4_msgs/msg/GpioOut.json
-- Installing: /home/hamad/ws_offboard_control/install/px4_msgs/share/px4_msgs/msg/GpioRequest.json
-- Installing: /home/hamad/ws_offboard_control/install/px4_msgs/share/px4_msgs/msg/GpsDump.json
-- Installing: /home/hamad/ws_offboard_control/install/px4_msgs/share/px4_msgs/msg/GpsInjectData.json
-- Installing: /home/hamad/ws_offboard_control/install/px4_msgs/share/px4_msgs/msg/Gripper.json
-- Installing: /home/hamad/ws_offboard_control/install/px4_msgs/share/px4_msgs/msg/HealthReport.json
-- Installing: /home/hamad/ws_offboard_control/install/px4_msgs/share/px4_msgs/msg/HeaterStatus.json
-- Installing: /home/hamad/ws_offboard_control/install/px4_msgs/share/px4_msgs/msg/HomePosition.json
-- Installing: /home/hamad/ws_offboard_control/install/px4_msgs/share/px4_msgs/msg/HoverThrustEstimate.json
-- Installing: /home/hamad/ws_offboard_control/install/px4_msgs/share/px4_msgs/msg/InputRc.json
-- Installing: /home/hamad/ws_offboard_control/install/px4_msgs/share/px4_msgs/msg/InternalCombustionEngineControl.json
-- Installing: /home/hamad/ws_offboard_control/install/px4_msgs/share/px4_msgs/msg/InternalCombustionEngineStatus.json
-- Installing: /home/hamad/ws_offboard_control/install/px4_msgs/share/px4_msgs/msg/IridiumsbdStatus.json
-- Installing: /home/hamad/ws_offboard_control/install/px4_msgs/share/px4_msgs/msg/IrlockReport.json
-- Installing: /home/hamad/ws_offboard_control/install/px4_msgs/share/px4_msgs/msg/LandingGear.json
-- Installing: /home/hamad/ws_offboard_control/install/px4_msgs/share/px4_msgs/msg/LandingGearWheel.json
-- Installing: /home/hamad/ws_offboard_control/install/px4_msgs/share/px4_msgs/msg/LandingTargetInnovations.json
-- Installing: /home/hamad/ws_offboard_control/install/px4_msgs/share/px4_msgs/msg/LandingTargetPose.json
-- Installing: /home/hamad/ws_offboard_control/install/px4_msgs/share/px4_msgs/msg/LateralControlConfiguration.json
-- Installing: /home/hamad/ws_offboard_control/install/px4_msgs/share/px4_msgs/msg/LaunchDetectionStatus.json
-- Installing: /home/hamad/ws_offboard_control/install/px4_msgs/share/px4_msgs/msg/LedControl.json
-- Installing: /home/hamad/ws_offboard_control/install/px4_msgs/share/px4_msgs/msg/LogMessage.json
-- Installing: /home/hamad/ws_offboard_control/install/px4_msgs/share/px4_msgs/msg/LoggerStatus.json
-- Installing: /home/hamad/ws_offboard_control/install/px4_msgs/share/px4_msgs/msg/LongitudinalControlConfiguration.json
-- Installing: /home/hamad/ws_offboard_control/install/px4_msgs/share/px4_msgs/msg/MagWorkerData.json
-- Installing: /home/hamad/ws_offboard_control/install/px4_msgs/share/px4_msgs/msg/MagnetometerBiasEstimate.json
-- Installing: /home/hamad/ws_offboard_control/install/px4_msgs/share/px4_msgs/msg/ManualControlSetpoint.json
-- Installing: /home/hamad/ws_offboard_control/install/px4_msgs/share/px4_msgs/msg/ManualControlSwitches.json
-- Installing: /home/hamad/ws_offboard_control/install/px4_msgs/share/px4_msgs/msg/MavlinkLog.json
-- Installing: /home/hamad/ws_offboard_control/install/px4_msgs/share/px4_msgs/msg/MavlinkTunnel.json
-- Installing: /home/hamad/ws_offboard_control/install/px4_msgs/share/px4_msgs/msg/MessageFormatRequest.json
-- Installing: /home/hamad/ws_offboard_control/install/px4_msgs/share/px4_msgs/msg/MessageFormatResponse.json
-- Installing: /home/hamad/ws_offboard_control/install/px4_msgs/share/px4_msgs/msg/Mission.json
-- Installing: /home/hamad/ws_offboard_control/install/px4_msgs/share/px4_msgs/msg/MissionResult.json
-- Installing: /home/hamad/ws_offboard_control/install/px4_msgs/share/px4_msgs/msg/ModeCompleted.json
-- Installing: /home/hamad/ws_offboard_control/install/px4_msgs/share/px4_msgs/msg/MountOrientation.json
-- Installing: /home/hamad/ws_offboard_control/install/px4_msgs/share/px4_msgs/msg/NavigatorMissionItem.json
-- Installing: /home/hamad/ws_offboard_control/install/px4_msgs/share/px4_msgs/msg/NavigatorStatus.json
-- Installing: /home/hamad/ws_offboard_control/install/px4_msgs/share/px4_msgs/msg/NeuralControl.json
-- Installing: /home/hamad/ws_offboard_control/install/px4_msgs/share/px4_msgs/msg/NormalizedUnsignedSetpoint.json
-- Installing: /home/hamad/ws_offboard_control/install/px4_msgs/share/px4_msgs/msg/ObstacleDistance.json
-- Installing: /home/hamad/ws_offboard_control/install/px4_msgs/share/px4_msgs/msg/OffboardControlMode.json
-- Installing: /home/hamad/ws_offboard_control/install/px4_msgs/share/px4_msgs/msg/OnboardComputerStatus.json
-- Installing: /home/hamad/ws_offboard_control/install/px4_msgs/share/px4_msgs/msg/OpenDroneIdArmStatus.json
-- Installing: /home/hamad/ws_offboard_control/install/px4_msgs/share/px4_msgs/msg/OpenDroneIdOperatorId.json
-- Installing: /home/hamad/ws_offboard_control/install/px4_msgs/share/px4_msgs/msg/OpenDroneIdSelfId.json
-- Installing: /home/hamad/ws_offboard_control/install/px4_msgs/share/px4_msgs/msg/OpenDroneIdSystem.json
-- Installing: /home/hamad/ws_offboard_control/install/px4_msgs/share/px4_msgs/msg/OrbTest.json
-- Installing: /home/hamad/ws_offboard_control/install/px4_msgs/share/px4_msgs/msg/OrbTestLarge.json
-- Installing: /home/hamad/ws_offboard_control/install/px4_msgs/share/px4_msgs/msg/OrbTestMedium.json
-- Installing: /home/hamad/ws_offboard_control/install/px4_msgs/share/px4_msgs/msg/OrbitStatus.json
-- Installing: /home/hamad/ws_offboard_control/install/px4_msgs/share/px4_msgs/msg/ParameterResetRequest.json
-- Installing: /home/hamad/ws_offboard_control/install/px4_msgs/share/px4_msgs/msg/ParameterSetUsedRequest.json
-- Installing: /home/hamad/ws_offboard_control/install/px4_msgs/share/px4_msgs/msg/ParameterSetValueRequest.json
-- Installing: /home/hamad/ws_offboard_control/install/px4_msgs/share/px4_msgs/msg/ParameterSetValueResponse.json
-- Installing: /home/hamad/ws_offboard_control/install/px4_msgs/share/px4_msgs/msg/ParameterUpdate.json
-- Installing: /home/hamad/ws_offboard_control/install/px4_msgs/share/px4_msgs/msg/Ping.json
-- Installing: /home/hamad/ws_offboard_control/install/px4_msgs/share/px4_msgs/msg/PositionControllerLandingStatus.json
-- Installing: /home/hamad/ws_offboard_control/install/px4_msgs/share/px4_msgs/msg/PositionControllerStatus.json
-- Installing: /home/hamad/ws_offboard_control/install/px4_msgs/share/px4_msgs/msg/PositionSetpoint.json
-- Installing: /home/hamad/ws_offboard_control/install/px4_msgs/share/px4_msgs/msg/PositionSetpointTriplet.json
-- Installing: /home/hamad/ws_offboard_control/install/px4_msgs/share/px4_msgs/msg/PowerButtonState.json
-- Installing: /home/hamad/ws_offboard_control/install/px4_msgs/share/px4_msgs/msg/PowerMonitor.json
-- Installing: /home/hamad/ws_offboard_control/install/px4_msgs/share/px4_msgs/msg/PpsCapture.json
-- Installing: /home/hamad/ws_offboard_control/install/px4_msgs/share/px4_msgs/msg/PurePursuitStatus.json
-- Installing: /home/hamad/ws_offboard_control/install/px4_msgs/share/px4_msgs/msg/PwmInput.json
-- Installing: /home/hamad/ws_offboard_control/install/px4_msgs/share/px4_msgs/msg/Px4ioStatus.json
-- Installing: /home/hamad/ws_offboard_control/install/px4_msgs/share/px4_msgs/msg/QshellReq.json
-- Installing: /home/hamad/ws_offboard_control/install/px4_msgs/share/px4_msgs/msg/QshellRetval.json
-- Installing: /home/hamad/ws_offboard_control/install/px4_msgs/share/px4_msgs/msg/RadioStatus.json
-- Installing: /home/hamad/ws_offboard_control/install/px4_msgs/share/px4_msgs/msg/RateCtrlStatus.json
-- Installing: /home/hamad/ws_offboard_control/install/px4_msgs/share/px4_msgs/msg/RcChannels.json
-- Installing: /home/hamad/ws_offboard_control/install/px4_msgs/share/px4_msgs/msg/RcParameterMap.json
-- Installing: /home/hamad/ws_offboard_control/install/px4_msgs/share/px4_msgs/msg/RegisterExtComponentReply.json
-- Installing: /home/hamad/ws_offboard_control/install/px4_msgs/share/px4_msgs/msg/RegisterExtComponentRequest.json
-- Installing: /home/hamad/ws_offboard_control/install/px4_msgs/share/px4_msgs/msg/RoverAttitudeSetpoint.json
-- Installing: /home/hamad/ws_offboard_control/install/px4_msgs/share/px4_msgs/msg/RoverAttitudeStatus.json
-- Installing: /home/hamad/ws_offboard_control/install/px4_msgs/share/px4_msgs/msg/RoverPositionSetpoint.json
-- Installing: /home/hamad/ws_offboard_control/install/px4_msgs/share/px4_msgs/msg/RoverRateSetpoint.json
-- Installing: /home/hamad/ws_offboard_control/install/px4_msgs/share/px4_msgs/msg/RoverRateStatus.json
-- Installing: /home/hamad/ws_offboard_control/install/px4_msgs/share/px4_msgs/msg/RoverSpeedSetpoint.json
-- Installing: /home/hamad/ws_offboard_control/install/px4_msgs/share/px4_msgs/msg/RoverSpeedStatus.json
-- Installing: /home/hamad/ws_offboard_control/install/px4_msgs/share/px4_msgs/msg/RoverSteeringSetpoint.json
-- Installing: /home/hamad/ws_offboard_control/install/px4_msgs/share/px4_msgs/msg/RoverThrottleSetpoint.json
-- Installing: /home/hamad/ws_offboard_control/install/px4_msgs/share/px4_msgs/msg/Rpm.json
-- Installing: /home/hamad/ws_offboard_control/install/px4_msgs/share/px4_msgs/msg/RtlStatus.json
-- Installing: /home/hamad/ws_offboard_control/install/px4_msgs/share/px4_msgs/msg/RtlTimeEstimate.json
-- Installing: /home/hamad/ws_offboard_control/install/px4_msgs/share/px4_msgs/msg/SatelliteInfo.json
-- Installing: /home/hamad/ws_offboard_control/install/px4_msgs/share/px4_msgs/msg/SensorAccel.json
-- Installing: /home/hamad/ws_offboard_control/install/px4_msgs/share/px4_msgs/msg/SensorAccelFifo.json
-- Installing: /home/hamad/ws_offboard_control/install/px4_msgs/share/px4_msgs/msg/SensorAirflow.json
-- Installing: /home/hamad/ws_offboard_control/install/px4_msgs/share/px4_msgs/msg/SensorBaro.json
-- Installing: /home/hamad/ws_offboard_control/install/px4_msgs/share/px4_msgs/msg/SensorCombined.json
-- Installing: /home/hamad/ws_offboard_control/install/px4_msgs/share/px4_msgs/msg/SensorCorrection.json
-- Installing: /home/hamad/ws_offboard_control/install/px4_msgs/share/px4_msgs/msg/SensorGnssRelative.json
-- Installing: /home/hamad/ws_offboard_control/install/px4_msgs/share/px4_msgs/msg/SensorGnssStatus.json
-- Installing: /home/hamad/ws_offboard_control/install/px4_msgs/share/px4_msgs/msg/SensorGps.json
-- Installing: /home/hamad/ws_offboard_control/install/px4_msgs/share/px4_msgs/msg/SensorGyro.json
-- Installing: /home/hamad/ws_offboard_control/install/px4_msgs/share/px4_msgs/msg/SensorGyroFft.json
-- Installing: /home/hamad/ws_offboard_control/install/px4_msgs/share/px4_msgs/msg/SensorGyroFifo.json
-- Installing: /home/hamad/ws_offboard_control/install/px4_msgs/share/px4_msgs/msg/SensorHygrometer.json
-- Installing: /home/hamad/ws_offboard_control/install/px4_msgs/share/px4_msgs/msg/SensorMag.json
-- Installing: /home/hamad/ws_offboard_control/install/px4_msgs/share/px4_msgs/msg/SensorOpticalFlow.json
-- Installing: /home/hamad/ws_offboard_control/install/px4_msgs/share/px4_msgs/msg/SensorPreflightMag.json
-- Installing: /home/hamad/ws_offboard_control/install/px4_msgs/share/px4_msgs/msg/SensorSelection.json
-- Installing: /home/hamad/ws_offboard_control/install/px4_msgs/share/px4_msgs/msg/SensorUwb.json
-- Installing: /home/hamad/ws_offboard_control/install/px4_msgs/share/px4_msgs/msg/SensorsStatus.json
-- Installing: /home/hamad/ws_offboard_control/install/px4_msgs/share/px4_msgs/msg/SensorsStatusImu.json
-- Installing: /home/hamad/ws_offboard_control/install/px4_msgs/share/px4_msgs/msg/SystemPower.json
-- Installing: /home/hamad/ws_offboard_control/install/px4_msgs/share/px4_msgs/msg/TakeoffStatus.json
-- Installing: /home/hamad/ws_offboard_control/install/px4_msgs/share/px4_msgs/msg/TaskStackInfo.json
-- Installing: /home/hamad/ws_offboard_control/install/px4_msgs/share/px4_msgs/msg/TecsStatus.json
-- Installing: /home/hamad/ws_offboard_control/install/px4_msgs/share/px4_msgs/msg/TelemetryStatus.json
-- Installing: /home/hamad/ws_offboard_control/install/px4_msgs/share/px4_msgs/msg/TiltrotorExtraControls.json
-- Installing: /home/hamad/ws_offboard_control/install/px4_msgs/share/px4_msgs/msg/TimesyncStatus.json
-- Installing: /home/hamad/ws_offboard_control/install/px4_msgs/share/px4_msgs/msg/TrajectorySetpoint.json
-- Installing: /home/hamad/ws_offboard_control/install/px4_msgs/share/px4_msgs/msg/TrajectorySetpoint6dof.json
-- Installing: /home/hamad/ws_offboard_control/install/px4_msgs/share/px4_msgs/msg/TransponderReport.json
-- Installing: /home/hamad/ws_offboard_control/install/px4_msgs/share/px4_msgs/msg/TuneControl.json
-- Installing: /home/hamad/ws_offboard_control/install/px4_msgs/share/px4_msgs/msg/UavcanParameterRequest.json
-- Installing: /home/hamad/ws_offboard_control/install/px4_msgs/share/px4_msgs/msg/UavcanParameterValue.json
-- Installing: /home/hamad/ws_offboard_control/install/px4_msgs/share/px4_msgs/msg/UlogStream.json
-- Installing: /home/hamad/ws_offboard_control/install/px4_msgs/share/px4_msgs/msg/UlogStreamAck.json
-- Installing: /home/hamad/ws_offboard_control/install/px4_msgs/share/px4_msgs/msg/UnregisterExtComponent.json
-- Installing: /home/hamad/ws_offboard_control/install/px4_msgs/share/px4_msgs/msg/VehicleAcceleration.json
-- Installing: /home/hamad/ws_offboard_control/install/px4_msgs/share/px4_msgs/msg/VehicleAirData.json
-- Installing: /home/hamad/ws_offboard_control/install/px4_msgs/share/px4_msgs/msg/VehicleAngularAccelerationSetpoint.json
-- Installing: /home/hamad/ws_offboard_control/install/px4_msgs/share/px4_msgs/msg/VehicleAngularVelocity.json
-- Installing: /home/hamad/ws_offboard_control/install/px4_msgs/share/px4_msgs/msg/VehicleAttitude.json
-- Installing: /home/hamad/ws_offboard_control/install/px4_msgs/share/px4_msgs/msg/VehicleAttitudeSetpoint.json
-- Installing: /home/hamad/ws_offboard_control/install/px4_msgs/share/px4_msgs/msg/VehicleCommand.json
-- Installing: /home/hamad/ws_offboard_control/install/px4_msgs/share/px4_msgs/msg/VehicleCommandAck.json
-- Installing: /home/hamad/ws_offboard_control/install/px4_msgs/share/px4_msgs/msg/VehicleConstraints.json
-- Installing: /home/hamad/ws_offboard_control/install/px4_msgs/share/px4_msgs/msg/VehicleControlMode.json
-- Installing: /home/hamad/ws_offboard_control/install/px4_msgs/share/px4_msgs/msg/VehicleGlobalPosition.json
-- Installing: /home/hamad/ws_offboard_control/install/px4_msgs/share/px4_msgs/msg/VehicleImu.json
-- Installing: /home/hamad/ws_offboard_control/install/px4_msgs/share/px4_msgs/msg/VehicleImuStatus.json
-- Installing: /home/hamad/ws_offboard_control/install/px4_msgs/share/px4_msgs/msg/VehicleLandDetected.json
-- Installing: /home/hamad/ws_offboard_control/install/px4_msgs/share/px4_msgs/msg/VehicleLocalPosition.json
-- Installing: /home/hamad/ws_offboard_control/install/px4_msgs/share/px4_msgs/msg/VehicleLocalPositionSetpoint.json
-- Installing: /home/hamad/ws_offboard_control/install/px4_msgs/share/px4_msgs/msg/VehicleMagnetometer.json
-- Installing: /home/hamad/ws_offboard_control/install/px4_msgs/share/px4_msgs/msg/VehicleOdometry.json
-- Installing: /home/hamad/ws_offboard_control/install/px4_msgs/share/px4_msgs/msg/VehicleOpticalFlow.json
-- Installing: /home/hamad/ws_offboard_control/install/px4_msgs/share/px4_msgs/msg/VehicleOpticalFlowVel.json
-- Installing: /home/hamad/ws_offboard_control/install/px4_msgs/share/px4_msgs/msg/VehicleRatesSetpoint.json
-- Installing: /home/hamad/ws_offboard_control/install/px4_msgs/share/px4_msgs/msg/VehicleRoi.json
-- Installing: /home/hamad/ws_offboard_control/install/px4_msgs/share/px4_msgs/msg/VehicleStatus.json
-- Installing: /home/hamad/ws_offboard_control/install/px4_msgs/share/px4_msgs/msg/VehicleThrustSetpoint.json
-- Installing: /home/hamad/ws_offboard_control/install/px4_msgs/share/px4_msgs/msg/VehicleTorqueSetpoint.json
-- Installing: /home/hamad/ws_offboard_control/install/px4_msgs/share/px4_msgs/msg/VelocityLimits.json
-- Installing: /home/hamad/ws_offboard_control/install/px4_msgs/share/px4_msgs/msg/VtolVehicleStatus.json
-- Installing: /home/hamad/ws_offboard_control/install/px4_msgs/share/px4_msgs/msg/WheelEncoders.json
-- Installing: /home/hamad/ws_offboard_control/install/px4_msgs/share/px4_msgs/msg/Wind.json
-- Installing: /home/hamad/ws_offboard_control/install/px4_msgs/share/px4_msgs/msg/YawEstimatorStatus.json
-- Installing: /home/hamad/ws_offboard_control/install/px4_msgs/share/px4_msgs/srv/VehicleCommand.json
-- Installing: /home/hamad/ws_offboard_control/install/px4_msgs/include/px4_msgs/px4_msgs
-- Installing: /home/hamad/ws_offboard_control/install/px4_msgs/include/px4_msgs/px4_msgs/msg
-- Installing: /home/hamad/ws_offboard_control/install/px4_msgs/include/px4_msgs/px4_msgs/msg/geofence_result.h
-- Installing: /home/hamad/ws_offboard_control/install/px4_msgs/include/px4_msgs/px4_msgs/msg/mag_worker_data.h
-- Installing: /home/hamad/ws_offboard_control/install/px4_msgs/include/px4_msgs/px4_msgs/msg/fuel_tank_status.h
-- Installing: /home/hamad/ws_offboard_control/install/px4_msgs/include/px4_msgs/px4_msgs/msg/estimator_bias3d.h
-- Installing: /home/hamad/ws_offboard_control/install/px4_msgs/include/px4_msgs/px4_msgs/msg/rtl_status.h
-- Installing: /home/hamad/ws_offboard_control/install/px4_msgs/include/px4_msgs/px4_msgs/msg/rosidl_generator_c__visibility_control.h
-- Installing: /home/hamad/ws_offboard_control/install/px4_msgs/include/px4_msgs/px4_msgs/msg/timesync_status.h
-- Installing: /home/hamad/ws_offboard_control/install/px4_msgs/include/px4_msgs/px4_msgs/msg/button_event.h
-- Installing: /home/hamad/ws_offboard_control/install/px4_msgs/include/px4_msgs/px4_msgs/msg/position_setpoint.h
-- Installing: /home/hamad/ws_offboard_control/install/px4_msgs/include/px4_msgs/px4_msgs/msg/mode_completed.h
-- Installing: /home/hamad/ws_offboard_control/install/px4_msgs/include/px4_msgs/px4_msgs/msg/dataman_response.h
-- Installing: /home/hamad/ws_offboard_control/install/px4_msgs/include/px4_msgs/px4_msgs/msg/navigator_mission_item.h
-- Installing: /home/hamad/ws_offboard_control/install/px4_msgs/include/px4_msgs/px4_msgs/msg/rover_position_setpoint.h
-- Installing: /home/hamad/ws_offboard_control/install/px4_msgs/include/px4_msgs/px4_msgs/msg/neural_control.h
-- Installing: /home/hamad/ws_offboard_control/install/px4_msgs/include/px4_msgs/px4_msgs/msg/ulog_stream.h
-- Installing: /home/hamad/ws_offboard_control/install/px4_msgs/include/px4_msgs/px4_msgs/msg/vehicle_magnetometer.h
-- Installing: /home/hamad/ws_offboard_control/install/px4_msgs/include/px4_msgs/px4_msgs/msg/open_drone_id_operator_id.h
-- Installing: /home/hamad/ws_offboard_control/install/px4_msgs/include/px4_msgs/px4_msgs/msg/normalized_unsigned_setpoint.h
-- Installing: /home/hamad/ws_offboard_control/install/px4_msgs/include/px4_msgs/px4_msgs/msg/sensor_gyro_fifo.h
-- Installing: /home/hamad/ws_offboard_control/install/px4_msgs/include/px4_msgs/px4_msgs/msg/gripper.h
-- Installing: /home/hamad/ws_offboard_control/install/px4_msgs/include/px4_msgs/px4_msgs/msg/gpio_out.h
-- Installing: /home/hamad/ws_offboard_control/install/px4_msgs/include/px4_msgs/px4_msgs/msg/sensor_gnss_relative.h
-- Installing: /home/hamad/ws_offboard_control/install/px4_msgs/include/px4_msgs/px4_msgs/msg/camera_status.h
-- Installing: /home/hamad/ws_offboard_control/install/px4_msgs/include/px4_msgs/px4_msgs/msg/autotune_attitude_control_status.h
-- Installing: /home/hamad/ws_offboard_control/install/px4_msgs/include/px4_msgs/px4_msgs/msg/gps_inject_data.h
-- Installing: /home/hamad/ws_offboard_control/install/px4_msgs/include/px4_msgs/px4_msgs/msg/pps_capture.h
-- Installing: /home/hamad/ws_offboard_control/install/px4_msgs/include/px4_msgs/px4_msgs/msg/vehicle_optical_flow.h
-- Installing: /home/hamad/ws_offboard_control/install/px4_msgs/include/px4_msgs/px4_msgs/msg/sensors_status.h
-- Installing: /home/hamad/ws_offboard_control/install/px4_msgs/include/px4_msgs/px4_msgs/msg/adc_report.h
-- Installing: /home/hamad/ws_offboard_control/install/px4_msgs/include/px4_msgs/px4_msgs/msg/landing_gear_wheel.h
-- Installing: /home/hamad/ws_offboard_control/install/px4_msgs/include/px4_msgs/px4_msgs/msg/follow_target_estimator.h
-- Installing: /home/hamad/ws_offboard_control/install/px4_msgs/include/px4_msgs/px4_msgs/msg/vehicle_imu.h
-- Installing: /home/hamad/ws_offboard_control/install/px4_msgs/include/px4_msgs/px4_msgs/msg/sensor_baro.h
-- Installing: /home/hamad/ws_offboard_control/install/px4_msgs/include/px4_msgs/px4_msgs/msg/vehicle_local_position_setpoint.h
-- Installing: /home/hamad/ws_offboard_control/install/px4_msgs/include/px4_msgs/px4_msgs/msg/mavlink_tunnel.h
-- Installing: /home/hamad/ws_offboard_control/install/px4_msgs/include/px4_msgs/px4_msgs/msg/register_ext_component_request.h
-- Installing: /home/hamad/ws_offboard_control/install/px4_msgs/include/px4_msgs/px4_msgs/msg/landing_target_innovations.h
-- Installing: /home/hamad/ws_offboard_control/install/px4_msgs/include/px4_msgs/px4_msgs/msg/sensor_gyro.h
-- Installing: /home/hamad/ws_offboard_control/install/px4_msgs/include/px4_msgs/px4_msgs/msg/qshell_retval.h
-- Installing: /home/hamad/ws_offboard_control/install/px4_msgs/include/px4_msgs/px4_msgs/msg/fixed_wing_lateral_guidance_status.h
-- Installing: /home/hamad/ws_offboard_control/install/px4_msgs/include/px4_msgs/px4_msgs/msg/rpm.h
-- Installing: /home/hamad/ws_offboard_control/install/px4_msgs/include/px4_msgs/px4_msgs/msg/fixed_wing_longitudinal_setpoint.h
-- Installing: /home/hamad/ws_offboard_control/install/px4_msgs/include/px4_msgs/px4_msgs/msg/vehicle_optical_flow_vel.h
-- Installing: /home/hamad/ws_offboard_control/install/px4_msgs/include/px4_msgs/px4_msgs/msg/debug_vect.h
-- Installing: /home/hamad/ws_offboard_control/install/px4_msgs/include/px4_msgs/px4_msgs/msg/vehicle_imu_status.h
-- Installing: /home/hamad/ws_offboard_control/install/px4_msgs/include/px4_msgs/px4_msgs/msg/vehicle_acceleration.h
-- Installing: /home/hamad/ws_offboard_control/install/px4_msgs/include/px4_msgs/px4_msgs/msg/ulog_stream_ack.h
-- Installing: /home/hamad/ws_offboard_control/install/px4_msgs/include/px4_msgs/px4_msgs/msg/generator_status.h
-- Installing: /home/hamad/ws_offboard_control/install/px4_msgs/include/px4_msgs/px4_msgs/msg/orb_test_large.h
-- Installing: /home/hamad/ws_offboard_control/install/px4_msgs/include/px4_msgs/px4_msgs/msg/gimbal_controls.h
-- Installing: /home/hamad/ws_offboard_control/install/px4_msgs/include/px4_msgs/px4_msgs/msg/differential_pressure.h
-- Installing: /home/hamad/ws_offboard_control/install/px4_msgs/include/px4_msgs/px4_msgs/msg/vehicle_status.h
-- Installing: /home/hamad/ws_offboard_control/install/px4_msgs/include/px4_msgs/px4_msgs/msg/rover_attitude_setpoint.h
-- Installing: /home/hamad/ws_offboard_control/install/px4_msgs/include/px4_msgs/px4_msgs/msg/tune_control.h
-- Installing: /home/hamad/ws_offboard_control/install/px4_msgs/include/px4_msgs/px4_msgs/msg/power_button_state.h
-- Installing: /home/hamad/ws_offboard_control/install/px4_msgs/include/px4_msgs/px4_msgs/msg/vehicle_odometry.h
-- Installing: /home/hamad/ws_offboard_control/install/px4_msgs/include/px4_msgs/px4_msgs/msg/sensor_airflow.h
-- Installing: /home/hamad/ws_offboard_control/install/px4_msgs/include/px4_msgs/px4_msgs/msg/gimbal_device_attitude_status.h
-- Installing: /home/hamad/ws_offboard_control/install/px4_msgs/include/px4_msgs/px4_msgs/msg/config_overrides.h
-- Installing: /home/hamad/ws_offboard_control/install/px4_msgs/include/px4_msgs/px4_msgs/msg/vehicle_attitude.h
-- Installing: /home/hamad/ws_offboard_control/install/px4_msgs/include/px4_msgs/px4_msgs/msg/estimator_aid_source3d.h
-- Installing: /home/hamad/ws_offboard_control/install/px4_msgs/include/px4_msgs/px4_msgs/msg/vehicle_global_position.h
-- Installing: /home/hamad/ws_offboard_control/install/px4_msgs/include/px4_msgs/px4_msgs/msg/action_request.h
-- Installing: /home/hamad/ws_offboard_control/install/px4_msgs/include/px4_msgs/px4_msgs/msg/airspeed_wind.h
-- Installing: /home/hamad/ws_offboard_control/install/px4_msgs/include/px4_msgs/px4_msgs/msg/led_control.h
-- Installing: /home/hamad/ws_offboard_control/install/px4_msgs/include/px4_msgs/px4_msgs/msg/message_format_response.h
-- Installing: /home/hamad/ws_offboard_control/install/px4_msgs/include/px4_msgs/px4_msgs/msg/internal_combustion_engine_control.h
-- Installing: /home/hamad/ws_offboard_control/install/px4_msgs/include/px4_msgs/px4_msgs/msg/uavcan_parameter_request.h
-- Installing: /home/hamad/ws_offboard_control/install/px4_msgs/include/px4_msgs/px4_msgs/msg/parameter_set_value_request.h
-- Installing: /home/hamad/ws_offboard_control/install/px4_msgs/include/px4_msgs/px4_msgs/msg/sensor_preflight_mag.h
-- Installing: /home/hamad/ws_offboard_control/install/px4_msgs/include/px4_msgs/px4_msgs/msg/rate_ctrl_status.h
-- Installing: /home/hamad/ws_offboard_control/install/px4_msgs/include/px4_msgs/px4_msgs/msg/transponder_report.h
-- Installing: /home/hamad/ws_offboard_control/install/px4_msgs/include/px4_msgs/px4_msgs/msg/takeoff_status.h
-- Installing: /home/hamad/ws_offboard_control/install/px4_msgs/include/px4_msgs/px4_msgs/msg/rc_parameter_map.h
-- Installing: /home/hamad/ws_offboard_control/install/px4_msgs/include/px4_msgs/px4_msgs/msg/offboard_control_mode.h
-- Installing: /home/hamad/ws_offboard_control/install/px4_msgs/include/px4_msgs/px4_msgs/msg/mission.h
-- Installing: /home/hamad/ws_offboard_control/install/px4_msgs/include/px4_msgs/px4_msgs/msg/iridiumsbd_status.h
-- Installing: /home/hamad/ws_offboard_control/install/px4_msgs/include/px4_msgs/px4_msgs/msg/position_controller_landing_status.h
-- Installing: /home/hamad/ws_offboard_control/install/px4_msgs/include/px4_msgs/px4_msgs/msg/can_interface_status.h
-- Installing: /home/hamad/ws_offboard_control/install/px4_msgs/include/px4_msgs/px4_msgs/msg/sensor_gyro_fft.h
-- Installing: /home/hamad/ws_offboard_control/install/px4_msgs/include/px4_msgs/px4_msgs/msg/estimator_gps_status.h
-- Installing: /home/hamad/ws_offboard_control/install/px4_msgs/include/px4_msgs/px4_msgs/msg/vehicle_control_mode.h
-- Installing: /home/hamad/ws_offboard_control/install/px4_msgs/include/px4_msgs/px4_msgs/msg/position_controller_status.h
-- Installing: /home/hamad/ws_offboard_control/install/px4_msgs/include/px4_msgs/px4_msgs/msg/qshell_req.h
-- Installing: /home/hamad/ws_offboard_control/install/px4_msgs/include/px4_msgs/px4_msgs/msg/sensor_uwb.h
-- Installing: /home/hamad/ws_offboard_control/install/px4_msgs/include/px4_msgs/px4_msgs/msg/logger_status.h
-- Installing: /home/hamad/ws_offboard_control/install/px4_msgs/include/px4_msgs/px4_msgs/msg/vehicle_constraints.h
-- Installing: /home/hamad/ws_offboard_control/install/px4_msgs/include/px4_msgs/px4_msgs/msg/tecs_status.h
-- Installing: /home/hamad/ws_offboard_control/install/px4_msgs/include/px4_msgs/px4_msgs/msg/battery_status.h
-- Installing: /home/hamad/ws_offboard_control/install/px4_msgs/include/px4_msgs/px4_msgs/msg/lateral_control_configuration.h
-- Installing: /home/hamad/ws_offboard_control/install/px4_msgs/include/px4_msgs/px4_msgs/msg/parameter_set_value_response.h
-- Installing: /home/hamad/ws_offboard_control/install/px4_msgs/include/px4_msgs/px4_msgs/msg/open_drone_id_arm_status.h
-- Installing: /home/hamad/ws_offboard_control/install/px4_msgs/include/px4_msgs/px4_msgs/msg/position_setpoint_triplet.h
-- Installing: /home/hamad/ws_offboard_control/install/px4_msgs/include/px4_msgs/px4_msgs/msg/vehicle_torque_setpoint.h
-- Installing: /home/hamad/ws_offboard_control/install/px4_msgs/include/px4_msgs/px4_msgs/msg/estimator_states.h
-- Installing: /home/hamad/ws_offboard_control/install/px4_msgs/include/px4_msgs/px4_msgs/msg/vehicle_air_data.h
-- Installing: /home/hamad/ws_offboard_control/install/px4_msgs/include/px4_msgs/px4_msgs/msg/orb_test.h
-- Installing: /home/hamad/ws_offboard_control/install/px4_msgs/include/px4_msgs/px4_msgs/msg/event.h
-- Installing: /home/hamad/ws_offboard_control/install/px4_msgs/include/px4_msgs/px4_msgs/msg/vehicle_thrust_setpoint.h
-- Installing: /home/hamad/ws_offboard_control/install/px4_msgs/include/px4_msgs/px4_msgs/msg/health_report.h
-- Installing: /home/hamad/ws_offboard_control/install/px4_msgs/include/px4_msgs/px4_msgs/msg/sensor_hygrometer.h
-- Installing: /home/hamad/ws_offboard_control/install/px4_msgs/include/px4_msgs/px4_msgs/msg/mount_orientation.h
-- Installing: /home/hamad/ws_offboard_control/install/px4_msgs/include/px4_msgs/px4_msgs/msg/estimator_selector_status.h
-- Installing: /home/hamad/ws_offboard_control/install/px4_msgs/include/px4_msgs/px4_msgs/msg/battery_info.h
-- Installing: /home/hamad/ws_offboard_control/install/px4_msgs/include/px4_msgs/px4_msgs/msg/figure_eight_status.h
-- Installing: /home/hamad/ws_offboard_control/install/px4_msgs/include/px4_msgs/px4_msgs/msg/sensor_accel_fifo.h
-- Installing: /home/hamad/ws_offboard_control/install/px4_msgs/include/px4_msgs/px4_msgs/msg/onboard_computer_status.h
-- Installing: /home/hamad/ws_offboard_control/install/px4_msgs/include/px4_msgs/px4_msgs/msg/rover_speed_status.h
-- Installing: /home/hamad/ws_offboard_control/install/px4_msgs/include/px4_msgs/px4_msgs/msg/estimator_aid_source2d.h
-- Installing: /home/hamad/ws_offboard_control/install/px4_msgs/include/px4_msgs/px4_msgs/msg/rover_throttle_setpoint.h
-- Installing: /home/hamad/ws_offboard_control/install/px4_msgs/include/px4_msgs/px4_msgs/msg/estimator_status.h
-- Installing: /home/hamad/ws_offboard_control/install/px4_msgs/include/px4_msgs/px4_msgs/msg/unregister_ext_component.h
-- Installing: /home/hamad/ws_offboard_control/install/px4_msgs/include/px4_msgs/px4_msgs/msg/actuator_controls_status.h
-- Installing: /home/hamad/ws_offboard_control/install/px4_msgs/include/px4_msgs/px4_msgs/msg/distance_sensor_mode_change_request.h
-- Installing: /home/hamad/ws_offboard_control/install/px4_msgs/include/px4_msgs/px4_msgs/msg/gimbal_device_information.h
-- Installing: /home/hamad/ws_offboard_control/install/px4_msgs/include/px4_msgs/px4_msgs/msg/vehicle_attitude_setpoint.h
-- Installing: /home/hamad/ws_offboard_control/install/px4_msgs/include/px4_msgs/px4_msgs/msg/open_drone_id_self_id.h
-- Installing: /home/hamad/ws_offboard_control/install/px4_msgs/include/px4_msgs/px4_msgs/msg/longitudinal_control_configuration.h
-- Installing: /home/hamad/ws_offboard_control/install/px4_msgs/include/px4_msgs/px4_msgs/msg/actuator_servos.h
-- Installing: /home/hamad/ws_offboard_control/install/px4_msgs/include/px4_msgs/px4_msgs/msg/ping.h
-- Installing: /home/hamad/ws_offboard_control/install/px4_msgs/include/px4_msgs/px4_msgs/msg/gps_dump.h
-- Installing: /home/hamad/ws_offboard_control/install/px4_msgs/include/px4_msgs/px4_msgs/msg/debug_array.h
-- Installing: /home/hamad/ws_offboard_control/install/px4_msgs/include/px4_msgs/px4_msgs/msg/control_allocator_status.h
-- Installing: /home/hamad/ws_offboard_control/install/px4_msgs/include/px4_msgs/px4_msgs/msg/sensors_status_imu.h
-- Installing: /home/hamad/ws_offboard_control/install/px4_msgs/include/px4_msgs/px4_msgs/msg/obstacle_distance.h
-- Installing: /home/hamad/ws_offboard_control/install/px4_msgs/include/px4_msgs/px4_msgs/msg/follow_target.h
-- Installing: /home/hamad/ws_offboard_control/install/px4_msgs/include/px4_msgs/px4_msgs/msg/trajectory_setpoint.h
-- Installing: /home/hamad/ws_offboard_control/install/px4_msgs/include/px4_msgs/px4_msgs/msg/camera_capture.h
-- Installing: /home/hamad/ws_offboard_control/install/px4_msgs/include/px4_msgs/px4_msgs/msg/fixed_wing_lateral_status.h
-- Installing: /home/hamad/ws_offboard_control/install/px4_msgs/include/px4_msgs/px4_msgs/msg/magnetometer_bias_estimate.h
-- Installing: /home/hamad/ws_offboard_control/install/px4_msgs/include/px4_msgs/px4_msgs/msg/estimator_bias.h
-- Installing: /home/hamad/ws_offboard_control/install/px4_msgs/include/px4_msgs/px4_msgs/msg/estimator_sensor_bias.h
-- Installing: /home/hamad/ws_offboard_control/install/px4_msgs/include/px4_msgs/px4_msgs/msg/sensor_optical_flow.h
-- Installing: /home/hamad/ws_offboard_control/install/px4_msgs/include/px4_msgs/px4_msgs/msg/parameter_set_used_request.h
-- Installing: /home/hamad/ws_offboard_control/install/px4_msgs/include/px4_msgs/px4_msgs/msg/px4io_status.h
-- Installing: /home/hamad/ws_offboard_control/install/px4_msgs/include/px4_msgs/px4_msgs/msg/gimbal_device_set_attitude.h
-- Installing: /home/hamad/ws_offboard_control/install/px4_msgs/include/px4_msgs/px4_msgs/msg/estimator_aid_source1d.h
-- Installing: /home/hamad/ws_offboard_control/install/px4_msgs/include/px4_msgs/px4_msgs/msg/landing_target_pose.h
-- Installing: /home/hamad/ws_offboard_control/install/px4_msgs/include/px4_msgs/px4_msgs/msg/heater_status.h
-- Installing: /home/hamad/ws_offboard_control/install/px4_msgs/include/px4_msgs/px4_msgs/msg/arming_check_request.h
-- Installing: /home/hamad/ws_offboard_control/install/px4_msgs/include/px4_msgs/px4_msgs/msg/vehicle_command_ack.h
-- Installing: /home/hamad/ws_offboard_control/install/px4_msgs/include/px4_msgs/px4_msgs/msg/vehicle_angular_acceleration_setpoint.h
-- Installing: /home/hamad/ws_offboard_control/install/px4_msgs/include/px4_msgs/px4_msgs/msg/vehicle_local_position.h
-- Installing: /home/hamad/ws_offboard_control/install/px4_msgs/include/px4_msgs/px4_msgs/msg/rover_steering_setpoint.h
-- Installing: /home/hamad/ws_offboard_control/install/px4_msgs/include/px4_msgs/px4_msgs/msg/mavlink_log.h
-- Installing: /home/hamad/ws_offboard_control/install/px4_msgs/include/px4_msgs/px4_msgs/msg/gimbal_manager_set_attitude.h
-- Installing: /home/hamad/ws_offboard_control/install/px4_msgs/include/px4_msgs/px4_msgs/msg/failsafe_flags.h
-- Installing: /home/hamad/ws_offboard_control/install/px4_msgs/include/px4_msgs/px4_msgs/msg/internal_combustion_engine_status.h
-- Installing: /home/hamad/ws_offboard_control/install/px4_msgs/include/px4_msgs/px4_msgs/msg/gpio_request.h
-- Installing: /home/hamad/ws_offboard_control/install/px4_msgs/include/px4_msgs/px4_msgs/msg/camera_trigger.h
-- Installing: /home/hamad/ws_offboard_control/install/px4_msgs/include/px4_msgs/px4_msgs/msg/detail
-- Installing: /home/hamad/ws_offboard_control/install/px4_msgs/include/px4_msgs/px4_msgs/msg/detail/differential_pressure__type_support.c
-- Installing: /home/hamad/ws_offboard_control/install/px4_msgs/include/px4_msgs/px4_msgs/msg/detail/estimator_sensor_bias__type_support.c
-- Installing: /home/hamad/ws_offboard_control/install/px4_msgs/include/px4_msgs/px4_msgs/msg/detail/parameter_reset_request__struct.h
-- Installing: /home/hamad/ws_offboard_control/install/px4_msgs/include/px4_msgs/px4_msgs/msg/detail/parameter_set_value_response__type_support.c
-- Installing: /home/hamad/ws_offboard_control/install/px4_msgs/include/px4_msgs/px4_msgs/msg/detail/goto_setpoint__type_support.c
-- Installing: /home/hamad/ws_offboard_control/install/px4_msgs/include/px4_msgs/px4_msgs/msg/detail/gimbal_controls__type_support.h
-- Installing: /home/hamad/ws_offboard_control/install/px4_msgs/include/px4_msgs/px4_msgs/msg/detail/qshell_req__type_support.h
-- Installing: /home/hamad/ws_offboard_control/install/px4_msgs/include/px4_msgs/px4_msgs/msg/detail/led_control__type_support.c
-- Installing: /home/hamad/ws_offboard_control/install/px4_msgs/include/px4_msgs/px4_msgs/msg/detail/landing_target_pose__functions.h
-- Installing: /home/hamad/ws_offboard_control/install/px4_msgs/include/px4_msgs/px4_msgs/msg/detail/camera_capture__functions.h
-- Installing: /home/hamad/ws_offboard_control/install/px4_msgs/include/px4_msgs/px4_msgs/msg/detail/fixed_wing_runway_control__struct.h
-- Installing: /home/hamad/ws_offboard_control/install/px4_msgs/include/px4_msgs/px4_msgs/msg/detail/debug_key_value__functions.c
-- Installing: /home/hamad/ws_offboard_control/install/px4_msgs/include/px4_msgs/px4_msgs/msg/detail/estimator_aid_source1d__type_support.c
-- Installing: /home/hamad/ws_offboard_control/install/px4_msgs/include/px4_msgs/px4_msgs/msg/detail/uavcan_parameter_request__struct.h
-- Installing: /home/hamad/ws_offboard_control/install/px4_msgs/include/px4_msgs/px4_msgs/msg/detail/cpuload__type_support.h
-- Installing: /home/hamad/ws_offboard_control/install/px4_msgs/include/px4_msgs/px4_msgs/msg/detail/yaw_estimator_status__type_support.h
-- Installing: /home/hamad/ws_offboard_control/install/px4_msgs/include/px4_msgs/px4_msgs/msg/detail/camera_capture__type_support.c
-- Installing: /home/hamad/ws_offboard_control/install/px4_msgs/include/px4_msgs/px4_msgs/msg/detail/obstacle_distance__description.c
-- Installing: /home/hamad/ws_offboard_control/install/px4_msgs/include/px4_msgs/px4_msgs/msg/detail/debug_array__description.c
-- Installing: /home/hamad/ws_offboard_control/install/px4_msgs/include/px4_msgs/px4_msgs/msg/detail/open_drone_id_self_id__type_support.h
-- Installing: /home/hamad/ws_offboard_control/install/px4_msgs/include/px4_msgs/px4_msgs/msg/detail/actuator_controls_status__type_support.h
-- Installing: /home/hamad/ws_offboard_control/install/px4_msgs/include/px4_msgs/px4_msgs/msg/detail/debug_value__type_support.h
-- Installing: /home/hamad/ws_offboard_control/install/px4_msgs/include/px4_msgs/px4_msgs/msg/detail/vehicle_attitude__functions.h
-- Installing: /home/hamad/ws_offboard_control/install/px4_msgs/include/px4_msgs/px4_msgs/msg/detail/action_request__struct.h
-- Installing: /home/hamad/ws_offboard_control/install/px4_msgs/include/px4_msgs/px4_msgs/msg/detail/sensor_gnss_status__type_support.c
-- Installing: /home/hamad/ws_offboard_control/install/px4_msgs/include/px4_msgs/px4_msgs/msg/detail/dataman_response__functions.c
-- Installing: /home/hamad/ws_offboard_control/install/px4_msgs/include/px4_msgs/px4_msgs/msg/detail/timesync_status__struct.h
-- Installing: /home/hamad/ws_offboard_control/install/px4_msgs/include/px4_msgs/px4_msgs/msg/detail/gimbal_device_information__functions.h
-- Installing: /home/hamad/ws_offboard_control/install/px4_msgs/include/px4_msgs/px4_msgs/msg/detail/fixed_wing_lateral_status__functions.h
-- Installing: /home/hamad/ws_offboard_control/install/px4_msgs/include/px4_msgs/px4_msgs/msg/detail/ping__type_support.c
-- Installing: /home/hamad/ws_offboard_control/install/px4_msgs/include/px4_msgs/px4_msgs/msg/detail/normalized_unsigned_setpoint__type_support.c
-- Installing: /home/hamad/ws_offboard_control/install/px4_msgs/include/px4_msgs/px4_msgs/msg/detail/uavcan_parameter_value__type_support.c
-- Installing: /home/hamad/ws_offboard_control/install/px4_msgs/include/px4_msgs/px4_msgs/msg/detail/vehicle_optical_flow__description.c
-- Installing: /home/hamad/ws_offboard_control/install/px4_msgs/include/px4_msgs/px4_msgs/msg/detail/vehicle_roi__struct.h
-- Installing: /home/hamad/ws_offboard_control/install/px4_msgs/include/px4_msgs/px4_msgs/msg/detail/vtol_vehicle_status__functions.h
-- Installing: /home/hamad/ws_offboard_control/install/px4_msgs/include/px4_msgs/px4_msgs/msg/detail/dronecan_node_status__struct.h
-- Installing: /home/hamad/ws_offboard_control/install/px4_msgs/include/px4_msgs/px4_msgs/msg/detail/gpio_config__description.c
-- Installing: /home/hamad/ws_offboard_control/install/px4_msgs/include/px4_msgs/px4_msgs/msg/detail/gimbal_device_set_attitude__functions.c
-- Installing: /home/hamad/ws_offboard_control/install/px4_msgs/include/px4_msgs/px4_msgs/msg/detail/mode_completed__struct.h
-- Installing: /home/hamad/ws_offboard_control/install/px4_msgs/include/px4_msgs/px4_msgs/msg/detail/goto_setpoint__type_support.h
-- Installing: /home/hamad/ws_offboard_control/install/px4_msgs/include/px4_msgs/px4_msgs/msg/detail/health_report__functions.h
-- Installing: /home/hamad/ws_offboard_control/install/px4_msgs/include/px4_msgs/px4_msgs/msg/detail/wheel_encoders__functions.c
-- Installing: /home/hamad/ws_offboard_control/install/px4_msgs/include/px4_msgs/px4_msgs/msg/detail/sensor_gnss_relative__struct.h
-- Installing: /home/hamad/ws_offboard_control/install/px4_msgs/include/px4_msgs/px4_msgs/msg/detail/rate_ctrl_status__functions.c
-- Installing: /home/hamad/ws_offboard_control/install/px4_msgs/include/px4_msgs/px4_msgs/msg/detail/airspeed_wind__type_support.c
-- Installing: /home/hamad/ws_offboard_control/install/px4_msgs/include/px4_msgs/px4_msgs/msg/detail/estimator_status__functions.h
-- Installing: /home/hamad/ws_offboard_control/install/px4_msgs/include/px4_msgs/px4_msgs/msg/detail/vehicle_acceleration__type_support.h
-- Installing: /home/hamad/ws_offboard_control/install/px4_msgs/include/px4_msgs/px4_msgs/msg/detail/vehicle_angular_acceleration_setpoint__functions.c
-- Installing: /home/hamad/ws_offboard_control/install/px4_msgs/include/px4_msgs/px4_msgs/msg/detail/airspeed_wind__type_support.h
-- Installing: /home/hamad/ws_offboard_control/install/px4_msgs/include/px4_msgs/px4_msgs/msg/detail/failsafe_flags__functions.c
-- Installing: /home/hamad/ws_offboard_control/install/px4_msgs/include/px4_msgs/px4_msgs/msg/detail/estimator_event_flags__struct.h
-- Installing: /home/hamad/ws_offboard_control/install/px4_msgs/include/px4_msgs/px4_msgs/msg/detail/estimator_states__functions.h
-- Installing: /home/hamad/ws_offboard_control/install/px4_msgs/include/px4_msgs/px4_msgs/msg/detail/ping__description.c
-- Installing: /home/hamad/ws_offboard_control/install/px4_msgs/include/px4_msgs/px4_msgs/msg/detail/sensor_hygrometer__type_support.h
-- Installing: /home/hamad/ws_offboard_control/install/px4_msgs/include/px4_msgs/px4_msgs/msg/detail/yaw_estimator_status__functions.c
-- Installing: /home/hamad/ws_offboard_control/install/px4_msgs/include/px4_msgs/px4_msgs/msg/detail/rover_speed_setpoint__functions.c
-- Installing: /home/hamad/ws_offboard_control/install/px4_msgs/include/px4_msgs/px4_msgs/msg/detail/rtl_status__type_support.h
-- Installing: /home/hamad/ws_offboard_control/install/px4_msgs/include/px4_msgs/px4_msgs/msg/detail/gpio_in__functions.h
-- Installing: /home/hamad/ws_offboard_control/install/px4_msgs/include/px4_msgs/px4_msgs/msg/detail/vehicle_rates_setpoint__type_support.h
-- Installing: /home/hamad/ws_offboard_control/install/px4_msgs/include/px4_msgs/px4_msgs/msg/detail/wheel_encoders__type_support.c
-- Installing: /home/hamad/ws_offboard_control/install/px4_msgs/include/px4_msgs/px4_msgs/msg/detail/home_position__functions.h
-- Installing: /home/hamad/ws_offboard_control/install/px4_msgs/include/px4_msgs/px4_msgs/msg/detail/mount_orientation__struct.h
-- Installing: /home/hamad/ws_offboard_control/install/px4_msgs/include/px4_msgs/px4_msgs/msg/detail/rover_speed_status__functions.c
-- Installing: /home/hamad/ws_offboard_control/install/px4_msgs/include/px4_msgs/px4_msgs/msg/detail/position_controller_landing_status__description.c
-- Installing: /home/hamad/ws_offboard_control/install/px4_msgs/include/px4_msgs/px4_msgs/msg/detail/generator_status__type_support.h
-- Installing: /home/hamad/ws_offboard_control/install/px4_msgs/include/px4_msgs/px4_msgs/msg/detail/rc_channels__type_support.h
-- Installing: /home/hamad/ws_offboard_control/install/px4_msgs/include/px4_msgs/px4_msgs/msg/detail/orb_test_medium__type_support.c
-- Installing: /home/hamad/ws_offboard_control/install/px4_msgs/include/px4_msgs/px4_msgs/msg/detail/manual_control_setpoint__functions.h
-- Installing: /home/hamad/ws_offboard_control/install/px4_msgs/include/px4_msgs/px4_msgs/msg/detail/gimbal_device_set_attitude__type_support.h
-- Installing: /home/hamad/ws_offboard_control/install/px4_msgs/include/px4_msgs/px4_msgs/msg/detail/pure_pursuit_status__functions.h
-- Installing: /home/hamad/ws_offboard_control/install/px4_msgs/include/px4_msgs/px4_msgs/msg/detail/internal_combustion_engine_control__type_support.c
-- Installing: /home/hamad/ws_offboard_control/install/px4_msgs/include/px4_msgs/px4_msgs/msg/detail/distance_sensor__struct.h
-- Installing: /home/hamad/ws_offboard_control/install/px4_msgs/include/px4_msgs/px4_msgs/msg/detail/timesync_status__description.c
-- Installing: /home/hamad/ws_offboard_control/install/px4_msgs/include/px4_msgs/px4_msgs/msg/detail/rover_speed_status__functions.h
-- Installing: /home/hamad/ws_offboard_control/install/px4_msgs/include/px4_msgs/px4_msgs/msg/detail/vehicle_rates_setpoint__description.c
-- Installing: /home/hamad/ws_offboard_control/install/px4_msgs/include/px4_msgs/px4_msgs/msg/detail/vehicle_magnetometer__type_support.h
-- Installing: /home/hamad/ws_offboard_control/install/px4_msgs/include/px4_msgs/px4_msgs/msg/detail/control_allocator_status__functions.c
-- Installing: /home/hamad/ws_offboard_control/install/px4_msgs/include/px4_msgs/px4_msgs/msg/detail/estimator_bias3d__functions.c
-- Installing: /home/hamad/ws_offboard_control/install/px4_msgs/include/px4_msgs/px4_msgs/msg/detail/qshell_retval__type_support.c
-- Installing: /home/hamad/ws_offboard_control/install/px4_msgs/include/px4_msgs/px4_msgs/msg/detail/power_monitor__type_support.c
-- Installing: /home/hamad/ws_offboard_control/install/px4_msgs/include/px4_msgs/px4_msgs/msg/detail/rover_steering_setpoint__type_support.h
-- Installing: /home/hamad/ws_offboard_control/install/px4_msgs/include/px4_msgs/px4_msgs/msg/detail/autotune_attitude_control_status__functions.c
-- Installing: /home/hamad/ws_offboard_control/install/px4_msgs/include/px4_msgs/px4_msgs/msg/detail/estimator_status_flags__type_support.c
-- Installing: /home/hamad/ws_offboard_control/install/px4_msgs/include/px4_msgs/px4_msgs/msg/detail/parameter_set_used_request__description.c
-- Installing: /home/hamad/ws_offboard_control/install/px4_msgs/include/px4_msgs/px4_msgs/msg/detail/fixed_wing_runway_control__functions.c
-- Installing: /home/hamad/ws_offboard_control/install/px4_msgs/include/px4_msgs/px4_msgs/msg/detail/neural_control__struct.h
-- Installing: /home/hamad/ws_offboard_control/install/px4_msgs/include/px4_msgs/px4_msgs/msg/detail/can_interface_status__functions.c
-- Installing: /home/hamad/ws_offboard_control/install/px4_msgs/include/px4_msgs/px4_msgs/msg/detail/sensor_uwb__struct.h
-- Installing: /home/hamad/ws_offboard_control/install/px4_msgs/include/px4_msgs/px4_msgs/msg/detail/neural_control__functions.h
-- Installing: /home/hamad/ws_offboard_control/install/px4_msgs/include/px4_msgs/px4_msgs/msg/detail/pure_pursuit_status__functions.c
-- Installing: /home/hamad/ws_offboard_control/install/px4_msgs/include/px4_msgs/px4_msgs/msg/detail/adc_report__struct.h
-- Installing: /home/hamad/ws_offboard_control/install/px4_msgs/include/px4_msgs/px4_msgs/msg/detail/debug_value__type_support.c
-- Installing: /home/hamad/ws_offboard_control/install/px4_msgs/include/px4_msgs/px4_msgs/msg/detail/iridiumsbd_status__type_support.h
-- Installing: /home/hamad/ws_offboard_control/install/px4_msgs/include/px4_msgs/px4_msgs/msg/detail/follow_target_status__functions.h
-- Installing: /home/hamad/ws_offboard_control/install/px4_msgs/include/px4_msgs/px4_msgs/msg/detail/failsafe_flags__description.c
-- Installing: /home/hamad/ws_offboard_control/install/px4_msgs/include/px4_msgs/px4_msgs/msg/detail/sensor_gyro__functions.h
-- Installing: /home/hamad/ws_offboard_control/install/px4_msgs/include/px4_msgs/px4_msgs/msg/detail/gpio_request__type_support.c
-- Installing: /home/hamad/ws_offboard_control/install/px4_msgs/include/px4_msgs/px4_msgs/msg/detail/open_drone_id_operator_id__struct.h
-- Installing: /home/hamad/ws_offboard_control/install/px4_msgs/include/px4_msgs/px4_msgs/msg/detail/gps_inject_data__description.c
-- Installing: /home/hamad/ws_offboard_control/install/px4_msgs/include/px4_msgs/px4_msgs/msg/detail/vehicle_angular_velocity__functions.h
-- Installing: /home/hamad/ws_offboard_control/install/px4_msgs/include/px4_msgs/px4_msgs/msg/detail/vehicle_land_detected__struct.h
-- Installing: /home/hamad/ws_offboard_control/install/px4_msgs/include/px4_msgs/px4_msgs/msg/detail/estimator_sensor_bias__functions.h
-- Installing: /home/hamad/ws_offboard_control/install/px4_msgs/include/px4_msgs/px4_msgs/msg/detail/rover_throttle_setpoint__struct.h
-- Installing: /home/hamad/ws_offboard_control/install/px4_msgs/include/px4_msgs/px4_msgs/msg/detail/trajectory_setpoint__struct.h
-- Installing: /home/hamad/ws_offboard_control/install/px4_msgs/include/px4_msgs/px4_msgs/msg/detail/longitudinal_control_configuration__description.c
-- Installing: /home/hamad/ws_offboard_control/install/px4_msgs/include/px4_msgs/px4_msgs/msg/detail/estimator_selector_status__type_support.c
-- Installing: /home/hamad/ws_offboard_control/install/px4_msgs/include/px4_msgs/px4_msgs/msg/detail/navigator_mission_item__type_support.c
-- Installing: /home/hamad/ws_offboard_control/install/px4_msgs/include/px4_msgs/px4_msgs/msg/detail/rover_steering_setpoint__functions.h
-- Installing: /home/hamad/ws_offboard_control/install/px4_msgs/include/px4_msgs/px4_msgs/msg/detail/estimator_sensor_bias__type_support.h
-- Installing: /home/hamad/ws_offboard_control/install/px4_msgs/include/px4_msgs/px4_msgs/msg/detail/pure_pursuit_status__type_support.c
-- Installing: /home/hamad/ws_offboard_control/install/px4_msgs/include/px4_msgs/px4_msgs/msg/detail/estimator_bias__type_support.c
-- Installing: /home/hamad/ws_offboard_control/install/px4_msgs/include/px4_msgs/px4_msgs/msg/detail/button_event__description.c
-- Installing: /home/hamad/ws_offboard_control/install/px4_msgs/include/px4_msgs/px4_msgs/msg/detail/actuator_test__functions.h
-- Installing: /home/hamad/ws_offboard_control/install/px4_msgs/include/px4_msgs/px4_msgs/msg/detail/actuator_servos__functions.h
-- Installing: /home/hamad/ws_offboard_control/install/px4_msgs/include/px4_msgs/px4_msgs/msg/detail/vehicle_optical_flow__functions.h
-- Installing: /home/hamad/ws_offboard_control/install/px4_msgs/include/px4_msgs/px4_msgs/msg/detail/transponder_report__struct.h
-- Installing: /home/hamad/ws_offboard_control/install/px4_msgs/include/px4_msgs/px4_msgs/msg/detail/arming_check_request__description.c
-- Installing: /home/hamad/ws_offboard_control/install/px4_msgs/include/px4_msgs/px4_msgs/msg/detail/vehicle_rates_setpoint__functions.h
-- Installing: /home/hamad/ws_offboard_control/install/px4_msgs/include/px4_msgs/px4_msgs/msg/detail/collision_constraints__type_support.c
-- Installing: /home/hamad/ws_offboard_control/install/px4_msgs/include/px4_msgs/px4_msgs/msg/detail/led_control__type_support.h
-- Installing: /home/hamad/ws_offboard_control/install/px4_msgs/include/px4_msgs/px4_msgs/msg/detail/mag_worker_data__functions.h
-- Installing: /home/hamad/ws_offboard_control/install/px4_msgs/include/px4_msgs/px4_msgs/msg/detail/distance_sensor_mode_change_request__type_support.h
-- Installing: /home/hamad/ws_offboard_control/install/px4_msgs/include/px4_msgs/px4_msgs/msg/detail/sensor_uwb__type_support.c
-- Installing: /home/hamad/ws_offboard_control/install/px4_msgs/include/px4_msgs/px4_msgs/msg/detail/gpio_out__description.c
-- Installing: /home/hamad/ws_offboard_control/install/px4_msgs/include/px4_msgs/px4_msgs/msg/detail/open_drone_id_system__type_support.c
-- Installing: /home/hamad/ws_offboard_control/install/px4_msgs/include/px4_msgs/px4_msgs/msg/detail/landing_target_pose__type_support.c
-- Installing: /home/hamad/ws_offboard_control/install/px4_msgs/include/px4_msgs/px4_msgs/msg/detail/vehicle_constraints__functions.h
-- Installing: /home/hamad/ws_offboard_control/install/px4_msgs/include/px4_msgs/px4_msgs/msg/detail/cpuload__type_support.c
-- Installing: /home/hamad/ws_offboard_control/install/px4_msgs/include/px4_msgs/px4_msgs/msg/detail/mavlink_log__struct.h
-- Installing: /home/hamad/ws_offboard_control/install/px4_msgs/include/px4_msgs/px4_msgs/msg/detail/vehicle_optical_flow_vel__type_support.c
-- Installing: /home/hamad/ws_offboard_control/install/px4_msgs/include/px4_msgs/px4_msgs/msg/detail/rover_speed_status__type_support.h
-- Installing: /home/hamad/ws_offboard_control/install/px4_msgs/include/px4_msgs/px4_msgs/msg/detail/ulog_stream__functions.h
-- Installing: /home/hamad/ws_offboard_control/install/px4_msgs/include/px4_msgs/px4_msgs/msg/detail/navigator_mission_item__functions.h
-- Installing: /home/hamad/ws_offboard_control/install/px4_msgs/include/px4_msgs/px4_msgs/msg/detail/sensor_accel_fifo__functions.c
-- Installing: /home/hamad/ws_offboard_control/install/px4_msgs/include/px4_msgs/px4_msgs/msg/detail/message_format_request__type_support.c
-- Installing: /home/hamad/ws_offboard_control/install/px4_msgs/include/px4_msgs/px4_msgs/msg/detail/debug_key_value__struct.h
-- Installing: /home/hamad/ws_offboard_control/install/px4_msgs/include/px4_msgs/px4_msgs/msg/detail/transponder_report__description.c
-- Installing: /home/hamad/ws_offboard_control/install/px4_msgs/include/px4_msgs/px4_msgs/msg/detail/led_control__functions.h
-- Installing: /home/hamad/ws_offboard_control/install/px4_msgs/include/px4_msgs/px4_msgs/msg/detail/vehicle_acceleration__type_support.c
-- Installing: /home/hamad/ws_offboard_control/install/px4_msgs/include/px4_msgs/px4_msgs/msg/detail/sensors_status__functions.h
-- Installing: /home/hamad/ws_offboard_control/install/px4_msgs/include/px4_msgs/px4_msgs/msg/detail/actuator_servos__description.c
-- Installing: /home/hamad/ws_offboard_control/install/px4_msgs/include/px4_msgs/px4_msgs/msg/detail/landing_target_innovations__description.c
-- Installing: /home/hamad/ws_offboard_control/install/px4_msgs/include/px4_msgs/px4_msgs/msg/detail/gimbal_manager_information__type_support.h
-- Installing: /home/hamad/ws_offboard_control/install/px4_msgs/include/px4_msgs/px4_msgs/msg/detail/esc_status__type_support.c
-- Installing: /home/hamad/ws_offboard_control/install/px4_msgs/include/px4_msgs/px4_msgs/msg/detail/estimator_status__struct.h
-- Installing: /home/hamad/ws_offboard_control/install/px4_msgs/include/px4_msgs/px4_msgs/msg/detail/orb_test_medium__struct.h
-- Installing: /home/hamad/ws_offboard_control/install/px4_msgs/include/px4_msgs/px4_msgs/msg/detail/open_drone_id_arm_status__functions.h
-- Installing: /home/hamad/ws_offboard_control/install/px4_msgs/include/px4_msgs/px4_msgs/msg/detail/action_request__functions.h
-- Installing: /home/hamad/ws_offboard_control/install/px4_msgs/include/px4_msgs/px4_msgs/msg/detail/position_controller_status__type_support.h
-- Installing: /home/hamad/ws_offboard_control/install/px4_msgs/include/px4_msgs/px4_msgs/msg/detail/input_rc__struct.h
-- Installing: /home/hamad/ws_offboard_control/install/px4_msgs/include/px4_msgs/px4_msgs/msg/detail/parameter_reset_request__functions.c
-- Installing: /home/hamad/ws_offboard_control/install/px4_msgs/include/px4_msgs/px4_msgs/msg/detail/sensor_baro__struct.h
-- Installing: /home/hamad/ws_offboard_control/install/px4_msgs/include/px4_msgs/px4_msgs/msg/detail/vehicle_command_ack__functions.c
-- Installing: /home/hamad/ws_offboard_control/install/px4_msgs/include/px4_msgs/px4_msgs/msg/detail/follow_target_estimator__type_support.h
-- Installing: /home/hamad/ws_offboard_control/install/px4_msgs/include/px4_msgs/px4_msgs/msg/detail/task_stack_info__functions.c
-- Installing: /home/hamad/ws_offboard_control/install/px4_msgs/include/px4_msgs/px4_msgs/msg/detail/actuator_motors__description.c
-- Installing: /home/hamad/ws_offboard_control/install/px4_msgs/include/px4_msgs/px4_msgs/msg/detail/lateral_control_configuration__struct.h
-- Installing: /home/hamad/ws_offboard_control/install/px4_msgs/include/px4_msgs/px4_msgs/msg/detail/failure_detector_status__struct.h
-- Installing: /home/hamad/ws_offboard_control/install/px4_msgs/include/px4_msgs/px4_msgs/msg/detail/vehicle_local_position__struct.h
-- Installing: /home/hamad/ws_offboard_control/install/px4_msgs/include/px4_msgs/px4_msgs/msg/detail/rc_channels__functions.c
-- Installing: /home/hamad/ws_offboard_control/install/px4_msgs/include/px4_msgs/px4_msgs/msg/detail/sensor_accel__functions.c
-- Installing: /home/hamad/ws_offboard_control/install/px4_msgs/include/px4_msgs/px4_msgs/msg/detail/vehicle_roi__type_support.h
-- Installing: /home/hamad/ws_offboard_control/install/px4_msgs/include/px4_msgs/px4_msgs/msg/detail/rover_position_setpoint__functions.h
-- Installing: /home/hamad/ws_offboard_control/install/px4_msgs/include/px4_msgs/px4_msgs/msg/detail/cellular_status__functions.h
-- Installing: /home/hamad/ws_offboard_control/install/px4_msgs/include/px4_msgs/px4_msgs/msg/detail/parameter_set_used_request__type_support.h
-- Installing: /home/hamad/ws_offboard_control/install/px4_msgs/include/px4_msgs/px4_msgs/msg/detail/airspeed_validated__type_support.h
-- Installing: /home/hamad/ws_offboard_control/install/px4_msgs/include/px4_msgs/px4_msgs/msg/detail/yaw_estimator_status__description.c
-- Installing: /home/hamad/ws_offboard_control/install/px4_msgs/include/px4_msgs/px4_msgs/msg/detail/battery_status__functions.h
-- Installing: /home/hamad/ws_offboard_control/install/px4_msgs/include/px4_msgs/px4_msgs/msg/detail/vehicle_global_position__functions.c
-- Installing: /home/hamad/ws_offboard_control/install/px4_msgs/include/px4_msgs/px4_msgs/msg/detail/sensor_gyro_fifo__type_support.c
-- Installing: /home/hamad/ws_offboard_control/install/px4_msgs/include/px4_msgs/px4_msgs/msg/detail/open_drone_id_self_id__functions.h
-- Installing: /home/hamad/ws_offboard_control/install/px4_msgs/include/px4_msgs/px4_msgs/msg/detail/estimator_sensor_bias__struct.h
-- Installing: /home/hamad/ws_offboard_control/install/px4_msgs/include/px4_msgs/px4_msgs/msg/detail/cellular_status__type_support.h
-- Installing: /home/hamad/ws_offboard_control/install/px4_msgs/include/px4_msgs/px4_msgs/msg/detail/qshell_retval__functions.c
-- Installing: /home/hamad/ws_offboard_control/install/px4_msgs/include/px4_msgs/px4_msgs/msg/detail/open_drone_id_self_id__functions.c
-- Installing: /home/hamad/ws_offboard_control/install/px4_msgs/include/px4_msgs/px4_msgs/msg/detail/ulog_stream_ack__functions.h
-- Installing: /home/hamad/ws_offboard_control/install/px4_msgs/include/px4_msgs/px4_msgs/msg/detail/sensor_hygrometer__description.c
-- Installing: /home/hamad/ws_offboard_control/install/px4_msgs/include/px4_msgs/px4_msgs/msg/detail/timesync_status__type_support.c
-- Installing: /home/hamad/ws_offboard_control/install/px4_msgs/include/px4_msgs/px4_msgs/msg/detail/sensor_preflight_mag__type_support.h
-- Installing: /home/hamad/ws_offboard_control/install/px4_msgs/include/px4_msgs/px4_msgs/msg/detail/debug_vect__description.c
-- Installing: /home/hamad/ws_offboard_control/install/px4_msgs/include/px4_msgs/px4_msgs/msg/detail/sensor_selection__type_support.c
-- Installing: /home/hamad/ws_offboard_control/install/px4_msgs/include/px4_msgs/px4_msgs/msg/detail/parameter_set_value_request__struct.h
-- Installing: /home/hamad/ws_offboard_control/install/px4_msgs/include/px4_msgs/px4_msgs/msg/detail/actuator_test__type_support.c
-- Installing: /home/hamad/ws_offboard_control/install/px4_msgs/include/px4_msgs/px4_msgs/msg/detail/vehicle_control_mode__functions.c
-- Installing: /home/hamad/ws_offboard_control/install/px4_msgs/include/px4_msgs/px4_msgs/msg/detail/rover_attitude_setpoint__functions.h
-- Installing: /home/hamad/ws_offboard_control/install/px4_msgs/include/px4_msgs/px4_msgs/msg/detail/estimator_aid_source3d__struct.h
-- Installing: /home/hamad/ws_offboard_control/install/px4_msgs/include/px4_msgs/px4_msgs/msg/detail/position_setpoint__functions.c
-- Installing: /home/hamad/ws_offboard_control/install/px4_msgs/include/px4_msgs/px4_msgs/msg/detail/estimator_event_flags__functions.c
-- Installing: /home/hamad/ws_offboard_control/install/px4_msgs/include/px4_msgs/px4_msgs/msg/detail/failsafe_flags__functions.h
-- Installing: /home/hamad/ws_offboard_control/install/px4_msgs/include/px4_msgs/px4_msgs/msg/detail/gpio_config__functions.h
-- Installing: /home/hamad/ws_offboard_control/install/px4_msgs/include/px4_msgs/px4_msgs/msg/detail/gps_inject_data__type_support.h
-- Installing: /home/hamad/ws_offboard_control/install/px4_msgs/include/px4_msgs/px4_msgs/msg/detail/vehicle_command_ack__struct.h
-- Installing: /home/hamad/ws_offboard_control/install/px4_msgs/include/px4_msgs/px4_msgs/msg/detail/mission_result__struct.h
-- Installing: /home/hamad/ws_offboard_control/install/px4_msgs/include/px4_msgs/px4_msgs/msg/detail/register_ext_component_request__type_support.c
-- Installing: /home/hamad/ws_offboard_control/install/px4_msgs/include/px4_msgs/px4_msgs/msg/detail/task_stack_info__type_support.c
-- Installing: /home/hamad/ws_offboard_control/install/px4_msgs/include/px4_msgs/px4_msgs/msg/detail/obstacle_distance__type_support.h
-- Installing: /home/hamad/ws_offboard_control/install/px4_msgs/include/px4_msgs/px4_msgs/msg/detail/airspeed_wind__description.c
-- Installing: /home/hamad/ws_offboard_control/install/px4_msgs/include/px4_msgs/px4_msgs/msg/detail/sensors_status_imu__struct.h
-- Installing: /home/hamad/ws_offboard_control/install/px4_msgs/include/px4_msgs/px4_msgs/msg/detail/pure_pursuit_status__type_support.h
-- Installing: /home/hamad/ws_offboard_control/install/px4_msgs/include/px4_msgs/px4_msgs/msg/detail/geofence_result__functions.c
-- Installing: /home/hamad/ws_offboard_control/install/px4_msgs/include/px4_msgs/px4_msgs/msg/detail/offboard_control_mode__type_support.h
-- Installing: /home/hamad/ws_offboard_control/install/px4_msgs/include/px4_msgs/px4_msgs/msg/detail/fixed_wing_lateral_guidance_status__description.c
-- Installing: /home/hamad/ws_offboard_control/install/px4_msgs/include/px4_msgs/px4_msgs/msg/detail/arming_check_reply__type_support.h
-- Installing: /home/hamad/ws_offboard_control/install/px4_msgs/include/px4_msgs/px4_msgs/msg/detail/sensor_combined__description.c
-- Installing: /home/hamad/ws_offboard_control/install/px4_msgs/include/px4_msgs/px4_msgs/msg/detail/ulog_stream__type_support.c
-- Installing: /home/hamad/ws_offboard_control/install/px4_msgs/include/px4_msgs/px4_msgs/msg/detail/hover_thrust_estimate__functions.h
-- Installing: /home/hamad/ws_offboard_control/install/px4_msgs/include/px4_msgs/px4_msgs/msg/detail/gimbal_device_attitude_status__description.c
-- Installing: /home/hamad/ws_offboard_control/install/px4_msgs/include/px4_msgs/px4_msgs/msg/detail/estimator_bias3d__functions.h
-- Installing: /home/hamad/ws_offboard_control/install/px4_msgs/include/px4_msgs/px4_msgs/msg/detail/internal_combustion_engine_control__functions.h
-- Installing: /home/hamad/ws_offboard_control/install/px4_msgs/include/px4_msgs/px4_msgs/msg/detail/launch_detection_status__description.c
-- Installing: /home/hamad/ws_offboard_control/install/px4_msgs/include/px4_msgs/px4_msgs/msg/detail/pps_capture__description.c
-- Installing: /home/hamad/ws_offboard_control/install/px4_msgs/include/px4_msgs/px4_msgs/msg/detail/arming_check_reply__functions.h
-- Installing: /home/hamad/ws_offboard_control/install/px4_msgs/include/px4_msgs/px4_msgs/msg/detail/actuator_test__struct.h
-- Installing: /home/hamad/ws_offboard_control/install/px4_msgs/include/px4_msgs/px4_msgs/msg/detail/onboard_computer_status__description.c
-- Installing: /home/hamad/ws_offboard_control/install/px4_msgs/include/px4_msgs/px4_msgs/msg/detail/gimbal_manager_set_attitude__struct.h
-- Installing: /home/hamad/ws_offboard_control/install/px4_msgs/include/px4_msgs/px4_msgs/msg/detail/vehicle_thrust_setpoint__functions.c
-- Installing: /home/hamad/ws_offboard_control/install/px4_msgs/include/px4_msgs/px4_msgs/msg/detail/gimbal_controls__struct.h
-- Installing: /home/hamad/ws_offboard_control/install/px4_msgs/include/px4_msgs/px4_msgs/msg/detail/vehicle_global_position__type_support.c
-- Installing: /home/hamad/ws_offboard_control/install/px4_msgs/include/px4_msgs/px4_msgs/msg/detail/velocity_limits__functions.c
-- Installing: /home/hamad/ws_offboard_control/install/px4_msgs/include/px4_msgs/px4_msgs/msg/detail/sensor_accel__type_support.h
-- Installing: /home/hamad/ws_offboard_control/install/px4_msgs/include/px4_msgs/px4_msgs/msg/detail/vtol_vehicle_status__functions.c
-- Installing: /home/hamad/ws_offboard_control/install/px4_msgs/include/px4_msgs/px4_msgs/msg/detail/sensor_combined__functions.c
-- Installing: /home/hamad/ws_offboard_control/install/px4_msgs/include/px4_msgs/px4_msgs/msg/detail/autotune_attitude_control_status__functions.h
-- Installing: /home/hamad/ws_offboard_control/install/px4_msgs/include/px4_msgs/px4_msgs/msg/detail/lateral_control_configuration__type_support.h
-- Installing: /home/hamad/ws_offboard_control/install/px4_msgs/include/px4_msgs/px4_msgs/msg/detail/parameter_set_used_request__type_support.c
-- Installing: /home/hamad/ws_offboard_control/install/px4_msgs/include/px4_msgs/px4_msgs/msg/detail/message_format_response__struct.h
-- Installing: /home/hamad/ws_offboard_control/install/px4_msgs/include/px4_msgs/px4_msgs/msg/detail/power_monitor__description.c
-- Installing: /home/hamad/ws_offboard_control/install/px4_msgs/include/px4_msgs/px4_msgs/msg/detail/manual_control_setpoint__struct.h
-- Installing: /home/hamad/ws_offboard_control/install/px4_msgs/include/px4_msgs/px4_msgs/msg/detail/adc_report__type_support.c
-- Installing: /home/hamad/ws_offboard_control/install/px4_msgs/include/px4_msgs/px4_msgs/msg/detail/vehicle_imu_status__struct.h
-- Installing: /home/hamad/ws_offboard_control/install/px4_msgs/include/px4_msgs/px4_msgs/msg/detail/trajectory_setpoint6dof__description.c
-- Installing: /home/hamad/ws_offboard_control/install/px4_msgs/include/px4_msgs/px4_msgs/msg/detail/geofence_status__struct.h
-- Installing: /home/hamad/ws_offboard_control/install/px4_msgs/include/px4_msgs/px4_msgs/msg/detail/control_allocator_status__description.c
-- Installing: /home/hamad/ws_offboard_control/install/px4_msgs/include/px4_msgs/px4_msgs/msg/detail/config_overrides__type_support.c
-- Installing: /home/hamad/ws_offboard_control/install/px4_msgs/include/px4_msgs/px4_msgs/msg/detail/vehicle_attitude_setpoint__functions.h
-- Installing: /home/hamad/ws_offboard_control/install/px4_msgs/include/px4_msgs/px4_msgs/msg/detail/navigator_mission_item__description.c
-- Installing: /home/hamad/ws_offboard_control/install/px4_msgs/include/px4_msgs/px4_msgs/msg/detail/message_format_request__functions.h
-- Installing: /home/hamad/ws_offboard_control/install/px4_msgs/include/px4_msgs/px4_msgs/msg/detail/px4io_status__functions.c
-- Installing: /home/hamad/ws_offboard_control/install/px4_msgs/include/px4_msgs/px4_msgs/msg/detail/estimator_aid_source2d__description.c
-- Installing: /home/hamad/ws_offboard_control/install/px4_msgs/include/px4_msgs/px4_msgs/msg/detail/estimator_aid_source3d__functions.c
-- Installing: /home/hamad/ws_offboard_control/install/px4_msgs/include/px4_msgs/px4_msgs/msg/detail/gripper__functions.c
-- Installing: /home/hamad/ws_offboard_control/install/px4_msgs/include/px4_msgs/px4_msgs/msg/detail/esc_status__functions.h
-- Installing: /home/hamad/ws_offboard_control/install/px4_msgs/include/px4_msgs/px4_msgs/msg/detail/sensor_correction__description.c
-- Installing: /home/hamad/ws_offboard_control/install/px4_msgs/include/px4_msgs/px4_msgs/msg/detail/position_controller_status__functions.c
-- Installing: /home/hamad/ws_offboard_control/install/px4_msgs/include/px4_msgs/px4_msgs/msg/detail/log_message__type_support.h
-- Installing: /home/hamad/ws_offboard_control/install/px4_msgs/include/px4_msgs/px4_msgs/msg/detail/sensor_hygrometer__functions.h
-- Installing: /home/hamad/ws_offboard_control/install/px4_msgs/include/px4_msgs/px4_msgs/msg/detail/heater_status__struct.h
-- Installing: /home/hamad/ws_offboard_control/install/px4_msgs/include/px4_msgs/px4_msgs/msg/detail/control_allocator_status__type_support.c
-- Installing: /home/hamad/ws_offboard_control/install/px4_msgs/include/px4_msgs/px4_msgs/msg/detail/offboard_control_mode__functions.h
-- Installing: /home/hamad/ws_offboard_control/install/px4_msgs/include/px4_msgs/px4_msgs/msg/detail/rate_ctrl_status__struct.h
-- Installing: /home/hamad/ws_offboard_control/install/px4_msgs/include/px4_msgs/px4_msgs/msg/detail/manual_control_setpoint__type_support.h
-- Installing: /home/hamad/ws_offboard_control/install/px4_msgs/include/px4_msgs/px4_msgs/msg/detail/vehicle_angular_acceleration_setpoint__type_support.h
-- Installing: /home/hamad/ws_offboard_control/install/px4_msgs/include/px4_msgs/px4_msgs/msg/detail/launch_detection_status__type_support.c
-- Installing: /home/hamad/ws_offboard_control/install/px4_msgs/include/px4_msgs/px4_msgs/msg/detail/button_event__functions.h
-- Installing: /home/hamad/ws_offboard_control/install/px4_msgs/include/px4_msgs/px4_msgs/msg/detail/px4io_status__description.c
-- Installing: /home/hamad/ws_offboard_control/install/px4_msgs/include/px4_msgs/px4_msgs/msg/detail/gpio_config__type_support.h
-- Installing: /home/hamad/ws_offboard_control/install/px4_msgs/include/px4_msgs/px4_msgs/msg/detail/rpm__type_support.h
-- Installing: /home/hamad/ws_offboard_control/install/px4_msgs/include/px4_msgs/px4_msgs/msg/detail/vehicle_command_ack__functions.h
-- Installing: /home/hamad/ws_offboard_control/install/px4_msgs/include/px4_msgs/px4_msgs/msg/detail/failure_detector_status__description.c
-- Installing: /home/hamad/ws_offboard_control/install/px4_msgs/include/px4_msgs/px4_msgs/msg/detail/vehicle_local_position_setpoint__functions.h
-- Installing: /home/hamad/ws_offboard_control/install/px4_msgs/include/px4_msgs/px4_msgs/msg/detail/open_drone_id_arm_status__functions.c
-- Installing: /home/hamad/ws_offboard_control/install/px4_msgs/include/px4_msgs/px4_msgs/msg/detail/trajectory_setpoint__type_support.h
-- Installing: /home/hamad/ws_offboard_control/install/px4_msgs/include/px4_msgs/px4_msgs/msg/detail/vehicle_imu__functions.h
-- Installing: /home/hamad/ws_offboard_control/install/px4_msgs/include/px4_msgs/px4_msgs/msg/detail/sensor_optical_flow__functions.c
-- Installing: /home/hamad/ws_offboard_control/install/px4_msgs/include/px4_msgs/px4_msgs/msg/detail/estimator_gps_status__type_support.c
-- Installing: /home/hamad/ws_offboard_control/install/px4_msgs/include/px4_msgs/px4_msgs/msg/detail/position_controller_landing_status__type_support.h
-- Installing: /home/hamad/ws_offboard_control/install/px4_msgs/include/px4_msgs/px4_msgs/msg/detail/sensor_mag__functions.h
-- Installing: /home/hamad/ws_offboard_control/install/px4_msgs/include/px4_msgs/px4_msgs/msg/detail/pure_pursuit_status__description.c
-- Installing: /home/hamad/ws_offboard_control/install/px4_msgs/include/px4_msgs/px4_msgs/msg/detail/gimbal_manager_information__functions.c
-- Installing: /home/hamad/ws_offboard_control/install/px4_msgs/include/px4_msgs/px4_msgs/msg/detail/gripper__struct.h
-- Installing: /home/hamad/ws_offboard_control/install/px4_msgs/include/px4_msgs/px4_msgs/msg/detail/rover_position_setpoint__struct.h
-- Installing: /home/hamad/ws_offboard_control/install/px4_msgs/include/px4_msgs/px4_msgs/msg/detail/autotune_attitude_control_status__description.c
-- Installing: /home/hamad/ws_offboard_control/install/px4_msgs/include/px4_msgs/px4_msgs/msg/detail/logger_status__struct.h
-- Installing: /home/hamad/ws_offboard_control/install/px4_msgs/include/px4_msgs/px4_msgs/msg/detail/vehicle_command__functions.c
-- Installing: /home/hamad/ws_offboard_control/install/px4_msgs/include/px4_msgs/px4_msgs/msg/detail/gpio_request__functions.c
-- Installing: /home/hamad/ws_offboard_control/install/px4_msgs/include/px4_msgs/px4_msgs/msg/detail/estimator_aid_source1d__struct.h
-- Installing: /home/hamad/ws_offboard_control/install/px4_msgs/include/px4_msgs/px4_msgs/msg/detail/hover_thrust_estimate__struct.h
-- Installing: /home/hamad/ws_offboard_control/install/px4_msgs/include/px4_msgs/px4_msgs/msg/detail/sensor_gps__description.c
-- Installing: /home/hamad/ws_offboard_control/install/px4_msgs/include/px4_msgs/px4_msgs/msg/detail/mavlink_log__type_support.c
-- Installing: /home/hamad/ws_offboard_control/install/px4_msgs/include/px4_msgs/px4_msgs/msg/detail/orb_test_medium__type_support.h
-- Installing: /home/hamad/ws_offboard_control/install/px4_msgs/include/px4_msgs/px4_msgs/msg/detail/adc_report__description.c
-- Installing: /home/hamad/ws_offboard_control/install/px4_msgs/include/px4_msgs/px4_msgs/msg/detail/ulog_stream_ack__struct.h
-- Installing: /home/hamad/ws_offboard_control/install/px4_msgs/include/px4_msgs/px4_msgs/msg/detail/unregister_ext_component__functions.h
-- Installing: /home/hamad/ws_offboard_control/install/px4_msgs/include/px4_msgs/px4_msgs/msg/detail/config_overrides__struct.h
-- Installing: /home/hamad/ws_offboard_control/install/px4_msgs/include/px4_msgs/px4_msgs/msg/detail/vehicle_land_detected__functions.c
-- Installing: /home/hamad/ws_offboard_control/install/px4_msgs/include/px4_msgs/px4_msgs/msg/detail/wind__functions.h
-- Installing: /home/hamad/ws_offboard_control/install/px4_msgs/include/px4_msgs/px4_msgs/msg/detail/vehicle_air_data__functions.h
-- Installing: /home/hamad/ws_offboard_control/install/px4_msgs/include/px4_msgs/px4_msgs/msg/detail/parameter_set_value_request__type_support.c
-- Installing: /home/hamad/ws_offboard_control/install/px4_msgs/include/px4_msgs/px4_msgs/msg/detail/rover_rate_status__description.c
-- Installing: /home/hamad/ws_offboard_control/install/px4_msgs/include/px4_msgs/px4_msgs/msg/detail/gpio_config__type_support.c
-- Installing: /home/hamad/ws_offboard_control/install/px4_msgs/include/px4_msgs/px4_msgs/msg/detail/follow_target_status__description.c
-- Installing: /home/hamad/ws_offboard_control/install/px4_msgs/include/px4_msgs/px4_msgs/msg/detail/figure_eight_status__type_support.c
-- Installing: /home/hamad/ws_offboard_control/install/px4_msgs/include/px4_msgs/px4_msgs/msg/detail/flight_phase_estimation__type_support.c
-- Installing: /home/hamad/ws_offboard_control/install/px4_msgs/include/px4_msgs/px4_msgs/msg/detail/action_request__type_support.c
-- Installing: /home/hamad/ws_offboard_control/install/px4_msgs/include/px4_msgs/px4_msgs/msg/detail/landing_gear__type_support.h
-- Installing: /home/hamad/ws_offboard_control/install/px4_msgs/include/px4_msgs/px4_msgs/msg/detail/magnetometer_bias_estimate__description.c
-- Installing: /home/hamad/ws_offboard_control/install/px4_msgs/include/px4_msgs/px4_msgs/msg/detail/rover_throttle_setpoint__functions.c
-- Installing: /home/hamad/ws_offboard_control/install/px4_msgs/include/px4_msgs/px4_msgs/msg/detail/system_power__type_support.c
-- Installing: /home/hamad/ws_offboard_control/install/px4_msgs/include/px4_msgs/px4_msgs/msg/detail/message_format_response__type_support.h
-- Installing: /home/hamad/ws_offboard_control/install/px4_msgs/include/px4_msgs/px4_msgs/msg/detail/distance_sensor_mode_change_request__description.c
-- Installing: /home/hamad/ws_offboard_control/install/px4_msgs/include/px4_msgs/px4_msgs/msg/detail/distance_sensor__functions.h
-- Installing: /home/hamad/ws_offboard_control/install/px4_msgs/include/px4_msgs/px4_msgs/msg/detail/rover_throttle_setpoint__type_support.h
-- Installing: /home/hamad/ws_offboard_control/install/px4_msgs/include/px4_msgs/px4_msgs/msg/detail/vtol_vehicle_status__description.c
-- Installing: /home/hamad/ws_offboard_control/install/px4_msgs/include/px4_msgs/px4_msgs/msg/detail/vehicle_acceleration__description.c
-- Installing: /home/hamad/ws_offboard_control/install/px4_msgs/include/px4_msgs/px4_msgs/msg/detail/open_drone_id_operator_id__functions.h
-- Installing: /home/hamad/ws_offboard_control/install/px4_msgs/include/px4_msgs/px4_msgs/msg/detail/satellite_info__description.c
-- Installing: /home/hamad/ws_offboard_control/install/px4_msgs/include/px4_msgs/px4_msgs/msg/detail/sensors_status__type_support.c
-- Installing: /home/hamad/ws_offboard_control/install/px4_msgs/include/px4_msgs/px4_msgs/msg/detail/arming_check_request__struct.h
-- Installing: /home/hamad/ws_offboard_control/install/px4_msgs/include/px4_msgs/px4_msgs/msg/detail/vehicle_rates_setpoint__struct.h
-- Installing: /home/hamad/ws_offboard_control/install/px4_msgs/include/px4_msgs/px4_msgs/msg/detail/vehicle_angular_velocity__functions.c
-- Installing: /home/hamad/ws_offboard_control/install/px4_msgs/include/px4_msgs/px4_msgs/msg/detail/gimbal_manager_set_manual_control__type_support.c
-- Installing: /home/hamad/ws_offboard_control/install/px4_msgs/include/px4_msgs/px4_msgs/msg/detail/orb_test_medium__description.c
-- Installing: /home/hamad/ws_offboard_control/install/px4_msgs/include/px4_msgs/px4_msgs/msg/detail/position_controller_landing_status__type_support.c
-- Installing: /home/hamad/ws_offboard_control/install/px4_msgs/include/px4_msgs/px4_msgs/msg/detail/vehicle_local_position__functions.h
-- Installing: /home/hamad/ws_offboard_control/install/px4_msgs/include/px4_msgs/px4_msgs/msg/detail/dataman_response__type_support.h
-- Installing: /home/hamad/ws_offboard_control/install/px4_msgs/include/px4_msgs/px4_msgs/msg/detail/sensors_status_imu__functions.c
-- Installing: /home/hamad/ws_offboard_control/install/px4_msgs/include/px4_msgs/px4_msgs/msg/detail/ulog_stream__functions.c
-- Installing: /home/hamad/ws_offboard_control/install/px4_msgs/include/px4_msgs/px4_msgs/msg/detail/landing_gear_wheel__description.c
-- Installing: /home/hamad/ws_offboard_control/install/px4_msgs/include/px4_msgs/px4_msgs/msg/detail/estimator_innovations__struct.h
-- Installing: /home/hamad/ws_offboard_control/install/px4_msgs/include/px4_msgs/px4_msgs/msg/detail/iridiumsbd_status__functions.c
-- Installing: /home/hamad/ws_offboard_control/install/px4_msgs/include/px4_msgs/px4_msgs/msg/detail/pps_capture__struct.h
-- Installing: /home/hamad/ws_offboard_control/install/px4_msgs/include/px4_msgs/px4_msgs/msg/detail/irlock_report__description.c
-- Installing: /home/hamad/ws_offboard_control/install/px4_msgs/include/px4_msgs/px4_msgs/msg/detail/rc_parameter_map__functions.h
-- Installing: /home/hamad/ws_offboard_control/install/px4_msgs/include/px4_msgs/px4_msgs/msg/detail/ulog_stream__description.c
-- Installing: /home/hamad/ws_offboard_control/install/px4_msgs/include/px4_msgs/px4_msgs/msg/detail/internal_combustion_engine_status__functions.c
-- Installing: /home/hamad/ws_offboard_control/install/px4_msgs/include/px4_msgs/px4_msgs/msg/detail/mission_result__type_support.c
-- Installing: /home/hamad/ws_offboard_control/install/px4_msgs/include/px4_msgs/px4_msgs/msg/detail/navigator_status__type_support.h
-- Installing: /home/hamad/ws_offboard_control/install/px4_msgs/include/px4_msgs/px4_msgs/msg/detail/mission_result__type_support.h
-- Installing: /home/hamad/ws_offboard_control/install/px4_msgs/include/px4_msgs/px4_msgs/msg/detail/rc_parameter_map__struct.h
-- Installing: /home/hamad/ws_offboard_control/install/px4_msgs/include/px4_msgs/px4_msgs/msg/detail/mavlink_tunnel__description.c
-- Installing: /home/hamad/ws_offboard_control/install/px4_msgs/include/px4_msgs/px4_msgs/msg/detail/health_report__functions.c
-- Installing: /home/hamad/ws_offboard_control/install/px4_msgs/include/px4_msgs/px4_msgs/msg/detail/estimator_aid_source2d__functions.h
-- Installing: /home/hamad/ws_offboard_control/install/px4_msgs/include/px4_msgs/px4_msgs/msg/detail/landing_gear__struct.h
-- Installing: /home/hamad/ws_offboard_control/install/px4_msgs/include/px4_msgs/px4_msgs/msg/detail/vehicle_attitude__functions.c
-- Installing: /home/hamad/ws_offboard_control/install/px4_msgs/include/px4_msgs/px4_msgs/msg/detail/estimator_gps_status__functions.h
-- Installing: /home/hamad/ws_offboard_control/install/px4_msgs/include/px4_msgs/px4_msgs/msg/detail/can_interface_status__struct.h
-- Installing: /home/hamad/ws_offboard_control/install/px4_msgs/include/px4_msgs/px4_msgs/msg/detail/actuator_servos_trim__type_support.c
-- Installing: /home/hamad/ws_offboard_control/install/px4_msgs/include/px4_msgs/px4_msgs/msg/detail/register_ext_component_request__struct.h
-- Installing: /home/hamad/ws_offboard_control/install/px4_msgs/include/px4_msgs/px4_msgs/msg/detail/fixed_wing_lateral_setpoint__type_support.h
-- Installing: /home/hamad/ws_offboard_control/install/px4_msgs/include/px4_msgs/px4_msgs/msg/detail/position_controller_status__functions.h
-- Installing: /home/hamad/ws_offboard_control/install/px4_msgs/include/px4_msgs/px4_msgs/msg/detail/iridiumsbd_status__struct.h
-- Installing: /home/hamad/ws_offboard_control/install/px4_msgs/include/px4_msgs/px4_msgs/msg/detail/mavlink_log__functions.h
-- Installing: /home/hamad/ws_offboard_control/install/px4_msgs/include/px4_msgs/px4_msgs/msg/detail/mag_worker_data__type_support.h
-- Installing: /home/hamad/ws_offboard_control/install/px4_msgs/include/px4_msgs/px4_msgs/msg/detail/esc_status__struct.h
-- Installing: /home/hamad/ws_offboard_control/install/px4_msgs/include/px4_msgs/px4_msgs/msg/detail/debug_array__struct.h
-- Installing: /home/hamad/ws_offboard_control/install/px4_msgs/include/px4_msgs/px4_msgs/msg/detail/vehicle_torque_setpoint__functions.c
-- Installing: /home/hamad/ws_offboard_control/install/px4_msgs/include/px4_msgs/px4_msgs/msg/detail/longitudinal_control_configuration__struct.h
-- Installing: /home/hamad/ws_offboard_control/install/px4_msgs/include/px4_msgs/px4_msgs/msg/detail/parameter_update__type_support.c
-- Installing: /home/hamad/ws_offboard_control/install/px4_msgs/include/px4_msgs/px4_msgs/msg/detail/open_drone_id_operator_id__description.c
-- Installing: /home/hamad/ws_offboard_control/install/px4_msgs/include/px4_msgs/px4_msgs/msg/detail/health_report__type_support.h
-- Installing: /home/hamad/ws_offboard_control/install/px4_msgs/include/px4_msgs/px4_msgs/msg/detail/hover_thrust_estimate__functions.c
-- Installing: /home/hamad/ws_offboard_control/install/px4_msgs/include/px4_msgs/px4_msgs/msg/detail/power_monitor__type_support.h
-- Installing: /home/hamad/ws_offboard_control/install/px4_msgs/include/px4_msgs/px4_msgs/msg/detail/vehicle_control_mode__struct.h
-- Installing: /home/hamad/ws_offboard_control/install/px4_msgs/include/px4_msgs/px4_msgs/msg/detail/sensor_gyro_fft__type_support.c
-- Installing: /home/hamad/ws_offboard_control/install/px4_msgs/include/px4_msgs/px4_msgs/msg/detail/internal_combustion_engine_status__type_support.h
-- Installing: /home/hamad/ws_offboard_control/install/px4_msgs/include/px4_msgs/px4_msgs/msg/detail/wheel_encoders__description.c
-- Installing: /home/hamad/ws_offboard_control/install/px4_msgs/include/px4_msgs/px4_msgs/msg/detail/rover_rate_setpoint__type_support.h
-- Installing: /home/hamad/ws_offboard_control/install/px4_msgs/include/px4_msgs/px4_msgs/msg/detail/arming_check_request__type_support.h
-- Installing: /home/hamad/ws_offboard_control/install/px4_msgs/include/px4_msgs/px4_msgs/msg/detail/orbit_status__struct.h
-- Installing: /home/hamad/ws_offboard_control/install/px4_msgs/include/px4_msgs/px4_msgs/msg/detail/log_message__struct.h
-- Installing: /home/hamad/ws_offboard_control/install/px4_msgs/include/px4_msgs/px4_msgs/msg/detail/fixed_wing_lateral_guidance_status__struct.h
-- Installing: /home/hamad/ws_offboard_control/install/px4_msgs/include/px4_msgs/px4_msgs/msg/detail/ulog_stream_ack__description.c
-- Installing: /home/hamad/ws_offboard_control/install/px4_msgs/include/px4_msgs/px4_msgs/msg/detail/fixed_wing_longitudinal_setpoint__type_support.c
-- Installing: /home/hamad/ws_offboard_control/install/px4_msgs/include/px4_msgs/px4_msgs/msg/detail/sensor_gyro__type_support.c
-- Installing: /home/hamad/ws_offboard_control/install/px4_msgs/include/px4_msgs/px4_msgs/msg/detail/px4io_status__type_support.c
-- Installing: /home/hamad/ws_offboard_control/install/px4_msgs/include/px4_msgs/px4_msgs/msg/detail/vehicle_global_position__description.c
-- Installing: /home/hamad/ws_offboard_control/install/px4_msgs/include/px4_msgs/px4_msgs/msg/detail/camera_trigger__type_support.h
-- Installing: /home/hamad/ws_offboard_control/install/px4_msgs/include/px4_msgs/px4_msgs/msg/detail/failsafe_flags__struct.h
-- Installing: /home/hamad/ws_offboard_control/install/px4_msgs/include/px4_msgs/px4_msgs/msg/detail/estimator_aid_source3d__functions.h
-- Installing: /home/hamad/ws_offboard_control/install/px4_msgs/include/px4_msgs/px4_msgs/msg/detail/estimator_aid_source2d__type_support.c
-- Installing: /home/hamad/ws_offboard_control/install/px4_msgs/include/px4_msgs/px4_msgs/msg/detail/gimbal_manager_set_manual_control__type_support.h
-- Installing: /home/hamad/ws_offboard_control/install/px4_msgs/include/px4_msgs/px4_msgs/msg/detail/rover_attitude_status__type_support.h
-- Installing: /home/hamad/ws_offboard_control/install/px4_msgs/include/px4_msgs/px4_msgs/msg/detail/gps_dump__struct.h
-- Installing: /home/hamad/ws_offboard_control/install/px4_msgs/include/px4_msgs/px4_msgs/msg/detail/gps_inject_data__struct.h
-- Installing: /home/hamad/ws_offboard_control/install/px4_msgs/include/px4_msgs/px4_msgs/msg/detail/landing_target_innovations__type_support.h
-- Installing: /home/hamad/ws_offboard_control/install/px4_msgs/include/px4_msgs/px4_msgs/msg/detail/vehicle_air_data__functions.c
-- Installing: /home/hamad/ws_offboard_control/install/px4_msgs/include/px4_msgs/px4_msgs/msg/detail/position_controller_landing_status__struct.h
-- Installing: /home/hamad/ws_offboard_control/install/px4_msgs/include/px4_msgs/px4_msgs/msg/detail/rover_rate_status__type_support.c
-- Installing: /home/hamad/ws_offboard_control/install/px4_msgs/include/px4_msgs/px4_msgs/msg/detail/esc_report__functions.h
-- Installing: /home/hamad/ws_offboard_control/install/px4_msgs/include/px4_msgs/px4_msgs/msg/detail/parameter_set_used_request__struct.h
-- Installing: /home/hamad/ws_offboard_control/install/px4_msgs/include/px4_msgs/px4_msgs/msg/detail/follow_target__description.c
-- Installing: /home/hamad/ws_offboard_control/install/px4_msgs/include/px4_msgs/px4_msgs/msg/detail/sensor_combined__functions.h
-- Installing: /home/hamad/ws_offboard_control/install/px4_msgs/include/px4_msgs/px4_msgs/msg/detail/tune_control__type_support.h
-- Installing: /home/hamad/ws_offboard_control/install/px4_msgs/include/px4_msgs/px4_msgs/msg/detail/actuator_controls_status__struct.h
-- Installing: /home/hamad/ws_offboard_control/install/px4_msgs/include/px4_msgs/px4_msgs/msg/detail/register_ext_component_request__type_support.h
-- Installing: /home/hamad/ws_offboard_control/install/px4_msgs/include/px4_msgs/px4_msgs/msg/detail/gpio_in__type_support.c
-- Installing: /home/hamad/ws_offboard_control/install/px4_msgs/include/px4_msgs/px4_msgs/msg/detail/gpio_request__struct.h
-- Installing: /home/hamad/ws_offboard_control/install/px4_msgs/include/px4_msgs/px4_msgs/msg/detail/vehicle_command__description.c
-- Installing: /home/hamad/ws_offboard_control/install/px4_msgs/include/px4_msgs/px4_msgs/msg/detail/qshell_retval__functions.h
-- Installing: /home/hamad/ws_offboard_control/install/px4_msgs/include/px4_msgs/px4_msgs/msg/detail/actuator_servos_trim__functions.h
-- Installing: /home/hamad/ws_offboard_control/install/px4_msgs/include/px4_msgs/px4_msgs/msg/detail/gimbal_controls__description.c
-- Installing: /home/hamad/ws_offboard_control/install/px4_msgs/include/px4_msgs/px4_msgs/msg/detail/vehicle_constraints__struct.h
-- Installing: /home/hamad/ws_offboard_control/install/px4_msgs/include/px4_msgs/px4_msgs/msg/detail/power_button_state__description.c
-- Installing: /home/hamad/ws_offboard_control/install/px4_msgs/include/px4_msgs/px4_msgs/msg/detail/sensor_uwb__description.c
-- Installing: /home/hamad/ws_offboard_control/install/px4_msgs/include/px4_msgs/px4_msgs/msg/detail/button_event__type_support.h
-- Installing: /home/hamad/ws_offboard_control/install/px4_msgs/include/px4_msgs/px4_msgs/msg/detail/sensor_correction__functions.c
-- Installing: /home/hamad/ws_offboard_control/install/px4_msgs/include/px4_msgs/px4_msgs/msg/detail/rc_channels__description.c
-- Installing: /home/hamad/ws_offboard_control/install/px4_msgs/include/px4_msgs/px4_msgs/msg/detail/radio_status__functions.c
-- Installing: /home/hamad/ws_offboard_control/install/px4_msgs/include/px4_msgs/px4_msgs/msg/detail/lateral_control_configuration__functions.h
-- Installing: /home/hamad/ws_offboard_control/install/px4_msgs/include/px4_msgs/px4_msgs/msg/detail/flight_phase_estimation__type_support.h
-- Installing: /home/hamad/ws_offboard_control/install/px4_msgs/include/px4_msgs/px4_msgs/msg/detail/parameter_set_value_request__functions.h
-- Installing: /home/hamad/ws_offboard_control/install/px4_msgs/include/px4_msgs/px4_msgs/msg/detail/vehicle_optical_flow__type_support.h
-- Installing: /home/hamad/ws_offboard_control/install/px4_msgs/include/px4_msgs/px4_msgs/msg/detail/wheel_encoders__functions.h
-- Installing: /home/hamad/ws_offboard_control/install/px4_msgs/include/px4_msgs/px4_msgs/msg/detail/rtl_status__description.c
-- Installing: /home/hamad/ws_offboard_control/install/px4_msgs/include/px4_msgs/px4_msgs/msg/detail/gimbal_device_set_attitude__functions.h
-- Installing: /home/hamad/ws_offboard_control/install/px4_msgs/include/px4_msgs/px4_msgs/msg/detail/differential_pressure__struct.h
-- Installing: /home/hamad/ws_offboard_control/install/px4_msgs/include/px4_msgs/px4_msgs/msg/detail/parameter_set_used_request__functions.h
-- Installing: /home/hamad/ws_offboard_control/install/px4_msgs/include/px4_msgs/px4_msgs/msg/detail/open_drone_id_self_id__struct.h
-- Installing: /home/hamad/ws_offboard_control/install/px4_msgs/include/px4_msgs/px4_msgs/msg/detail/position_setpoint__type_support.c
-- Installing: /home/hamad/ws_offboard_control/install/px4_msgs/include/px4_msgs/px4_msgs/msg/detail/uavcan_parameter_request__type_support.c
-- Installing: /home/hamad/ws_offboard_control/install/px4_msgs/include/px4_msgs/px4_msgs/msg/detail/cellular_status__description.c
-- Installing: /home/hamad/ws_offboard_control/install/px4_msgs/include/px4_msgs/px4_msgs/msg/detail/position_setpoint_triplet__type_support.h
-- Installing: /home/hamad/ws_offboard_control/install/px4_msgs/include/px4_msgs/px4_msgs/msg/detail/vehicle_rates_setpoint__functions.c
-- Installing: /home/hamad/ws_offboard_control/install/px4_msgs/include/px4_msgs/px4_msgs/msg/detail/vehicle_magnetometer__struct.h
-- Installing: /home/hamad/ws_offboard_control/install/px4_msgs/include/px4_msgs/px4_msgs/msg/detail/gimbal_manager_set_manual_control__description.c
-- Installing: /home/hamad/ws_offboard_control/install/px4_msgs/include/px4_msgs/px4_msgs/msg/detail/actuator_servos_trim__struct.h
-- Installing: /home/hamad/ws_offboard_control/install/px4_msgs/include/px4_msgs/px4_msgs/msg/detail/register_ext_component_reply__functions.c
-- Installing: /home/hamad/ws_offboard_control/install/px4_msgs/include/px4_msgs/px4_msgs/msg/detail/rover_rate_setpoint__functions.c
-- Installing: /home/hamad/ws_offboard_control/install/px4_msgs/include/px4_msgs/px4_msgs/msg/detail/debug_array__type_support.c
-- Installing: /home/hamad/ws_offboard_control/install/px4_msgs/include/px4_msgs/px4_msgs/msg/detail/irlock_report__functions.c
-- Installing: /home/hamad/ws_offboard_control/install/px4_msgs/include/px4_msgs/px4_msgs/msg/detail/register_ext_component_request__functions.h
-- Installing: /home/hamad/ws_offboard_control/install/px4_msgs/include/px4_msgs/px4_msgs/msg/detail/tune_control__struct.h
-- Installing: /home/hamad/ws_offboard_control/install/px4_msgs/include/px4_msgs/px4_msgs/msg/detail/estimator_selector_status__functions.h
-- Installing: /home/hamad/ws_offboard_control/install/px4_msgs/include/px4_msgs/px4_msgs/msg/detail/tune_control__description.c
-- Installing: /home/hamad/ws_offboard_control/install/px4_msgs/include/px4_msgs/px4_msgs/msg/detail/vehicle_air_data__description.c
-- Installing: /home/hamad/ws_offboard_control/install/px4_msgs/include/px4_msgs/px4_msgs/msg/detail/mount_orientation__functions.h
-- Installing: /home/hamad/ws_offboard_control/install/px4_msgs/include/px4_msgs/px4_msgs/msg/detail/vehicle_local_position_setpoint__type_support.h
-- Installing: /home/hamad/ws_offboard_control/install/px4_msgs/include/px4_msgs/px4_msgs/msg/detail/dataman_request__type_support.h
-- Installing: /home/hamad/ws_offboard_control/install/px4_msgs/include/px4_msgs/px4_msgs/msg/detail/vehicle_global_position__functions.h
-- Installing: /home/hamad/ws_offboard_control/install/px4_msgs/include/px4_msgs/px4_msgs/msg/detail/collision_constraints__functions.h
-- Installing: /home/hamad/ws_offboard_control/install/px4_msgs/include/px4_msgs/px4_msgs/msg/detail/obstacle_distance__type_support.c
-- Installing: /home/hamad/ws_offboard_control/install/px4_msgs/include/px4_msgs/px4_msgs/msg/detail/led_control__functions.c
-- Installing: /home/hamad/ws_offboard_control/install/px4_msgs/include/px4_msgs/px4_msgs/msg/detail/sensor_mag__struct.h
-- Installing: /home/hamad/ws_offboard_control/install/px4_msgs/include/px4_msgs/px4_msgs/msg/detail/esc_report__struct.h
-- Installing: /home/hamad/ws_offboard_control/install/px4_msgs/include/px4_msgs/px4_msgs/msg/detail/parameter_update__type_support.h
-- Installing: /home/hamad/ws_offboard_control/install/px4_msgs/include/px4_msgs/px4_msgs/msg/detail/yaw_estimator_status__functions.h
-- Installing: /home/hamad/ws_offboard_control/install/px4_msgs/include/px4_msgs/px4_msgs/msg/detail/vehicle_imu_status__functions.h
-- Installing: /home/hamad/ws_offboard_control/install/px4_msgs/include/px4_msgs/px4_msgs/msg/detail/rover_throttle_setpoint__type_support.c
-- Installing: /home/hamad/ws_offboard_control/install/px4_msgs/include/px4_msgs/px4_msgs/msg/detail/telemetry_status__struct.h
-- Installing: /home/hamad/ws_offboard_control/install/px4_msgs/include/px4_msgs/px4_msgs/msg/detail/trajectory_setpoint6dof__functions.h
-- Installing: /home/hamad/ws_offboard_control/install/px4_msgs/include/px4_msgs/px4_msgs/msg/detail/sensor_mag__functions.c
-- Installing: /home/hamad/ws_offboard_control/install/px4_msgs/include/px4_msgs/px4_msgs/msg/detail/sensor_gnss_relative__type_support.h
-- Installing: /home/hamad/ws_offboard_control/install/px4_msgs/include/px4_msgs/px4_msgs/msg/detail/sensor_preflight_mag__functions.c
-- Installing: /home/hamad/ws_offboard_control/install/px4_msgs/include/px4_msgs/px4_msgs/msg/detail/geofence_status__functions.h
-- Installing: /home/hamad/ws_offboard_control/install/px4_msgs/include/px4_msgs/px4_msgs/msg/detail/fixed_wing_lateral_setpoint__functions.c
-- Installing: /home/hamad/ws_offboard_control/install/px4_msgs/include/px4_msgs/px4_msgs/msg/detail/home_position__struct.h
-- Installing: /home/hamad/ws_offboard_control/install/px4_msgs/include/px4_msgs/px4_msgs/msg/detail/vehicle_optical_flow_vel__description.c
-- Installing: /home/hamad/ws_offboard_control/install/px4_msgs/include/px4_msgs/px4_msgs/msg/detail/mission_result__description.c
-- Installing: /home/hamad/ws_offboard_control/install/px4_msgs/include/px4_msgs/px4_msgs/msg/detail/vehicle_imu_status__type_support.h
-- Installing: /home/hamad/ws_offboard_control/install/px4_msgs/include/px4_msgs/px4_msgs/msg/detail/sensor_uwb__type_support.h
-- Installing: /home/hamad/ws_offboard_control/install/px4_msgs/include/px4_msgs/px4_msgs/msg/detail/rtl_status__functions.c
-- Installing: /home/hamad/ws_offboard_control/install/px4_msgs/include/px4_msgs/px4_msgs/msg/detail/battery_info__functions.c
-- Installing: /home/hamad/ws_offboard_control/install/px4_msgs/include/px4_msgs/px4_msgs/msg/detail/velocity_limits__description.c
-- Installing: /home/hamad/ws_offboard_control/install/px4_msgs/include/px4_msgs/px4_msgs/msg/detail/estimator_status__functions.c
-- Installing: /home/hamad/ws_offboard_control/install/px4_msgs/include/px4_msgs/px4_msgs/msg/detail/px4io_status__functions.h
-- Installing: /home/hamad/ws_offboard_control/install/px4_msgs/include/px4_msgs/px4_msgs/msg/detail/adc_report__functions.c
-- Installing: /home/hamad/ws_offboard_control/install/px4_msgs/include/px4_msgs/px4_msgs/msg/detail/uavcan_parameter_value__struct.h
-- Installing: /home/hamad/ws_offboard_control/install/px4_msgs/include/px4_msgs/px4_msgs/msg/detail/camera_trigger__description.c
-- Installing: /home/hamad/ws_offboard_control/install/px4_msgs/include/px4_msgs/px4_msgs/msg/detail/sensor_optical_flow__struct.h
-- Installing: /home/hamad/ws_offboard_control/install/px4_msgs/include/px4_msgs/px4_msgs/msg/detail/vehicle_local_position_setpoint__description.c
-- Installing: /home/hamad/ws_offboard_control/install/px4_msgs/include/px4_msgs/px4_msgs/msg/detail/autotune_attitude_control_status__type_support.c
-- Installing: /home/hamad/ws_offboard_control/install/px4_msgs/include/px4_msgs/px4_msgs/msg/detail/vehicle_acceleration__struct.h
-- Installing: /home/hamad/ws_offboard_control/install/px4_msgs/include/px4_msgs/px4_msgs/msg/detail/gpio_config__struct.h
-- Installing: /home/hamad/ws_offboard_control/install/px4_msgs/include/px4_msgs/px4_msgs/msg/detail/dataman_request__functions.h
-- Installing: /home/hamad/ws_offboard_control/install/px4_msgs/include/px4_msgs/px4_msgs/msg/detail/vehicle_roi__type_support.c
-- Installing: /home/hamad/ws_offboard_control/install/px4_msgs/include/px4_msgs/px4_msgs/msg/detail/airspeed_wind__functions.c
-- Installing: /home/hamad/ws_offboard_control/install/px4_msgs/include/px4_msgs/px4_msgs/msg/detail/manual_control_switches__functions.c
-- Installing: /home/hamad/ws_offboard_control/install/px4_msgs/include/px4_msgs/px4_msgs/msg/detail/sensor_gyro__functions.c
-- Installing: /home/hamad/ws_offboard_control/install/px4_msgs/include/px4_msgs/px4_msgs/msg/detail/battery_info__functions.h
-- Installing: /home/hamad/ws_offboard_control/install/px4_msgs/include/px4_msgs/px4_msgs/msg/detail/gps_dump__functions.h
-- Installing: /home/hamad/ws_offboard_control/install/px4_msgs/include/px4_msgs/px4_msgs/msg/detail/airspeed_validated__type_support.c
-- Installing: /home/hamad/ws_offboard_control/install/px4_msgs/include/px4_msgs/px4_msgs/msg/detail/vehicle_thrust_setpoint__description.c
-- Installing: /home/hamad/ws_offboard_control/install/px4_msgs/include/px4_msgs/px4_msgs/msg/detail/vehicle_land_detected__type_support.h
-- Installing: /home/hamad/ws_offboard_control/install/px4_msgs/include/px4_msgs/px4_msgs/msg/detail/esc_status__type_support.h
-- Installing: /home/hamad/ws_offboard_control/install/px4_msgs/include/px4_msgs/px4_msgs/msg/detail/vehicle_constraints__functions.c
-- Installing: /home/hamad/ws_offboard_control/install/px4_msgs/include/px4_msgs/px4_msgs/msg/detail/follow_target_estimator__struct.h
-- Installing: /home/hamad/ws_offboard_control/install/px4_msgs/include/px4_msgs/px4_msgs/msg/detail/message_format_request__functions.c
-- Installing: /home/hamad/ws_offboard_control/install/px4_msgs/include/px4_msgs/px4_msgs/msg/detail/actuator_controls_status__type_support.c
-- Installing: /home/hamad/ws_offboard_control/install/px4_msgs/include/px4_msgs/px4_msgs/msg/detail/rtl_time_estimate__description.c
-- Installing: /home/hamad/ws_offboard_control/install/px4_msgs/include/px4_msgs/px4_msgs/msg/detail/distance_sensor__type_support.c
-- Installing: /home/hamad/ws_offboard_control/install/px4_msgs/include/px4_msgs/px4_msgs/msg/detail/normalized_unsigned_setpoint__description.c
-- Installing: /home/hamad/ws_offboard_control/install/px4_msgs/include/px4_msgs/px4_msgs/msg/detail/gimbal_manager_set_attitude__functions.h
-- Installing: /home/hamad/ws_offboard_control/install/px4_msgs/include/px4_msgs/px4_msgs/msg/detail/differential_pressure__type_support.h
-- Installing: /home/hamad/ws_offboard_control/install/px4_msgs/include/px4_msgs/px4_msgs/msg/detail/gimbal_manager_set_attitude__type_support.h
-- Installing: /home/hamad/ws_offboard_control/install/px4_msgs/include/px4_msgs/px4_msgs/msg/detail/actuator_servos_trim__type_support.h
-- Installing: /home/hamad/ws_offboard_control/install/px4_msgs/include/px4_msgs/px4_msgs/msg/detail/differential_pressure__description.c
-- Installing: /home/hamad/ws_offboard_control/install/px4_msgs/include/px4_msgs/px4_msgs/msg/detail/gimbal_device_information__functions.c
-- Installing: /home/hamad/ws_offboard_control/install/px4_msgs/include/px4_msgs/px4_msgs/msg/detail/camera_status__type_support.h
-- Installing: /home/hamad/ws_offboard_control/install/px4_msgs/include/px4_msgs/px4_msgs/msg/detail/vehicle_command__functions.h
-- Installing: /home/hamad/ws_offboard_control/install/px4_msgs/include/px4_msgs/px4_msgs/msg/detail/gimbal_device_information__type_support.c
-- Installing: /home/hamad/ws_offboard_control/install/px4_msgs/include/px4_msgs/px4_msgs/msg/detail/vehicle_optical_flow_vel__functions.c
-- Installing: /home/hamad/ws_offboard_control/install/px4_msgs/include/px4_msgs/px4_msgs/msg/detail/failsafe_flags__type_support.h
-- Installing: /home/hamad/ws_offboard_control/install/px4_msgs/include/px4_msgs/px4_msgs/msg/detail/landing_target_innovations__struct.h
-- Installing: /home/hamad/ws_offboard_control/install/px4_msgs/include/px4_msgs/px4_msgs/msg/detail/vehicle_command__type_support.h
-- Installing: /home/hamad/ws_offboard_control/install/px4_msgs/include/px4_msgs/px4_msgs/msg/detail/mission__description.c
-- Installing: /home/hamad/ws_offboard_control/install/px4_msgs/include/px4_msgs/px4_msgs/msg/detail/rc_parameter_map__functions.c
-- Installing: /home/hamad/ws_offboard_control/install/px4_msgs/include/px4_msgs/px4_msgs/msg/detail/vehicle_air_data__type_support.c
-- Installing: /home/hamad/ws_offboard_control/install/px4_msgs/include/px4_msgs/px4_msgs/msg/detail/pwm_input__type_support.c
-- Installing: /home/hamad/ws_offboard_control/install/px4_msgs/include/px4_msgs/px4_msgs/msg/detail/mount_orientation__description.c
-- Installing: /home/hamad/ws_offboard_control/install/px4_msgs/include/px4_msgs/px4_msgs/msg/detail/power_button_state__type_support.h
-- Installing: /home/hamad/ws_offboard_control/install/px4_msgs/include/px4_msgs/px4_msgs/msg/detail/fixed_wing_lateral_setpoint__struct.h
-- Installing: /home/hamad/ws_offboard_control/install/px4_msgs/include/px4_msgs/px4_msgs/msg/detail/goto_setpoint__functions.c
-- Installing: /home/hamad/ws_offboard_control/install/px4_msgs/include/px4_msgs/px4_msgs/msg/detail/vehicle_local_position_setpoint__functions.c
-- Installing: /home/hamad/ws_offboard_control/install/px4_msgs/include/px4_msgs/px4_msgs/msg/detail/estimator_bias__functions.c
-- Installing: /home/hamad/ws_offboard_control/install/px4_msgs/include/px4_msgs/px4_msgs/msg/detail/sensor_gyro_fifo__description.c
-- Installing: /home/hamad/ws_offboard_control/install/px4_msgs/include/px4_msgs/px4_msgs/msg/detail/can_interface_status__type_support.c
-- Installing: /home/hamad/ws_offboard_control/install/px4_msgs/include/px4_msgs/px4_msgs/msg/detail/orb_test__type_support.c
-- Installing: /home/hamad/ws_offboard_control/install/px4_msgs/include/px4_msgs/px4_msgs/msg/detail/orb_test_large__functions.c
-- Installing: /home/hamad/ws_offboard_control/install/px4_msgs/include/px4_msgs/px4_msgs/msg/detail/open_drone_id_system__type_support.h
-- Installing: /home/hamad/ws_offboard_control/install/px4_msgs/include/px4_msgs/px4_msgs/msg/detail/airspeed__functions.c
-- Installing: /home/hamad/ws_offboard_control/install/px4_msgs/include/px4_msgs/px4_msgs/msg/detail/radio_status__functions.h
-- Installing: /home/hamad/ws_offboard_control/install/px4_msgs/include/px4_msgs/px4_msgs/msg/detail/orb_test__struct.h
-- Installing: /home/hamad/ws_offboard_control/install/px4_msgs/include/px4_msgs/px4_msgs/msg/detail/actuator_outputs__functions.h
-- Installing: /home/hamad/ws_offboard_control/install/px4_msgs/include/px4_msgs/px4_msgs/msg/detail/dataman_request__type_support.c
-- Installing: /home/hamad/ws_offboard_control/install/px4_msgs/include/px4_msgs/px4_msgs/msg/detail/sensor_airflow__type_support.c
-- Installing: /home/hamad/ws_offboard_control/install/px4_msgs/include/px4_msgs/px4_msgs/msg/detail/gimbal_device_information__type_support.h
-- Installing: /home/hamad/ws_offboard_control/install/px4_msgs/include/px4_msgs/px4_msgs/msg/detail/ekf2_timestamps__type_support.h
-- Installing: /home/hamad/ws_offboard_control/install/px4_msgs/include/px4_msgs/px4_msgs/msg/detail/open_drone_id_arm_status__type_support.c
-- Installing: /home/hamad/ws_offboard_control/install/px4_msgs/include/px4_msgs/px4_msgs/msg/detail/debug_vect__struct.h
-- Installing: /home/hamad/ws_offboard_control/install/px4_msgs/include/px4_msgs/px4_msgs/msg/detail/power_monitor__struct.h
-- Installing: /home/hamad/ws_offboard_control/install/px4_msgs/include/px4_msgs/px4_msgs/msg/detail/internal_combustion_engine_status__struct.h
-- Installing: /home/hamad/ws_offboard_control/install/px4_msgs/include/px4_msgs/px4_msgs/msg/detail/estimator_selector_status__struct.h
-- Installing: /home/hamad/ws_offboard_control/install/px4_msgs/include/px4_msgs/px4_msgs/msg/detail/vehicle_odometry__struct.h
-- Installing: /home/hamad/ws_offboard_control/install/px4_msgs/include/px4_msgs/px4_msgs/msg/detail/gimbal_manager_status__struct.h
-- Installing: /home/hamad/ws_offboard_control/install/px4_msgs/include/px4_msgs/px4_msgs/msg/detail/actuator_motors__type_support.h
-- Installing: /home/hamad/ws_offboard_control/install/px4_msgs/include/px4_msgs/px4_msgs/msg/detail/gpio_in__description.c
-- Installing: /home/hamad/ws_offboard_control/install/px4_msgs/include/px4_msgs/px4_msgs/msg/detail/estimator_gps_status__type_support.h
-- Installing: /home/hamad/ws_offboard_control/install/px4_msgs/include/px4_msgs/px4_msgs/msg/detail/sensors_status__struct.h
-- Installing: /home/hamad/ws_offboard_control/install/px4_msgs/include/px4_msgs/px4_msgs/msg/detail/vehicle_angular_velocity__type_support.c
-- Installing: /home/hamad/ws_offboard_control/install/px4_msgs/include/px4_msgs/px4_msgs/msg/detail/unregister_ext_component__description.c
-- Installing: /home/hamad/ws_offboard_control/install/px4_msgs/include/px4_msgs/px4_msgs/msg/detail/register_ext_component_reply__description.c
-- Installing: /home/hamad/ws_offboard_control/install/px4_msgs/include/px4_msgs/px4_msgs/msg/detail/figure_eight_status__description.c
-- Installing: /home/hamad/ws_offboard_control/install/px4_msgs/include/px4_msgs/px4_msgs/msg/detail/task_stack_info__struct.h
-- Installing: /home/hamad/ws_offboard_control/install/px4_msgs/include/px4_msgs/px4_msgs/msg/detail/tecs_status__type_support.c
-- Installing: /home/hamad/ws_offboard_control/install/px4_msgs/include/px4_msgs/px4_msgs/msg/detail/uavcan_parameter_request__type_support.h
-- Installing: /home/hamad/ws_offboard_control/install/px4_msgs/include/px4_msgs/px4_msgs/msg/detail/pps_capture__type_support.h
-- Installing: /home/hamad/ws_offboard_control/install/px4_msgs/include/px4_msgs/px4_msgs/msg/detail/vehicle_status__type_support.h
-- Installing: /home/hamad/ws_offboard_control/install/px4_msgs/include/px4_msgs/px4_msgs/msg/detail/sensor_baro__type_support.c
-- Installing: /home/hamad/ws_offboard_control/install/px4_msgs/include/px4_msgs/px4_msgs/msg/detail/vehicle_status__functions.c
-- Installing: /home/hamad/ws_offboard_control/install/px4_msgs/include/px4_msgs/px4_msgs/msg/detail/estimator_event_flags__functions.h
-- Installing: /home/hamad/ws_offboard_control/install/px4_msgs/include/px4_msgs/px4_msgs/msg/detail/figure_eight_status__functions.h
-- Installing: /home/hamad/ws_offboard_control/install/px4_msgs/include/px4_msgs/px4_msgs/msg/detail/gimbal_controls__type_support.c
-- Installing: /home/hamad/ws_offboard_control/install/px4_msgs/include/px4_msgs/px4_msgs/msg/detail/ulog_stream_ack__functions.c
-- Installing: /home/hamad/ws_offboard_control/install/px4_msgs/include/px4_msgs/px4_msgs/msg/detail/estimator_aid_source1d__functions.c
-- Installing: /home/hamad/ws_offboard_control/install/px4_msgs/include/px4_msgs/px4_msgs/msg/detail/actuator_motors__functions.c
-- Installing: /home/hamad/ws_offboard_control/install/px4_msgs/include/px4_msgs/px4_msgs/msg/detail/transponder_report__type_support.h
-- Installing: /home/hamad/ws_offboard_control/install/px4_msgs/include/px4_msgs/px4_msgs/msg/detail/fixed_wing_runway_control__type_support.c
-- Installing: /home/hamad/ws_offboard_control/install/px4_msgs/include/px4_msgs/px4_msgs/msg/detail/register_ext_component_reply__type_support.c
-- Installing: /home/hamad/ws_offboard_control/install/px4_msgs/include/px4_msgs/px4_msgs/msg/detail/ulog_stream_ack__type_support.h
-- Installing: /home/hamad/ws_offboard_control/install/px4_msgs/include/px4_msgs/px4_msgs/msg/detail/orb_test_large__description.c
-- Installing: /home/hamad/ws_offboard_control/install/px4_msgs/include/px4_msgs/px4_msgs/msg/detail/estimator_gps_status__struct.h
-- Installing: /home/hamad/ws_offboard_control/install/px4_msgs/include/px4_msgs/px4_msgs/msg/detail/control_allocator_status__type_support.h
-- Installing: /home/hamad/ws_offboard_control/install/px4_msgs/include/px4_msgs/px4_msgs/msg/detail/vehicle_magnetometer__description.c
-- Installing: /home/hamad/ws_offboard_control/install/px4_msgs/include/px4_msgs/px4_msgs/msg/detail/vehicle_air_data__type_support.h
-- Installing: /home/hamad/ws_offboard_control/install/px4_msgs/include/px4_msgs/px4_msgs/msg/detail/power_monitor__functions.h
-- Installing: /home/hamad/ws_offboard_control/install/px4_msgs/include/px4_msgs/px4_msgs/msg/detail/uavcan_parameter_value__type_support.h
-- Installing: /home/hamad/ws_offboard_control/install/px4_msgs/include/px4_msgs/px4_msgs/msg/detail/debug_value__functions.c
-- Installing: /home/hamad/ws_offboard_control/install/px4_msgs/include/px4_msgs/px4_msgs/msg/detail/battery_status__type_support.h
-- Installing: /home/hamad/ws_offboard_control/install/px4_msgs/include/px4_msgs/px4_msgs/msg/detail/estimator_aid_source1d__functions.h
-- Installing: /home/hamad/ws_offboard_control/install/px4_msgs/include/px4_msgs/px4_msgs/msg/detail/telemetry_status__functions.h
-- Installing: /home/hamad/ws_offboard_control/install/px4_msgs/include/px4_msgs/px4_msgs/msg/detail/heater_status__type_support.h
-- Installing: /home/hamad/ws_offboard_control/install/px4_msgs/include/px4_msgs/px4_msgs/msg/detail/vehicle_acceleration__functions.c
-- Installing: /home/hamad/ws_offboard_control/install/px4_msgs/include/px4_msgs/px4_msgs/msg/detail/estimator_aid_source3d__type_support.c
-- Installing: /home/hamad/ws_offboard_control/install/px4_msgs/include/px4_msgs/px4_msgs/msg/detail/esc_report__functions.c
-- Installing: /home/hamad/ws_offboard_control/install/px4_msgs/include/px4_msgs/px4_msgs/msg/detail/landing_target_pose__functions.c
-- Installing: /home/hamad/ws_offboard_control/install/px4_msgs/include/px4_msgs/px4_msgs/msg/detail/vehicle_control_mode__description.c
-- Installing: /home/hamad/ws_offboard_control/install/px4_msgs/include/px4_msgs/px4_msgs/msg/detail/rover_steering_setpoint__description.c
-- Installing: /home/hamad/ws_offboard_control/install/px4_msgs/include/px4_msgs/px4_msgs/msg/detail/goto_setpoint__description.c
-- Installing: /home/hamad/ws_offboard_control/install/px4_msgs/include/px4_msgs/px4_msgs/msg/detail/rtl_status__struct.h
-- Installing: /home/hamad/ws_offboard_control/install/px4_msgs/include/px4_msgs/px4_msgs/msg/detail/sensor_accel_fifo__type_support.c
-- Installing: /home/hamad/ws_offboard_control/install/px4_msgs/include/px4_msgs/px4_msgs/msg/detail/rc_channels__type_support.c
-- Installing: /home/hamad/ws_offboard_control/install/px4_msgs/include/px4_msgs/px4_msgs/msg/detail/hover_thrust_estimate__description.c
-- Installing: /home/hamad/ws_offboard_control/install/px4_msgs/include/px4_msgs/px4_msgs/msg/detail/vehicle_status__functions.h
-- Installing: /home/hamad/ws_offboard_control/install/px4_msgs/include/px4_msgs/px4_msgs/msg/detail/qshell_req__struct.h
-- Installing: /home/hamad/ws_offboard_control/install/px4_msgs/include/px4_msgs/px4_msgs/msg/detail/mode_completed__functions.h
-- Installing: /home/hamad/ws_offboard_control/install/px4_msgs/include/px4_msgs/px4_msgs/msg/detail/vehicle_angular_velocity__struct.h
-- Installing: /home/hamad/ws_offboard_control/install/px4_msgs/include/px4_msgs/px4_msgs/msg/detail/fixed_wing_longitudinal_setpoint__functions.c
-- Installing: /home/hamad/ws_offboard_control/install/px4_msgs/include/px4_msgs/px4_msgs/msg/detail/open_drone_id_operator_id__type_support.c
-- Installing: /home/hamad/ws_offboard_control/install/px4_msgs/include/px4_msgs/px4_msgs/msg/detail/follow_target__struct.h
-- Installing: /home/hamad/ws_offboard_control/install/px4_msgs/include/px4_msgs/px4_msgs/msg/detail/gimbal_manager_set_manual_control__functions.c
-- Installing: /home/hamad/ws_offboard_control/install/px4_msgs/include/px4_msgs/px4_msgs/msg/detail/task_stack_info__functions.h
-- Installing: /home/hamad/ws_offboard_control/install/px4_msgs/include/px4_msgs/px4_msgs/msg/detail/gps_dump__description.c
-- Installing: /home/hamad/ws_offboard_control/install/px4_msgs/include/px4_msgs/px4_msgs/msg/detail/vehicle_thrust_setpoint__struct.h
-- Installing: /home/hamad/ws_offboard_control/install/px4_msgs/include/px4_msgs/px4_msgs/msg/detail/pwm_input__description.c
-- Installing: /home/hamad/ws_offboard_control/install/px4_msgs/include/px4_msgs/px4_msgs/msg/detail/dronecan_node_status__functions.h
-- Installing: /home/hamad/ws_offboard_control/install/px4_msgs/include/px4_msgs/px4_msgs/msg/detail/fixed_wing_runway_control__functions.h
-- Installing: /home/hamad/ws_offboard_control/install/px4_msgs/include/px4_msgs/px4_msgs/msg/detail/iridiumsbd_status__functions.h
-- Installing: /home/hamad/ws_offboard_control/install/px4_msgs/include/px4_msgs/px4_msgs/msg/detail/goto_setpoint__functions.h
-- Installing: /home/hamad/ws_offboard_control/install/px4_msgs/include/px4_msgs/px4_msgs/msg/detail/landing_target_innovations__type_support.c
-- Installing: /home/hamad/ws_offboard_control/install/px4_msgs/include/px4_msgs/px4_msgs/msg/detail/vehicle_torque_setpoint__functions.h
-- Installing: /home/hamad/ws_offboard_control/install/px4_msgs/include/px4_msgs/px4_msgs/msg/detail/position_controller_landing_status__functions.c
-- Installing: /home/hamad/ws_offboard_control/install/px4_msgs/include/px4_msgs/px4_msgs/msg/detail/estimator_bias3d__type_support.c
-- Installing: /home/hamad/ws_offboard_control/install/px4_msgs/include/px4_msgs/px4_msgs/msg/detail/actuator_servos__functions.c
-- Installing: /home/hamad/ws_offboard_control/install/px4_msgs/include/px4_msgs/px4_msgs/msg/detail/camera_trigger__functions.h
-- Installing: /home/hamad/ws_offboard_control/install/px4_msgs/include/px4_msgs/px4_msgs/msg/detail/gpio_request__description.c
-- Installing: /home/hamad/ws_offboard_control/install/px4_msgs/include/px4_msgs/px4_msgs/msg/detail/distance_sensor__type_support.h
-- Installing: /home/hamad/ws_offboard_control/install/px4_msgs/include/px4_msgs/px4_msgs/msg/detail/cpuload__functions.h
-- Installing: /home/hamad/ws_offboard_control/install/px4_msgs/include/px4_msgs/px4_msgs/msg/detail/parameter_set_value_request__functions.c
-- Installing: /home/hamad/ws_offboard_control/install/px4_msgs/include/px4_msgs/px4_msgs/msg/detail/sensor_baro__functions.h
-- Installing: /home/hamad/ws_offboard_control/install/px4_msgs/include/px4_msgs/px4_msgs/msg/detail/estimator_status__type_support.h
-- Installing: /home/hamad/ws_offboard_control/install/px4_msgs/include/px4_msgs/px4_msgs/msg/detail/arming_check_request__type_support.c
-- Installing: /home/hamad/ws_offboard_control/install/px4_msgs/include/px4_msgs/px4_msgs/msg/detail/navigator_mission_item__struct.h
-- Installing: /home/hamad/ws_offboard_control/install/px4_msgs/include/px4_msgs/px4_msgs/msg/detail/fixed_wing_lateral_setpoint__type_support.c
-- Installing: /home/hamad/ws_offboard_control/install/px4_msgs/include/px4_msgs/px4_msgs/msg/detail/message_format_request__description.c
-- Installing: /home/hamad/ws_offboard_control/install/px4_msgs/include/px4_msgs/px4_msgs/msg/detail/tecs_status__description.c
-- Installing: /home/hamad/ws_offboard_control/install/px4_msgs/include/px4_msgs/px4_msgs/msg/detail/gimbal_manager_status__type_support.c
-- Installing: /home/hamad/ws_offboard_control/install/px4_msgs/include/px4_msgs/px4_msgs/msg/detail/camera_status__struct.h
-- Installing: /home/hamad/ws_offboard_control/install/px4_msgs/include/px4_msgs/px4_msgs/msg/detail/satellite_info__struct.h
-- Installing: /home/hamad/ws_offboard_control/install/px4_msgs/include/px4_msgs/px4_msgs/msg/detail/figure_eight_status__type_support.h
-- Installing: /home/hamad/ws_offboard_control/install/px4_msgs/include/px4_msgs/px4_msgs/msg/detail/gps_dump__functions.c
-- Installing: /home/hamad/ws_offboard_control/install/px4_msgs/include/px4_msgs/px4_msgs/msg/detail/vehicle_optical_flow_vel__type_support.h
-- Installing: /home/hamad/ws_offboard_control/install/px4_msgs/include/px4_msgs/px4_msgs/msg/detail/estimator_bias3d__struct.h
-- Installing: /home/hamad/ws_offboard_control/install/px4_msgs/include/px4_msgs/px4_msgs/msg/detail/gpio_request__type_support.h
-- Installing: /home/hamad/ws_offboard_control/install/px4_msgs/include/px4_msgs/px4_msgs/msg/detail/manual_control_switches__type_support.c
-- Installing: /home/hamad/ws_offboard_control/install/px4_msgs/include/px4_msgs/px4_msgs/msg/detail/vehicle_torque_setpoint__type_support.h
-- Installing: /home/hamad/ws_offboard_control/install/px4_msgs/include/px4_msgs/px4_msgs/msg/detail/wind__struct.h
-- Installing: /home/hamad/ws_offboard_control/install/px4_msgs/include/px4_msgs/px4_msgs/msg/detail/vehicle_local_position__type_support.c
-- Installing: /home/hamad/ws_offboard_control/install/px4_msgs/include/px4_msgs/px4_msgs/msg/detail/sensor_gyro_fifo__type_support.h
-- Installing: /home/hamad/ws_offboard_control/install/px4_msgs/include/px4_msgs/px4_msgs/msg/detail/estimator_states__functions.c
-- Installing: /home/hamad/ws_offboard_control/install/px4_msgs/include/px4_msgs/px4_msgs/msg/detail/power_button_state__struct.h
-- Installing: /home/hamad/ws_offboard_control/install/px4_msgs/include/px4_msgs/px4_msgs/msg/detail/system_power__struct.h
-- Installing: /home/hamad/ws_offboard_control/install/px4_msgs/include/px4_msgs/px4_msgs/msg/detail/onboard_computer_status__functions.h
-- Installing: /home/hamad/ws_offboard_control/install/px4_msgs/include/px4_msgs/px4_msgs/msg/detail/message_format_response__functions.c
-- Installing: /home/hamad/ws_offboard_control/install/px4_msgs/include/px4_msgs/px4_msgs/msg/detail/velocity_limits__type_support.c
-- Installing: /home/hamad/ws_offboard_control/install/px4_msgs/include/px4_msgs/px4_msgs/msg/detail/collision_constraints__description.c
-- Installing: /home/hamad/ws_offboard_control/install/px4_msgs/include/px4_msgs/px4_msgs/msg/detail/sensor_accel_fifo__functions.h
-- Installing: /home/hamad/ws_offboard_control/install/px4_msgs/include/px4_msgs/px4_msgs/msg/detail/tiltrotor_extra_controls__functions.h
-- Installing: /home/hamad/ws_offboard_control/install/px4_msgs/include/px4_msgs/px4_msgs/msg/detail/estimator_gps_status__description.c
-- Installing: /home/hamad/ws_offboard_control/install/px4_msgs/include/px4_msgs/px4_msgs/msg/detail/vtol_vehicle_status__type_support.h
-- Installing: /home/hamad/ws_offboard_control/install/px4_msgs/include/px4_msgs/px4_msgs/msg/detail/follow_target_status__functions.c
-- Installing: /home/hamad/ws_offboard_control/install/px4_msgs/include/px4_msgs/px4_msgs/msg/detail/heater_status__functions.h
-- Installing: /home/hamad/ws_offboard_control/install/px4_msgs/include/px4_msgs/px4_msgs/msg/detail/debug_value__struct.h
-- Installing: /home/hamad/ws_offboard_control/install/px4_msgs/include/px4_msgs/px4_msgs/msg/detail/rtl_status__functions.h
-- Installing: /home/hamad/ws_offboard_control/install/px4_msgs/include/px4_msgs/px4_msgs/msg/detail/gimbal_device_attitude_status__functions.h
-- Installing: /home/hamad/ws_offboard_control/install/px4_msgs/include/px4_msgs/px4_msgs/msg/detail/geofence_result__struct.h
-- Installing: /home/hamad/ws_offboard_control/install/px4_msgs/include/px4_msgs/px4_msgs/msg/detail/input_rc__type_support.c
-- Installing: /home/hamad/ws_offboard_control/install/px4_msgs/include/px4_msgs/px4_msgs/msg/detail/tecs_status__struct.h
-- Installing: /home/hamad/ws_offboard_control/install/px4_msgs/include/px4_msgs/px4_msgs/msg/detail/timesync_status__functions.c
-- Installing: /home/hamad/ws_offboard_control/install/px4_msgs/include/px4_msgs/px4_msgs/msg/detail/estimator_states__struct.h
-- Installing: /home/hamad/ws_offboard_control/install/px4_msgs/include/px4_msgs/px4_msgs/msg/detail/internal_combustion_engine_control__description.c
-- Installing: /home/hamad/ws_offboard_control/install/px4_msgs/include/px4_msgs/px4_msgs/msg/detail/actuator_servos_trim__description.c
-- Installing: /home/hamad/ws_offboard_control/install/px4_msgs/include/px4_msgs/px4_msgs/msg/detail/actuator_motors__struct.h
-- Installing: /home/hamad/ws_offboard_control/install/px4_msgs/include/px4_msgs/px4_msgs/msg/detail/px4io_status__struct.h
-- Installing: /home/hamad/ws_offboard_control/install/px4_msgs/include/px4_msgs/px4_msgs/msg/detail/sensor_baro__description.c
-- Installing: /home/hamad/ws_offboard_control/install/px4_msgs/include/px4_msgs/px4_msgs/msg/detail/vehicle_imu_status__description.c
-- Installing: /home/hamad/ws_offboard_control/install/px4_msgs/include/px4_msgs/px4_msgs/msg/detail/esc_report__type_support.h
-- Installing: /home/hamad/ws_offboard_control/install/px4_msgs/include/px4_msgs/px4_msgs/msg/detail/debug_vect__type_support.h
-- Installing: /home/hamad/ws_offboard_control/install/px4_msgs/include/px4_msgs/px4_msgs/msg/detail/mission__functions.h
-- Installing: /home/hamad/ws_offboard_control/install/px4_msgs/include/px4_msgs/px4_msgs/msg/detail/vehicle_global_position__type_support.h
-- Installing: /home/hamad/ws_offboard_control/install/px4_msgs/include/px4_msgs/px4_msgs/msg/detail/gimbal_manager_information__functions.h
-- Installing: /home/hamad/ws_offboard_control/install/px4_msgs/include/px4_msgs/px4_msgs/msg/detail/fixed_wing_lateral_status__type_support.h
-- Installing: /home/hamad/ws_offboard_control/install/px4_msgs/include/px4_msgs/px4_msgs/msg/detail/esc_report__type_support.c
-- Installing: /home/hamad/ws_offboard_control/install/px4_msgs/include/px4_msgs/px4_msgs/msg/detail/sensor_preflight_mag__description.c
-- Installing: /home/hamad/ws_offboard_control/install/px4_msgs/include/px4_msgs/px4_msgs/msg/detail/actuator_armed__struct.h
-- Installing: /home/hamad/ws_offboard_control/install/px4_msgs/include/px4_msgs/px4_msgs/msg/detail/system_power__type_support.h
-- Installing: /home/hamad/ws_offboard_control/install/px4_msgs/include/px4_msgs/px4_msgs/msg/detail/actuator_armed__description.c
-- Installing: /home/hamad/ws_offboard_control/install/px4_msgs/include/px4_msgs/px4_msgs/msg/detail/estimator_sensor_bias__description.c
-- Installing: /home/hamad/ws_offboard_control/install/px4_msgs/include/px4_msgs/px4_msgs/msg/detail/actuator_servos__type_support.h
-- Installing: /home/hamad/ws_offboard_control/install/px4_msgs/include/px4_msgs/px4_msgs/msg/detail/debug_value__description.c
-- Installing: /home/hamad/ws_offboard_control/install/px4_msgs/include/px4_msgs/px4_msgs/msg/detail/event__type_support.c
-- Installing: /home/hamad/ws_offboard_control/install/px4_msgs/include/px4_msgs/px4_msgs/msg/detail/ekf2_timestamps__description.c
-- Installing: /home/hamad/ws_offboard_control/install/px4_msgs/include/px4_msgs/px4_msgs/msg/detail/vehicle_attitude__description.c
-- Installing: /home/hamad/ws_offboard_control/install/px4_msgs/include/px4_msgs/px4_msgs/msg/detail/health_report__description.c
-- Installing: /home/hamad/ws_offboard_control/install/px4_msgs/include/px4_msgs/px4_msgs/msg/detail/mission__functions.c
-- Installing: /home/hamad/ws_offboard_control/install/px4_msgs/include/px4_msgs/px4_msgs/msg/detail/vehicle_optical_flow__functions.c
-- Installing: /home/hamad/ws_offboard_control/install/px4_msgs/include/px4_msgs/px4_msgs/msg/detail/rc_parameter_map__description.c
-- Installing: /home/hamad/ws_offboard_control/install/px4_msgs/include/px4_msgs/px4_msgs/msg/detail/vehicle_local_position_setpoint__struct.h
-- Installing: /home/hamad/ws_offboard_control/install/px4_msgs/include/px4_msgs/px4_msgs/msg/detail/vehicle_odometry__type_support.h
-- Installing: /home/hamad/ws_offboard_control/install/px4_msgs/include/px4_msgs/px4_msgs/msg/detail/vehicle_land_detected__description.c
-- Installing: /home/hamad/ws_offboard_control/install/px4_msgs/include/px4_msgs/px4_msgs/msg/detail/geofence_status__type_support.h
-- Installing: /home/hamad/ws_offboard_control/install/px4_msgs/include/px4_msgs/px4_msgs/msg/detail/tiltrotor_extra_controls__type_support.c
-- Installing: /home/hamad/ws_offboard_control/install/px4_msgs/include/px4_msgs/px4_msgs/msg/detail/rpm__functions.c
-- Installing: /home/hamad/ws_offboard_control/install/px4_msgs/include/px4_msgs/px4_msgs/msg/detail/sensor_correction__functions.h
-- Installing: /home/hamad/ws_offboard_control/install/px4_msgs/include/px4_msgs/px4_msgs/msg/detail/position_controller_status__struct.h
-- Installing: /home/hamad/ws_offboard_control/install/px4_msgs/include/px4_msgs/px4_msgs/msg/detail/differential_pressure__functions.c
-- Installing: /home/hamad/ws_offboard_control/install/px4_msgs/include/px4_msgs/px4_msgs/msg/detail/vehicle_thrust_setpoint__type_support.c
-- Installing: /home/hamad/ws_offboard_control/install/px4_msgs/include/px4_msgs/px4_msgs/msg/detail/airspeed_wind__functions.h
-- Installing: /home/hamad/ws_offboard_control/install/px4_msgs/include/px4_msgs/px4_msgs/msg/detail/trajectory_setpoint__functions.c
-- Installing: /home/hamad/ws_offboard_control/install/px4_msgs/include/px4_msgs/px4_msgs/msg/detail/parameter_reset_request__description.c
-- Installing: /home/hamad/ws_offboard_control/install/px4_msgs/include/px4_msgs/px4_msgs/msg/detail/actuator_test__functions.c
-- Installing: /home/hamad/ws_offboard_control/install/px4_msgs/include/px4_msgs/px4_msgs/msg/detail/onboard_computer_status__functions.c
-- Installing: /home/hamad/ws_offboard_control/install/px4_msgs/include/px4_msgs/px4_msgs/msg/detail/estimator_states__description.c
-- Installing: /home/hamad/ws_offboard_control/install/px4_msgs/include/px4_msgs/px4_msgs/msg/detail/timesync_status__functions.h
-- Installing: /home/hamad/ws_offboard_control/install/px4_msgs/include/px4_msgs/px4_msgs/msg/detail/health_report__type_support.c
-- Installing: /home/hamad/ws_offboard_control/install/px4_msgs/include/px4_msgs/px4_msgs/msg/detail/power_button_state__functions.h
-- Installing: /home/hamad/ws_offboard_control/install/px4_msgs/include/px4_msgs/px4_msgs/msg/detail/orb_test__type_support.h
-- Installing: /home/hamad/ws_offboard_control/install/px4_msgs/include/px4_msgs/px4_msgs/msg/detail/radio_status__type_support.c
-- Installing: /home/hamad/ws_offboard_control/install/px4_msgs/include/px4_msgs/px4_msgs/msg/detail/trajectory_setpoint6dof__type_support.c
-- Installing: /home/hamad/ws_offboard_control/install/px4_msgs/include/px4_msgs/px4_msgs/msg/detail/estimator_aid_source2d__functions.c
-- Installing: /home/hamad/ws_offboard_control/install/px4_msgs/include/px4_msgs/px4_msgs/msg/detail/parameter_reset_request__functions.h
-- Installing: /home/hamad/ws_offboard_control/install/px4_msgs/include/px4_msgs/px4_msgs/msg/detail/estimator_sensor_bias__functions.c
-- Installing: /home/hamad/ws_offboard_control/install/px4_msgs/include/px4_msgs/px4_msgs/msg/detail/obstacle_distance__functions.h
-- Installing: /home/hamad/ws_offboard_control/install/px4_msgs/include/px4_msgs/px4_msgs/msg/detail/position_setpoint_triplet__functions.c
-- Installing: /home/hamad/ws_offboard_control/install/px4_msgs/include/px4_msgs/px4_msgs/msg/detail/vehicle_imu__description.c
-- Installing: /home/hamad/ws_offboard_control/install/px4_msgs/include/px4_msgs/px4_msgs/msg/detail/mode_completed__type_support.h
-- Installing: /home/hamad/ws_offboard_control/install/px4_msgs/include/px4_msgs/px4_msgs/msg/detail/home_position__functions.c
-- Installing: /home/hamad/ws_offboard_control/install/px4_msgs/include/px4_msgs/px4_msgs/msg/detail/sensor_hygrometer__struct.h
-- Installing: /home/hamad/ws_offboard_control/install/px4_msgs/include/px4_msgs/px4_msgs/msg/detail/position_setpoint__struct.h
-- Installing: /home/hamad/ws_offboard_control/install/px4_msgs/include/px4_msgs/px4_msgs/msg/detail/airspeed__struct.h
-- Installing: /home/hamad/ws_offboard_control/install/px4_msgs/include/px4_msgs/px4_msgs/msg/detail/gpio_request__functions.h
-- Installing: /home/hamad/ws_offboard_control/install/px4_msgs/include/px4_msgs/px4_msgs/msg/detail/sensor_gnss_status__functions.c
-- Installing: /home/hamad/ws_offboard_control/install/px4_msgs/include/px4_msgs/px4_msgs/msg/detail/orbit_status__functions.h
-- Installing: /home/hamad/ws_offboard_control/install/px4_msgs/include/px4_msgs/px4_msgs/msg/detail/vehicle_optical_flow__type_support.c
-- Installing: /home/hamad/ws_offboard_control/install/px4_msgs/include/px4_msgs/px4_msgs/msg/detail/vehicle_acceleration__functions.h
-- Installing: /home/hamad/ws_offboard_control/install/px4_msgs/include/px4_msgs/px4_msgs/msg/detail/parameter_set_value_response__functions.c
-- Installing: /home/hamad/ws_offboard_control/install/px4_msgs/include/px4_msgs/px4_msgs/msg/detail/sensor_mag__description.c
-- Installing: /home/hamad/ws_offboard_control/install/px4_msgs/include/px4_msgs/px4_msgs/msg/detail/follow_target_estimator__type_support.c
-- Installing: /home/hamad/ws_offboard_control/install/px4_msgs/include/px4_msgs/px4_msgs/msg/detail/vehicle_imu_status__functions.c
-- Installing: /home/hamad/ws_offboard_control/install/px4_msgs/include/px4_msgs/px4_msgs/msg/detail/internal_combustion_engine_control__struct.h
-- Installing: /home/hamad/ws_offboard_control/install/px4_msgs/include/px4_msgs/px4_msgs/msg/detail/estimator_aid_source2d__struct.h
-- Installing: /home/hamad/ws_offboard_control/install/px4_msgs/include/px4_msgs/px4_msgs/msg/detail/actuator_controls_status__functions.h
-- Installing: /home/hamad/ws_offboard_control/install/px4_msgs/include/px4_msgs/px4_msgs/msg/detail/sensor_gnss_relative__functions.c
-- Installing: /home/hamad/ws_offboard_control/install/px4_msgs/include/px4_msgs/px4_msgs/msg/detail/arming_check_reply__struct.h
-- Installing: /home/hamad/ws_offboard_control/install/px4_msgs/include/px4_msgs/px4_msgs/msg/detail/rover_attitude_setpoint__struct.h
-- Installing: /home/hamad/ws_offboard_control/install/px4_msgs/include/px4_msgs/px4_msgs/msg/detail/rover_attitude_status__functions.c
-- Installing: /home/hamad/ws_offboard_control/install/px4_msgs/include/px4_msgs/px4_msgs/msg/detail/rover_attitude_setpoint__description.c
-- Installing: /home/hamad/ws_offboard_control/install/px4_msgs/include/px4_msgs/px4_msgs/msg/detail/fixed_wing_longitudinal_setpoint__functions.h
-- Installing: /home/hamad/ws_offboard_control/install/px4_msgs/include/px4_msgs/px4_msgs/msg/detail/vehicle_land_detected__functions.h
-- Installing: /home/hamad/ws_offboard_control/install/px4_msgs/include/px4_msgs/px4_msgs/msg/detail/actuator_armed__functions.c
-- Installing: /home/hamad/ws_offboard_control/install/px4_msgs/include/px4_msgs/px4_msgs/msg/detail/mavlink_tunnel__type_support.h
-- Installing: /home/hamad/ws_offboard_control/install/px4_msgs/include/px4_msgs/px4_msgs/msg/detail/logger_status__type_support.h
-- Installing: /home/hamad/ws_offboard_control/install/px4_msgs/include/px4_msgs/px4_msgs/msg/detail/sensor_airflow__struct.h
-- Installing: /home/hamad/ws_offboard_control/install/px4_msgs/include/px4_msgs/px4_msgs/msg/detail/gimbal_device_information__struct.h
-- Installing: /home/hamad/ws_offboard_control/install/px4_msgs/include/px4_msgs/px4_msgs/msg/detail/gps_dump__type_support.h
-- Installing: /home/hamad/ws_offboard_control/install/px4_msgs/include/px4_msgs/px4_msgs/msg/detail/rc_parameter_map__type_support.h
-- Installing: /home/hamad/ws_offboard_control/install/px4_msgs/include/px4_msgs/px4_msgs/msg/detail/gpio_in__struct.h
-- Installing: /home/hamad/ws_offboard_control/install/px4_msgs/include/px4_msgs/px4_msgs/msg/detail/ping__functions.h
-- Installing: /home/hamad/ws_offboard_control/install/px4_msgs/include/px4_msgs/px4_msgs/msg/detail/mode_completed__functions.c
-- Installing: /home/hamad/ws_offboard_control/install/px4_msgs/include/px4_msgs/px4_msgs/msg/detail/message_format_request__type_support.h
-- Installing: /home/hamad/ws_offboard_control/install/px4_msgs/include/px4_msgs/px4_msgs/msg/detail/wind__type_support.h
-- Installing: /home/hamad/ws_offboard_control/install/px4_msgs/include/px4_msgs/px4_msgs/msg/detail/health_report__struct.h
-- Installing: /home/hamad/ws_offboard_control/install/px4_msgs/include/px4_msgs/px4_msgs/msg/detail/position_setpoint_triplet__type_support.c
-- Installing: /home/hamad/ws_offboard_control/install/px4_msgs/include/px4_msgs/px4_msgs/msg/detail/landing_gear_wheel__type_support.h
-- Installing: /home/hamad/ws_offboard_control/install/px4_msgs/include/px4_msgs/px4_msgs/msg/detail/vehicle_status__struct.h
-- Installing: /home/hamad/ws_offboard_control/install/px4_msgs/include/px4_msgs/px4_msgs/msg/detail/open_drone_id_system__description.c
-- Installing: /home/hamad/ws_offboard_control/install/px4_msgs/include/px4_msgs/px4_msgs/msg/detail/vehicle_control_mode__functions.h
-- Installing: /home/hamad/ws_offboard_control/install/px4_msgs/include/px4_msgs/px4_msgs/msg/detail/qshell_req__functions.c
-- Installing: /home/hamad/ws_offboard_control/install/px4_msgs/include/px4_msgs/px4_msgs/msg/detail/gimbal_device_set_attitude__struct.h
-- Installing: /home/hamad/ws_offboard_control/install/px4_msgs/include/px4_msgs/px4_msgs/msg/detail/rate_ctrl_status__description.c
-- Installing: /home/hamad/ws_offboard_control/install/px4_msgs/include/px4_msgs/px4_msgs/msg/detail/normalized_unsigned_setpoint__struct.h
-- Installing: /home/hamad/ws_offboard_control/install/px4_msgs/include/px4_msgs/px4_msgs/msg/detail/parameter_set_value_response__type_support.h
-- Installing: /home/hamad/ws_offboard_control/install/px4_msgs/include/px4_msgs/px4_msgs/msg/detail/gpio_out__type_support.c
-- Installing: /home/hamad/ws_offboard_control/install/px4_msgs/include/px4_msgs/px4_msgs/msg/detail/satellite_info__functions.c
-- Installing: /home/hamad/ws_offboard_control/install/px4_msgs/include/px4_msgs/px4_msgs/msg/detail/fuel_tank_status__struct.h
-- Installing: /home/hamad/ws_offboard_control/install/px4_msgs/include/px4_msgs/px4_msgs/msg/detail/launch_detection_status__struct.h
-- Installing: /home/hamad/ws_offboard_control/install/px4_msgs/include/px4_msgs/px4_msgs/msg/detail/esc_status__functions.c
-- Installing: /home/hamad/ws_offboard_control/install/px4_msgs/include/px4_msgs/px4_msgs/msg/detail/register_ext_component_reply__type_support.h
-- Installing: /home/hamad/ws_offboard_control/install/px4_msgs/include/px4_msgs/px4_msgs/msg/detail/gripper__type_support.c
-- Installing: /home/hamad/ws_offboard_control/install/px4_msgs/include/px4_msgs/px4_msgs/msg/detail/landing_gear__type_support.c
-- Installing: /home/hamad/ws_offboard_control/install/px4_msgs/include/px4_msgs/px4_msgs/msg/detail/follow_target__functions.c
-- Installing: /home/hamad/ws_offboard_control/install/px4_msgs/include/px4_msgs/px4_msgs/msg/detail/radio_status__type_support.h
-- Installing: /home/hamad/ws_offboard_control/install/px4_msgs/include/px4_msgs/px4_msgs/msg/detail/vehicle_command_ack__type_support.c
-- Installing: /home/hamad/ws_offboard_control/install/px4_msgs/include/px4_msgs/px4_msgs/msg/detail/gimbal_controls__functions.h
-- Installing: /home/hamad/ws_offboard_control/install/px4_msgs/include/px4_msgs/px4_msgs/msg/detail/rover_position_setpoint__type_support.h
-- Installing: /home/hamad/ws_offboard_control/install/px4_msgs/include/px4_msgs/px4_msgs/msg/detail/landing_gear_wheel__struct.h
-- Installing: /home/hamad/ws_offboard_control/install/px4_msgs/include/px4_msgs/px4_msgs/msg/detail/sensor_airflow__description.c
-- Installing: /home/hamad/ws_offboard_control/install/px4_msgs/include/px4_msgs/px4_msgs/msg/detail/estimator_bias__type_support.h
-- Installing: /home/hamad/ws_offboard_control/install/px4_msgs/include/px4_msgs/px4_msgs/msg/detail/takeoff_status__type_support.c
-- Installing: /home/hamad/ws_offboard_control/install/px4_msgs/include/px4_msgs/px4_msgs/msg/detail/camera_capture__functions.c
-- Installing: /home/hamad/ws_offboard_control/install/px4_msgs/include/px4_msgs/px4_msgs/msg/detail/fixed_wing_longitudinal_setpoint__struct.h
-- Installing: /home/hamad/ws_offboard_control/install/px4_msgs/include/px4_msgs/px4_msgs/msg/detail/estimator_states__type_support.h
-- Installing: /home/hamad/ws_offboard_control/install/px4_msgs/include/px4_msgs/px4_msgs/msg/detail/power_button_state__functions.c
-- Installing: /home/hamad/ws_offboard_control/install/px4_msgs/include/px4_msgs/px4_msgs/msg/detail/dronecan_node_status__type_support.h
-- Installing: /home/hamad/ws_offboard_control/install/px4_msgs/include/px4_msgs/px4_msgs/msg/detail/cellular_status__type_support.c
-- Installing: /home/hamad/ws_offboard_control/install/px4_msgs/include/px4_msgs/px4_msgs/msg/detail/mode_completed__description.c
-- Installing: /home/hamad/ws_offboard_control/install/px4_msgs/include/px4_msgs/px4_msgs/msg/detail/takeoff_status__functions.c
-- Installing: /home/hamad/ws_offboard_control/install/px4_msgs/include/px4_msgs/px4_msgs/msg/detail/rover_rate_status__functions.c
-- Installing: /home/hamad/ws_offboard_control/install/px4_msgs/include/px4_msgs/px4_msgs/msg/detail/launch_detection_status__type_support.h
-- Installing: /home/hamad/ws_offboard_control/install/px4_msgs/include/px4_msgs/px4_msgs/msg/detail/open_drone_id_system__functions.h
-- Installing: /home/hamad/ws_offboard_control/install/px4_msgs/include/px4_msgs/px4_msgs/msg/detail/internal_combustion_engine_control__type_support.h
-- Installing: /home/hamad/ws_offboard_control/install/px4_msgs/include/px4_msgs/px4_msgs/msg/detail/onboard_computer_status__type_support.h
-- Installing: /home/hamad/ws_offboard_control/install/px4_msgs/include/px4_msgs/px4_msgs/msg/detail/position_setpoint__type_support.h
-- Installing: /home/hamad/ws_offboard_control/install/px4_msgs/include/px4_msgs/px4_msgs/msg/detail/flight_phase_estimation__struct.h
-- Installing: /home/hamad/ws_offboard_control/install/px4_msgs/include/px4_msgs/px4_msgs/msg/detail/gps_inject_data__functions.h
-- Installing: /home/hamad/ws_offboard_control/install/px4_msgs/include/px4_msgs/px4_msgs/msg/detail/transponder_report__functions.h
-- Installing: /home/hamad/ws_offboard_control/install/px4_msgs/include/px4_msgs/px4_msgs/msg/detail/pwm_input__type_support.h
-- Installing: /home/hamad/ws_offboard_control/install/px4_msgs/include/px4_msgs/px4_msgs/msg/detail/qshell_req__functions.h
-- Installing: /home/hamad/ws_offboard_control/install/px4_msgs/include/px4_msgs/px4_msgs/msg/detail/sensor_gyro_fft__functions.c
-- Installing: /home/hamad/ws_offboard_control/install/px4_msgs/include/px4_msgs/px4_msgs/msg/detail/qshell_req__description.c
-- Installing: /home/hamad/ws_offboard_control/install/px4_msgs/include/px4_msgs/px4_msgs/msg/detail/airspeed__type_support.c
-- Installing: /home/hamad/ws_offboard_control/install/px4_msgs/include/px4_msgs/px4_msgs/msg/detail/distance_sensor_mode_change_request__functions.c
-- Installing: /home/hamad/ws_offboard_control/install/px4_msgs/include/px4_msgs/px4_msgs/msg/detail/battery_info__type_support.h
-- Installing: /home/hamad/ws_offboard_control/install/px4_msgs/include/px4_msgs/px4_msgs/msg/detail/parameter_update__description.c
-- Installing: /home/hamad/ws_offboard_control/install/px4_msgs/include/px4_msgs/px4_msgs/msg/detail/sensor_gps__type_support.c
-- Installing: /home/hamad/ws_offboard_control/install/px4_msgs/include/px4_msgs/px4_msgs/msg/detail/gimbal_manager_set_attitude__type_support.c
-- Installing: /home/hamad/ws_offboard_control/install/px4_msgs/include/px4_msgs/px4_msgs/msg/detail/mount_orientation__type_support.h
-- Installing: /home/hamad/ws_offboard_control/install/px4_msgs/include/px4_msgs/px4_msgs/msg/detail/camera_trigger__functions.c
-- Installing: /home/hamad/ws_offboard_control/install/px4_msgs/include/px4_msgs/px4_msgs/msg/detail/vehicle_attitude_setpoint__type_support.h
-- Installing: /home/hamad/ws_offboard_control/install/px4_msgs/include/px4_msgs/px4_msgs/msg/detail/distance_sensor_mode_change_request__type_support.c
-- Installing: /home/hamad/ws_offboard_control/install/px4_msgs/include/px4_msgs/px4_msgs/msg/detail/telemetry_status__type_support.c
-- Installing: /home/hamad/ws_offboard_control/install/px4_msgs/include/px4_msgs/px4_msgs/msg/detail/estimator_status__type_support.c
-- Installing: /home/hamad/ws_offboard_control/install/px4_msgs/include/px4_msgs/px4_msgs/msg/detail/rover_rate_setpoint__struct.h
-- Installing: /home/hamad/ws_offboard_control/install/px4_msgs/include/px4_msgs/px4_msgs/msg/detail/telemetry_status__functions.c
-- Installing: /home/hamad/ws_offboard_control/install/px4_msgs/include/px4_msgs/px4_msgs/msg/detail/ping__type_support.h
-- Installing: /home/hamad/ws_offboard_control/install/px4_msgs/include/px4_msgs/px4_msgs/msg/detail/position_controller_status__type_support.c
-- Installing: /home/hamad/ws_offboard_control/install/px4_msgs/include/px4_msgs/px4_msgs/msg/detail/manual_control_switches__description.c
-- Installing: /home/hamad/ws_offboard_control/install/px4_msgs/include/px4_msgs/px4_msgs/msg/detail/mavlink_log__type_support.h
-- Installing: /home/hamad/ws_offboard_control/install/px4_msgs/include/px4_msgs/px4_msgs/msg/detail/tecs_status__functions.h
-- Installing: /home/hamad/ws_offboard_control/install/px4_msgs/include/px4_msgs/px4_msgs/msg/detail/sensor_gps__functions.h
-- Installing: /home/hamad/ws_offboard_control/install/px4_msgs/include/px4_msgs/px4_msgs/msg/detail/geofence_status__type_support.c
-- Installing: /home/hamad/ws_offboard_control/install/px4_msgs/include/px4_msgs/px4_msgs/msg/detail/figure_eight_status__struct.h
-- Installing: /home/hamad/ws_offboard_control/install/px4_msgs/include/px4_msgs/px4_msgs/msg/detail/vehicle_local_position_setpoint__type_support.c
-- Installing: /home/hamad/ws_offboard_control/install/px4_msgs/include/px4_msgs/px4_msgs/msg/detail/debug_key_value__functions.h
-- Installing: /home/hamad/ws_offboard_control/install/px4_msgs/include/px4_msgs/px4_msgs/msg/detail/vehicle_imu__type_support.h
-- Installing: /home/hamad/ws_offboard_control/install/px4_msgs/include/px4_msgs/px4_msgs/msg/detail/gimbal_manager_status__description.c
-- Installing: /home/hamad/ws_offboard_control/install/px4_msgs/include/px4_msgs/px4_msgs/msg/detail/parameter_update__functions.h
-- Installing: /home/hamad/ws_offboard_control/install/px4_msgs/include/px4_msgs/px4_msgs/msg/detail/actuator_test__type_support.h
-- Installing: /home/hamad/ws_offboard_control/install/px4_msgs/include/px4_msgs/px4_msgs/msg/detail/rate_ctrl_status__functions.h
-- Installing: /home/hamad/ws_offboard_control/install/px4_msgs/include/px4_msgs/px4_msgs/msg/detail/config_overrides__functions.h
-- Installing: /home/hamad/ws_offboard_control/install/px4_msgs/include/px4_msgs/px4_msgs/msg/detail/task_stack_info__description.c
-- Installing: /home/hamad/ws_offboard_control/install/px4_msgs/include/px4_msgs/px4_msgs/msg/detail/debug_array__functions.c
-- Installing: /home/hamad/ws_offboard_control/install/px4_msgs/include/px4_msgs/px4_msgs/msg/detail/rover_steering_setpoint__struct.h
-- Installing: /home/hamad/ws_offboard_control/install/px4_msgs/include/px4_msgs/px4_msgs/msg/detail/mission_result__functions.c
-- Installing: /home/hamad/ws_offboard_control/install/px4_msgs/include/px4_msgs/px4_msgs/msg/detail/vehicle_imu__functions.c
-- Installing: /home/hamad/ws_offboard_control/install/px4_msgs/include/px4_msgs/px4_msgs/msg/detail/estimator_status_flags__type_support.h
-- Installing: /home/hamad/ws_offboard_control/install/px4_msgs/include/px4_msgs/px4_msgs/msg/detail/sensor_optical_flow__type_support.c
-- Installing: /home/hamad/ws_offboard_control/install/px4_msgs/include/px4_msgs/px4_msgs/msg/detail/obstacle_distance__struct.h
-- Installing: /home/hamad/ws_offboard_control/install/px4_msgs/include/px4_msgs/px4_msgs/msg/detail/rover_speed_status__description.c
-- Installing: /home/hamad/ws_offboard_control/install/px4_msgs/include/px4_msgs/px4_msgs/msg/detail/rover_rate_status__struct.h
-- Installing: /home/hamad/ws_offboard_control/install/px4_msgs/include/px4_msgs/px4_msgs/msg/detail/cellular_status__functions.c
-- Installing: /home/hamad/ws_offboard_control/install/px4_msgs/include/px4_msgs/px4_msgs/msg/detail/sensor_gyro__struct.h
-- Installing: /home/hamad/ws_offboard_control/install/px4_msgs/include/px4_msgs/px4_msgs/msg/detail/rpm__description.c
-- Installing: /home/hamad/ws_offboard_control/install/px4_msgs/include/px4_msgs/px4_msgs/msg/detail/fixed_wing_longitudinal_setpoint__type_support.h
-- Installing: /home/hamad/ws_offboard_control/install/px4_msgs/include/px4_msgs/px4_msgs/msg/detail/estimator_aid_source1d__type_support.h
-- Installing: /home/hamad/ws_offboard_control/install/px4_msgs/include/px4_msgs/px4_msgs/msg/detail/tiltrotor_extra_controls__type_support.h
-- Installing: /home/hamad/ws_offboard_control/install/px4_msgs/include/px4_msgs/px4_msgs/msg/detail/actuator_motors__type_support.c
-- Installing: /home/hamad/ws_offboard_control/install/px4_msgs/include/px4_msgs/px4_msgs/msg/detail/sensor_gnss_relative__functions.h
-- Installing: /home/hamad/ws_offboard_control/install/px4_msgs/include/px4_msgs/px4_msgs/msg/detail/vehicle_imu__struct.h
-- Installing: /home/hamad/ws_offboard_control/install/px4_msgs/include/px4_msgs/px4_msgs/msg/detail/vehicle_magnetometer__functions.c
-- Installing: /home/hamad/ws_offboard_control/install/px4_msgs/include/px4_msgs/px4_msgs/msg/detail/vehicle_attitude__type_support.c
-- Installing: /home/hamad/ws_offboard_control/install/px4_msgs/include/px4_msgs/px4_msgs/msg/detail/orb_test_large__struct.h
-- Installing: /home/hamad/ws_offboard_control/install/px4_msgs/include/px4_msgs/px4_msgs/msg/detail/vtol_vehicle_status__type_support.c
-- Installing: /home/hamad/ws_offboard_control/install/px4_msgs/include/px4_msgs/px4_msgs/msg/detail/fixed_wing_longitudinal_setpoint__description.c
-- Installing: /home/hamad/ws_offboard_control/install/px4_msgs/include/px4_msgs/px4_msgs/msg/detail/flight_phase_estimation__description.c
-- Installing: /home/hamad/ws_offboard_control/install/px4_msgs/include/px4_msgs/px4_msgs/msg/detail/px4io_status__type_support.h
-- Installing: /home/hamad/ws_offboard_control/install/px4_msgs/include/px4_msgs/px4_msgs/msg/detail/vehicle_angular_acceleration_setpoint__description.c
-- Installing: /home/hamad/ws_offboard_control/install/px4_msgs/include/px4_msgs/px4_msgs/msg/detail/orb_test__functions.h
-- Installing: /home/hamad/ws_offboard_control/install/px4_msgs/include/px4_msgs/px4_msgs/msg/detail/gps_inject_data__functions.c
-- Installing: /home/hamad/ws_offboard_control/install/px4_msgs/include/px4_msgs/px4_msgs/msg/detail/normalized_unsigned_setpoint__functions.c
-- Installing: /home/hamad/ws_offboard_control/install/px4_msgs/include/px4_msgs/px4_msgs/msg/detail/follow_target_status__struct.h
-- Installing: /home/hamad/ws_offboard_control/install/px4_msgs/include/px4_msgs/px4_msgs/msg/detail/sensor_mag__type_support.c
-- Installing: /home/hamad/ws_offboard_control/install/px4_msgs/include/px4_msgs/px4_msgs/msg/detail/logger_status__type_support.c
-- Installing: /home/hamad/ws_offboard_control/install/px4_msgs/include/px4_msgs/px4_msgs/msg/detail/manual_control_setpoint__description.c
-- Installing: /home/hamad/ws_offboard_control/install/px4_msgs/include/px4_msgs/px4_msgs/msg/detail/offboard_control_mode__functions.c
-- Installing: /home/hamad/ws_offboard_control/install/px4_msgs/include/px4_msgs/px4_msgs/msg/detail/ulog_stream__struct.h
-- Installing: /home/hamad/ws_offboard_control/install/px4_msgs/include/px4_msgs/px4_msgs/msg/detail/gimbal_manager_status__type_support.h
-- Installing: /home/hamad/ws_offboard_control/install/px4_msgs/include/px4_msgs/px4_msgs/msg/detail/internal_combustion_engine_control__functions.c
-- Installing: /home/hamad/ws_offboard_control/install/px4_msgs/include/px4_msgs/px4_msgs/msg/detail/can_interface_status__type_support.h
-- Installing: /home/hamad/ws_offboard_control/install/px4_msgs/include/px4_msgs/px4_msgs/msg/detail/estimator_status_flags__description.c
-- Installing: /home/hamad/ws_offboard_control/install/px4_msgs/include/px4_msgs/px4_msgs/msg/detail/vehicle_constraints__type_support.c
-- Installing: /home/hamad/ws_offboard_control/install/px4_msgs/include/px4_msgs/px4_msgs/msg/detail/sensor_hygrometer__type_support.c
-- Installing: /home/hamad/ws_offboard_control/install/px4_msgs/include/px4_msgs/px4_msgs/msg/detail/estimator_status__description.c
-- Installing: /home/hamad/ws_offboard_control/install/px4_msgs/include/px4_msgs/px4_msgs/msg/detail/camera_capture__type_support.h
-- Installing: /home/hamad/ws_offboard_control/install/px4_msgs/include/px4_msgs/px4_msgs/msg/detail/battery_status__struct.h
-- Installing: /home/hamad/ws_offboard_control/install/px4_msgs/include/px4_msgs/px4_msgs/msg/detail/lateral_control_configuration__type_support.c
-- Installing: /home/hamad/ws_offboard_control/install/px4_msgs/include/px4_msgs/px4_msgs/msg/detail/cellular_status__struct.h
-- Installing: /home/hamad/ws_offboard_control/install/px4_msgs/include/px4_msgs/px4_msgs/msg/detail/vehicle_odometry__type_support.c
-- Installing: /home/hamad/ws_offboard_control/install/px4_msgs/include/px4_msgs/px4_msgs/msg/detail/rover_attitude_status__type_support.c
-- Installing: /home/hamad/ws_offboard_control/install/px4_msgs/include/px4_msgs/px4_msgs/msg/detail/register_ext_component_reply__struct.h
-- Installing: /home/hamad/ws_offboard_control/install/px4_msgs/include/px4_msgs/px4_msgs/msg/detail/debug_vect__functions.h
-- Installing: /home/hamad/ws_offboard_control/install/px4_msgs/include/px4_msgs/px4_msgs/msg/detail/geofence_result__functions.h
-- Installing: /home/hamad/ws_offboard_control/install/px4_msgs/include/px4_msgs/px4_msgs/msg/detail/uavcan_parameter_request__description.c
-- Installing: /home/hamad/ws_offboard_control/install/px4_msgs/include/px4_msgs/px4_msgs/msg/detail/event__struct.h
-- Installing: /home/hamad/ws_offboard_control/install/px4_msgs/include/px4_msgs/px4_msgs/msg/detail/trajectory_setpoint6dof__struct.h
-- Installing: /home/hamad/ws_offboard_control/install/px4_msgs/include/px4_msgs/px4_msgs/msg/detail/gimbal_manager_set_manual_control__functions.h
-- Installing: /home/hamad/ws_offboard_control/install/px4_msgs/include/px4_msgs/px4_msgs/msg/detail/sensor_gps__type_support.h
-- Installing: /home/hamad/ws_offboard_control/install/px4_msgs/include/px4_msgs/px4_msgs/msg/detail/vehicle_torque_setpoint__description.c
-- Installing: /home/hamad/ws_offboard_control/install/px4_msgs/include/px4_msgs/px4_msgs/msg/detail/camera_trigger__struct.h
-- Installing: /home/hamad/ws_offboard_control/install/px4_msgs/include/px4_msgs/px4_msgs/msg/detail/magnetometer_bias_estimate__type_support.c
-- Installing: /home/hamad/ws_offboard_control/install/px4_msgs/include/px4_msgs/px4_msgs/msg/detail/estimator_innovations__functions.h
-- Installing: /home/hamad/ws_offboard_control/install/px4_msgs/include/px4_msgs/px4_msgs/msg/detail/geofence_result__description.c
-- Installing: /home/hamad/ws_offboard_control/install/px4_msgs/include/px4_msgs/px4_msgs/msg/detail/battery_status__functions.c
-- Installing: /home/hamad/ws_offboard_control/install/px4_msgs/include/px4_msgs/px4_msgs/msg/detail/transponder_report__functions.c
-- Installing: /home/hamad/ws_offboard_control/install/px4_msgs/include/px4_msgs/px4_msgs/msg/detail/rover_speed_status__type_support.c
-- Installing: /home/hamad/ws_offboard_control/install/px4_msgs/include/px4_msgs/px4_msgs/msg/detail/follow_target_estimator__functions.c
-- Installing: /home/hamad/ws_offboard_control/install/px4_msgs/include/px4_msgs/px4_msgs/msg/detail/vehicle_attitude__type_support.h
-- Installing: /home/hamad/ws_offboard_control/install/px4_msgs/include/px4_msgs/px4_msgs/msg/detail/irlock_report__struct.h
-- Installing: /home/hamad/ws_offboard_control/install/px4_msgs/include/px4_msgs/px4_msgs/msg/detail/debug_key_value__type_support.c
-- Installing: /home/hamad/ws_offboard_control/install/px4_msgs/include/px4_msgs/px4_msgs/msg/detail/follow_target_status__type_support.c
-- Installing: /home/hamad/ws_offboard_control/install/px4_msgs/include/px4_msgs/px4_msgs/msg/detail/qshell_retval__struct.h
-- Installing: /home/hamad/ws_offboard_control/install/px4_msgs/include/px4_msgs/px4_msgs/msg/detail/wind__functions.c
-- Installing: /home/hamad/ws_offboard_control/install/px4_msgs/include/px4_msgs/px4_msgs/msg/detail/sensor_correction__struct.h
-- Installing: /home/hamad/ws_offboard_control/install/px4_msgs/include/px4_msgs/px4_msgs/msg/detail/fixed_wing_lateral_status__struct.h
-- Installing: /home/hamad/ws_offboard_control/install/px4_msgs/include/px4_msgs/px4_msgs/msg/detail/fixed_wing_lateral_status__functions.c
-- Installing: /home/hamad/ws_offboard_control/install/px4_msgs/include/px4_msgs/px4_msgs/msg/detail/vehicle_control_mode__type_support.h
-- Installing: /home/hamad/ws_offboard_control/install/px4_msgs/include/px4_msgs/px4_msgs/msg/detail/dataman_response__description.c
-- Installing: /home/hamad/ws_offboard_control/install/px4_msgs/include/px4_msgs/px4_msgs/msg/detail/dronecan_node_status__type_support.c
-- Installing: /home/hamad/ws_offboard_control/install/px4_msgs/include/px4_msgs/px4_msgs/msg/detail/battery_status__type_support.c
-- Installing: /home/hamad/ws_offboard_control/install/px4_msgs/include/px4_msgs/px4_msgs/msg/detail/debug_array__functions.h
-- Installing: /home/hamad/ws_offboard_control/install/px4_msgs/include/px4_msgs/px4_msgs/msg/detail/actuator_armed__functions.h
-- Installing: /home/hamad/ws_offboard_control/install/px4_msgs/include/px4_msgs/px4_msgs/msg/detail/takeoff_status__struct.h
-- Installing: /home/hamad/ws_offboard_control/install/px4_msgs/include/px4_msgs/px4_msgs/msg/detail/sensor_uwb__functions.h
-- Installing: /home/hamad/ws_offboard_control/install/px4_msgs/include/px4_msgs/px4_msgs/msg/detail/gpio_out__type_support.h
-- Installing: /home/hamad/ws_offboard_control/install/px4_msgs/include/px4_msgs/px4_msgs/msg/detail/estimator_status_flags__functions.c
-- Installing: /home/hamad/ws_offboard_control/install/px4_msgs/include/px4_msgs/px4_msgs/msg/detail/actuator_armed__type_support.h
-- Installing: /home/hamad/ws_offboard_control/install/px4_msgs/include/px4_msgs/px4_msgs/msg/detail/vehicle_optical_flow__struct.h
-- Installing: /home/hamad/ws_offboard_control/install/px4_msgs/include/px4_msgs/px4_msgs/msg/detail/rc_parameter_map__type_support.c
-- Installing: /home/hamad/ws_offboard_control/install/px4_msgs/include/px4_msgs/px4_msgs/msg/detail/sensor_optical_flow__description.c
-- Installing: /home/hamad/ws_offboard_control/install/px4_msgs/include/px4_msgs/px4_msgs/msg/detail/vehicle_command_ack__description.c
-- Installing: /home/hamad/ws_offboard_control/install/px4_msgs/include/px4_msgs/px4_msgs/msg/detail/estimator_bias__functions.h
-- Installing: /home/hamad/ws_offboard_control/install/px4_msgs/include/px4_msgs/px4_msgs/msg/detail/input_rc__type_support.h
-- Installing: /home/hamad/ws_offboard_control/install/px4_msgs/include/px4_msgs/px4_msgs/msg/detail/vehicle_global_position__struct.h
-- Installing: /home/hamad/ws_offboard_control/install/px4_msgs/include/px4_msgs/px4_msgs/msg/detail/config_overrides__functions.c
-- Installing: /home/hamad/ws_offboard_control/install/px4_msgs/include/px4_msgs/px4_msgs/msg/detail/fuel_tank_status__functions.c
-- Installing: /home/hamad/ws_offboard_control/install/px4_msgs/include/px4_msgs/px4_msgs/msg/detail/geofence_status__description.c
-- Installing: /home/hamad/ws_offboard_control/install/px4_msgs/include/px4_msgs/px4_msgs/msg/detail/gimbal_manager_set_attitude__functions.c
-- Installing: /home/hamad/ws_offboard_control/install/px4_msgs/include/px4_msgs/px4_msgs/msg/detail/geofence_result__type_support.h
-- Installing: /home/hamad/ws_offboard_control/install/px4_msgs/include/px4_msgs/px4_msgs/msg/detail/generator_status__type_support.c
-- Installing: /home/hamad/ws_offboard_control/install/px4_msgs/include/px4_msgs/px4_msgs/msg/detail/transponder_report__type_support.c
-- Installing: /home/hamad/ws_offboard_control/install/px4_msgs/include/px4_msgs/px4_msgs/msg/detail/hover_thrust_estimate__type_support.c
-- Installing: /home/hamad/ws_offboard_control/install/px4_msgs/include/px4_msgs/px4_msgs/msg/detail/rtl_status__type_support.c
-- Installing: /home/hamad/ws_offboard_control/install/px4_msgs/include/px4_msgs/px4_msgs/msg/detail/orbit_status__functions.c
-- Installing: /home/hamad/ws_offboard_control/install/px4_msgs/include/px4_msgs/px4_msgs/msg/detail/camera_capture__struct.h
-- Installing: /home/hamad/ws_offboard_control/install/px4_msgs/include/px4_msgs/px4_msgs/msg/detail/arming_check_request__functions.h
-- Installing: /home/hamad/ws_offboard_control/install/px4_msgs/include/px4_msgs/px4_msgs/msg/detail/navigator_status__functions.c
-- Installing: /home/hamad/ws_offboard_control/install/px4_msgs/include/px4_msgs/px4_msgs/msg/detail/wheel_encoders__struct.h
-- Installing: /home/hamad/ws_offboard_control/install/px4_msgs/include/px4_msgs/px4_msgs/msg/detail/airspeed_wind__struct.h
-- Installing: /home/hamad/ws_offboard_control/install/px4_msgs/include/px4_msgs/px4_msgs/msg/detail/navigator_status__type_support.c
-- Installing: /home/hamad/ws_offboard_control/install/px4_msgs/include/px4_msgs/px4_msgs/msg/detail/cpuload__description.c
-- Installing: /home/hamad/ws_offboard_control/install/px4_msgs/include/px4_msgs/px4_msgs/msg/detail/button_event__type_support.c
-- Installing: /home/hamad/ws_offboard_control/install/px4_msgs/include/px4_msgs/px4_msgs/msg/detail/airspeed_validated__functions.h
-- Installing: /home/hamad/ws_offboard_control/install/px4_msgs/include/px4_msgs/px4_msgs/msg/detail/dataman_response__struct.h
-- Installing: /home/hamad/ws_offboard_control/install/px4_msgs/include/px4_msgs/px4_msgs/msg/detail/sensor_uwb__functions.c
-- Installing: /home/hamad/ws_offboard_control/install/px4_msgs/include/px4_msgs/px4_msgs/msg/detail/pwm_input__struct.h
-- Installing: /home/hamad/ws_offboard_control/install/px4_msgs/include/px4_msgs/px4_msgs/msg/detail/vehicle_land_detected__type_support.c
-- Installing: /home/hamad/ws_offboard_control/install/px4_msgs/include/px4_msgs/px4_msgs/msg/detail/gripper__functions.h
-- Installing: /home/hamad/ws_offboard_control/install/px4_msgs/include/px4_msgs/px4_msgs/msg/detail/message_format_request__struct.h
-- Installing: /home/hamad/ws_offboard_control/install/px4_msgs/include/px4_msgs/px4_msgs/msg/detail/collision_constraints__struct.h
-- Installing: /home/hamad/ws_offboard_control/install/px4_msgs/include/px4_msgs/px4_msgs/msg/detail/sensor_airflow__type_support.h
-- Installing: /home/hamad/ws_offboard_control/install/px4_msgs/include/px4_msgs/px4_msgs/msg/detail/sensor_gyro_fifo__functions.h
-- Installing: /home/hamad/ws_offboard_control/install/px4_msgs/include/px4_msgs/px4_msgs/msg/detail/sensor_preflight_mag__type_support.c
-- Installing: /home/hamad/ws_offboard_control/install/px4_msgs/include/px4_msgs/px4_msgs/msg/detail/rover_rate_status__type_support.h
-- Installing: /home/hamad/ws_offboard_control/install/px4_msgs/include/px4_msgs/px4_msgs/msg/detail/mavlink_log__description.c
-- Installing: /home/hamad/ws_offboard_control/install/px4_msgs/include/px4_msgs/px4_msgs/msg/detail/uavcan_parameter_value__functions.c
-- Installing: /home/hamad/ws_offboard_control/install/px4_msgs/include/px4_msgs/px4_msgs/msg/detail/battery_status__description.c
-- Installing: /home/hamad/ws_offboard_control/install/px4_msgs/include/px4_msgs/px4_msgs/msg/detail/rover_steering_setpoint__functions.c
-- Installing: /home/hamad/ws_offboard_control/install/px4_msgs/include/px4_msgs/px4_msgs/msg/detail/button_event__struct.h
-- Installing: /home/hamad/ws_offboard_control/install/px4_msgs/include/px4_msgs/px4_msgs/msg/detail/gpio_out__struct.h
-- Installing: /home/hamad/ws_offboard_control/install/px4_msgs/include/px4_msgs/px4_msgs/msg/detail/mag_worker_data__functions.c
-- Installing: /home/hamad/ws_offboard_control/install/px4_msgs/include/px4_msgs/px4_msgs/msg/detail/task_stack_info__type_support.h
-- Installing: /home/hamad/ws_offboard_control/install/px4_msgs/include/px4_msgs/px4_msgs/msg/detail/navigator_status__struct.h
-- Installing: /home/hamad/ws_offboard_control/install/px4_msgs/include/px4_msgs/px4_msgs/msg/detail/dataman_request__description.c
-- Installing: /home/hamad/ws_offboard_control/install/px4_msgs/include/px4_msgs/px4_msgs/msg/detail/timesync_status__type_support.h
-- Installing: /home/hamad/ws_offboard_control/install/px4_msgs/include/px4_msgs/px4_msgs/msg/detail/vehicle_status__description.c
-- Installing: /home/hamad/ws_offboard_control/install/px4_msgs/include/px4_msgs/px4_msgs/msg/detail/button_event__functions.c
-- Installing: /home/hamad/ws_offboard_control/install/px4_msgs/include/px4_msgs/px4_msgs/msg/detail/rover_speed_setpoint__type_support.h
-- Installing: /home/hamad/ws_offboard_control/install/px4_msgs/include/px4_msgs/px4_msgs/msg/detail/irlock_report__type_support.h
-- Installing: /home/hamad/ws_offboard_control/install/px4_msgs/include/px4_msgs/px4_msgs/msg/detail/telemetry_status__description.c
-- Installing: /home/hamad/ws_offboard_control/install/px4_msgs/include/px4_msgs/px4_msgs/msg/detail/estimator_innovations__functions.c
-- Installing: /home/hamad/ws_offboard_control/install/px4_msgs/include/px4_msgs/px4_msgs/msg/detail/wheel_encoders__type_support.h
-- Installing: /home/hamad/ws_offboard_control/install/px4_msgs/include/px4_msgs/px4_msgs/msg/detail/rover_speed_setpoint__struct.h
-- Installing: /home/hamad/ws_offboard_control/install/px4_msgs/include/px4_msgs/px4_msgs/msg/detail/fixed_wing_lateral_setpoint__description.c
-- Installing: /home/hamad/ws_offboard_control/install/px4_msgs/include/px4_msgs/px4_msgs/msg/detail/vehicle_magnetometer__functions.h
-- Installing: /home/hamad/ws_offboard_control/install/px4_msgs/include/px4_msgs/px4_msgs/msg/detail/log_message__functions.c
-- Installing: /home/hamad/ws_offboard_control/install/px4_msgs/include/px4_msgs/px4_msgs/msg/detail/sensor_accel__description.c
-- Installing: /home/hamad/ws_offboard_control/install/px4_msgs/include/px4_msgs/px4_msgs/msg/detail/message_format_response__type_support.c
-- Installing: /home/hamad/ws_offboard_control/install/px4_msgs/include/px4_msgs/px4_msgs/msg/detail/ping__struct.h
-- Installing: /home/hamad/ws_offboard_control/install/px4_msgs/include/px4_msgs/px4_msgs/msg/detail/tune_control__type_support.c
-- Installing: /home/hamad/ws_offboard_control/install/px4_msgs/include/px4_msgs/px4_msgs/msg/detail/lateral_control_configuration__functions.c
-- Installing: /home/hamad/ws_offboard_control/install/px4_msgs/include/px4_msgs/px4_msgs/msg/detail/orb_test_large__type_support.h
-- Installing: /home/hamad/ws_offboard_control/install/px4_msgs/include/px4_msgs/px4_msgs/msg/detail/sensor_gnss_status__struct.h
-- Installing: /home/hamad/ws_offboard_control/install/px4_msgs/include/px4_msgs/px4_msgs/msg/detail/ekf2_timestamps__functions.h
-- Installing: /home/hamad/ws_offboard_control/install/px4_msgs/include/px4_msgs/px4_msgs/msg/detail/longitudinal_control_configuration__functions.c
-- Installing: /home/hamad/ws_offboard_control/install/px4_msgs/include/px4_msgs/px4_msgs/msg/detail/rover_position_setpoint__description.c
-- Installing: /home/hamad/ws_offboard_control/install/px4_msgs/include/px4_msgs/px4_msgs/msg/detail/ekf2_timestamps__struct.h
-- Installing: /home/hamad/ws_offboard_control/install/px4_msgs/include/px4_msgs/px4_msgs/msg/detail/estimator_bias3d__type_support.h
-- Installing: /home/hamad/ws_offboard_control/install/px4_msgs/include/px4_msgs/px4_msgs/msg/detail/power_button_state__type_support.c
-- Installing: /home/hamad/ws_offboard_control/install/px4_msgs/include/px4_msgs/px4_msgs/msg/detail/sensor_selection__type_support.h
-- Installing: /home/hamad/ws_offboard_control/install/px4_msgs/include/px4_msgs/px4_msgs/msg/detail/event__functions.c
-- Installing: /home/hamad/ws_offboard_control/install/px4_msgs/include/px4_msgs/px4_msgs/msg/detail/neural_control__type_support.h
-- Installing: /home/hamad/ws_offboard_control/install/px4_msgs/include/px4_msgs/px4_msgs/msg/detail/action_request__functions.c
-- Installing: /home/hamad/ws_offboard_control/install/px4_msgs/include/px4_msgs/px4_msgs/msg/detail/dronecan_node_status__description.c
-- Installing: /home/hamad/ws_offboard_control/install/px4_msgs/include/px4_msgs/px4_msgs/msg/detail/follow_target_status__type_support.h
-- Installing: /home/hamad/ws_offboard_control/install/px4_msgs/include/px4_msgs/px4_msgs/msg/detail/offboard_control_mode__struct.h
-- Installing: /home/hamad/ws_offboard_control/install/px4_msgs/include/px4_msgs/px4_msgs/msg/detail/vehicle_roi__functions.h
-- Installing: /home/hamad/ws_offboard_control/install/px4_msgs/include/px4_msgs/px4_msgs/msg/detail/satellite_info__functions.h
-- Installing: /home/hamad/ws_offboard_control/install/px4_msgs/include/px4_msgs/px4_msgs/msg/detail/register_ext_component_request__functions.c
-- Installing: /home/hamad/ws_offboard_control/install/px4_msgs/include/px4_msgs/px4_msgs/msg/detail/sensor_accel__functions.h
-- Installing: /home/hamad/ws_offboard_control/install/px4_msgs/include/px4_msgs/px4_msgs/msg/detail/estimator_selector_status__type_support.h
-- Installing: /home/hamad/ws_offboard_control/install/px4_msgs/include/px4_msgs/px4_msgs/msg/detail/distance_sensor__description.c
-- Installing: /home/hamad/ws_offboard_control/install/px4_msgs/include/px4_msgs/px4_msgs/msg/detail/gps_inject_data__type_support.c
-- Installing: /home/hamad/ws_offboard_control/install/px4_msgs/include/px4_msgs/px4_msgs/msg/detail/gimbal_manager_information__description.c
-- Installing: /home/hamad/ws_offboard_control/install/px4_msgs/include/px4_msgs/px4_msgs/msg/detail/sensor_airflow__functions.h
-- Installing: /home/hamad/ws_offboard_control/install/px4_msgs/include/px4_msgs/px4_msgs/msg/detail/input_rc__description.c
-- Installing: /home/hamad/ws_offboard_control/install/px4_msgs/include/px4_msgs/px4_msgs/msg/detail/obstacle_distance__functions.c
-- Installing: /home/hamad/ws_offboard_control/install/px4_msgs/include/px4_msgs/px4_msgs/msg/detail/config_overrides__type_support.h
-- Installing: /home/hamad/ws_offboard_control/install/px4_msgs/include/px4_msgs/px4_msgs/msg/detail/heater_status__functions.c
-- Installing: /home/hamad/ws_offboard_control/install/px4_msgs/include/px4_msgs/px4_msgs/msg/detail/sensor_gyro__description.c
-- Installing: /home/hamad/ws_offboard_control/install/px4_msgs/include/px4_msgs/px4_msgs/msg/detail/vehicle_angular_velocity__description.c
-- Installing: /home/hamad/ws_offboard_control/install/px4_msgs/include/px4_msgs/px4_msgs/msg/detail/position_setpoint__functions.h
-- Installing: /home/hamad/ws_offboard_control/install/px4_msgs/include/px4_msgs/px4_msgs/msg/detail/vehicle_constraints__description.c
-- Installing: /home/hamad/ws_offboard_control/install/px4_msgs/include/px4_msgs/px4_msgs/msg/detail/dataman_response__type_support.c
-- Installing: /home/hamad/ws_offboard_control/install/px4_msgs/include/px4_msgs/px4_msgs/msg/detail/magnetometer_bias_estimate__struct.h
-- Installing: /home/hamad/ws_offboard_control/install/px4_msgs/include/px4_msgs/px4_msgs/msg/detail/sensor_correction__type_support.c
-- Installing: /home/hamad/ws_offboard_control/install/px4_msgs/include/px4_msgs/px4_msgs/msg/detail/sensor_selection__struct.h
-- Installing: /home/hamad/ws_offboard_control/install/px4_msgs/include/px4_msgs/px4_msgs/msg/detail/sensor_gyro_fifo__functions.c
-- Installing: /home/hamad/ws_offboard_control/install/px4_msgs/include/px4_msgs/px4_msgs/msg/detail/irlock_report__type_support.c
-- Installing: /home/hamad/ws_offboard_control/install/px4_msgs/include/px4_msgs/px4_msgs/msg/detail/sensor_gnss_relative__description.c
-- Installing: /home/hamad/ws_offboard_control/install/px4_msgs/include/px4_msgs/px4_msgs/msg/detail/offboard_control_mode__description.c
-- Installing: /home/hamad/ws_offboard_control/install/px4_msgs/include/px4_msgs/px4_msgs/msg/detail/onboard_computer_status__struct.h
-- Installing: /home/hamad/ws_offboard_control/install/px4_msgs/include/px4_msgs/px4_msgs/msg/detail/dataman_request__struct.h
-- Installing: /home/hamad/ws_offboard_control/install/px4_msgs/include/px4_msgs/px4_msgs/msg/detail/system_power__functions.c
-- Installing: /home/hamad/ws_offboard_control/install/px4_msgs/include/px4_msgs/px4_msgs/msg/detail/parameter_set_value_response__description.c
-- Installing: /home/hamad/ws_offboard_control/install/px4_msgs/include/px4_msgs/px4_msgs/msg/detail/open_drone_id_system__struct.h
-- Installing: /home/hamad/ws_offboard_control/install/px4_msgs/include/px4_msgs/px4_msgs/msg/detail/fixed_wing_lateral_status__description.c
-- Installing: /home/hamad/ws_offboard_control/install/px4_msgs/include/px4_msgs/px4_msgs/msg/detail/estimator_bias__struct.h
-- Installing: /home/hamad/ws_offboard_control/install/px4_msgs/include/px4_msgs/px4_msgs/msg/detail/control_allocator_status__functions.h
-- Installing: /home/hamad/ws_offboard_control/install/px4_msgs/include/px4_msgs/px4_msgs/msg/detail/actuator_motors__functions.h
-- Installing: /home/hamad/ws_offboard_control/install/px4_msgs/include/px4_msgs/px4_msgs/msg/detail/airspeed__functions.h
-- Installing: /home/hamad/ws_offboard_control/install/px4_msgs/include/px4_msgs/px4_msgs/msg/detail/trajectory_setpoint6dof__type_support.h
-- Installing: /home/hamad/ws_offboard_control/install/px4_msgs/include/px4_msgs/px4_msgs/msg/detail/sensors_status_imu__functions.h
-- Installing: /home/hamad/ws_offboard_control/install/px4_msgs/include/px4_msgs/px4_msgs/msg/detail/airspeed_validated__struct.h
-- Installing: /home/hamad/ws_offboard_control/install/px4_msgs/include/px4_msgs/px4_msgs/msg/detail/vtol_vehicle_status__struct.h
-- Installing: /home/hamad/ws_offboard_control/install/px4_msgs/include/px4_msgs/px4_msgs/msg/detail/orbit_status__type_support.h
-- Installing: /home/hamad/ws_offboard_control/install/px4_msgs/include/px4_msgs/px4_msgs/msg/detail/sensor_selection__functions.c
-- Installing: /home/hamad/ws_offboard_control/install/px4_msgs/include/px4_msgs/px4_msgs/msg/detail/fuel_tank_status__type_support.c
-- Installing: /home/hamad/ws_offboard_control/install/px4_msgs/include/px4_msgs/px4_msgs/msg/detail/onboard_computer_status__type_support.c
-- Installing: /home/hamad/ws_offboard_control/install/px4_msgs/include/px4_msgs/px4_msgs/msg/detail/follow_target_estimator__description.c
-- Installing: /home/hamad/ws_offboard_control/install/px4_msgs/include/px4_msgs/px4_msgs/msg/detail/rover_rate_status__functions.h
-- Installing: /home/hamad/ws_offboard_control/install/px4_msgs/include/px4_msgs/px4_msgs/msg/detail/gripper__type_support.h
-- Installing: /home/hamad/ws_offboard_control/install/px4_msgs/include/px4_msgs/px4_msgs/msg/detail/debug_vect__functions.c
-- Installing: /home/hamad/ws_offboard_control/install/px4_msgs/include/px4_msgs/px4_msgs/msg/detail/fuel_tank_status__functions.h
-- Installing: /home/hamad/ws_offboard_control/install/px4_msgs/include/px4_msgs/px4_msgs/msg/detail/estimator_event_flags__description.c
-- Installing: /home/hamad/ws_offboard_control/install/px4_msgs/include/px4_msgs/px4_msgs/msg/detail/velocity_limits__struct.h
-- Installing: /home/hamad/ws_offboard_control/install/px4_msgs/include/px4_msgs/px4_msgs/msg/detail/distance_sensor_mode_change_request__struct.h
-- Installing: /home/hamad/ws_offboard_control/install/px4_msgs/include/px4_msgs/px4_msgs/msg/detail/uavcan_parameter_value__description.c
-- Installing: /home/hamad/ws_offboard_control/install/px4_msgs/include/px4_msgs/px4_msgs/msg/detail/arming_check_reply__type_support.c
-- Installing: /home/hamad/ws_offboard_control/install/px4_msgs/include/px4_msgs/px4_msgs/msg/detail/sensor_gnss_status__functions.h
-- Installing: /home/hamad/ws_offboard_control/install/px4_msgs/include/px4_msgs/px4_msgs/msg/detail/irlock_report__functions.h
-- Installing: /home/hamad/ws_offboard_control/install/px4_msgs/include/px4_msgs/px4_msgs/msg/detail/control_allocator_status__struct.h
-- Installing: /home/hamad/ws_offboard_control/install/px4_msgs/include/px4_msgs/px4_msgs/msg/detail/sensor_gyro_fft__functions.h
-- Installing: /home/hamad/ws_offboard_control/install/px4_msgs/include/px4_msgs/px4_msgs/msg/detail/takeoff_status__description.c
-- Installing: /home/hamad/ws_offboard_control/install/px4_msgs/include/px4_msgs/px4_msgs/msg/detail/event__description.c
-- Installing: /home/hamad/ws_offboard_control/install/px4_msgs/include/px4_msgs/px4_msgs/msg/detail/sensors_status__description.c
-- Installing: /home/hamad/ws_offboard_control/install/px4_msgs/include/px4_msgs/px4_msgs/msg/detail/rpm__struct.h
-- Installing: /home/hamad/ws_offboard_control/install/px4_msgs/include/px4_msgs/px4_msgs/msg/detail/position_setpoint_triplet__description.c
-- Installing: /home/hamad/ws_offboard_control/install/px4_msgs/include/px4_msgs/px4_msgs/msg/detail/manual_control_setpoint__type_support.c
-- Installing: /home/hamad/ws_offboard_control/install/px4_msgs/include/px4_msgs/px4_msgs/msg/detail/logger_status__functions.h
-- Installing: /home/hamad/ws_offboard_control/install/px4_msgs/include/px4_msgs/px4_msgs/msg/detail/parameter_set_value_response__struct.h
-- Installing: /home/hamad/ws_offboard_control/install/px4_msgs/include/px4_msgs/px4_msgs/msg/detail/gimbal_device_attitude_status__type_support.c
-- Installing: /home/hamad/ws_offboard_control/install/px4_msgs/include/px4_msgs/px4_msgs/msg/detail/rpm__type_support.c
-- Installing: /home/hamad/ws_offboard_control/install/px4_msgs/include/px4_msgs/px4_msgs/msg/detail/mavlink_tunnel__functions.h
-- Installing: /home/hamad/ws_offboard_control/install/px4_msgs/include/px4_msgs/px4_msgs/msg/detail/mag_worker_data__type_support.c
-- Installing: /home/hamad/ws_offboard_control/install/px4_msgs/include/px4_msgs/px4_msgs/msg/detail/position_setpoint_triplet__functions.h
-- Installing: /home/hamad/ws_offboard_control/install/px4_msgs/include/px4_msgs/px4_msgs/msg/detail/sensor_accel_fifo__struct.h
-- Installing: /home/hamad/ws_offboard_control/install/px4_msgs/include/px4_msgs/px4_msgs/msg/detail/follow_target__type_support.c
-- Installing: /home/hamad/ws_offboard_control/install/px4_msgs/include/px4_msgs/px4_msgs/msg/detail/landing_gear__functions.h
-- Installing: /home/hamad/ws_offboard_control/install/px4_msgs/include/px4_msgs/px4_msgs/msg/detail/estimator_states__type_support.c
-- Installing: /home/hamad/ws_offboard_control/install/px4_msgs/include/px4_msgs/px4_msgs/msg/detail/rover_position_setpoint__functions.c
-- Installing: /home/hamad/ws_offboard_control/install/px4_msgs/include/px4_msgs/px4_msgs/msg/detail/rover_attitude_status__description.c
-- Installing: /home/hamad/ws_offboard_control/install/px4_msgs/include/px4_msgs/px4_msgs/msg/detail/mode_completed__type_support.c
-- Installing: /home/hamad/ws_offboard_control/install/px4_msgs/include/px4_msgs/px4_msgs/msg/detail/velocity_limits__type_support.h
-- Installing: /home/hamad/ws_offboard_control/install/px4_msgs/include/px4_msgs/px4_msgs/msg/detail/ulog_stream_ack__type_support.c
-- Installing: /home/hamad/ws_offboard_control/install/px4_msgs/include/px4_msgs/px4_msgs/msg/detail/collision_constraints__type_support.h
-- Installing: /home/hamad/ws_offboard_control/install/px4_msgs/include/px4_msgs/px4_msgs/msg/detail/actuator_servos_trim__functions.c
-- Installing: /home/hamad/ws_offboard_control/install/px4_msgs/include/px4_msgs/px4_msgs/msg/detail/vehicle_attitude_setpoint__struct.h
-- Installing: /home/hamad/ws_offboard_control/install/px4_msgs/include/px4_msgs/px4_msgs/msg/detail/fuel_tank_status__type_support.h
-- Installing: /home/hamad/ws_offboard_control/install/px4_msgs/include/px4_msgs/px4_msgs/msg/detail/qshell_req__type_support.c
-- Installing: /home/hamad/ws_offboard_control/install/px4_msgs/include/px4_msgs/px4_msgs/msg/detail/sensor_selection__description.c
-- Installing: /home/hamad/ws_offboard_control/install/px4_msgs/include/px4_msgs/px4_msgs/msg/detail/vehicle_torque_setpoint__type_support.c
-- Installing: /home/hamad/ws_offboard_control/install/px4_msgs/include/px4_msgs/px4_msgs/msg/detail/sensor_selection__functions.h
-- Installing: /home/hamad/ws_offboard_control/install/px4_msgs/include/px4_msgs/px4_msgs/msg/detail/gimbal_device_attitude_status__type_support.h
-- Installing: /home/hamad/ws_offboard_control/install/px4_msgs/include/px4_msgs/px4_msgs/msg/detail/register_ext_component_reply__functions.h
-- Installing: /home/hamad/ws_offboard_control/install/px4_msgs/include/px4_msgs/px4_msgs/msg/detail/vehicle_imu__type_support.c
-- Installing: /home/hamad/ws_offboard_control/install/px4_msgs/include/px4_msgs/px4_msgs/msg/detail/geofence_result__type_support.c
-- Installing: /home/hamad/ws_offboard_control/install/px4_msgs/include/px4_msgs/px4_msgs/msg/detail/orb_test__functions.c
-- Installing: /home/hamad/ws_offboard_control/install/px4_msgs/include/px4_msgs/px4_msgs/msg/detail/gpio_in__type_support.h
-- Installing: /home/hamad/ws_offboard_control/install/px4_msgs/include/px4_msgs/px4_msgs/msg/detail/rtl_time_estimate__type_support.c
-- Installing: /home/hamad/ws_offboard_control/install/px4_msgs/include/px4_msgs/px4_msgs/msg/detail/ekf2_timestamps__functions.c
-- Installing: /home/hamad/ws_offboard_control/install/px4_msgs/include/px4_msgs/px4_msgs/msg/detail/actuator_servos__type_support.c
-- Installing: /home/hamad/ws_offboard_control/install/px4_msgs/include/px4_msgs/px4_msgs/msg/detail/orb_test__description.c
-- Installing: /home/hamad/ws_offboard_control/install/px4_msgs/include/px4_msgs/px4_msgs/msg/detail/distance_sensor__functions.c
-- Installing: /home/hamad/ws_offboard_control/install/px4_msgs/include/px4_msgs/px4_msgs/msg/detail/orbit_status__type_support.c
-- Installing: /home/hamad/ws_offboard_control/install/px4_msgs/include/px4_msgs/px4_msgs/msg/detail/ekf2_timestamps__type_support.c
-- Installing: /home/hamad/ws_offboard_control/install/px4_msgs/include/px4_msgs/px4_msgs/msg/detail/fixed_wing_lateral_status__type_support.c
-- Installing: /home/hamad/ws_offboard_control/install/px4_msgs/include/px4_msgs/px4_msgs/msg/detail/camera_status__functions.c
-- Installing: /home/hamad/ws_offboard_control/install/px4_msgs/include/px4_msgs/px4_msgs/msg/detail/gimbal_manager_information__type_support.c
-- Installing: /home/hamad/ws_offboard_control/install/px4_msgs/include/px4_msgs/px4_msgs/msg/detail/unregister_ext_component__struct.h
-- Installing: /home/hamad/ws_offboard_control/install/px4_msgs/include/px4_msgs/px4_msgs/msg/detail/rpm__functions.h
-- Installing: /home/hamad/ws_offboard_control/install/px4_msgs/include/px4_msgs/px4_msgs/msg/detail/vehicle_attitude_setpoint__description.c
-- Installing: /home/hamad/ws_offboard_control/install/px4_msgs/include/px4_msgs/px4_msgs/msg/detail/tiltrotor_extra_controls__struct.h
-- Installing: /home/hamad/ws_offboard_control/install/px4_msgs/include/px4_msgs/px4_msgs/msg/detail/vehicle_angular_acceleration_setpoint__struct.h
-- Installing: /home/hamad/ws_offboard_control/install/px4_msgs/include/px4_msgs/px4_msgs/msg/detail/parameter_set_value_response__functions.h
-- Installing: /home/hamad/ws_offboard_control/install/px4_msgs/include/px4_msgs/px4_msgs/msg/detail/estimator_aid_source2d__type_support.h
-- Installing: /home/hamad/ws_offboard_control/install/px4_msgs/include/px4_msgs/px4_msgs/msg/detail/sensor_combined__type_support.h
-- Installing: /home/hamad/ws_offboard_control/install/px4_msgs/include/px4_msgs/px4_msgs/msg/detail/debug_vect__type_support.c
-- Installing: /home/hamad/ws_offboard_control/install/px4_msgs/include/px4_msgs/px4_msgs/msg/detail/sensor_accel__struct.h
-- Installing: /home/hamad/ws_offboard_control/install/px4_msgs/include/px4_msgs/px4_msgs/msg/detail/landing_gear_wheel__functions.c
CMake Error at cmake_install.cmake:994 (file):
  file INSTALL cannot set modification time on
  "/home/hamad/ws_offboard_control/install/px4_msgs/include/px4_msgs/px4_msgs/msg/detail/landing_gear_wheel__functions.c":
  No such file or directory.


