[0.012s] Invoking command in '/home/hamad/ws_offboard_control/build/px4_msgs': CMAKE_PREFIX_PATH=${CMAKE_PREFIX_PATH}:/opt/ros/jazzy DEBUGINFOD_URLS=https://debuginfod.ubuntu.com PS1=(.local) ${debian_chroot:+($debian_chroot)}\u@\h:\w\$ VIRTUAL_ENV_PROMPT=(.local) /usr/bin/cmake /home/hamad/ws_offboard_control/src/px4_msgs -DCMAKE_INSTALL_PREFIX=/home/hamad/ws_offboard_control/install/px4_msgs
[0.041s] -- Found ament_cmake: 2.5.4 (/opt/ros/jazzy/share/ament_cmake/cmake)
[0.205s] -- Found Python3: /home/hamad/.local/bin/python3 (found version "3.12.3") found components: Interpreter 
[0.388s] -- Found builtin_interfaces: 2.0.3 (/opt/ros/jazzy/share/builtin_interfaces/cmake)
[0.469s] -- Found rosidl_generator_c: 4.6.6 (/opt/ros/jazzy/share/rosidl_generator_c/cmake)
[0.499s] -- Found rosidl_generator_cpp: 4.6.6 (/opt/ros/jazzy/share/rosidl_generator_cpp/cmake)
[0.534s] -- Using all available rosidl_typesupport_c: rosidl_typesupport_fastrtps_c;rosidl_typesupport_introspection_c
[0.574s] -- Using all available rosidl_typesupport_cpp: rosidl_typesupport_fastrtps_cpp;rosidl_typesupport_introspection_cpp
[0.610s] -- Found rosidl_default_generators: 1.6.0 (/opt/ros/jazzy/share/rosidl_default_generators/cmake)
[0.642s] -- Found rosidl_adapter: 4.6.6 (/opt/ros/jazzy/share/rosidl_adapter/cmake)
[3.714s] -- Found ament_cmake_ros: 0.12.0 (/opt/ros/jazzy/share/ament_cmake_ros/cmake)
[4.697s] -- Using all available rosidl_typesupport_c: rosidl_typesupport_fastrtps_c;rosidl_typesupport_introspection_c
[5.073s] -- Using all available rosidl_typesupport_cpp: rosidl_typesupport_fastrtps_cpp;rosidl_typesupport_introspection_cpp
[5.083s] -- Found python_cmake_module: 0.11.1 (/opt/ros/jazzy/share/python_cmake_module/cmake)
[5.229s] -- Found PythonExtra: /home/hamad/.local/bin/python3  
[5.769s] -- Found Python3: /home/hamad/.local/bin/python3 (found version "3.12.3") found components: Interpreter Development NumPy Development.Module Development.Embed 
[5.897s] -- Configuring done (5.9s)
[6.773s] -- Generating done (0.7s)
[6.852s] -- Build files have been written to: /home/hamad/ws_offboard_control/build/px4_msgs
[6.880s] Invoked command in '/home/hamad/ws_offboard_control/build/px4_msgs' returned '0': CMAKE_PREFIX_PATH=${CMAKE_PREFIX_PATH}:/opt/ros/jazzy DEBUGINFOD_URLS=https://debuginfod.ubuntu.com PS1=(.local) ${debian_chroot:+($debian_chroot)}\u@\h:\w\$ VIRTUAL_ENV_PROMPT=(.local) /usr/bin/cmake /home/hamad/ws_offboard_control/src/px4_msgs -DCMAKE_INSTALL_PREFIX=/home/hamad/ws_offboard_control/install/px4_msgs
[6.881s] Invoking command in '/home/hamad/ws_offboard_control/build/px4_msgs': CMAKE_PREFIX_PATH=${CMAKE_PREFIX_PATH}:/opt/ros/jazzy DEBUGINFOD_URLS=https://debuginfod.ubuntu.com PS1=(.local) ${debian_chroot:+($debian_chroot)}\u@\h:\w\$ VIRTUAL_ENV_PROMPT=(.local) /usr/bin/cmake --build /home/hamad/ws_offboard_control/build/px4_msgs -- -j8 -l8
[8.095s] [  0%] Generating type hashes for ROS interfaces
[71.162s] [  0%] Built target px4_msgs__rosidl_generator_type_description
[71.198s] [  0%] Built target ament_cmake_python_copy_px4_msgs
[71.248s] [  0%] Generating C code for ROS interfaces
[166.594s] [  0%] Building C object CMakeFiles/px4_msgs__rosidl_generator_c.dir/rosidl_generator_c/px4_msgs/msg/detail/action_request__description.c.o
[166.659s] [  0%] Building C object CMakeFiles/px4_msgs__rosidl_generator_c.dir/rosidl_generator_c/px4_msgs/msg/detail/actuator_armed__type_support.c.o
[166.701s] [  0%] Building C object CMakeFiles/px4_msgs__rosidl_generator_c.dir/rosidl_generator_c/px4_msgs/msg/detail/actuator_controls_status__description.c.o
[166.754s] [  0%] Building C object CMakeFiles/px4_msgs__rosidl_generator_c.dir/rosidl_generator_c/px4_msgs/msg/detail/actuator_controls_status__functions.c.o
[166.824s] [  0%] Building C object CMakeFiles/px4_msgs__rosidl_generator_c.dir/rosidl_generator_c/px4_msgs/msg/detail/actuator_controls_status__type_support.c.o
[166.863s] [  0%] Building C object CMakeFiles/px4_msgs__rosidl_generator_c.dir/rosidl_generator_c/px4_msgs/msg/detail/actuator_motors__description.c.o
[166.915s] [  0%] Building C object CMakeFiles/px4_msgs__rosidl_generator_c.dir/rosidl_generator_c/px4_msgs/msg/detail/actuator_motors__functions.c.o
[166.978s] [  0%] Building C object CMakeFiles/px4_msgs__rosidl_generator_c.dir/rosidl_generator_c/px4_msgs/msg/detail/actuator_motors__type_support.c.o
[167.019s] [  0%] Building C object CMakeFiles/px4_msgs__rosidl_generator_c.dir/rosidl_generator_c/px4_msgs/msg/detail/actuator_outputs__description.c.o
[167.076s] [  0%] Building C object CMakeFiles/px4_msgs__rosidl_generator_c.dir/rosidl_generator_c/px4_msgs/msg/detail/actuator_outputs__functions.c.o
[167.140s] [  0%] Building C object CMakeFiles/px4_msgs__rosidl_generator_c.dir/rosidl_generator_c/px4_msgs/msg/detail/actuator_outputs__type_support.c.o
[167.182s] [  0%] Building C object CMakeFiles/px4_msgs__rosidl_generator_c.dir/rosidl_generator_c/px4_msgs/msg/detail/actuator_servos__description.c.o
[167.234s] [  0%] Building C object CMakeFiles/px4_msgs__rosidl_generator_c.dir/rosidl_generator_c/px4_msgs/msg/detail/actuator_servos__functions.c.o
[167.294s] [  0%] Building C object CMakeFiles/px4_msgs__rosidl_generator_c.dir/rosidl_generator_c/px4_msgs/msg/detail/actuator_servos__type_support.c.o
[167.333s] [  0%] Building C object CMakeFiles/px4_msgs__rosidl_generator_c.dir/rosidl_generator_c/px4_msgs/msg/detail/actuator_servos_trim__description.c.o
[167.381s] [  0%] Building C object CMakeFiles/px4_msgs__rosidl_generator_c.dir/rosidl_generator_c/px4_msgs/msg/detail/actuator_servos_trim__functions.c.o
[167.447s] [  1%] Building C object CMakeFiles/px4_msgs__rosidl_generator_c.dir/rosidl_generator_c/px4_msgs/msg/detail/actuator_servos_trim__type_support.c.o
[167.487s] [  1%] Building C object CMakeFiles/px4_msgs__rosidl_generator_c.dir/rosidl_generator_c/px4_msgs/msg/detail/actuator_test__description.c.o
[167.535s] [  1%] Building C object CMakeFiles/px4_msgs__rosidl_generator_c.dir/rosidl_generator_c/px4_msgs/msg/detail/actuator_test__functions.c.o
[167.595s] [  1%] Building C object CMakeFiles/px4_msgs__rosidl_generator_c.dir/rosidl_generator_c/px4_msgs/msg/detail/actuator_test__type_support.c.o
[167.634s] [  1%] Building C object CMakeFiles/px4_msgs__rosidl_generator_c.dir/rosidl_generator_c/px4_msgs/msg/detail/adc_report__description.c.o
[167.683s] [  1%] Building C object CMakeFiles/px4_msgs__rosidl_generator_c.dir/rosidl_generator_c/px4_msgs/msg/detail/adc_report__functions.c.o
[167.750s] [  1%] Building C object CMakeFiles/px4_msgs__rosidl_generator_c.dir/rosidl_generator_c/px4_msgs/msg/detail/adc_report__type_support.c.o
[167.790s] [  1%] Building C object CMakeFiles/px4_msgs__rosidl_generator_c.dir/rosidl_generator_c/px4_msgs/msg/detail/airspeed__description.c.o
[167.840s] [  1%] Building C object CMakeFiles/px4_msgs__rosidl_generator_c.dir/rosidl_generator_c/px4_msgs/msg/detail/airspeed__functions.c.o
[167.902s] [  1%] Building C object CMakeFiles/px4_msgs__rosidl_generator_c.dir/rosidl_generator_c/px4_msgs/msg/detail/airspeed__type_support.c.o
[167.942s] [  1%] Building C object CMakeFiles/px4_msgs__rosidl_generator_c.dir/rosidl_generator_c/px4_msgs/msg/detail/airspeed_validated__description.c.o
[167.991s] [  1%] Building C object CMakeFiles/px4_msgs__rosidl_generator_c.dir/rosidl_generator_c/px4_msgs/msg/detail/airspeed_validated__functions.c.o
[168.055s] [  1%] Building C object CMakeFiles/px4_msgs__rosidl_generator_c.dir/rosidl_generator_c/px4_msgs/msg/detail/airspeed_validated__type_support.c.o
[168.096s] [  1%] Building C object CMakeFiles/px4_msgs__rosidl_generator_c.dir/rosidl_generator_c/px4_msgs/msg/detail/airspeed_wind__description.c.o
[168.144s] [  1%] Building C object CMakeFiles/px4_msgs__rosidl_generator_c.dir/rosidl_generator_c/px4_msgs/msg/detail/airspeed_wind__functions.c.o
[168.209s] [  1%] Building C object CMakeFiles/px4_msgs__rosidl_generator_c.dir/rosidl_generator_c/px4_msgs/msg/detail/airspeed_wind__type_support.c.o
[168.247s] [  1%] Building C object CMakeFiles/px4_msgs__rosidl_generator_c.dir/rosidl_generator_c/px4_msgs/msg/detail/arming_check_reply__description.c.o
[168.298s] [  1%] Building C object CMakeFiles/px4_msgs__rosidl_generator_c.dir/rosidl_generator_c/px4_msgs/msg/detail/arming_check_reply__functions.c.o
[168.364s] [  1%] Building C object CMakeFiles/px4_msgs__rosidl_generator_c.dir/rosidl_generator_c/px4_msgs/msg/detail/arming_check_reply__type_support.c.o
[168.402s] [  1%] Building C object CMakeFiles/px4_msgs__rosidl_generator_c.dir/rosidl_generator_c/px4_msgs/msg/detail/arming_check_request__description.c.o
[168.450s] [  1%] Building C object CMakeFiles/px4_msgs__rosidl_generator_c.dir/rosidl_generator_c/px4_msgs/msg/detail/arming_check_request__functions.c.o
[168.513s] [  1%] Building C object CMakeFiles/px4_msgs__rosidl_generator_c.dir/rosidl_generator_c/px4_msgs/msg/detail/arming_check_request__type_support.c.o
[168.551s] [  1%] Building C object CMakeFiles/px4_msgs__rosidl_generator_c.dir/rosidl_generator_c/px4_msgs/msg/detail/autotune_attitude_control_status__description.c.o
[168.603s] [  1%] Building C object CMakeFiles/px4_msgs__rosidl_generator_c.dir/rosidl_generator_c/px4_msgs/msg/detail/autotune_attitude_control_status__functions.c.o
[168.674s] [  2%] Building C object CMakeFiles/px4_msgs__rosidl_generator_c.dir/rosidl_generator_c/px4_msgs/msg/detail/autotune_attitude_control_status__type_support.c.o
[168.715s] [  2%] Building C object CMakeFiles/px4_msgs__rosidl_generator_c.dir/rosidl_generator_c/px4_msgs/msg/detail/battery_info__description.c.o
[168.765s] [  2%] Building C object CMakeFiles/px4_msgs__rosidl_generator_c.dir/rosidl_generator_c/px4_msgs/msg/detail/battery_info__functions.c.o
[168.830s] [  2%] Building C object CMakeFiles/px4_msgs__rosidl_generator_c.dir/rosidl_generator_c/px4_msgs/msg/detail/battery_info__type_support.c.o
[168.871s] [  2%] Building C object CMakeFiles/px4_msgs__rosidl_generator_c.dir/rosidl_generator_c/px4_msgs/msg/detail/battery_status__description.c.o
[168.924s] [  2%] Building C object CMakeFiles/px4_msgs__rosidl_generator_c.dir/rosidl_generator_c/px4_msgs/msg/detail/battery_status__functions.c.o
[168.996s] [  2%] Building C object CMakeFiles/px4_msgs__rosidl_generator_c.dir/rosidl_generator_c/px4_msgs/msg/detail/battery_status__type_support.c.o
[169.038s] [  2%] Building C object CMakeFiles/px4_msgs__rosidl_generator_c.dir/rosidl_generator_c/px4_msgs/msg/detail/button_event__description.c.o
[169.087s] [  2%] Building C object CMakeFiles/px4_msgs__rosidl_generator_c.dir/rosidl_generator_c/px4_msgs/msg/detail/button_event__functions.c.o
[169.153s] [  2%] Building C object CMakeFiles/px4_msgs__rosidl_generator_c.dir/rosidl_generator_c/px4_msgs/msg/detail/button_event__type_support.c.o
[169.194s] [  2%] Building C object CMakeFiles/px4_msgs__rosidl_generator_c.dir/rosidl_generator_c/px4_msgs/msg/detail/camera_capture__description.c.o
[169.244s] [  2%] Building C object CMakeFiles/px4_msgs__rosidl_generator_c.dir/rosidl_generator_c/px4_msgs/msg/detail/camera_capture__functions.c.o
[169.309s] [  2%] Building C object CMakeFiles/px4_msgs__rosidl_generator_c.dir/rosidl_generator_c/px4_msgs/msg/detail/camera_capture__type_support.c.o
[169.352s] [  2%] Building C object CMakeFiles/px4_msgs__rosidl_generator_c.dir/rosidl_generator_c/px4_msgs/msg/detail/camera_status__description.c.o
[169.399s] [  2%] Building C object CMakeFiles/px4_msgs__rosidl_generator_c.dir/rosidl_generator_c/px4_msgs/msg/detail/camera_status__functions.c.o
[169.460s] [  2%] Building C object CMakeFiles/px4_msgs__rosidl_generator_c.dir/rosidl_generator_c/px4_msgs/msg/detail/camera_status__type_support.c.o
[169.500s] [  2%] Building C object CMakeFiles/px4_msgs__rosidl_generator_c.dir/rosidl_generator_c/px4_msgs/msg/detail/camera_trigger__description.c.o
[169.552s] [  2%] Building C object CMakeFiles/px4_msgs__rosidl_generator_c.dir/rosidl_generator_c/px4_msgs/msg/detail/camera_trigger__functions.c.o
[169.615s] [  2%] Building C object CMakeFiles/px4_msgs__rosidl_generator_c.dir/rosidl_generator_c/px4_msgs/msg/detail/camera_trigger__type_support.c.o
[169.657s] [  2%] Building C object CMakeFiles/px4_msgs__rosidl_generator_c.dir/rosidl_generator_c/px4_msgs/msg/detail/can_interface_status__description.c.o
[169.703s] [  2%] Building C object CMakeFiles/px4_msgs__rosidl_generator_c.dir/rosidl_generator_c/px4_msgs/msg/detail/can_interface_status__functions.c.o
[169.763s] [  2%] Building C object CMakeFiles/px4_msgs__rosidl_generator_c.dir/rosidl_generator_c/px4_msgs/msg/detail/can_interface_status__type_support.c.o
[169.806s] [  2%] Building C object CMakeFiles/px4_msgs__rosidl_generator_c.dir/rosidl_generator_c/px4_msgs/msg/detail/cellular_status__description.c.o
[169.857s] [  2%] Building C object CMakeFiles/px4_msgs__rosidl_generator_c.dir/rosidl_generator_c/px4_msgs/msg/detail/cellular_status__functions.c.o
[169.920s] [  3%] Building C object CMakeFiles/px4_msgs__rosidl_generator_c.dir/rosidl_generator_c/px4_msgs/msg/detail/cellular_status__type_support.c.o
[169.958s] [  3%] Building C object CMakeFiles/px4_msgs__rosidl_generator_c.dir/rosidl_generator_c/px4_msgs/msg/detail/collision_constraints__description.c.o
[170.007s] [  3%] Building C object CMakeFiles/px4_msgs__rosidl_generator_c.dir/rosidl_generator_c/px4_msgs/msg/detail/collision_constraints__functions.c.o
[170.075s] [  3%] Building C object CMakeFiles/px4_msgs__rosidl_generator_c.dir/rosidl_generator_c/px4_msgs/msg/detail/collision_constraints__type_support.c.o
[170.119s] [  3%] Building C object CMakeFiles/px4_msgs__rosidl_generator_c.dir/rosidl_generator_c/px4_msgs/msg/detail/config_overrides__description.c.o
[170.168s] [  3%] Building C object CMakeFiles/px4_msgs__rosidl_generator_c.dir/rosidl_generator_c/px4_msgs/msg/detail/config_overrides__functions.c.o
[170.230s] [  3%] Building C object CMakeFiles/px4_msgs__rosidl_generator_c.dir/rosidl_generator_c/px4_msgs/msg/detail/config_overrides__type_support.c.o
[170.268s] [  3%] Building C object CMakeFiles/px4_msgs__rosidl_generator_c.dir/rosidl_generator_c/px4_msgs/msg/detail/control_allocator_status__description.c.o
[170.317s] [  3%] Building C object CMakeFiles/px4_msgs__rosidl_generator_c.dir/rosidl_generator_c/px4_msgs/msg/detail/control_allocator_status__functions.c.o
[170.380s] [  3%] Building C object CMakeFiles/px4_msgs__rosidl_generator_c.dir/rosidl_generator_c/px4_msgs/msg/detail/control_allocator_status__type_support.c.o
[170.420s] [  3%] Building C object CMakeFiles/px4_msgs__rosidl_generator_c.dir/rosidl_generator_c/px4_msgs/msg/detail/cpuload__description.c.o
[170.469s] [  3%] Building C object CMakeFiles/px4_msgs__rosidl_generator_c.dir/rosidl_generator_c/px4_msgs/msg/detail/cpuload__functions.c.o
[170.533s] [  3%] Building C object CMakeFiles/px4_msgs__rosidl_generator_c.dir/rosidl_generator_c/px4_msgs/msg/detail/cpuload__type_support.c.o
[170.573s] [  3%] Building C object CMakeFiles/px4_msgs__rosidl_generator_c.dir/rosidl_generator_c/px4_msgs/msg/detail/dataman_request__description.c.o
[170.622s] [  3%] Building C object CMakeFiles/px4_msgs__rosidl_generator_c.dir/rosidl_generator_c/px4_msgs/msg/detail/dataman_request__functions.c.o
[170.687s] [  3%] Building C object CMakeFiles/px4_msgs__rosidl_generator_c.dir/rosidl_generator_c/px4_msgs/msg/detail/dataman_request__type_support.c.o
[170.729s] [  3%] Building C object CMakeFiles/px4_msgs__rosidl_generator_c.dir/rosidl_generator_c/px4_msgs/msg/detail/dataman_response__description.c.o
[170.780s] [  3%] Building C object CMakeFiles/px4_msgs__rosidl_generator_c.dir/rosidl_generator_c/px4_msgs/msg/detail/dataman_response__functions.c.o
[170.843s] [  3%] Building C object CMakeFiles/px4_msgs__rosidl_generator_c.dir/rosidl_generator_c/px4_msgs/msg/detail/dataman_response__type_support.c.o
[170.884s] [  3%] Building C object CMakeFiles/px4_msgs__rosidl_generator_c.dir/rosidl_generator_c/px4_msgs/msg/detail/debug_array__description.c.o
[170.935s] [  3%] Building C object CMakeFiles/px4_msgs__rosidl_generator_c.dir/rosidl_generator_c/px4_msgs/msg/detail/debug_array__functions.c.o
[170.998s] [  3%] Building C object CMakeFiles/px4_msgs__rosidl_generator_c.dir/rosidl_generator_c/px4_msgs/msg/detail/debug_array__type_support.c.o
[171.041s] [  3%] Building C object CMakeFiles/px4_msgs__rosidl_generator_c.dir/rosidl_generator_c/px4_msgs/msg/detail/debug_key_value__description.c.o
[171.091s] [  3%] Building C object CMakeFiles/px4_msgs__rosidl_generator_c.dir/rosidl_generator_c/px4_msgs/msg/detail/debug_key_value__functions.c.o
[171.156s] [  4%] Building C object CMakeFiles/px4_msgs__rosidl_generator_c.dir/rosidl_generator_c/px4_msgs/msg/detail/debug_key_value__type_support.c.o
[171.197s] [  4%] Building C object CMakeFiles/px4_msgs__rosidl_generator_c.dir/rosidl_generator_c/px4_msgs/msg/detail/debug_value__description.c.o
[171.246s] [  4%] Building C object CMakeFiles/px4_msgs__rosidl_generator_c.dir/rosidl_generator_c/px4_msgs/msg/detail/debug_value__functions.c.o
[171.308s] [  4%] Building C object CMakeFiles/px4_msgs__rosidl_generator_c.dir/rosidl_generator_c/px4_msgs/msg/detail/debug_value__type_support.c.o
[171.349s] [  4%] Building C object CMakeFiles/px4_msgs__rosidl_generator_c.dir/rosidl_generator_c/px4_msgs/msg/detail/debug_vect__description.c.o
[171.398s] [  4%] Building C object CMakeFiles/px4_msgs__rosidl_generator_c.dir/rosidl_generator_c/px4_msgs/msg/detail/debug_vect__functions.c.o
[171.462s] [  4%] Building C object CMakeFiles/px4_msgs__rosidl_generator_c.dir/rosidl_generator_c/px4_msgs/msg/detail/debug_vect__type_support.c.o
[171.502s] [  4%] Building C object CMakeFiles/px4_msgs__rosidl_generator_c.dir/rosidl_generator_c/px4_msgs/msg/detail/differential_pressure__description.c.o
[171.551s] [  4%] Building C object CMakeFiles/px4_msgs__rosidl_generator_c.dir/rosidl_generator_c/px4_msgs/msg/detail/differential_pressure__functions.c.o
[171.615s] [  4%] Building C object CMakeFiles/px4_msgs__rosidl_generator_c.dir/rosidl_generator_c/px4_msgs/msg/detail/differential_pressure__type_support.c.o
[171.656s] [  4%] Building C object CMakeFiles/px4_msgs__rosidl_generator_c.dir/rosidl_generator_c/px4_msgs/msg/detail/distance_sensor__description.c.o
[171.704s] [  4%] Building C object CMakeFiles/px4_msgs__rosidl_generator_c.dir/rosidl_generator_c/px4_msgs/msg/detail/distance_sensor__functions.c.o
[171.771s] [  4%] Building C object CMakeFiles/px4_msgs__rosidl_generator_c.dir/rosidl_generator_c/px4_msgs/msg/detail/distance_sensor__type_support.c.o
[171.810s] [  4%] Building C object CMakeFiles/px4_msgs__rosidl_generator_c.dir/rosidl_generator_c/px4_msgs/msg/detail/distance_sensor_mode_change_request__description.c.o
[171.859s] [  4%] Building C object CMakeFiles/px4_msgs__rosidl_generator_c.dir/rosidl_generator_c/px4_msgs/msg/detail/distance_sensor_mode_change_request__functions.c.o
[171.917s] [  4%] Building C object CMakeFiles/px4_msgs__rosidl_generator_c.dir/rosidl_generator_c/px4_msgs/msg/detail/distance_sensor_mode_change_request__type_support.c.o
[171.958s] [  4%] Building C object CMakeFiles/px4_msgs__rosidl_generator_c.dir/rosidl_generator_c/px4_msgs/msg/detail/dronecan_node_status__description.c.o
[172.009s] [  4%] Building C object CMakeFiles/px4_msgs__rosidl_generator_c.dir/rosidl_generator_c/px4_msgs/msg/detail/dronecan_node_status__functions.c.o
[172.075s] [  4%] Building C object CMakeFiles/px4_msgs__rosidl_generator_c.dir/rosidl_generator_c/px4_msgs/msg/detail/dronecan_node_status__type_support.c.o
[172.115s] [  4%] Building C object CMakeFiles/px4_msgs__rosidl_generator_c.dir/rosidl_generator_c/px4_msgs/msg/detail/ekf2_timestamps__description.c.o
[172.164s] [  4%] Building C object CMakeFiles/px4_msgs__rosidl_generator_c.dir/rosidl_generator_c/px4_msgs/msg/detail/ekf2_timestamps__functions.c.o
[172.228s] [  4%] Building C object CMakeFiles/px4_msgs__rosidl_generator_c.dir/rosidl_generator_c/px4_msgs/msg/detail/ekf2_timestamps__type_support.c.o
[172.269s] [  4%] Building C object CMakeFiles/px4_msgs__rosidl_generator_c.dir/rosidl_generator_c/px4_msgs/msg/detail/esc_report__description.c.o
[172.318s] [  4%] Building C object CMakeFiles/px4_msgs__rosidl_generator_c.dir/rosidl_generator_c/px4_msgs/msg/detail/esc_report__functions.c.o
[172.380s] [  5%] Building C object CMakeFiles/px4_msgs__rosidl_generator_c.dir/rosidl_generator_c/px4_msgs/msg/detail/esc_report__type_support.c.o
[172.417s] [  5%] Building C object CMakeFiles/px4_msgs__rosidl_generator_c.dir/rosidl_generator_c/px4_msgs/msg/detail/esc_status__description.c.o
[172.465s] [  5%] Building C object CMakeFiles/px4_msgs__rosidl_generator_c.dir/rosidl_generator_c/px4_msgs/msg/detail/esc_status__functions.c.o
[172.528s] [  5%] Building C object CMakeFiles/px4_msgs__rosidl_generator_c.dir/rosidl_generator_c/px4_msgs/msg/detail/esc_status__type_support.c.o
[172.566s] [  5%] Building C object CMakeFiles/px4_msgs__rosidl_generator_c.dir/rosidl_generator_c/px4_msgs/msg/detail/estimator_aid_source1d__description.c.o
[172.614s] [  5%] Building C object CMakeFiles/px4_msgs__rosidl_generator_c.dir/rosidl_generator_c/px4_msgs/msg/detail/estimator_aid_source1d__functions.c.o
[172.679s] [  5%] Building C object CMakeFiles/px4_msgs__rosidl_generator_c.dir/rosidl_generator_c/px4_msgs/msg/detail/estimator_aid_source1d__type_support.c.o
[172.724s] [  5%] Building C object CMakeFiles/px4_msgs__rosidl_generator_c.dir/rosidl_generator_c/px4_msgs/msg/detail/estimator_aid_source2d__description.c.o
[172.776s] [  5%] Building C object CMakeFiles/px4_msgs__rosidl_generator_c.dir/rosidl_generator_c/px4_msgs/msg/detail/estimator_aid_source2d__functions.c.o
[172.845s] [  5%] Building C object CMakeFiles/px4_msgs__rosidl_generator_c.dir/rosidl_generator_c/px4_msgs/msg/detail/estimator_aid_source2d__type_support.c.o
[172.885s] [  5%] Building C object CMakeFiles/px4_msgs__rosidl_generator_c.dir/rosidl_generator_c/px4_msgs/msg/detail/estimator_aid_source3d__description.c.o
[172.936s] [  5%] Building C object CMakeFiles/px4_msgs__rosidl_generator_c.dir/rosidl_generator_c/px4_msgs/msg/detail/estimator_aid_source3d__functions.c.o
[172.999s] [  5%] Building C object CMakeFiles/px4_msgs__rosidl_generator_c.dir/rosidl_generator_c/px4_msgs/msg/detail/estimator_aid_source3d__type_support.c.o
[173.038s] [  5%] Building C object CMakeFiles/px4_msgs__rosidl_generator_c.dir/rosidl_generator_c/px4_msgs/msg/detail/estimator_bias__description.c.o
[173.090s] [  5%] Building C object CMakeFiles/px4_msgs__rosidl_generator_c.dir/rosidl_generator_c/px4_msgs/msg/detail/estimator_bias__functions.c.o
[173.157s] [  5%] Building C object CMakeFiles/px4_msgs__rosidl_generator_c.dir/rosidl_generator_c/px4_msgs/msg/detail/estimator_bias__type_support.c.o
[173.197s] [  5%] Building C object CMakeFiles/px4_msgs__rosidl_generator_c.dir/rosidl_generator_c/px4_msgs/msg/detail/estimator_bias3d__description.c.o
[173.245s] [  5%] Building C object CMakeFiles/px4_msgs__rosidl_generator_c.dir/rosidl_generator_c/px4_msgs/msg/detail/estimator_bias3d__functions.c.o
[173.310s] [  5%] Building C object CMakeFiles/px4_msgs__rosidl_generator_c.dir/rosidl_generator_c/px4_msgs/msg/detail/estimator_bias3d__type_support.c.o
[173.352s] [  5%] Building C object CMakeFiles/px4_msgs__rosidl_generator_c.dir/rosidl_generator_c/px4_msgs/msg/detail/estimator_event_flags__description.c.o
[173.403s] [  5%] Building C object CMakeFiles/px4_msgs__rosidl_generator_c.dir/rosidl_generator_c/px4_msgs/msg/detail/estimator_event_flags__functions.c.o
[173.465s] [  5%] Building C object CMakeFiles/px4_msgs__rosidl_generator_c.dir/rosidl_generator_c/px4_msgs/msg/detail/estimator_event_flags__type_support.c.o
[173.503s] [  5%] Building C object CMakeFiles/px4_msgs__rosidl_generator_c.dir/rosidl_generator_c/px4_msgs/msg/detail/estimator_gps_status__description.c.o
[173.553s] [  5%] Building C object CMakeFiles/px4_msgs__rosidl_generator_c.dir/rosidl_generator_c/px4_msgs/msg/detail/estimator_gps_status__functions.c.o
[173.620s] [  6%] Building C object CMakeFiles/px4_msgs__rosidl_generator_c.dir/rosidl_generator_c/px4_msgs/msg/detail/estimator_gps_status__type_support.c.o
[173.661s] [  6%] Building C object CMakeFiles/px4_msgs__rosidl_generator_c.dir/rosidl_generator_c/px4_msgs/msg/detail/estimator_innovations__description.c.o
[173.712s] [  6%] Building C object CMakeFiles/px4_msgs__rosidl_generator_c.dir/rosidl_generator_c/px4_msgs/msg/detail/estimator_innovations__functions.c.o
[173.780s] [  6%] Building C object CMakeFiles/px4_msgs__rosidl_generator_c.dir/rosidl_generator_c/px4_msgs/msg/detail/estimator_innovations__type_support.c.o
[173.820s] [  6%] Building C object CMakeFiles/px4_msgs__rosidl_generator_c.dir/rosidl_generator_c/px4_msgs/msg/detail/estimator_selector_status__description.c.o
[173.869s] [  6%] Building C object CMakeFiles/px4_msgs__rosidl_generator_c.dir/rosidl_generator_c/px4_msgs/msg/detail/estimator_selector_status__functions.c.o
[173.936s] [  6%] Building C object CMakeFiles/px4_msgs__rosidl_generator_c.dir/rosidl_generator_c/px4_msgs/msg/detail/estimator_selector_status__type_support.c.o
[173.976s] [  6%] Building C object CMakeFiles/px4_msgs__rosidl_generator_c.dir/rosidl_generator_c/px4_msgs/msg/detail/estimator_sensor_bias__description.c.o
[174.028s] [  6%] Building C object CMakeFiles/px4_msgs__rosidl_generator_c.dir/rosidl_generator_c/px4_msgs/msg/detail/estimator_sensor_bias__functions.c.o
[174.097s] [  6%] Building C object CMakeFiles/px4_msgs__rosidl_generator_c.dir/rosidl_generator_c/px4_msgs/msg/detail/estimator_sensor_bias__type_support.c.o
[174.140s] [  6%] Building C object CMakeFiles/px4_msgs__rosidl_generator_c.dir/rosidl_generator_c/px4_msgs/msg/detail/estimator_states__description.c.o
[174.190s] [  6%] Building C object CMakeFiles/px4_msgs__rosidl_generator_c.dir/rosidl_generator_c/px4_msgs/msg/detail/estimator_states__functions.c.o
[174.251s] [  6%] Building C object CMakeFiles/px4_msgs__rosidl_generator_c.dir/rosidl_generator_c/px4_msgs/msg/detail/estimator_states__type_support.c.o
[174.294s] [  6%] Building C object CMakeFiles/px4_msgs__rosidl_generator_c.dir/rosidl_generator_c/px4_msgs/msg/detail/estimator_status__description.c.o
[174.343s] [  6%] Building C object CMakeFiles/px4_msgs__rosidl_generator_c.dir/rosidl_generator_c/px4_msgs/msg/detail/estimator_status__functions.c.o
[174.413s] [  6%] Building C object CMakeFiles/px4_msgs__rosidl_generator_c.dir/rosidl_generator_c/px4_msgs/msg/detail/estimator_status__type_support.c.o
[174.452s] [  6%] Building C object CMakeFiles/px4_msgs__rosidl_generator_c.dir/rosidl_generator_c/px4_msgs/msg/detail/estimator_status_flags__description.c.o
[174.504s] [  6%] Building C object CMakeFiles/px4_msgs__rosidl_generator_c.dir/rosidl_generator_c/px4_msgs/msg/detail/estimator_status_flags__functions.c.o
[174.579s] [  6%] Building C object CMakeFiles/px4_msgs__rosidl_generator_c.dir/rosidl_generator_c/px4_msgs/msg/detail/estimator_status_flags__type_support.c.o
[174.620s] [  6%] Building C object CMakeFiles/px4_msgs__rosidl_generator_c.dir/rosidl_generator_c/px4_msgs/msg/detail/event__description.c.o
[174.671s] [  6%] Building C object CMakeFiles/px4_msgs__rosidl_generator_c.dir/rosidl_generator_c/px4_msgs/msg/detail/event__functions.c.o
[174.737s] [  6%] Building C object CMakeFiles/px4_msgs__rosidl_generator_c.dir/rosidl_generator_c/px4_msgs/msg/detail/event__type_support.c.o
[174.778s] [  6%] Building C object CMakeFiles/px4_msgs__rosidl_generator_c.dir/rosidl_generator_c/px4_msgs/msg/detail/failsafe_flags__description.c.o
[174.831s] [  7%] Building C object CMakeFiles/px4_msgs__rosidl_generator_c.dir/rosidl_generator_c/px4_msgs/msg/detail/failsafe_flags__functions.c.o
[174.907s] [  7%] Building C object CMakeFiles/px4_msgs__rosidl_generator_c.dir/rosidl_generator_c/px4_msgs/msg/detail/failsafe_flags__type_support.c.o
[174.946s] [  7%] Building C object CMakeFiles/px4_msgs__rosidl_generator_c.dir/rosidl_generator_c/px4_msgs/msg/detail/failure_detector_status__description.c.o
[174.995s] [  7%] Building C object CMakeFiles/px4_msgs__rosidl_generator_c.dir/rosidl_generator_c/px4_msgs/msg/detail/failure_detector_status__functions.c.o
[175.064s] [  7%] Building C object CMakeFiles/px4_msgs__rosidl_generator_c.dir/rosidl_generator_c/px4_msgs/msg/detail/failure_detector_status__type_support.c.o
[175.106s] [  7%] Building C object CMakeFiles/px4_msgs__rosidl_generator_c.dir/rosidl_generator_c/px4_msgs/msg/detail/figure_eight_status__description.c.o
[175.156s] [  7%] Building C object CMakeFiles/px4_msgs__rosidl_generator_c.dir/rosidl_generator_c/px4_msgs/msg/detail/figure_eight_status__functions.c.o
[175.217s] [  7%] Building C object CMakeFiles/px4_msgs__rosidl_generator_c.dir/rosidl_generator_c/px4_msgs/msg/detail/figure_eight_status__type_support.c.o
[175.258s] [  7%] Building C object CMakeFiles/px4_msgs__rosidl_generator_c.dir/rosidl_generator_c/px4_msgs/msg/detail/fixed_wing_lateral_guidance_status__description.c.o
[175.308s] [  7%] Building C object CMakeFiles/px4_msgs__rosidl_generator_c.dir/rosidl_generator_c/px4_msgs/msg/detail/fixed_wing_lateral_guidance_status__functions.c.o
[175.373s] [  7%] Building C object CMakeFiles/px4_msgs__rosidl_generator_c.dir/rosidl_generator_c/px4_msgs/msg/detail/fixed_wing_lateral_guidance_status__type_support.c.o
[175.415s] [  7%] Building C object CMakeFiles/px4_msgs__rosidl_generator_c.dir/rosidl_generator_c/px4_msgs/msg/detail/fixed_wing_lateral_setpoint__description.c.o
[175.463s] [  7%] Building C object CMakeFiles/px4_msgs__rosidl_generator_c.dir/rosidl_generator_c/px4_msgs/msg/detail/fixed_wing_lateral_setpoint__functions.c.o
[175.527s] [  7%] Building C object CMakeFiles/px4_msgs__rosidl_generator_c.dir/rosidl_generator_c/px4_msgs/msg/detail/fixed_wing_lateral_setpoint__type_support.c.o
[175.566s] [  7%] Building C object CMakeFiles/px4_msgs__rosidl_generator_c.dir/rosidl_generator_c/px4_msgs/msg/detail/fixed_wing_lateral_status__description.c.o
[175.618s] [  7%] Building C object CMakeFiles/px4_msgs__rosidl_generator_c.dir/rosidl_generator_c/px4_msgs/msg/detail/fixed_wing_lateral_status__functions.c.o
[175.680s] [  7%] Building C object CMakeFiles/px4_msgs__rosidl_generator_c.dir/rosidl_generator_c/px4_msgs/msg/detail/fixed_wing_lateral_status__type_support.c.o
[175.720s] [  7%] Building C object CMakeFiles/px4_msgs__rosidl_generator_c.dir/rosidl_generator_c/px4_msgs/msg/detail/fixed_wing_longitudinal_setpoint__description.c.o
[175.769s] [  7%] Building C object CMakeFiles/px4_msgs__rosidl_generator_c.dir/rosidl_generator_c/px4_msgs/msg/detail/fixed_wing_longitudinal_setpoint__functions.c.o
[175.831s] [  7%] Building C object CMakeFiles/px4_msgs__rosidl_generator_c.dir/rosidl_generator_c/px4_msgs/msg/detail/fixed_wing_longitudinal_setpoint__type_support.c.o
[175.870s] [  7%] Building C object CMakeFiles/px4_msgs__rosidl_generator_c.dir/rosidl_generator_c/px4_msgs/msg/detail/fixed_wing_runway_control__description.c.o
[175.919s] [  7%] Building C object CMakeFiles/px4_msgs__rosidl_generator_c.dir/rosidl_generator_c/px4_msgs/msg/detail/fixed_wing_runway_control__functions.c.o
[175.983s] [  7%] Building C object CMakeFiles/px4_msgs__rosidl_generator_c.dir/rosidl_generator_c/px4_msgs/msg/detail/fixed_wing_runway_control__type_support.c.o
[176.025s] [  7%] Building C object CMakeFiles/px4_msgs__rosidl_generator_c.dir/rosidl_generator_c/px4_msgs/msg/detail/flight_phase_estimation__description.c.o
[176.075s] [  8%] Building C object CMakeFiles/px4_msgs__rosidl_generator_c.dir/rosidl_generator_c/px4_msgs/msg/detail/flight_phase_estimation__functions.c.o
[176.134s] [  8%] Building C object CMakeFiles/px4_msgs__rosidl_generator_c.dir/rosidl_generator_c/px4_msgs/msg/detail/flight_phase_estimation__type_support.c.o
[176.176s] [  8%] Building C object CMakeFiles/px4_msgs__rosidl_generator_c.dir/rosidl_generator_c/px4_msgs/msg/detail/follow_target__description.c.o
[176.227s] [  8%] Building C object CMakeFiles/px4_msgs__rosidl_generator_c.dir/rosidl_generator_c/px4_msgs/msg/detail/follow_target__functions.c.o
[176.289s] [  8%] Building C object CMakeFiles/px4_msgs__rosidl_generator_c.dir/rosidl_generator_c/px4_msgs/msg/detail/follow_target__type_support.c.o
[176.328s] [  8%] Building C object CMakeFiles/px4_msgs__rosidl_generator_c.dir/rosidl_generator_c/px4_msgs/msg/detail/follow_target_estimator__description.c.o
[176.380s] [  8%] Building C object CMakeFiles/px4_msgs__rosidl_generator_c.dir/rosidl_generator_c/px4_msgs/msg/detail/follow_target_estimator__functions.c.o
[176.443s] [  8%] Building C object CMakeFiles/px4_msgs__rosidl_generator_c.dir/rosidl_generator_c/px4_msgs/msg/detail/follow_target_estimator__type_support.c.o
[176.481s] [  8%] Building C object CMakeFiles/px4_msgs__rosidl_generator_c.dir/rosidl_generator_c/px4_msgs/msg/detail/follow_target_status__description.c.o
[176.530s] [  8%] Building C object CMakeFiles/px4_msgs__rosidl_generator_c.dir/rosidl_generator_c/px4_msgs/msg/detail/follow_target_status__functions.c.o
[176.591s] [  8%] Building C object CMakeFiles/px4_msgs__rosidl_generator_c.dir/rosidl_generator_c/px4_msgs/msg/detail/follow_target_status__type_support.c.o
[176.632s] [  8%] Building C object CMakeFiles/px4_msgs__rosidl_generator_c.dir/rosidl_generator_c/px4_msgs/msg/detail/fuel_tank_status__description.c.o
[176.684s] [  8%] Building C object CMakeFiles/px4_msgs__rosidl_generator_c.dir/rosidl_generator_c/px4_msgs/msg/detail/fuel_tank_status__functions.c.o
[176.747s] [  8%] Building C object CMakeFiles/px4_msgs__rosidl_generator_c.dir/rosidl_generator_c/px4_msgs/msg/detail/fuel_tank_status__type_support.c.o
[176.786s] [  8%] Building C object CMakeFiles/px4_msgs__rosidl_generator_c.dir/rosidl_generator_c/px4_msgs/msg/detail/generator_status__description.c.o
[176.838s] [  8%] Building C object CMakeFiles/px4_msgs__rosidl_generator_c.dir/rosidl_generator_c/px4_msgs/msg/detail/generator_status__functions.c.o
[176.904s] [  8%] Building C object CMakeFiles/px4_msgs__rosidl_generator_c.dir/rosidl_generator_c/px4_msgs/msg/detail/generator_status__type_support.c.o
[176.941s] [  8%] Building C object CMakeFiles/px4_msgs__rosidl_generator_c.dir/rosidl_generator_c/px4_msgs/msg/detail/geofence_result__description.c.o
[176.986s] [  8%] Building C object CMakeFiles/px4_msgs__rosidl_generator_c.dir/rosidl_generator_c/px4_msgs/msg/detail/geofence_result__functions.c.o
[177.049s] [  8%] Building C object CMakeFiles/px4_msgs__rosidl_generator_c.dir/rosidl_generator_c/px4_msgs/msg/detail/geofence_result__type_support.c.o
[177.092s] [  8%] Building C object CMakeFiles/px4_msgs__rosidl_generator_c.dir/rosidl_generator_c/px4_msgs/msg/detail/geofence_status__description.c.o
[177.146s] [  8%] Building C object CMakeFiles/px4_msgs__rosidl_generator_c.dir/rosidl_generator_c/px4_msgs/msg/detail/geofence_status__functions.c.o
[177.216s] [  8%] Building C object CMakeFiles/px4_msgs__rosidl_generator_c.dir/rosidl_generator_c/px4_msgs/msg/detail/geofence_status__type_support.c.o
[177.259s] [  8%] Building C object CMakeFiles/px4_msgs__rosidl_generator_c.dir/rosidl_generator_c/px4_msgs/msg/detail/gimbal_controls__description.c.o
[177.308s] [  9%] Building C object CMakeFiles/px4_msgs__rosidl_generator_c.dir/rosidl_generator_c/px4_msgs/msg/detail/gimbal_controls__functions.c.o
[177.374s] [  9%] Building C object CMakeFiles/px4_msgs__rosidl_generator_c.dir/rosidl_generator_c/px4_msgs/msg/detail/gimbal_controls__type_support.c.o
[177.418s] [  9%] Building C object CMakeFiles/px4_msgs__rosidl_generator_c.dir/rosidl_generator_c/px4_msgs/msg/detail/gimbal_device_attitude_status__description.c.o
[177.474s] [  9%] Building C object CMakeFiles/px4_msgs__rosidl_generator_c.dir/rosidl_generator_c/px4_msgs/msg/detail/gimbal_device_attitude_status__functions.c.o
[177.549s] [  9%] Building C object CMakeFiles/px4_msgs__rosidl_generator_c.dir/rosidl_generator_c/px4_msgs/msg/detail/gimbal_device_attitude_status__type_support.c.o
[177.596s] [  9%] Building C object CMakeFiles/px4_msgs__rosidl_generator_c.dir/rosidl_generator_c/px4_msgs/msg/detail/gimbal_device_information__description.c.o
[177.649s] [  9%] Building C object CMakeFiles/px4_msgs__rosidl_generator_c.dir/rosidl_generator_c/px4_msgs/msg/detail/gimbal_device_information__functions.c.o
[177.722s] [  9%] Building C object CMakeFiles/px4_msgs__rosidl_generator_c.dir/rosidl_generator_c/px4_msgs/msg/detail/gimbal_device_information__type_support.c.o
[177.766s] [  9%] Building C object CMakeFiles/px4_msgs__rosidl_generator_c.dir/rosidl_generator_c/px4_msgs/msg/detail/gimbal_device_set_attitude__description.c.o
[177.822s] [  9%] Building C object CMakeFiles/px4_msgs__rosidl_generator_c.dir/rosidl_generator_c/px4_msgs/msg/detail/gimbal_device_set_attitude__functions.c.o
[177.890s] [  9%] Building C object CMakeFiles/px4_msgs__rosidl_generator_c.dir/rosidl_generator_c/px4_msgs/msg/detail/gimbal_device_set_attitude__type_support.c.o
[177.936s] [  9%] Building C object CMakeFiles/px4_msgs__rosidl_generator_c.dir/rosidl_generator_c/px4_msgs/msg/detail/gimbal_manager_information__description.c.o
[177.991s] [  9%] Building C object CMakeFiles/px4_msgs__rosidl_generator_c.dir/rosidl_generator_c/px4_msgs/msg/detail/gimbal_manager_information__functions.c.o
[178.060s] [  9%] Building C object CMakeFiles/px4_msgs__rosidl_generator_c.dir/rosidl_generator_c/px4_msgs/msg/detail/gimbal_manager_information__type_support.c.o
[178.105s] [  9%] Building C object CMakeFiles/px4_msgs__rosidl_generator_c.dir/rosidl_generator_c/px4_msgs/msg/detail/gimbal_manager_set_attitude__description.c.o
[178.159s] [  9%] Building C object CMakeFiles/px4_msgs__rosidl_generator_c.dir/rosidl_generator_c/px4_msgs/msg/detail/gimbal_manager_set_attitude__functions.c.o
[178.228s] [  9%] Building C object CMakeFiles/px4_msgs__rosidl_generator_c.dir/rosidl_generator_c/px4_msgs/msg/detail/gimbal_manager_set_attitude__type_support.c.o
[178.266s] [  9%] Building C object CMakeFiles/px4_msgs__rosidl_generator_c.dir/rosidl_generator_c/px4_msgs/msg/detail/gimbal_manager_set_manual_control__description.c.o
[178.312s] [  9%] Building C object CMakeFiles/px4_msgs__rosidl_generator_c.dir/rosidl_generator_c/px4_msgs/msg/detail/gimbal_manager_set_manual_control__functions.c.o
[178.374s] [  9%] Building C object CMakeFiles/px4_msgs__rosidl_generator_c.dir/rosidl_generator_c/px4_msgs/msg/detail/gimbal_manager_set_manual_control__type_support.c.o
[178.419s] [  9%] Building C object CMakeFiles/px4_msgs__rosidl_generator_c.dir/rosidl_generator_c/px4_msgs/msg/detail/gimbal_manager_status__description.c.o
[178.476s] [  9%] Building C object CMakeFiles/px4_msgs__rosidl_generator_c.dir/rosidl_generator_c/px4_msgs/msg/detail/gimbal_manager_status__functions.c.o
[178.558s] [  9%] Building C object CMakeFiles/px4_msgs__rosidl_generator_c.dir/rosidl_generator_c/px4_msgs/msg/detail/gimbal_manager_status__type_support.c.o
[178.602s] [  9%] Building C object CMakeFiles/px4_msgs__rosidl_generator_c.dir/rosidl_generator_c/px4_msgs/msg/detail/goto_setpoint__description.c.o
[178.650s] [ 10%] Building C object CMakeFiles/px4_msgs__rosidl_generator_c.dir/rosidl_generator_c/px4_msgs/msg/detail/goto_setpoint__functions.c.o
[178.716s] [ 10%] Building C object CMakeFiles/px4_msgs__rosidl_generator_c.dir/rosidl_generator_c/px4_msgs/msg/detail/goto_setpoint__type_support.c.o
[178.757s] [ 10%] Building C object CMakeFiles/px4_msgs__rosidl_generator_c.dir/rosidl_generator_c/px4_msgs/msg/detail/gpio_config__description.c.o
[178.806s] [ 10%] Building C object CMakeFiles/px4_msgs__rosidl_generator_c.dir/rosidl_generator_c/px4_msgs/msg/detail/gpio_config__functions.c.o
[178.872s] [ 10%] Building C object CMakeFiles/px4_msgs__rosidl_generator_c.dir/rosidl_generator_c/px4_msgs/msg/detail/gpio_config__type_support.c.o
[178.915s] [ 10%] Building C object CMakeFiles/px4_msgs__rosidl_generator_c.dir/rosidl_generator_c/px4_msgs/msg/detail/gpio_in__description.c.o
[178.962s] [ 10%] Building C object CMakeFiles/px4_msgs__rosidl_generator_c.dir/rosidl_generator_c/px4_msgs/msg/detail/gpio_in__functions.c.o
[179.027s] [ 10%] Building C object CMakeFiles/px4_msgs__rosidl_generator_c.dir/rosidl_generator_c/px4_msgs/msg/detail/gpio_in__type_support.c.o
[179.066s] [ 10%] Building C object CMakeFiles/px4_msgs__rosidl_generator_c.dir/rosidl_generator_c/px4_msgs/msg/detail/gpio_out__description.c.o
[179.119s] [ 10%] Building C object CMakeFiles/px4_msgs__rosidl_generator_c.dir/rosidl_generator_c/px4_msgs/msg/detail/gpio_out__functions.c.o
[179.182s] [ 10%] Building C object CMakeFiles/px4_msgs__rosidl_generator_c.dir/rosidl_generator_c/px4_msgs/msg/detail/gpio_out__type_support.c.o
[179.226s] [ 10%] Building C object CMakeFiles/px4_msgs__rosidl_generator_c.dir/rosidl_generator_c/px4_msgs/msg/detail/gpio_request__description.c.o
[179.278s] [ 10%] Building C object CMakeFiles/px4_msgs__rosidl_generator_c.dir/rosidl_generator_c/px4_msgs/msg/detail/gpio_request__functions.c.o
[179.361s] [ 10%] Building C object CMakeFiles/px4_msgs__rosidl_generator_c.dir/rosidl_generator_c/px4_msgs/msg/detail/gpio_request__type_support.c.o
[179.415s] [ 10%] Building C object CMakeFiles/px4_msgs__rosidl_generator_c.dir/rosidl_generator_c/px4_msgs/msg/detail/gps_dump__description.c.o
[179.468s] [ 10%] Building C object CMakeFiles/px4_msgs__rosidl_generator_c.dir/rosidl_generator_c/px4_msgs/msg/detail/gps_dump__functions.c.o
[179.540s] [ 10%] Building C object CMakeFiles/px4_msgs__rosidl_generator_c.dir/rosidl_generator_c/px4_msgs/msg/detail/gps_dump__type_support.c.o
[179.584s] [ 10%] Building C object CMakeFiles/px4_msgs__rosidl_generator_c.dir/rosidl_generator_c/px4_msgs/msg/detail/gps_inject_data__description.c.o
[179.638s] [ 10%] Building C object CMakeFiles/px4_msgs__rosidl_generator_c.dir/rosidl_generator_c/px4_msgs/msg/detail/gps_inject_data__functions.c.o
[179.708s] [ 10%] Building C object CMakeFiles/px4_msgs__rosidl_generator_c.dir/rosidl_generator_c/px4_msgs/msg/detail/gps_inject_data__type_support.c.o
[179.750s] [ 10%] Building C object CMakeFiles/px4_msgs__rosidl_generator_c.dir/rosidl_generator_c/px4_msgs/msg/detail/gripper__description.c.o
[179.803s] [ 10%] Building C object CMakeFiles/px4_msgs__rosidl_generator_c.dir/rosidl_generator_c/px4_msgs/msg/detail/gripper__functions.c.o
[179.867s] [ 10%] Building C object CMakeFiles/px4_msgs__rosidl_generator_c.dir/rosidl_generator_c/px4_msgs/msg/detail/gripper__type_support.c.o
[179.910s] [ 10%] Building C object CMakeFiles/px4_msgs__rosidl_generator_c.dir/rosidl_generator_c/px4_msgs/msg/detail/health_report__description.c.o
[179.965s] [ 11%] Building C object CMakeFiles/px4_msgs__rosidl_generator_c.dir/rosidl_generator_c/px4_msgs/msg/detail/health_report__functions.c.o
[180.034s] [ 11%] Building C object CMakeFiles/px4_msgs__rosidl_generator_c.dir/rosidl_generator_c/px4_msgs/msg/detail/health_report__type_support.c.o
[180.077s] [ 11%] Building C object CMakeFiles/px4_msgs__rosidl_generator_c.dir/rosidl_generator_c/px4_msgs/msg/detail/heater_status__description.c.o
[180.127s] [ 11%] Building C object CMakeFiles/px4_msgs__rosidl_generator_c.dir/rosidl_generator_c/px4_msgs/msg/detail/heater_status__functions.c.o
[180.198s] [ 11%] Building C object CMakeFiles/px4_msgs__rosidl_generator_c.dir/rosidl_generator_c/px4_msgs/msg/detail/heater_status__type_support.c.o
[180.245s] [ 11%] Building C object CMakeFiles/px4_msgs__rosidl_generator_c.dir/rosidl_generator_c/px4_msgs/msg/detail/home_position__description.c.o
[180.300s] [ 11%] Building C object CMakeFiles/px4_msgs__rosidl_generator_c.dir/rosidl_generator_c/px4_msgs/msg/detail/home_position__functions.c.o
[180.366s] [ 11%] Building C object CMakeFiles/px4_msgs__rosidl_generator_c.dir/rosidl_generator_c/px4_msgs/msg/detail/home_position__type_support.c.o
[180.410s] [ 11%] Building C object CMakeFiles/px4_msgs__rosidl_generator_c.dir/rosidl_generator_c/px4_msgs/msg/detail/hover_thrust_estimate__description.c.o
[180.470s] [ 11%] Building C object CMakeFiles/px4_msgs__rosidl_generator_c.dir/rosidl_generator_c/px4_msgs/msg/detail/hover_thrust_estimate__functions.c.o
[180.547s] [ 11%] Building C object CMakeFiles/px4_msgs__rosidl_generator_c.dir/rosidl_generator_c/px4_msgs/msg/detail/hover_thrust_estimate__type_support.c.o
[180.589s] [ 11%] Building C object CMakeFiles/px4_msgs__rosidl_generator_c.dir/rosidl_generator_c/px4_msgs/msg/detail/input_rc__description.c.o
[180.641s] [ 11%] Building C object CMakeFiles/px4_msgs__rosidl_generator_c.dir/rosidl_generator_c/px4_msgs/msg/detail/input_rc__functions.c.o
[180.720s] [ 11%] Building C object CMakeFiles/px4_msgs__rosidl_generator_c.dir/rosidl_generator_c/px4_msgs/msg/detail/input_rc__type_support.c.o
[180.775s] [ 11%] Building C object CMakeFiles/px4_msgs__rosidl_generator_c.dir/rosidl_generator_c/px4_msgs/msg/detail/internal_combustion_engine_control__description.c.o
[180.831s] [ 11%] Building C object CMakeFiles/px4_msgs__rosidl_generator_c.dir/rosidl_generator_c/px4_msgs/msg/detail/internal_combustion_engine_control__functions.c.o
[180.911s] [ 11%] Building C object CMakeFiles/px4_msgs__rosidl_generator_c.dir/rosidl_generator_c/px4_msgs/msg/detail/internal_combustion_engine_control__type_support.c.o
[180.969s] [ 11%] Building C object CMakeFiles/px4_msgs__rosidl_generator_c.dir/rosidl_generator_c/px4_msgs/msg/detail/internal_combustion_engine_status__description.c.o
[181.032s] [ 11%] Building C object CMakeFiles/px4_msgs__rosidl_generator_c.dir/rosidl_generator_c/px4_msgs/msg/detail/internal_combustion_engine_status__functions.c.o
[181.115s] [ 11%] Building C object CMakeFiles/px4_msgs__rosidl_generator_c.dir/rosidl_generator_c/px4_msgs/msg/detail/internal_combustion_engine_status__type_support.c.o
[181.162s] [ 11%] Building C object CMakeFiles/px4_msgs__rosidl_generator_c.dir/rosidl_generator_c/px4_msgs/msg/detail/iridiumsbd_status__description.c.o
[181.221s] [ 11%] Building C object CMakeFiles/px4_msgs__rosidl_generator_c.dir/rosidl_generator_c/px4_msgs/msg/detail/iridiumsbd_status__functions.c.o
[181.295s] [ 11%] Building C object CMakeFiles/px4_msgs__rosidl_generator_c.dir/rosidl_generator_c/px4_msgs/msg/detail/iridiumsbd_status__type_support.c.o
[181.339s] [ 11%] Building C object CMakeFiles/px4_msgs__rosidl_generator_c.dir/rosidl_generator_c/px4_msgs/msg/detail/irlock_report__description.c.o
[181.396s] [ 12%] Building C object CMakeFiles/px4_msgs__rosidl_generator_c.dir/rosidl_generator_c/px4_msgs/msg/detail/irlock_report__functions.c.o
[181.466s] [ 12%] Building C object CMakeFiles/px4_msgs__rosidl_generator_c.dir/rosidl_generator_c/px4_msgs/msg/detail/irlock_report__type_support.c.o
[181.515s] [ 12%] Building C object CMakeFiles/px4_msgs__rosidl_generator_c.dir/rosidl_generator_c/px4_msgs/msg/detail/landing_gear__description.c.o
[181.565s] [ 12%] Building C object CMakeFiles/px4_msgs__rosidl_generator_c.dir/rosidl_generator_c/px4_msgs/msg/detail/landing_gear__functions.c.o
[181.630s] [  0%] Building C object CMakeFiles/px4_msgs__rosidl_generator_c.dir/rosidl_generator_c/px4_msgs/msg/detail/landing_gear__type_support.c.o
[181.672s] [  0%] Building C object CMakeFiles/px4_msgs__rosidl_generator_c.dir/rosidl_generator_c/px4_msgs/msg/detail/landing_gear_wheel__description.c.o
[181.722s] [  0%] Building C object CMakeFiles/px4_msgs__rosidl_generator_c.dir/rosidl_generator_c/px4_msgs/msg/detail/landing_gear_wheel__functions.c.o
[181.786s] [  0%] Building C object CMakeFiles/px4_msgs__rosidl_generator_c.dir/rosidl_generator_c/px4_msgs/msg/detail/landing_gear_wheel__type_support.c.o
[181.831s] [  0%] Building C object CMakeFiles/px4_msgs__rosidl_generator_c.dir/rosidl_generator_c/px4_msgs/msg/detail/landing_target_innovations__description.c.o
[181.887s] [  0%] Building C object CMakeFiles/px4_msgs__rosidl_generator_c.dir/rosidl_generator_c/px4_msgs/msg/detail/landing_target_innovations__functions.c.o
[181.954s] [  0%] Building C object CMakeFiles/px4_msgs__rosidl_generator_c.dir/rosidl_generator_c/px4_msgs/msg/detail/landing_target_innovations__type_support.c.o
[181.996s] [  0%] Building C object CMakeFiles/px4_msgs__rosidl_generator_c.dir/rosidl_generator_c/px4_msgs/msg/detail/landing_target_pose__description.c.o
[182.051s] [  0%] Building C object CMakeFiles/px4_msgs__rosidl_generator_c.dir/rosidl_generator_c/px4_msgs/msg/detail/landing_target_pose__functions.c.o
[182.127s] [  0%] Building C object CMakeFiles/px4_msgs__rosidl_generator_c.dir/rosidl_generator_c/px4_msgs/msg/detail/landing_target_pose__type_support.c.o
[182.169s] [  0%] Building C object CMakeFiles/px4_msgs__rosidl_generator_c.dir/rosidl_generator_c/px4_msgs/msg/detail/lateral_control_configuration__description.c.o
[182.218s] [  0%] Building C object CMakeFiles/px4_msgs__rosidl_generator_c.dir/rosidl_generator_c/px4_msgs/msg/detail/lateral_control_configuration__functions.c.o
[182.289s] [  0%] Building C object CMakeFiles/px4_msgs__rosidl_generator_c.dir/rosidl_generator_c/px4_msgs/msg/detail/lateral_control_configuration__type_support.c.o
[182.335s] [  0%] Building C object CMakeFiles/px4_msgs__rosidl_generator_c.dir/rosidl_generator_c/px4_msgs/msg/detail/launch_detection_status__description.c.o
[182.387s] [  0%] Building C object CMakeFiles/px4_msgs__rosidl_generator_c.dir/rosidl_generator_c/px4_msgs/msg/detail/launch_detection_status__functions.c.o
[182.446s] [  0%] Building C object CMakeFiles/px4_msgs__rosidl_generator_c.dir/rosidl_generator_c/px4_msgs/msg/detail/launch_detection_status__type_support.c.o
[182.487s] [  0%] Building C object CMakeFiles/px4_msgs__rosidl_generator_c.dir/rosidl_generator_c/px4_msgs/msg/detail/led_control__description.c.o
[182.543s] [  0%] Building C object CMakeFiles/px4_msgs__rosidl_generator_c.dir/rosidl_generator_c/px4_msgs/msg/detail/led_control__functions.c.o
[182.609s] [  0%] Building C object CMakeFiles/px4_msgs__rosidl_generator_c.dir/rosidl_generator_c/px4_msgs/msg/detail/led_control__type_support.c.o
[182.648s] [  1%] Building C object CMakeFiles/px4_msgs__rosidl_generator_c.dir/rosidl_generator_c/px4_msgs/msg/detail/log_message__description.c.o
[182.696s] [  1%] Building C object CMakeFiles/px4_msgs__rosidl_generator_c.dir/rosidl_generator_c/px4_msgs/msg/detail/log_message__functions.c.o
[182.763s] [  1%] Building C object CMakeFiles/px4_msgs__rosidl_generator_c.dir/rosidl_generator_c/px4_msgs/msg/detail/log_message__type_support.c.o
[182.813s] [  1%] Building C object CMakeFiles/px4_msgs__rosidl_generator_c.dir/rosidl_generator_c/px4_msgs/msg/detail/logger_status__description.c.o
[182.872s] [  1%] Building C object CMakeFiles/px4_msgs__rosidl_generator_c.dir/rosidl_generator_c/px4_msgs/msg/detail/logger_status__functions.c.o
[182.946s] [  1%] Building C object CMakeFiles/px4_msgs__rosidl_generator_c.dir/rosidl_generator_c/px4_msgs/msg/detail/logger_status__type_support.c.o
[182.993s] [  1%] Building C object CMakeFiles/px4_msgs__rosidl_generator_c.dir/rosidl_generator_c/px4_msgs/msg/detail/longitudinal_control_configuration__description.c.o
[183.096s] [  1%] Building C object CMakeFiles/px4_msgs__rosidl_generator_c.dir/rosidl_generator_c/px4_msgs/msg/detail/longitudinal_control_configuration__functions.c.o
[183.233s] [  1%] Building C object CMakeFiles/px4_msgs__rosidl_generator_c.dir/rosidl_generator_c/px4_msgs/msg/detail/longitudinal_control_configuration__type_support.c.o
[183.284s] [  1%] Building C object CMakeFiles/px4_msgs__rosidl_generator_c.dir/rosidl_generator_c/px4_msgs/msg/detail/mag_worker_data__description.c.o
[183.342s] [  1%] Building C object CMakeFiles/px4_msgs__rosidl_generator_c.dir/rosidl_generator_c/px4_msgs/msg/detail/mag_worker_data__functions.c.o
[183.413s] [  1%] Building C object CMakeFiles/px4_msgs__rosidl_generator_c.dir/rosidl_generator_c/px4_msgs/msg/detail/mag_worker_data__type_support.c.o
[183.459s] [  1%] Building C object CMakeFiles/px4_msgs__rosidl_generator_c.dir/rosidl_generator_c/px4_msgs/msg/detail/magnetometer_bias_estimate__description.c.o
[183.510s] [  1%] Building C object CMakeFiles/px4_msgs__rosidl_generator_c.dir/rosidl_generator_c/px4_msgs/msg/detail/magnetometer_bias_estimate__functions.c.o
[183.584s] [  1%] Building C object CMakeFiles/px4_msgs__rosidl_generator_c.dir/rosidl_generator_c/px4_msgs/msg/detail/magnetometer_bias_estimate__type_support.c.o
[183.629s] [  1%] Building C object CMakeFiles/px4_msgs__rosidl_generator_c.dir/rosidl_generator_c/px4_msgs/msg/detail/manual_control_setpoint__description.c.o
[183.694s] [  1%] Building C object CMakeFiles/px4_msgs__rosidl_generator_c.dir/rosidl_generator_c/px4_msgs/msg/detail/manual_control_setpoint__functions.c.o
[183.775s] [  1%] Building C object CMakeFiles/px4_msgs__rosidl_generator_c.dir/rosidl_generator_c/px4_msgs/msg/detail/manual_control_setpoint__type_support.c.o
[183.828s] [  1%] Building C object CMakeFiles/px4_msgs__rosidl_generator_c.dir/rosidl_generator_c/px4_msgs/msg/detail/manual_control_switches__description.c.o
[183.883s] [  1%] Building C object CMakeFiles/px4_msgs__rosidl_generator_c.dir/rosidl_generator_c/px4_msgs/msg/detail/manual_control_switches__functions.c.o
[183.957s] [  1%] Building C object CMakeFiles/px4_msgs__rosidl_generator_c.dir/rosidl_generator_c/px4_msgs/msg/detail/manual_control_switches__type_support.c.o
[184.007s] [  1%] Building C object CMakeFiles/px4_msgs__rosidl_generator_c.dir/rosidl_generator_c/px4_msgs/msg/detail/mavlink_log__description.c.o
[184.060s] [  1%] Building C object CMakeFiles/px4_msgs__rosidl_generator_c.dir/rosidl_generator_c/px4_msgs/msg/detail/mavlink_log__functions.c.o
[184.130s] [  1%] Building C object CMakeFiles/px4_msgs__rosidl_generator_c.dir/rosidl_generator_c/px4_msgs/msg/detail/mavlink_log__type_support.c.o
[184.177s] [  2%] Building C object CMakeFiles/px4_msgs__rosidl_generator_c.dir/rosidl_generator_c/px4_msgs/msg/detail/mavlink_tunnel__description.c.o
[184.232s] [  2%] Building C object CMakeFiles/px4_msgs__rosidl_generator_c.dir/rosidl_generator_c/px4_msgs/msg/detail/mavlink_tunnel__functions.c.o
[184.298s] [  2%] Building C object CMakeFiles/px4_msgs__rosidl_generator_c.dir/rosidl_generator_c/px4_msgs/msg/detail/mavlink_tunnel__type_support.c.o
[184.336s] [  2%] Building C object CMakeFiles/px4_msgs__rosidl_generator_c.dir/rosidl_generator_c/px4_msgs/msg/detail/message_format_request__description.c.o
[184.389s] [  2%] Building C object CMakeFiles/px4_msgs__rosidl_generator_c.dir/rosidl_generator_c/px4_msgs/msg/detail/message_format_request__functions.c.o
[184.455s] [  2%] Building C object CMakeFiles/px4_msgs__rosidl_generator_c.dir/rosidl_generator_c/px4_msgs/msg/detail/message_format_request__type_support.c.o
[184.501s] [  2%] Building C object CMakeFiles/px4_msgs__rosidl_generator_c.dir/rosidl_generator_c/px4_msgs/msg/detail/message_format_response__description.c.o
[184.554s] [  2%] Building C object CMakeFiles/px4_msgs__rosidl_generator_c.dir/rosidl_generator_c/px4_msgs/msg/detail/message_format_response__functions.c.o
[184.623s] [  2%] Building C object CMakeFiles/px4_msgs__rosidl_generator_c.dir/rosidl_generator_c/px4_msgs/msg/detail/message_format_response__type_support.c.o
[184.667s] [  2%] Building C object CMakeFiles/px4_msgs__rosidl_generator_c.dir/rosidl_generator_c/px4_msgs/msg/detail/mission__description.c.o
[184.719s] [  2%] Building C object CMakeFiles/px4_msgs__rosidl_generator_c.dir/rosidl_generator_c/px4_msgs/msg/detail/mission__functions.c.o
[184.784s] [  2%] Building C object CMakeFiles/px4_msgs__rosidl_generator_c.dir/rosidl_generator_c/px4_msgs/msg/detail/mission__type_support.c.o
[184.825s] [  2%] Building C object CMakeFiles/px4_msgs__rosidl_generator_c.dir/rosidl_generator_c/px4_msgs/msg/detail/mission_result__description.c.o
[184.883s] [  2%] Building C object CMakeFiles/px4_msgs__rosidl_generator_c.dir/rosidl_generator_c/px4_msgs/msg/detail/mission_result__functions.c.o
[184.952s] [  2%] Building C object CMakeFiles/px4_msgs__rosidl_generator_c.dir/rosidl_generator_c/px4_msgs/msg/detail/mission_result__type_support.c.o
[184.996s] [  2%] Building C object CMakeFiles/px4_msgs__rosidl_generator_c.dir/rosidl_generator_c/px4_msgs/msg/detail/mode_completed__description.c.o
[185.045s] [  2%] Building C object CMakeFiles/px4_msgs__rosidl_generator_c.dir/rosidl_generator_c/px4_msgs/msg/detail/mode_completed__functions.c.o
[185.117s] [  2%] Building C object CMakeFiles/px4_msgs__rosidl_generator_c.dir/rosidl_generator_c/px4_msgs/msg/detail/mode_completed__type_support.c.o
[185.162s] [  2%] Building C object CMakeFiles/px4_msgs__rosidl_generator_c.dir/rosidl_generator_c/px4_msgs/msg/detail/mount_orientation__description.c.o
[185.217s] [  2%] Building C object CMakeFiles/px4_msgs__rosidl_generator_c.dir/rosidl_generator_c/px4_msgs/msg/detail/mount_orientation__functions.c.o
[185.281s] [  2%] Building C object CMakeFiles/px4_msgs__rosidl_generator_c.dir/rosidl_generator_c/px4_msgs/msg/detail/mount_orientation__type_support.c.o
[185.322s] [  2%] Building C object CMakeFiles/px4_msgs__rosidl_generator_c.dir/rosidl_generator_c/px4_msgs/msg/detail/navigator_mission_item__description.c.o
[185.378s] [  2%] Building C object CMakeFiles/px4_msgs__rosidl_generator_c.dir/rosidl_generator_c/px4_msgs/msg/detail/navigator_mission_item__functions.c.o
[185.452s] [  2%] Building C object CMakeFiles/px4_msgs__rosidl_generator_c.dir/rosidl_generator_c/px4_msgs/msg/detail/navigator_mission_item__type_support.c.o
[185.492s] [  3%] Building C object CMakeFiles/px4_msgs__rosidl_generator_c.dir/rosidl_generator_c/px4_msgs/msg/detail/navigator_status__description.c.o
[185.543s] [  3%] Building C object CMakeFiles/px4_msgs__rosidl_generator_c.dir/rosidl_generator_c/px4_msgs/msg/detail/navigator_status__functions.c.o
[185.609s] [  3%] Building C object CMakeFiles/px4_msgs__rosidl_generator_c.dir/rosidl_generator_c/px4_msgs/msg/detail/navigator_status__type_support.c.o
[185.651s] [  3%] Building C object CMakeFiles/px4_msgs__rosidl_generator_c.dir/rosidl_generator_c/px4_msgs/msg/detail/neural_control__description.c.o
[185.699s] [  3%] Building C object CMakeFiles/px4_msgs__rosidl_generator_c.dir/rosidl_generator_c/px4_msgs/msg/detail/neural_control__functions.c.o
[185.767s] [  3%] Building C object CMakeFiles/px4_msgs__rosidl_generator_c.dir/rosidl_generator_c/px4_msgs/msg/detail/neural_control__type_support.c.o
[185.809s] [  3%] Building C object CMakeFiles/px4_msgs__rosidl_generator_c.dir/rosidl_generator_c/px4_msgs/msg/detail/normalized_unsigned_setpoint__description.c.o
[185.859s] [  3%] Building C object CMakeFiles/px4_msgs__rosidl_generator_c.dir/rosidl_generator_c/px4_msgs/msg/detail/normalized_unsigned_setpoint__functions.c.o
[185.921s] [  3%] Building C object CMakeFiles/px4_msgs__rosidl_generator_c.dir/rosidl_generator_c/px4_msgs/msg/detail/normalized_unsigned_setpoint__type_support.c.o
[185.963s] [  3%] Building C object CMakeFiles/px4_msgs__rosidl_generator_c.dir/rosidl_generator_c/px4_msgs/msg/detail/obstacle_distance__description.c.o
[186.016s] [  3%] Building C object CMakeFiles/px4_msgs__rosidl_generator_c.dir/rosidl_generator_c/px4_msgs/msg/detail/obstacle_distance__functions.c.o
[186.086s] [  3%] Building C object CMakeFiles/px4_msgs__rosidl_generator_c.dir/rosidl_generator_c/px4_msgs/msg/detail/obstacle_distance__type_support.c.o
[186.126s] [  3%] Building C object CMakeFiles/px4_msgs__rosidl_generator_c.dir/rosidl_generator_c/px4_msgs/msg/detail/offboard_control_mode__description.c.o
[186.181s] [  3%] Building C object CMakeFiles/px4_msgs__rosidl_generator_c.dir/rosidl_generator_c/px4_msgs/msg/detail/offboard_control_mode__functions.c.o
[186.246s] [  3%] Building C object CMakeFiles/px4_msgs__rosidl_generator_c.dir/rosidl_generator_c/px4_msgs/msg/detail/offboard_control_mode__type_support.c.o
[186.290s] [  3%] Building C object CMakeFiles/px4_msgs__rosidl_generator_c.dir/rosidl_generator_c/px4_msgs/msg/detail/onboard_computer_status__description.c.o
[186.338s] [  3%] Building C object CMakeFiles/px4_msgs__rosidl_generator_c.dir/rosidl_generator_c/px4_msgs/msg/detail/onboard_computer_status__functions.c.o
[186.409s] [  3%] Building C object CMakeFiles/px4_msgs__rosidl_generator_c.dir/rosidl_generator_c/px4_msgs/msg/detail/onboard_computer_status__type_support.c.o
[186.453s] [  3%] Building C object CMakeFiles/px4_msgs__rosidl_generator_c.dir/rosidl_generator_c/px4_msgs/msg/detail/open_drone_id_arm_status__description.c.o
[186.507s] [  3%] Building C object CMakeFiles/px4_msgs__rosidl_generator_c.dir/rosidl_generator_c/px4_msgs/msg/detail/open_drone_id_arm_status__functions.c.o
[186.571s] [  3%] Building C object CMakeFiles/px4_msgs__rosidl_generator_c.dir/rosidl_generator_c/px4_msgs/msg/detail/open_drone_id_arm_status__type_support.c.o
[186.614s] [  3%] Building C object CMakeFiles/px4_msgs__rosidl_generator_c.dir/rosidl_generator_c/px4_msgs/msg/detail/open_drone_id_operator_id__description.c.o
[186.664s] [  3%] Building C object CMakeFiles/px4_msgs__rosidl_generator_c.dir/rosidl_generator_c/px4_msgs/msg/detail/open_drone_id_operator_id__functions.c.o
[186.735s] [  3%] Building C object CMakeFiles/px4_msgs__rosidl_generator_c.dir/rosidl_generator_c/px4_msgs/msg/detail/open_drone_id_operator_id__type_support.c.o
[186.778s] [  4%] Building C object CMakeFiles/px4_msgs__rosidl_generator_c.dir/rosidl_generator_c/px4_msgs/msg/detail/open_drone_id_self_id__description.c.o
[186.831s] [  4%] Building C object CMakeFiles/px4_msgs__rosidl_generator_c.dir/rosidl_generator_c/px4_msgs/msg/detail/open_drone_id_self_id__functions.c.o
[186.896s] [  4%] Building C object CMakeFiles/px4_msgs__rosidl_generator_c.dir/rosidl_generator_c/px4_msgs/msg/detail/open_drone_id_self_id__type_support.c.o
[186.939s] [  4%] Building C object CMakeFiles/px4_msgs__rosidl_generator_c.dir/rosidl_generator_c/px4_msgs/msg/detail/open_drone_id_system__description.c.o
[186.991s] [  4%] Building C object CMakeFiles/px4_msgs__rosidl_generator_c.dir/rosidl_generator_c/px4_msgs/msg/detail/open_drone_id_system__functions.c.o
[187.068s] [  4%] Building C object CMakeFiles/px4_msgs__rosidl_generator_c.dir/rosidl_generator_c/px4_msgs/msg/detail/open_drone_id_system__type_support.c.o
[187.112s] [  4%] Building C object CMakeFiles/px4_msgs__rosidl_generator_c.dir/rosidl_generator_c/px4_msgs/msg/detail/orb_test__description.c.o
[187.164s] [  4%] Building C object CMakeFiles/px4_msgs__rosidl_generator_c.dir/rosidl_generator_c/px4_msgs/msg/detail/orb_test__functions.c.o
[187.229s] [  4%] Building C object CMakeFiles/px4_msgs__rosidl_generator_c.dir/rosidl_generator_c/px4_msgs/msg/detail/orb_test__type_support.c.o
[187.271s] [  4%] Building C object CMakeFiles/px4_msgs__rosidl_generator_c.dir/rosidl_generator_c/px4_msgs/msg/detail/orb_test_large__description.c.o
[187.325s] [  4%] Building C object CMakeFiles/px4_msgs__rosidl_generator_c.dir/rosidl_generator_c/px4_msgs/msg/detail/orb_test_large__functions.c.o
[187.389s] [  4%] Building C object CMakeFiles/px4_msgs__rosidl_generator_c.dir/rosidl_generator_c/px4_msgs/msg/detail/orb_test_large__type_support.c.o
[187.432s] [  4%] Building C object CMakeFiles/px4_msgs__rosidl_generator_c.dir/rosidl_generator_c/px4_msgs/msg/detail/orb_test_medium__description.c.o
[187.481s] [  4%] Building C object CMakeFiles/px4_msgs__rosidl_generator_c.dir/rosidl_generator_c/px4_msgs/msg/detail/orb_test_medium__functions.c.o
[187.548s] [  4%] Building C object CMakeFiles/px4_msgs__rosidl_generator_c.dir/rosidl_generator_c/px4_msgs/msg/detail/orb_test_medium__type_support.c.o
[187.589s] [  4%] Building C object CMakeFiles/px4_msgs__rosidl_generator_c.dir/rosidl_generator_c/px4_msgs/msg/detail/orbit_status__description.c.o
[187.641s] [  4%] Building C object CMakeFiles/px4_msgs__rosidl_generator_c.dir/rosidl_generator_c/px4_msgs/msg/detail/orbit_status__functions.c.o
[187.708s] [  4%] Building C object CMakeFiles/px4_msgs__rosidl_generator_c.dir/rosidl_generator_c/px4_msgs/msg/detail/orbit_status__type_support.c.o
[187.755s] [  4%] Building C object CMakeFiles/px4_msgs__rosidl_generator_c.dir/rosidl_generator_c/px4_msgs/msg/detail/parameter_reset_request__description.c.o
[187.805s] [  4%] Building C object CMakeFiles/px4_msgs__rosidl_generator_c.dir/rosidl_generator_c/px4_msgs/msg/detail/parameter_reset_request__functions.c.o
[187.868s] [  4%] Building C object CMakeFiles/px4_msgs__rosidl_generator_c.dir/rosidl_generator_c/px4_msgs/msg/detail/parameter_reset_request__type_support.c.o
[187.910s] [  4%] Building C object CMakeFiles/px4_msgs__rosidl_generator_c.dir/rosidl_generator_c/px4_msgs/msg/detail/parameter_set_used_request__description.c.o
[187.961s] [  4%] Building C object CMakeFiles/px4_msgs__rosidl_generator_c.dir/rosidl_generator_c/px4_msgs/msg/detail/parameter_set_used_request__functions.c.o
[188.023s] [  4%] Building C object CMakeFiles/px4_msgs__rosidl_generator_c.dir/rosidl_generator_c/px4_msgs/msg/detail/parameter_set_used_request__type_support.c.o
[188.066s] [  5%] Building C object CMakeFiles/px4_msgs__rosidl_generator_c.dir/rosidl_generator_c/px4_msgs/msg/detail/parameter_set_value_request__description.c.o
[188.125s] [  5%] Building C object CMakeFiles/px4_msgs__rosidl_generator_c.dir/rosidl_generator_c/px4_msgs/msg/detail/parameter_set_value_request__functions.c.o
[188.189s] [  5%] Building C object CMakeFiles/px4_msgs__rosidl_generator_c.dir/rosidl_generator_c/px4_msgs/msg/detail/parameter_set_value_request__type_support.c.o
[188.235s] [  5%] Building C object CMakeFiles/px4_msgs__rosidl_generator_c.dir/rosidl_generator_c/px4_msgs/msg/detail/parameter_set_value_response__description.c.o
[188.288s] [  5%] Building C object CMakeFiles/px4_msgs__rosidl_generator_c.dir/rosidl_generator_c/px4_msgs/msg/detail/parameter_set_value_response__functions.c.o
[188.351s] [  5%] Building C object CMakeFiles/px4_msgs__rosidl_generator_c.dir/rosidl_generator_c/px4_msgs/msg/detail/parameter_set_value_response__type_support.c.o
[188.395s] [  5%] Building C object CMakeFiles/px4_msgs__rosidl_generator_c.dir/rosidl_generator_c/px4_msgs/msg/detail/parameter_update__description.c.o
[188.450s] [  5%] Building C object CMakeFiles/px4_msgs__rosidl_generator_c.dir/rosidl_generator_c/px4_msgs/msg/detail/parameter_update__functions.c.o
[188.517s] [  5%] Building C object CMakeFiles/px4_msgs__rosidl_generator_c.dir/rosidl_generator_c/px4_msgs/msg/detail/parameter_update__type_support.c.o
[188.560s] [  5%] Building C object CMakeFiles/px4_msgs__rosidl_generator_c.dir/rosidl_generator_c/px4_msgs/msg/detail/ping__description.c.o
[188.608s] [  5%] Building C object CMakeFiles/px4_msgs__rosidl_generator_c.dir/rosidl_generator_c/px4_msgs/msg/detail/ping__functions.c.o
[188.670s] [  5%] Building C object CMakeFiles/px4_msgs__rosidl_generator_c.dir/rosidl_generator_c/px4_msgs/msg/detail/ping__type_support.c.o
[188.716s] [  5%] Building C object CMakeFiles/px4_msgs__rosidl_generator_c.dir/rosidl_generator_c/px4_msgs/msg/detail/position_controller_landing_status__description.c.o
[188.768s] [  5%] Building C object CMakeFiles/px4_msgs__rosidl_generator_c.dir/rosidl_generator_c/px4_msgs/msg/detail/position_controller_landing_status__functions.c.o
[188.828s] [  5%] Building C object CMakeFiles/px4_msgs__rosidl_generator_c.dir/rosidl_generator_c/px4_msgs/msg/detail/position_controller_landing_status__type_support.c.o
[188.869s] [  5%] Building C object CMakeFiles/px4_msgs__rosidl_generator_c.dir/rosidl_generator_c/px4_msgs/msg/detail/position_controller_status__description.c.o
[188.921s] [  5%] Building C object CMakeFiles/px4_msgs__rosidl_generator_c.dir/rosidl_generator_c/px4_msgs/msg/detail/position_controller_status__functions.c.o
[188.988s] [  5%] Building C object CMakeFiles/px4_msgs__rosidl_generator_c.dir/rosidl_generator_c/px4_msgs/msg/detail/position_controller_status__type_support.c.o
[189.030s] [  5%] Building C object CMakeFiles/px4_msgs__rosidl_generator_c.dir/rosidl_generator_c/px4_msgs/msg/detail/position_setpoint__description.c.o
[189.082s] [  5%] Building C object CMakeFiles/px4_msgs__rosidl_generator_c.dir/rosidl_generator_c/px4_msgs/msg/detail/position_setpoint__functions.c.o
[189.148s] [  5%] Building C object CMakeFiles/px4_msgs__rosidl_generator_c.dir/rosidl_generator_c/px4_msgs/msg/detail/position_setpoint__type_support.c.o
[189.192s] [  5%] Building C object CMakeFiles/px4_msgs__rosidl_generator_c.dir/rosidl_generator_c/px4_msgs/msg/detail/position_setpoint_triplet__description.c.o
[189.245s] [  5%] Building C object CMakeFiles/px4_msgs__rosidl_generator_c.dir/rosidl_generator_c/px4_msgs/msg/detail/position_setpoint_triplet__functions.c.o
[189.311s] [  5%] Building C object CMakeFiles/px4_msgs__rosidl_generator_c.dir/rosidl_generator_c/px4_msgs/msg/detail/position_setpoint_triplet__type_support.c.o
[189.356s] [  6%] Building C object CMakeFiles/px4_msgs__rosidl_generator_c.dir/rosidl_generator_c/px4_msgs/msg/detail/power_button_state__description.c.o
[189.407s] [  6%] Building C object CMakeFiles/px4_msgs__rosidl_generator_c.dir/rosidl_generator_c/px4_msgs/msg/detail/power_button_state__functions.c.o
[189.472s] [  6%] Building C object CMakeFiles/px4_msgs__rosidl_generator_c.dir/rosidl_generator_c/px4_msgs/msg/detail/power_button_state__type_support.c.o
[189.516s] [  6%] Building C object CMakeFiles/px4_msgs__rosidl_generator_c.dir/rosidl_generator_c/px4_msgs/msg/detail/power_monitor__description.c.o
[189.569s] [  6%] Building C object CMakeFiles/px4_msgs__rosidl_generator_c.dir/rosidl_generator_c/px4_msgs/msg/detail/power_monitor__functions.c.o
[189.634s] [  6%] Building C object CMakeFiles/px4_msgs__rosidl_generator_c.dir/rosidl_generator_c/px4_msgs/msg/detail/power_monitor__type_support.c.o
[189.677s] [  6%] Building C object CMakeFiles/px4_msgs__rosidl_generator_c.dir/rosidl_generator_c/px4_msgs/msg/detail/pps_capture__description.c.o
[189.731s] [  6%] Building C object CMakeFiles/px4_msgs__rosidl_generator_c.dir/rosidl_generator_c/px4_msgs/msg/detail/pps_capture__functions.c.o
[189.798s] [  6%] Building C object CMakeFiles/px4_msgs__rosidl_generator_c.dir/rosidl_generator_c/px4_msgs/msg/detail/pps_capture__type_support.c.o
[189.838s] [  6%] Building C object CMakeFiles/px4_msgs__rosidl_generator_c.dir/rosidl_generator_c/px4_msgs/msg/detail/pure_pursuit_status__description.c.o
[189.885s] [  6%] Building C object CMakeFiles/px4_msgs__rosidl_generator_c.dir/rosidl_generator_c/px4_msgs/msg/detail/pure_pursuit_status__functions.c.o
[189.947s] [  6%] Building C object CMakeFiles/px4_msgs__rosidl_generator_c.dir/rosidl_generator_c/px4_msgs/msg/detail/pure_pursuit_status__type_support.c.o
[189.987s] [  6%] Building C object CMakeFiles/px4_msgs__rosidl_generator_c.dir/rosidl_generator_c/px4_msgs/msg/detail/pwm_input__description.c.o
[190.047s] [  6%] Building C object CMakeFiles/px4_msgs__rosidl_generator_c.dir/rosidl_generator_c/px4_msgs/msg/detail/pwm_input__functions.c.o
[190.111s] [  6%] Building C object CMakeFiles/px4_msgs__rosidl_generator_c.dir/rosidl_generator_c/px4_msgs/msg/detail/pwm_input__type_support.c.o
[190.154s] [  6%] Building C object CMakeFiles/px4_msgs__rosidl_generator_c.dir/rosidl_generator_c/px4_msgs/msg/detail/px4io_status__description.c.o
[190.206s] [  6%] Building C object CMakeFiles/px4_msgs__rosidl_generator_c.dir/rosidl_generator_c/px4_msgs/msg/detail/px4io_status__functions.c.o
[190.282s] [  6%] Building C object CMakeFiles/px4_msgs__rosidl_generator_c.dir/rosidl_generator_c/px4_msgs/msg/detail/px4io_status__type_support.c.o
[190.323s] [  6%] Building C object CMakeFiles/px4_msgs__rosidl_generator_c.dir/rosidl_generator_c/px4_msgs/msg/detail/qshell_req__description.c.o
[190.374s] [  6%] Building C object CMakeFiles/px4_msgs__rosidl_generator_c.dir/rosidl_generator_c/px4_msgs/msg/detail/qshell_req__functions.c.o
[190.441s] [  6%] Building C object CMakeFiles/px4_msgs__rosidl_generator_c.dir/rosidl_generator_c/px4_msgs/msg/detail/qshell_req__type_support.c.o
[190.484s] [  6%] Building C object CMakeFiles/px4_msgs__rosidl_generator_c.dir/rosidl_generator_c/px4_msgs/msg/detail/qshell_retval__description.c.o
[190.538s] [  6%] Building C object CMakeFiles/px4_msgs__rosidl_generator_c.dir/rosidl_generator_c/px4_msgs/msg/detail/qshell_retval__functions.c.o
[190.599s] [  7%] Building C object CMakeFiles/px4_msgs__rosidl_generator_c.dir/rosidl_generator_c/px4_msgs/msg/detail/qshell_retval__type_support.c.o
[190.639s] [  7%] Building C object CMakeFiles/px4_msgs__rosidl_generator_c.dir/rosidl_generator_c/px4_msgs/msg/detail/radio_status__description.c.o
[190.695s] [  7%] Building C object CMakeFiles/px4_msgs__rosidl_generator_c.dir/rosidl_generator_c/px4_msgs/msg/detail/radio_status__functions.c.o
[190.761s] [  7%] Building C object CMakeFiles/px4_msgs__rosidl_generator_c.dir/rosidl_generator_c/px4_msgs/msg/detail/radio_status__type_support.c.o
[190.802s] [  7%] Building C object CMakeFiles/px4_msgs__rosidl_generator_c.dir/rosidl_generator_c/px4_msgs/msg/detail/rate_ctrl_status__description.c.o
[190.852s] [  7%] Building C object CMakeFiles/px4_msgs__rosidl_generator_c.dir/rosidl_generator_c/px4_msgs/msg/detail/rate_ctrl_status__functions.c.o
[190.918s] [  7%] Building C object CMakeFiles/px4_msgs__rosidl_generator_c.dir/rosidl_generator_c/px4_msgs/msg/detail/rate_ctrl_status__type_support.c.o
[190.963s] [  7%] Building C object CMakeFiles/px4_msgs__rosidl_generator_c.dir/rosidl_generator_c/px4_msgs/msg/detail/rc_channels__description.c.o
[191.018s] [  7%] Building C object CMakeFiles/px4_msgs__rosidl_generator_c.dir/rosidl_generator_c/px4_msgs/msg/detail/rc_channels__functions.c.o
[191.089s] [  7%] Building C object CMakeFiles/px4_msgs__rosidl_generator_c.dir/rosidl_generator_c/px4_msgs/msg/detail/rc_channels__type_support.c.o
[191.132s] [  7%] Building C object CMakeFiles/px4_msgs__rosidl_generator_c.dir/rosidl_generator_c/px4_msgs/msg/detail/rc_parameter_map__description.c.o
[191.190s] [  7%] Building C object CMakeFiles/px4_msgs__rosidl_generator_c.dir/rosidl_generator_c/px4_msgs/msg/detail/rc_parameter_map__functions.c.o
[191.260s] [  7%] Building C object CMakeFiles/px4_msgs__rosidl_generator_c.dir/rosidl_generator_c/px4_msgs/msg/detail/rc_parameter_map__type_support.c.o
[191.303s] [  7%] Building C object CMakeFiles/px4_msgs__rosidl_generator_c.dir/rosidl_generator_c/px4_msgs/msg/detail/register_ext_component_reply__description.c.o
[191.355s] [  7%] Building C object CMakeFiles/px4_msgs__rosidl_generator_c.dir/rosidl_generator_c/px4_msgs/msg/detail/register_ext_component_reply__functions.c.o
[191.424s] [  7%] Building C object CMakeFiles/px4_msgs__rosidl_generator_c.dir/rosidl_generator_c/px4_msgs/msg/detail/register_ext_component_reply__type_support.c.o
[191.466s] [  7%] Building C object CMakeFiles/px4_msgs__rosidl_generator_c.dir/rosidl_generator_c/px4_msgs/msg/detail/register_ext_component_request__description.c.o
[191.516s] [  7%] Building C object CMakeFiles/px4_msgs__rosidl_generator_c.dir/rosidl_generator_c/px4_msgs/msg/detail/register_ext_component_request__functions.c.o
[191.586s] [  7%] Building C object CMakeFiles/px4_msgs__rosidl_generator_c.dir/rosidl_generator_c/px4_msgs/msg/detail/register_ext_component_request__type_support.c.o
[191.629s] [  7%] Building C object CMakeFiles/px4_msgs__rosidl_generator_c.dir/rosidl_generator_c/px4_msgs/msg/detail/rover_attitude_setpoint__description.c.o
[191.679s] [  7%] Building C object CMakeFiles/px4_msgs__rosidl_generator_c.dir/rosidl_generator_c/px4_msgs/msg/detail/rover_attitude_setpoint__functions.c.o
[191.749s] [  7%] Building C object CMakeFiles/px4_msgs__rosidl_generator_c.dir/rosidl_generator_c/px4_msgs/msg/detail/rover_attitude_setpoint__type_support.c.o
[191.793s] [  7%] Building C object CMakeFiles/px4_msgs__rosidl_generator_c.dir/rosidl_generator_c/px4_msgs/msg/detail/rover_attitude_status__description.c.o
[191.844s] [  7%] Building C object CMakeFiles/px4_msgs__rosidl_generator_c.dir/rosidl_generator_c/px4_msgs/msg/detail/rover_attitude_status__functions.c.o
[191.909s] [  8%] Building C object CMakeFiles/px4_msgs__rosidl_generator_c.dir/rosidl_generator_c/px4_msgs/msg/detail/rover_attitude_status__type_support.c.o
[191.955s] [  8%] Building C object CMakeFiles/px4_msgs__rosidl_generator_c.dir/rosidl_generator_c/px4_msgs/msg/detail/rover_position_setpoint__description.c.o
[192.005s] [  8%] Building C object CMakeFiles/px4_msgs__rosidl_generator_c.dir/rosidl_generator_c/px4_msgs/msg/detail/rover_position_setpoint__functions.c.o
[192.074s] [  8%] Building C object CMakeFiles/px4_msgs__rosidl_generator_c.dir/rosidl_generator_c/px4_msgs/msg/detail/rover_position_setpoint__type_support.c.o
[192.116s] [  8%] Building C object CMakeFiles/px4_msgs__rosidl_generator_c.dir/rosidl_generator_c/px4_msgs/msg/detail/rover_rate_setpoint__description.c.o
[192.169s] [  8%] Building C object CMakeFiles/px4_msgs__rosidl_generator_c.dir/rosidl_generator_c/px4_msgs/msg/detail/rover_rate_setpoint__functions.c.o
[192.233s] [  8%] Building C object CMakeFiles/px4_msgs__rosidl_generator_c.dir/rosidl_generator_c/px4_msgs/msg/detail/rover_rate_setpoint__type_support.c.o
[192.276s] [  8%] Building C object CMakeFiles/px4_msgs__rosidl_generator_c.dir/rosidl_generator_c/px4_msgs/msg/detail/rover_rate_status__description.c.o
[192.328s] [  8%] Building C object CMakeFiles/px4_msgs__rosidl_generator_c.dir/rosidl_generator_c/px4_msgs/msg/detail/rover_rate_status__functions.c.o
[192.394s] [  8%] Building C object CMakeFiles/px4_msgs__rosidl_generator_c.dir/rosidl_generator_c/px4_msgs/msg/detail/rover_rate_status__type_support.c.o
[192.439s] [  8%] Building C object CMakeFiles/px4_msgs__rosidl_generator_c.dir/rosidl_generator_c/px4_msgs/msg/detail/rover_speed_setpoint__description.c.o
[192.493s] [  8%] Building C object CMakeFiles/px4_msgs__rosidl_generator_c.dir/rosidl_generator_c/px4_msgs/msg/detail/rover_speed_setpoint__functions.c.o
[192.564s] [  8%] Building C object CMakeFiles/px4_msgs__rosidl_generator_c.dir/rosidl_generator_c/px4_msgs/msg/detail/rover_speed_setpoint__type_support.c.o
[192.606s] [  8%] Building C object CMakeFiles/px4_msgs__rosidl_generator_c.dir/rosidl_generator_c/px4_msgs/msg/detail/rover_speed_status__description.c.o
[192.655s] [  8%] Building C object CMakeFiles/px4_msgs__rosidl_generator_c.dir/rosidl_generator_c/px4_msgs/msg/detail/rover_speed_status__functions.c.o
[192.720s] [  8%] Building C object CMakeFiles/px4_msgs__rosidl_generator_c.dir/rosidl_generator_c/px4_msgs/msg/detail/rover_speed_status__type_support.c.o
[192.763s] [  8%] Building C object CMakeFiles/px4_msgs__rosidl_generator_c.dir/rosidl_generator_c/px4_msgs/msg/detail/rover_steering_setpoint__description.c.o
[192.815s] [  8%] Building C object CMakeFiles/px4_msgs__rosidl_generator_c.dir/rosidl_generator_c/px4_msgs/msg/detail/rover_steering_setpoint__functions.c.o
[192.875s] [  8%] Building C object CMakeFiles/px4_msgs__rosidl_generator_c.dir/rosidl_generator_c/px4_msgs/msg/detail/rover_steering_setpoint__type_support.c.o
[192.917s] [  8%] Building C object CMakeFiles/px4_msgs__rosidl_generator_c.dir/rosidl_generator_c/px4_msgs/msg/detail/rover_throttle_setpoint__description.c.o
[192.970s] [  8%] Building C object CMakeFiles/px4_msgs__rosidl_generator_c.dir/rosidl_generator_c/px4_msgs/msg/detail/rover_throttle_setpoint__functions.c.o
[193.038s] [  8%] Building C object CMakeFiles/px4_msgs__rosidl_generator_c.dir/rosidl_generator_c/px4_msgs/msg/detail/rover_throttle_setpoint__type_support.c.o
[193.081s] [  8%] Building C object CMakeFiles/px4_msgs__rosidl_generator_c.dir/rosidl_generator_c/px4_msgs/msg/detail/rpm__description.c.o
[193.137s] [  8%] Building C object CMakeFiles/px4_msgs__rosidl_generator_c.dir/rosidl_generator_c/px4_msgs/msg/detail/rpm__functions.c.o
[193.201s] [  9%] Building C object CMakeFiles/px4_msgs__rosidl_generator_c.dir/rosidl_generator_c/px4_msgs/msg/detail/rpm__type_support.c.o
[193.242s] [  9%] Building C object CMakeFiles/px4_msgs__rosidl_generator_c.dir/rosidl_generator_c/px4_msgs/msg/detail/rtl_status__description.c.o
[193.294s] [  9%] Building C object CMakeFiles/px4_msgs__rosidl_generator_c.dir/rosidl_generator_c/px4_msgs/msg/detail/rtl_status__functions.c.o
[193.359s] [  9%] Building C object CMakeFiles/px4_msgs__rosidl_generator_c.dir/rosidl_generator_c/px4_msgs/msg/detail/rtl_status__type_support.c.o
[193.400s] [  9%] Building C object CMakeFiles/px4_msgs__rosidl_generator_c.dir/rosidl_generator_c/px4_msgs/msg/detail/rtl_time_estimate__description.c.o
[193.454s] [  9%] Building C object CMakeFiles/px4_msgs__rosidl_generator_c.dir/rosidl_generator_c/px4_msgs/msg/detail/rtl_time_estimate__functions.c.o
[193.516s] [  9%] Building C object CMakeFiles/px4_msgs__rosidl_generator_c.dir/rosidl_generator_c/px4_msgs/msg/detail/rtl_time_estimate__type_support.c.o
[193.560s] [  9%] Building C object CMakeFiles/px4_msgs__rosidl_generator_c.dir/rosidl_generator_c/px4_msgs/msg/detail/satellite_info__description.c.o
[193.616s] [  9%] Building C object CMakeFiles/px4_msgs__rosidl_generator_c.dir/rosidl_generator_c/px4_msgs/msg/detail/satellite_info__functions.c.o
[193.693s] [  9%] Building C object CMakeFiles/px4_msgs__rosidl_generator_c.dir/rosidl_generator_c/px4_msgs/msg/detail/satellite_info__type_support.c.o
[193.734s] [  9%] Building C object CMakeFiles/px4_msgs__rosidl_generator_c.dir/rosidl_generator_c/px4_msgs/msg/detail/sensor_accel__description.c.o
[193.789s] [  9%] Building C object CMakeFiles/px4_msgs__rosidl_generator_c.dir/rosidl_generator_c/px4_msgs/msg/detail/sensor_accel__functions.c.o
[193.857s] [  9%] Building C object CMakeFiles/px4_msgs__rosidl_generator_c.dir/rosidl_generator_c/px4_msgs/msg/detail/sensor_accel__type_support.c.o
[193.898s] [  9%] Building C object CMakeFiles/px4_msgs__rosidl_generator_c.dir/rosidl_generator_c/px4_msgs/msg/detail/sensor_accel_fifo__description.c.o
[193.952s] [  9%] Building C object CMakeFiles/px4_msgs__rosidl_generator_c.dir/rosidl_generator_c/px4_msgs/msg/detail/sensor_accel_fifo__functions.c.o
[194.024s] [  9%] Building C object CMakeFiles/px4_msgs__rosidl_generator_c.dir/rosidl_generator_c/px4_msgs/msg/detail/sensor_accel_fifo__type_support.c.o
[194.068s] [  9%] Building C object CMakeFiles/px4_msgs__rosidl_generator_c.dir/rosidl_generator_c/px4_msgs/msg/detail/sensor_airflow__description.c.o
[194.123s] [  9%] Building C object CMakeFiles/px4_msgs__rosidl_generator_c.dir/rosidl_generator_c/px4_msgs/msg/detail/sensor_airflow__functions.c.o
[194.189s] [  9%] Building C object CMakeFiles/px4_msgs__rosidl_generator_c.dir/rosidl_generator_c/px4_msgs/msg/detail/sensor_airflow__type_support.c.o
[194.229s] [  9%] Building C object CMakeFiles/px4_msgs__rosidl_generator_c.dir/rosidl_generator_c/px4_msgs/msg/detail/sensor_baro__description.c.o
[194.282s] [  9%] Building C object CMakeFiles/px4_msgs__rosidl_generator_c.dir/rosidl_generator_c/px4_msgs/msg/detail/sensor_baro__functions.c.o
[194.345s] [  9%] Building C object CMakeFiles/px4_msgs__rosidl_generator_c.dir/rosidl_generator_c/px4_msgs/msg/detail/sensor_baro__type_support.c.o
[194.389s] [  9%] Building C object CMakeFiles/px4_msgs__rosidl_generator_c.dir/rosidl_generator_c/px4_msgs/msg/detail/sensor_combined__description.c.o
[194.438s] [  9%] Building C object CMakeFiles/px4_msgs__rosidl_generator_c.dir/rosidl_generator_c/px4_msgs/msg/detail/sensor_combined__functions.c.o
[194.506s] [ 10%] Building C object CMakeFiles/px4_msgs__rosidl_generator_c.dir/rosidl_generator_c/px4_msgs/msg/detail/sensor_combined__type_support.c.o
[194.548s] [ 10%] Building C object CMakeFiles/px4_msgs__rosidl_generator_c.dir/rosidl_generator_c/px4_msgs/msg/detail/sensor_correction__description.c.o
[194.601s] [ 10%] Building C object CMakeFiles/px4_msgs__rosidl_generator_c.dir/rosidl_generator_c/px4_msgs/msg/detail/sensor_correction__functions.c.o
[194.674s] [ 10%] Building C object CMakeFiles/px4_msgs__rosidl_generator_c.dir/rosidl_generator_c/px4_msgs/msg/detail/sensor_correction__type_support.c.o
[194.718s] [ 10%] Building C object CMakeFiles/px4_msgs__rosidl_generator_c.dir/rosidl_generator_c/px4_msgs/msg/detail/sensor_gnss_relative__description.c.o
[194.770s] [ 10%] Building C object CMakeFiles/px4_msgs__rosidl_generator_c.dir/rosidl_generator_c/px4_msgs/msg/detail/sensor_gnss_relative__functions.c.o
[194.838s] [ 10%] Building C object CMakeFiles/px4_msgs__rosidl_generator_c.dir/rosidl_generator_c/px4_msgs/msg/detail/sensor_gnss_relative__type_support.c.o
[194.880s] [ 10%] Building C object CMakeFiles/px4_msgs__rosidl_generator_c.dir/rosidl_generator_c/px4_msgs/msg/detail/sensor_gnss_status__description.c.o
[194.933s] [ 10%] Building C object CMakeFiles/px4_msgs__rosidl_generator_c.dir/rosidl_generator_c/px4_msgs/msg/detail/sensor_gnss_status__functions.c.o
[195.000s] [ 10%] Building C object CMakeFiles/px4_msgs__rosidl_generator_c.dir/rosidl_generator_c/px4_msgs/msg/detail/sensor_gnss_status__type_support.c.o
[195.045s] [ 10%] Building C object CMakeFiles/px4_msgs__rosidl_generator_c.dir/rosidl_generator_c/px4_msgs/msg/detail/sensor_gps__description.c.o
[195.098s] [ 10%] Building C object CMakeFiles/px4_msgs__rosidl_generator_c.dir/rosidl_generator_c/px4_msgs/msg/detail/sensor_gps__functions.c.o
[195.174s] [ 10%] Building C object CMakeFiles/px4_msgs__rosidl_generator_c.dir/rosidl_generator_c/px4_msgs/msg/detail/sensor_gps__type_support.c.o
[195.215s] [ 10%] Building C object CMakeFiles/px4_msgs__rosidl_generator_c.dir/rosidl_generator_c/px4_msgs/msg/detail/sensor_gyro__description.c.o
[195.270s] [ 10%] Building C object CMakeFiles/px4_msgs__rosidl_generator_c.dir/rosidl_generator_c/px4_msgs/msg/detail/sensor_gyro__functions.c.o
[195.335s] [ 10%] Building C object CMakeFiles/px4_msgs__rosidl_generator_c.dir/rosidl_generator_c/px4_msgs/msg/detail/sensor_gyro__type_support.c.o
[195.377s] [ 10%] Building C object CMakeFiles/px4_msgs__rosidl_generator_c.dir/rosidl_generator_c/px4_msgs/msg/detail/sensor_gyro_fft__description.c.o
[195.430s] [ 10%] Building C object CMakeFiles/px4_msgs__rosidl_generator_c.dir/rosidl_generator_c/px4_msgs/msg/detail/sensor_gyro_fft__functions.c.o
[195.498s] [ 10%] Building C object CMakeFiles/px4_msgs__rosidl_generator_c.dir/rosidl_generator_c/px4_msgs/msg/detail/sensor_gyro_fft__type_support.c.o
[195.543s] [ 10%] Building C object CMakeFiles/px4_msgs__rosidl_generator_c.dir/rosidl_generator_c/px4_msgs/msg/detail/sensor_gyro_fifo__description.c.o
[195.594s] [ 10%] Building C object CMakeFiles/px4_msgs__rosidl_generator_c.dir/rosidl_generator_c/px4_msgs/msg/detail/sensor_gyro_fifo__functions.c.o
[195.660s] [ 10%] Building C object CMakeFiles/px4_msgs__rosidl_generator_c.dir/rosidl_generator_c/px4_msgs/msg/detail/sensor_gyro_fifo__type_support.c.o
[195.700s] [ 10%] Building C object CMakeFiles/px4_msgs__rosidl_generator_c.dir/rosidl_generator_c/px4_msgs/msg/detail/sensor_hygrometer__description.c.o
[195.753s] [ 10%] Building C object CMakeFiles/px4_msgs__rosidl_generator_c.dir/rosidl_generator_c/px4_msgs/msg/detail/sensor_hygrometer__functions.c.o
[195.819s] [ 11%] Building C object CMakeFiles/px4_msgs__rosidl_generator_c.dir/rosidl_generator_c/px4_msgs/msg/detail/sensor_hygrometer__type_support.c.o
[195.861s] [ 11%] Building C object CMakeFiles/px4_msgs__rosidl_generator_c.dir/rosidl_generator_c/px4_msgs/msg/detail/sensor_mag__description.c.o
[195.913s] [ 11%] Building C object CMakeFiles/px4_msgs__rosidl_generator_c.dir/rosidl_generator_c/px4_msgs/msg/detail/sensor_mag__functions.c.o
[195.980s] [ 11%] Building C object CMakeFiles/px4_msgs__rosidl_generator_c.dir/rosidl_generator_c/px4_msgs/msg/detail/sensor_mag__type_support.c.o
[196.022s] [ 11%] Building C object CMakeFiles/px4_msgs__rosidl_generator_c.dir/rosidl_generator_c/px4_msgs/msg/detail/sensor_optical_flow__description.c.o
[196.072s] [ 11%] Building C object CMakeFiles/px4_msgs__rosidl_generator_c.dir/rosidl_generator_c/px4_msgs/msg/detail/sensor_optical_flow__functions.c.o
[196.141s] [ 11%] Building C object CMakeFiles/px4_msgs__rosidl_generator_c.dir/rosidl_generator_c/px4_msgs/msg/detail/sensor_optical_flow__type_support.c.o
[196.183s] [ 11%] Building C object CMakeFiles/px4_msgs__rosidl_generator_c.dir/rosidl_generator_c/px4_msgs/msg/detail/sensor_preflight_mag__description.c.o
[196.235s] [ 11%] Building C object CMakeFiles/px4_msgs__rosidl_generator_c.dir/rosidl_generator_c/px4_msgs/msg/detail/sensor_preflight_mag__functions.c.o
[196.297s] [ 11%] Building C object CMakeFiles/px4_msgs__rosidl_generator_c.dir/rosidl_generator_c/px4_msgs/msg/detail/sensor_preflight_mag__type_support.c.o
[196.337s] [ 11%] Building C object CMakeFiles/px4_msgs__rosidl_generator_c.dir/rosidl_generator_c/px4_msgs/msg/detail/sensor_selection__description.c.o
[196.389s] [ 11%] Building C object CMakeFiles/px4_msgs__rosidl_generator_c.dir/rosidl_generator_c/px4_msgs/msg/detail/sensor_selection__functions.c.o
[196.452s] [ 11%] Building C object CMakeFiles/px4_msgs__rosidl_generator_c.dir/rosidl_generator_c/px4_msgs/msg/detail/sensor_selection__type_support.c.o
[196.493s] [ 11%] Building C object CMakeFiles/px4_msgs__rosidl_generator_c.dir/rosidl_generator_c/px4_msgs/msg/detail/sensor_uwb__description.c.o
[196.544s] [ 11%] Building C object CMakeFiles/px4_msgs__rosidl_generator_c.dir/rosidl_generator_c/px4_msgs/msg/detail/sensor_uwb__functions.c.o
[196.613s] [ 11%] Building C object CMakeFiles/px4_msgs__rosidl_generator_c.dir/rosidl_generator_c/px4_msgs/msg/detail/sensor_uwb__type_support.c.o
[196.653s] [ 11%] Building C object CMakeFiles/px4_msgs__rosidl_generator_c.dir/rosidl_generator_c/px4_msgs/msg/detail/sensors_status__description.c.o
[196.704s] [ 11%] Building C object CMakeFiles/px4_msgs__rosidl_generator_c.dir/rosidl_generator_c/px4_msgs/msg/detail/sensors_status__functions.c.o
[196.773s] [ 11%] Building C object CMakeFiles/px4_msgs__rosidl_generator_c.dir/rosidl_generator_c/px4_msgs/msg/detail/sensors_status__type_support.c.o
[196.816s] [ 11%] Building C object CMakeFiles/px4_msgs__rosidl_generator_c.dir/rosidl_generator_c/px4_msgs/msg/detail/sensors_status_imu__description.c.o
[196.866s] [ 11%] Building C object CMakeFiles/px4_msgs__rosidl_generator_c.dir/rosidl_generator_c/px4_msgs/msg/detail/sensors_status_imu__functions.c.o
[196.935s] [ 11%] Building C object CMakeFiles/px4_msgs__rosidl_generator_c.dir/rosidl_generator_c/px4_msgs/msg/detail/sensors_status_imu__type_support.c.o
[196.977s] [ 11%] Building C object CMakeFiles/px4_msgs__rosidl_generator_c.dir/rosidl_generator_c/px4_msgs/msg/detail/system_power__description.c.o
[197.029s] [ 11%] Building C object CMakeFiles/px4_msgs__rosidl_generator_c.dir/rosidl_generator_c/px4_msgs/msg/detail/system_power__functions.c.o
[197.095s] [ 12%] Building C object CMakeFiles/px4_msgs__rosidl_generator_c.dir/rosidl_generator_c/px4_msgs/msg/detail/system_power__type_support.c.o
[197.137s] [ 12%] Building C object CMakeFiles/px4_msgs__rosidl_generator_c.dir/rosidl_generator_c/px4_msgs/msg/detail/takeoff_status__description.c.o
[197.190s] [ 12%] Building C object CMakeFiles/px4_msgs__rosidl_generator_c.dir/rosidl_generator_c/px4_msgs/msg/detail/takeoff_status__functions.c.o
[197.258s] [ 12%] Building C object CMakeFiles/px4_msgs__rosidl_generator_c.dir/rosidl_generator_c/px4_msgs/msg/detail/takeoff_status__type_support.c.o
[197.300s] [ 12%] Building C object CMakeFiles/px4_msgs__rosidl_generator_c.dir/rosidl_generator_c/px4_msgs/msg/detail/task_stack_info__description.c.o
[197.350s] [ 12%] Building C object CMakeFiles/px4_msgs__rosidl_generator_c.dir/rosidl_generator_c/px4_msgs/msg/detail/task_stack_info__functions.c.o
[197.418s] [ 12%] Building C object CMakeFiles/px4_msgs__rosidl_generator_c.dir/rosidl_generator_c/px4_msgs/msg/detail/task_stack_info__type_support.c.o
[197.463s] [ 12%] Building C object CMakeFiles/px4_msgs__rosidl_generator_c.dir/rosidl_generator_c/px4_msgs/msg/detail/tecs_status__description.c.o
[197.512s] [ 12%] Building C object CMakeFiles/px4_msgs__rosidl_generator_c.dir/rosidl_generator_c/px4_msgs/msg/detail/tecs_status__functions.c.o
[197.582s] [ 12%] Building C object CMakeFiles/px4_msgs__rosidl_generator_c.dir/rosidl_generator_c/px4_msgs/msg/detail/tecs_status__type_support.c.o
[197.620s] [ 12%] Building C object CMakeFiles/px4_msgs__rosidl_generator_c.dir/rosidl_generator_c/px4_msgs/msg/detail/telemetry_status__description.c.o
[197.677s] [ 12%] Building C object CMakeFiles/px4_msgs__rosidl_generator_c.dir/rosidl_generator_c/px4_msgs/msg/detail/telemetry_status__functions.c.o
[197.750s] [ 12%] Building C object CMakeFiles/px4_msgs__rosidl_generator_c.dir/rosidl_generator_c/px4_msgs/msg/detail/telemetry_status__type_support.c.o
[197.793s] [ 12%] Building C object CMakeFiles/px4_msgs__rosidl_generator_c.dir/rosidl_generator_c/px4_msgs/msg/detail/tiltrotor_extra_controls__description.c.o
[197.842s] [ 12%] Building C object CMakeFiles/px4_msgs__rosidl_generator_c.dir/rosidl_generator_c/px4_msgs/msg/detail/tiltrotor_extra_controls__functions.c.o
[197.904s] [ 12%] Building C object CMakeFiles/px4_msgs__rosidl_generator_c.dir/rosidl_generator_c/px4_msgs/msg/detail/tiltrotor_extra_controls__type_support.c.o
[197.944s] [ 12%] Building C object CMakeFiles/px4_msgs__rosidl_generator_c.dir/rosidl_generator_c/px4_msgs/msg/detail/timesync_status__description.c.o
[197.996s] [ 12%] Building C object CMakeFiles/px4_msgs__rosidl_generator_c.dir/rosidl_generator_c/px4_msgs/msg/detail/timesync_status__functions.c.o
[198.063s] [ 12%] Building C object CMakeFiles/px4_msgs__rosidl_generator_c.dir/rosidl_generator_c/px4_msgs/msg/detail/timesync_status__type_support.c.o
[198.106s] [ 12%] Building C object CMakeFiles/px4_msgs__rosidl_generator_c.dir/rosidl_generator_c/px4_msgs/msg/detail/trajectory_setpoint__description.c.o
[198.158s] [ 12%] Building C object CMakeFiles/px4_msgs__rosidl_generator_c.dir/rosidl_generator_c/px4_msgs/msg/detail/trajectory_setpoint__functions.c.o
[198.226s] [ 12%] Building C object CMakeFiles/px4_msgs__rosidl_generator_c.dir/rosidl_generator_c/px4_msgs/msg/detail/trajectory_setpoint__type_support.c.o
[198.270s] [ 12%] Building C object CMakeFiles/px4_msgs__rosidl_generator_c.dir/rosidl_generator_c/px4_msgs/msg/detail/trajectory_setpoint6dof__description.c.o
[198.325s] [ 13%] Building C object CMakeFiles/px4_msgs__rosidl_generator_c.dir/rosidl_generator_c/px4_msgs/msg/detail/trajectory_setpoint6dof__functions.c.o
[198.396s] [ 13%] Building C object CMakeFiles/px4_msgs__rosidl_generator_c.dir/rosidl_generator_c/px4_msgs/msg/detail/trajectory_setpoint6dof__type_support.c.o
[198.438s] [ 13%] Building C object CMakeFiles/px4_msgs__rosidl_generator_c.dir/rosidl_generator_c/px4_msgs/msg/detail/transponder_report__description.c.o
[198.486s] [ 13%] Building C object CMakeFiles/px4_msgs__rosidl_generator_c.dir/rosidl_generator_c/px4_msgs/msg/detail/transponder_report__functions.c.o
[198.554s] [ 13%] Building C object CMakeFiles/px4_msgs__rosidl_generator_c.dir/rosidl_generator_c/px4_msgs/msg/detail/transponder_report__type_support.c.o
[198.598s] [ 13%] Building C object CMakeFiles/px4_msgs__rosidl_generator_c.dir/rosidl_generator_c/px4_msgs/msg/detail/tune_control__description.c.o
[198.651s] [ 13%] Building C object CMakeFiles/px4_msgs__rosidl_generator_c.dir/rosidl_generator_c/px4_msgs/msg/detail/tune_control__functions.c.o
[198.713s] [ 13%] Building C object CMakeFiles/px4_msgs__rosidl_generator_c.dir/rosidl_generator_c/px4_msgs/msg/detail/tune_control__type_support.c.o
[198.753s] [ 13%] Building C object CMakeFiles/px4_msgs__rosidl_generator_c.dir/rosidl_generator_c/px4_msgs/msg/detail/uavcan_parameter_request__description.c.o
[198.803s] [ 13%] Building C object CMakeFiles/px4_msgs__rosidl_generator_c.dir/rosidl_generator_c/px4_msgs/msg/detail/uavcan_parameter_request__functions.c.o
[198.878s] [ 13%] Building C object CMakeFiles/px4_msgs__rosidl_generator_c.dir/rosidl_generator_c/px4_msgs/msg/detail/uavcan_parameter_request__type_support.c.o
[198.921s] [ 13%] Building C object CMakeFiles/px4_msgs__rosidl_generator_c.dir/rosidl_generator_c/px4_msgs/msg/detail/uavcan_parameter_value__description.c.o
[198.973s] [ 13%] Building C object CMakeFiles/px4_msgs__rosidl_generator_c.dir/rosidl_generator_c/px4_msgs/msg/detail/uavcan_parameter_value__functions.c.o
[199.042s] [ 13%] Building C object CMakeFiles/px4_msgs__rosidl_generator_c.dir/rosidl_generator_c/px4_msgs/msg/detail/uavcan_parameter_value__type_support.c.o
[199.086s] [ 13%] Building C object CMakeFiles/px4_msgs__rosidl_generator_c.dir/rosidl_generator_c/px4_msgs/msg/detail/ulog_stream__description.c.o
[199.143s] [ 13%] Building C object CMakeFiles/px4_msgs__rosidl_generator_c.dir/rosidl_generator_c/px4_msgs/msg/detail/ulog_stream__functions.c.o
[199.208s] [ 13%] Building C object CMakeFiles/px4_msgs__rosidl_generator_c.dir/rosidl_generator_c/px4_msgs/msg/detail/ulog_stream__type_support.c.o
[199.250s] [ 13%] Building C object CMakeFiles/px4_msgs__rosidl_generator_c.dir/rosidl_generator_c/px4_msgs/msg/detail/ulog_stream_ack__description.c.o
[199.300s] [ 13%] Building C object CMakeFiles/px4_msgs__rosidl_generator_c.dir/rosidl_generator_c/px4_msgs/msg/detail/ulog_stream_ack__functions.c.o
[199.369s] [ 13%] Building C object CMakeFiles/px4_msgs__rosidl_generator_c.dir/rosidl_generator_c/px4_msgs/msg/detail/ulog_stream_ack__type_support.c.o
[199.410s] [ 13%] Building C object CMakeFiles/px4_msgs__rosidl_generator_c.dir/rosidl_generator_c/px4_msgs/msg/detail/unregister_ext_component__description.c.o
[199.464s] [ 13%] Building C object CMakeFiles/px4_msgs__rosidl_generator_c.dir/rosidl_generator_c/px4_msgs/msg/detail/unregister_ext_component__functions.c.o
[199.529s] [ 13%] Building C object CMakeFiles/px4_msgs__rosidl_generator_c.dir/rosidl_generator_c/px4_msgs/msg/detail/unregister_ext_component__type_support.c.o
[199.572s] [ 13%] Building C object CMakeFiles/px4_msgs__rosidl_generator_c.dir/rosidl_generator_c/px4_msgs/msg/detail/vehicle_acceleration__description.c.o
[199.621s] [ 14%] Building C object CMakeFiles/px4_msgs__rosidl_generator_c.dir/rosidl_generator_c/px4_msgs/msg/detail/vehicle_acceleration__functions.c.o
[199.690s] [ 14%] Building C object CMakeFiles/px4_msgs__rosidl_generator_c.dir/rosidl_generator_c/px4_msgs/msg/detail/vehicle_acceleration__type_support.c.o
[199.732s] [ 14%] Building C object CMakeFiles/px4_msgs__rosidl_generator_c.dir/rosidl_generator_c/px4_msgs/msg/detail/vehicle_air_data__description.c.o
[199.783s] [ 14%] Building C object CMakeFiles/px4_msgs__rosidl_generator_c.dir/rosidl_generator_c/px4_msgs/msg/detail/vehicle_air_data__functions.c.o
[199.849s] [ 14%] Building C object CMakeFiles/px4_msgs__rosidl_generator_c.dir/rosidl_generator_c/px4_msgs/msg/detail/vehicle_air_data__type_support.c.o
[199.892s] [ 14%] Building C object CMakeFiles/px4_msgs__rosidl_generator_c.dir/rosidl_generator_c/px4_msgs/msg/detail/vehicle_angular_acceleration_setpoint__description.c.o
[199.947s] [ 14%] Building C object CMakeFiles/px4_msgs__rosidl_generator_c.dir/rosidl_generator_c/px4_msgs/msg/detail/vehicle_angular_acceleration_setpoint__functions.c.o
[200.011s] [ 14%] Building C object CMakeFiles/px4_msgs__rosidl_generator_c.dir/rosidl_generator_c/px4_msgs/msg/detail/vehicle_angular_acceleration_setpoint__type_support.c.o
[200.050s] [ 14%] Building C object CMakeFiles/px4_msgs__rosidl_generator_c.dir/rosidl_generator_c/px4_msgs/msg/detail/vehicle_angular_velocity__description.c.o
[200.100s] [ 14%] Building C object CMakeFiles/px4_msgs__rosidl_generator_c.dir/rosidl_generator_c/px4_msgs/msg/detail/vehicle_angular_velocity__functions.c.o
[200.165s] [ 14%] Building C object CMakeFiles/px4_msgs__rosidl_generator_c.dir/rosidl_generator_c/px4_msgs/msg/detail/vehicle_angular_velocity__type_support.c.o
[200.209s] [ 14%] Building C object CMakeFiles/px4_msgs__rosidl_generator_c.dir/rosidl_generator_c/px4_msgs/msg/detail/vehicle_attitude__description.c.o
[200.260s] [ 14%] Building C object CMakeFiles/px4_msgs__rosidl_generator_c.dir/rosidl_generator_c/px4_msgs/msg/detail/vehicle_attitude__functions.c.o
[200.329s] [ 14%] Building C object CMakeFiles/px4_msgs__rosidl_generator_c.dir/rosidl_generator_c/px4_msgs/msg/detail/vehicle_attitude__type_support.c.o
[200.373s] [ 14%] Building C object CMakeFiles/px4_msgs__rosidl_generator_c.dir/rosidl_generator_c/px4_msgs/msg/detail/vehicle_attitude_setpoint__description.c.o
[200.426s] [ 14%] Building C object CMakeFiles/px4_msgs__rosidl_generator_c.dir/rosidl_generator_c/px4_msgs/msg/detail/vehicle_attitude_setpoint__functions.c.o
[200.488s] [ 14%] Building C object CMakeFiles/px4_msgs__rosidl_generator_c.dir/rosidl_generator_c/px4_msgs/msg/detail/vehicle_attitude_setpoint__type_support.c.o
[200.531s] [ 14%] Building C object CMakeFiles/px4_msgs__rosidl_generator_c.dir/rosidl_generator_c/px4_msgs/msg/detail/vehicle_command__description.c.o
[200.587s] [ 14%] Building C object CMakeFiles/px4_msgs__rosidl_generator_c.dir/rosidl_generator_c/px4_msgs/msg/detail/vehicle_command__functions.c.o
[200.660s] [ 14%] Building C object CMakeFiles/px4_msgs__rosidl_generator_c.dir/rosidl_generator_c/px4_msgs/msg/detail/vehicle_command__type_support.c.o
[200.698s] [ 14%] Building C object CMakeFiles/px4_msgs__rosidl_generator_c.dir/rosidl_generator_c/px4_msgs/msg/detail/vehicle_command_ack__description.c.o
[200.748s] [ 14%] Building C object CMakeFiles/px4_msgs__rosidl_generator_c.dir/rosidl_generator_c/px4_msgs/msg/detail/vehicle_command_ack__functions.c.o
[200.816s] [ 14%] Building C object CMakeFiles/px4_msgs__rosidl_generator_c.dir/rosidl_generator_c/px4_msgs/msg/detail/vehicle_command_ack__type_support.c.o
[200.861s] [ 14%] Building C object CMakeFiles/px4_msgs__rosidl_generator_c.dir/rosidl_generator_c/px4_msgs/msg/detail/vehicle_constraints__description.c.o
[200.915s] [ 15%] Building C object CMakeFiles/px4_msgs__rosidl_generator_c.dir/rosidl_generator_c/px4_msgs/msg/detail/vehicle_constraints__functions.c.o
[200.985s] [ 15%] Building C object CMakeFiles/px4_msgs__rosidl_generator_c.dir/rosidl_generator_c/px4_msgs/msg/detail/vehicle_constraints__type_support.c.o
[201.027s] [ 15%] Building C object CMakeFiles/px4_msgs__rosidl_generator_c.dir/rosidl_generator_c/px4_msgs/msg/detail/vehicle_control_mode__description.c.o
[201.086s] [ 15%] Building C object CMakeFiles/px4_msgs__rosidl_generator_c.dir/rosidl_generator_c/px4_msgs/msg/detail/vehicle_control_mode__functions.c.o
[201.155s] [ 15%] Building C object CMakeFiles/px4_msgs__rosidl_generator_c.dir/rosidl_generator_c/px4_msgs/msg/detail/vehicle_control_mode__type_support.c.o
[201.199s] [ 15%] Building C object CMakeFiles/px4_msgs__rosidl_generator_c.dir/rosidl_generator_c/px4_msgs/msg/detail/vehicle_global_position__description.c.o
[201.251s] [ 15%] Building C object CMakeFiles/px4_msgs__rosidl_generator_c.dir/rosidl_generator_c/px4_msgs/msg/detail/vehicle_global_position__functions.c.o
[201.320s] [ 15%] Building C object CMakeFiles/px4_msgs__rosidl_generator_c.dir/rosidl_generator_c/px4_msgs/msg/detail/vehicle_global_position__type_support.c.o
[201.364s] [ 15%] Building C object CMakeFiles/px4_msgs__rosidl_generator_c.dir/rosidl_generator_c/px4_msgs/msg/detail/vehicle_imu__description.c.o
[201.416s] [ 15%] Building C object CMakeFiles/px4_msgs__rosidl_generator_c.dir/rosidl_generator_c/px4_msgs/msg/detail/vehicle_imu__functions.c.o
[201.485s] [ 15%] Building C object CMakeFiles/px4_msgs__rosidl_generator_c.dir/rosidl_generator_c/px4_msgs/msg/detail/vehicle_imu__type_support.c.o
[201.526s] [ 15%] Building C object CMakeFiles/px4_msgs__rosidl_generator_c.dir/rosidl_generator_c/px4_msgs/msg/detail/vehicle_imu_status__description.c.o
[201.579s] [ 15%] Building C object CMakeFiles/px4_msgs__rosidl_generator_c.dir/rosidl_generator_c/px4_msgs/msg/detail/vehicle_imu_status__functions.c.o
[201.647s] [ 15%] Building C object CMakeFiles/px4_msgs__rosidl_generator_c.dir/rosidl_generator_c/px4_msgs/msg/detail/vehicle_imu_status__type_support.c.o
[201.690s] [ 15%] Building C object CMakeFiles/px4_msgs__rosidl_generator_c.dir/rosidl_generator_c/px4_msgs/msg/detail/vehicle_land_detected__description.c.o
[201.743s] [ 15%] Building C object CMakeFiles/px4_msgs__rosidl_generator_c.dir/rosidl_generator_c/px4_msgs/msg/detail/vehicle_land_detected__functions.c.o
[201.809s] [ 15%] Building C object CMakeFiles/px4_msgs__rosidl_generator_c.dir/rosidl_generator_c/px4_msgs/msg/detail/vehicle_land_detected__type_support.c.o
[201.848s] [ 15%] Building C object CMakeFiles/px4_msgs__rosidl_generator_c.dir/rosidl_generator_c/px4_msgs/msg/detail/vehicle_local_position__description.c.o
[201.901s] [ 15%] Building C object CMakeFiles/px4_msgs__rosidl_generator_c.dir/rosidl_generator_c/px4_msgs/msg/detail/vehicle_local_position__functions.c.o
[201.982s] [ 15%] Building C object CMakeFiles/px4_msgs__rosidl_generator_c.dir/rosidl_generator_c/px4_msgs/msg/detail/vehicle_local_position__type_support.c.o
[202.025s] [ 15%] Building C object CMakeFiles/px4_msgs__rosidl_generator_c.dir/rosidl_generator_c/px4_msgs/msg/detail/vehicle_local_position_setpoint__description.c.o
[202.078s] [ 15%] Building C object CMakeFiles/px4_msgs__rosidl_generator_c.dir/rosidl_generator_c/px4_msgs/msg/detail/vehicle_local_position_setpoint__functions.c.o
[202.145s] [ 15%] Building C object CMakeFiles/px4_msgs__rosidl_generator_c.dir/rosidl_generator_c/px4_msgs/msg/detail/vehicle_local_position_setpoint__type_support.c.o
[202.190s] [ 15%] Building C object CMakeFiles/px4_msgs__rosidl_generator_c.dir/rosidl_generator_c/px4_msgs/msg/detail/vehicle_magnetometer__description.c.o
[202.244s] [ 16%] Building C object CMakeFiles/px4_msgs__rosidl_generator_c.dir/rosidl_generator_c/px4_msgs/msg/detail/vehicle_magnetometer__functions.c.o
[202.307s] [ 16%] Building C object CMakeFiles/px4_msgs__rosidl_generator_c.dir/rosidl_generator_c/px4_msgs/msg/detail/vehicle_magnetometer__type_support.c.o
[202.347s] [ 16%] Building C object CMakeFiles/px4_msgs__rosidl_generator_c.dir/rosidl_generator_c/px4_msgs/msg/detail/vehicle_odometry__description.c.o
[202.398s] [ 16%] Building C object CMakeFiles/px4_msgs__rosidl_generator_c.dir/rosidl_generator_c/px4_msgs/msg/detail/vehicle_odometry__functions.c.o
[202.472s] [ 16%] Building C object CMakeFiles/px4_msgs__rosidl_generator_c.dir/rosidl_generator_c/px4_msgs/msg/detail/vehicle_odometry__type_support.c.o
[202.514s] [ 16%] Building C object CMakeFiles/px4_msgs__rosidl_generator_c.dir/rosidl_generator_c/px4_msgs/msg/detail/vehicle_optical_flow__description.c.o
[202.564s] [ 16%] Building C object CMakeFiles/px4_msgs__rosidl_generator_c.dir/rosidl_generator_c/px4_msgs/msg/detail/vehicle_optical_flow__functions.c.o
[202.631s] [ 16%] Building C object CMakeFiles/px4_msgs__rosidl_generator_c.dir/rosidl_generator_c/px4_msgs/msg/detail/vehicle_optical_flow__type_support.c.o
[202.670s] [ 16%] Building C object CMakeFiles/px4_msgs__rosidl_generator_c.dir/rosidl_generator_c/px4_msgs/msg/detail/vehicle_optical_flow_vel__description.c.o
[202.720s] [ 16%] Building C object CMakeFiles/px4_msgs__rosidl_generator_c.dir/rosidl_generator_c/px4_msgs/msg/detail/vehicle_optical_flow_vel__functions.c.o
[202.794s] [ 16%] Building C object CMakeFiles/px4_msgs__rosidl_generator_c.dir/rosidl_generator_c/px4_msgs/msg/detail/vehicle_optical_flow_vel__type_support.c.o
[202.835s] [ 16%] Building C object CMakeFiles/px4_msgs__rosidl_generator_c.dir/rosidl_generator_c/px4_msgs/msg/detail/vehicle_rates_setpoint__description.c.o
[202.886s] [ 16%] Building C object CMakeFiles/px4_msgs__rosidl_generator_c.dir/rosidl_generator_c/px4_msgs/msg/detail/vehicle_rates_setpoint__functions.c.o
[202.956s] [ 16%] Building C object CMakeFiles/px4_msgs__rosidl_generator_c.dir/rosidl_generator_c/px4_msgs/msg/detail/vehicle_rates_setpoint__type_support.c.o
[202.997s] [ 16%] Building C object CMakeFiles/px4_msgs__rosidl_generator_c.dir/rosidl_generator_c/px4_msgs/msg/detail/vehicle_roi__description.c.o
[203.053s] [ 16%] Building C object CMakeFiles/px4_msgs__rosidl_generator_c.dir/rosidl_generator_c/px4_msgs/msg/detail/vehicle_roi__functions.c.o
[203.120s] [ 16%] Building C object CMakeFiles/px4_msgs__rosidl_generator_c.dir/rosidl_generator_c/px4_msgs/msg/detail/vehicle_roi__type_support.c.o
[203.160s] [ 16%] Building C object CMakeFiles/px4_msgs__rosidl_generator_c.dir/rosidl_generator_c/px4_msgs/msg/detail/vehicle_status__description.c.o
[203.211s] [ 16%] Building C object CMakeFiles/px4_msgs__rosidl_generator_c.dir/rosidl_generator_c/px4_msgs/msg/detail/vehicle_status__functions.c.o
[203.284s] [ 16%] Building C object CMakeFiles/px4_msgs__rosidl_generator_c.dir/rosidl_generator_c/px4_msgs/msg/detail/vehicle_status__type_support.c.o
[203.329s] [ 16%] Building C object CMakeFiles/px4_msgs__rosidl_generator_c.dir/rosidl_generator_c/px4_msgs/msg/detail/vehicle_thrust_setpoint__description.c.o
[203.383s] [ 16%] Building C object CMakeFiles/px4_msgs__rosidl_generator_c.dir/rosidl_generator_c/px4_msgs/msg/detail/vehicle_thrust_setpoint__functions.c.o
[203.450s] [ 16%] Building C object CMakeFiles/px4_msgs__rosidl_generator_c.dir/rosidl_generator_c/px4_msgs/msg/detail/vehicle_thrust_setpoint__type_support.c.o
[203.491s] [ 16%] Building C object CMakeFiles/px4_msgs__rosidl_generator_c.dir/rosidl_generator_c/px4_msgs/msg/detail/vehicle_torque_setpoint__description.c.o
[203.543s] [ 17%] Building C object CMakeFiles/px4_msgs__rosidl_generator_c.dir/rosidl_generator_c/px4_msgs/msg/detail/vehicle_torque_setpoint__functions.c.o
[203.608s] [ 17%] Building C object CMakeFiles/px4_msgs__rosidl_generator_c.dir/rosidl_generator_c/px4_msgs/msg/detail/vehicle_torque_setpoint__type_support.c.o
[203.649s] [ 17%] Building C object CMakeFiles/px4_msgs__rosidl_generator_c.dir/rosidl_generator_c/px4_msgs/msg/detail/velocity_limits__description.c.o
[203.702s] [ 17%] Building C object CMakeFiles/px4_msgs__rosidl_generator_c.dir/rosidl_generator_c/px4_msgs/msg/detail/velocity_limits__functions.c.o
[203.766s] [ 17%] Building C object CMakeFiles/px4_msgs__rosidl_generator_c.dir/rosidl_generator_c/px4_msgs/msg/detail/velocity_limits__type_support.c.o
[203.804s] [ 17%] Building C object CMakeFiles/px4_msgs__rosidl_generator_c.dir/rosidl_generator_c/px4_msgs/msg/detail/vtol_vehicle_status__description.c.o
[203.855s] [ 17%] Building C object CMakeFiles/px4_msgs__rosidl_generator_c.dir/rosidl_generator_c/px4_msgs/msg/detail/vtol_vehicle_status__functions.c.o
[203.922s] [ 17%] Building C object CMakeFiles/px4_msgs__rosidl_generator_c.dir/rosidl_generator_c/px4_msgs/msg/detail/vtol_vehicle_status__type_support.c.o
[203.963s] [ 17%] Building C object CMakeFiles/px4_msgs__rosidl_generator_c.dir/rosidl_generator_c/px4_msgs/msg/detail/wheel_encoders__description.c.o
[204.013s] [ 17%] Building C object CMakeFiles/px4_msgs__rosidl_generator_c.dir/rosidl_generator_c/px4_msgs/msg/detail/wheel_encoders__functions.c.o
[204.077s] [ 17%] Building C object CMakeFiles/px4_msgs__rosidl_generator_c.dir/rosidl_generator_c/px4_msgs/msg/detail/wheel_encoders__type_support.c.o
[204.119s] [ 17%] Building C object CMakeFiles/px4_msgs__rosidl_generator_c.dir/rosidl_generator_c/px4_msgs/msg/detail/wind__description.c.o
[204.173s] [ 17%] Building C object CMakeFiles/px4_msgs__rosidl_generator_c.dir/rosidl_generator_c/px4_msgs/msg/detail/wind__functions.c.o
[204.243s] [ 17%] Building C object CMakeFiles/px4_msgs__rosidl_generator_c.dir/rosidl_generator_c/px4_msgs/msg/detail/wind__type_support.c.o
[204.282s] [ 17%] Building C object CMakeFiles/px4_msgs__rosidl_generator_c.dir/rosidl_generator_c/px4_msgs/msg/detail/yaw_estimator_status__description.c.o
[204.336s] [ 17%] Building C object CMakeFiles/px4_msgs__rosidl_generator_c.dir/rosidl_generator_c/px4_msgs/msg/detail/yaw_estimator_status__functions.c.o
[204.404s] [ 17%] Building C object CMakeFiles/px4_msgs__rosidl_generator_c.dir/rosidl_generator_c/px4_msgs/msg/detail/yaw_estimator_status__type_support.c.o
[204.448s] [ 17%] Building C object CMakeFiles/px4_msgs__rosidl_generator_c.dir/rosidl_generator_c/px4_msgs/srv/detail/vehicle_command__description.c.o
[204.522s] [ 17%] Building C object CMakeFiles/px4_msgs__rosidl_generator_c.dir/rosidl_generator_c/px4_msgs/srv/detail/vehicle_command__functions.c.o
[204.632s] [ 17%] Building C object CMakeFiles/px4_msgs__rosidl_generator_c.dir/rosidl_generator_c/px4_msgs/srv/detail/vehicle_command__type_support.c.o
[204.689s] [ 17%] Building C object CMakeFiles/px4_msgs__rosidl_generator_c.dir/rosidl_generator_c/px4_msgs/msg/detail/actuator_armed__functions.c.o
[204.750s] [ 17%] Building C object CMakeFiles/px4_msgs__rosidl_generator_c.dir/rosidl_generator_c/px4_msgs/msg/detail/actuator_armed__description.c.o
[204.799s] [ 17%] Building C object CMakeFiles/px4_msgs__rosidl_generator_c.dir/rosidl_generator_c/px4_msgs/msg/detail/action_request__type_support.c.o
[204.842s] [ 17%] Building C object CMakeFiles/px4_msgs__rosidl_generator_c.dir/rosidl_generator_c/px4_msgs/msg/detail/action_request__functions.c.o
[204.917s] [ 17%] Linking C shared library libpx4_msgs__rosidl_generator_c.so
[205.140s] [ 29%] Built target px4_msgs__rosidl_generator_c
[205.430s] running egg_info
[205.455s] writing px4_msgs.egg-info/PKG-INFO
[205.456s] writing dependency_links to px4_msgs.egg-info/dependency_links.txt
[205.456s] writing top-level names to px4_msgs.egg-info/top_level.txt
[205.526s] reading manifest file 'px4_msgs.egg-info/SOURCES.txt'
[205.527s] writing manifest file 'px4_msgs.egg-info/SOURCES.txt'
[205.580s] [ 29%] Built target ament_cmake_python_build_px4_msgs_egg
[205.605s] [ 29%] Generating C type support dispatch for ROS interfaces
[254.589s] [ 29%] Building CXX object CMakeFiles/px4_msgs__rosidl_typesupport_c.dir/rosidl_typesupport_c/px4_msgs/msg/actuator_armed__type_support.cpp.o
[254.630s] [ 29%] Building CXX object CMakeFiles/px4_msgs__rosidl_typesupport_c.dir/rosidl_typesupport_c/px4_msgs/msg/battery_info__type_support.cpp.o
[254.671s] [ 29%] Building CXX object CMakeFiles/px4_msgs__rosidl_typesupport_c.dir/rosidl_typesupport_c/px4_msgs/msg/battery_status__type_support.cpp.o
[254.714s] [ 29%] Building CXX object CMakeFiles/px4_msgs__rosidl_typesupport_c.dir/rosidl_typesupport_c/px4_msgs/msg/button_event__type_support.cpp.o
[254.753s] [ 29%] Building CXX object CMakeFiles/px4_msgs__rosidl_typesupport_c.dir/rosidl_typesupport_c/px4_msgs/msg/camera_capture__type_support.cpp.o
[254.793s] [ 29%] Building CXX object CMakeFiles/px4_msgs__rosidl_typesupport_c.dir/rosidl_typesupport_c/px4_msgs/msg/camera_status__type_support.cpp.o
[254.833s] [ 29%] Building CXX object CMakeFiles/px4_msgs__rosidl_typesupport_c.dir/rosidl_typesupport_c/px4_msgs/msg/camera_trigger__type_support.cpp.o
[254.873s] [ 29%] Building CXX object CMakeFiles/px4_msgs__rosidl_typesupport_c.dir/rosidl_typesupport_c/px4_msgs/msg/can_interface_status__type_support.cpp.o
[254.914s] [ 29%] Building CXX object CMakeFiles/px4_msgs__rosidl_typesupport_c.dir/rosidl_typesupport_c/px4_msgs/msg/cellular_status__type_support.cpp.o
[254.954s] [ 29%] Building CXX object CMakeFiles/px4_msgs__rosidl_typesupport_c.dir/rosidl_typesupport_c/px4_msgs/msg/collision_constraints__type_support.cpp.o
[254.996s] [ 29%] Building CXX object CMakeFiles/px4_msgs__rosidl_typesupport_c.dir/rosidl_typesupport_c/px4_msgs/msg/config_overrides__type_support.cpp.o
[255.036s] [ 29%] Building CXX object CMakeFiles/px4_msgs__rosidl_typesupport_c.dir/rosidl_typesupport_c/px4_msgs/msg/control_allocator_status__type_support.cpp.o
[255.079s] [ 30%] Building CXX object CMakeFiles/px4_msgs__rosidl_typesupport_c.dir/rosidl_typesupport_c/px4_msgs/msg/cpuload__type_support.cpp.o
[255.119s] [ 30%] Building CXX object CMakeFiles/px4_msgs__rosidl_typesupport_c.dir/rosidl_typesupport_c/px4_msgs/msg/dataman_request__type_support.cpp.o
[255.158s] [ 30%] Building CXX object CMakeFiles/px4_msgs__rosidl_typesupport_c.dir/rosidl_typesupport_c/px4_msgs/msg/dataman_response__type_support.cpp.o
[255.199s] [ 30%] Building CXX object CMakeFiles/px4_msgs__rosidl_typesupport_c.dir/rosidl_typesupport_c/px4_msgs/msg/debug_array__type_support.cpp.o
[255.241s] [ 30%] Building CXX object CMakeFiles/px4_msgs__rosidl_typesupport_c.dir/rosidl_typesupport_c/px4_msgs/msg/debug_key_value__type_support.cpp.o
[255.281s] [ 30%] Building CXX object CMakeFiles/px4_msgs__rosidl_typesupport_c.dir/rosidl_typesupport_c/px4_msgs/msg/debug_value__type_support.cpp.o
[255.321s] [ 30%] Building CXX object CMakeFiles/px4_msgs__rosidl_typesupport_c.dir/rosidl_typesupport_c/px4_msgs/msg/debug_vect__type_support.cpp.o
[255.361s] [ 30%] Building CXX object CMakeFiles/px4_msgs__rosidl_typesupport_c.dir/rosidl_typesupport_c/px4_msgs/msg/differential_pressure__type_support.cpp.o
[255.401s] [ 30%] Building CXX object CMakeFiles/px4_msgs__rosidl_typesupport_c.dir/rosidl_typesupport_c/px4_msgs/msg/distance_sensor__type_support.cpp.o
[255.440s] [ 30%] Building CXX object CMakeFiles/px4_msgs__rosidl_typesupport_c.dir/rosidl_typesupport_c/px4_msgs/msg/distance_sensor_mode_change_request__type_support.cpp.o
[255.481s] [ 30%] Building CXX object CMakeFiles/px4_msgs__rosidl_typesupport_c.dir/rosidl_typesupport_c/px4_msgs/msg/dronecan_node_status__type_support.cpp.o
[255.520s] [ 30%] Building CXX object CMakeFiles/px4_msgs__rosidl_typesupport_c.dir/rosidl_typesupport_c/px4_msgs/msg/ekf2_timestamps__type_support.cpp.o
[255.558s] [ 30%] Building CXX object CMakeFiles/px4_msgs__rosidl_typesupport_c.dir/rosidl_typesupport_c/px4_msgs/msg/esc_report__type_support.cpp.o
[255.598s] [ 30%] Building CXX object CMakeFiles/px4_msgs__rosidl_typesupport_c.dir/rosidl_typesupport_c/px4_msgs/msg/esc_status__type_support.cpp.o
[255.639s] [ 30%] Building CXX object CMakeFiles/px4_msgs__rosidl_typesupport_c.dir/rosidl_typesupport_c/px4_msgs/msg/estimator_aid_source1d__type_support.cpp.o
[255.679s] [ 30%] Building CXX object CMakeFiles/px4_msgs__rosidl_typesupport_c.dir/rosidl_typesupport_c/px4_msgs/msg/estimator_aid_source2d__type_support.cpp.o
[255.718s] [ 30%] Building CXX object CMakeFiles/px4_msgs__rosidl_typesupport_c.dir/rosidl_typesupport_c/px4_msgs/msg/estimator_aid_source3d__type_support.cpp.o
[255.758s] [ 30%] Building CXX object CMakeFiles/px4_msgs__rosidl_typesupport_c.dir/rosidl_typesupport_c/px4_msgs/msg/estimator_bias__type_support.cpp.o
[255.799s] [ 30%] Building CXX object CMakeFiles/px4_msgs__rosidl_typesupport_c.dir/rosidl_typesupport_c/px4_msgs/msg/estimator_bias3d__type_support.cpp.o
[255.837s] [ 30%] Building CXX object CMakeFiles/px4_msgs__rosidl_typesupport_c.dir/rosidl_typesupport_c/px4_msgs/msg/estimator_event_flags__type_support.cpp.o
[255.876s] [ 30%] Building CXX object CMakeFiles/px4_msgs__rosidl_typesupport_c.dir/rosidl_typesupport_c/px4_msgs/msg/estimator_gps_status__type_support.cpp.o
[255.915s] [ 30%] Building CXX object CMakeFiles/px4_msgs__rosidl_typesupport_c.dir/rosidl_typesupport_c/px4_msgs/msg/estimator_innovations__type_support.cpp.o
[255.954s] [ 30%] Building CXX object CMakeFiles/px4_msgs__rosidl_typesupport_c.dir/rosidl_typesupport_c/px4_msgs/msg/estimator_selector_status__type_support.cpp.o
[255.995s] [ 31%] Building CXX object CMakeFiles/px4_msgs__rosidl_typesupport_c.dir/rosidl_typesupport_c/px4_msgs/msg/estimator_sensor_bias__type_support.cpp.o
[256.033s] [ 31%] Building CXX object CMakeFiles/px4_msgs__rosidl_typesupport_c.dir/rosidl_typesupport_c/px4_msgs/msg/estimator_states__type_support.cpp.o
[256.073s] [ 31%] Building CXX object CMakeFiles/px4_msgs__rosidl_typesupport_c.dir/rosidl_typesupport_c/px4_msgs/msg/estimator_status__type_support.cpp.o
[256.115s] [ 31%] Building CXX object CMakeFiles/px4_msgs__rosidl_typesupport_c.dir/rosidl_typesupport_c/px4_msgs/msg/estimator_status_flags__type_support.cpp.o
[256.155s] [ 31%] Building CXX object CMakeFiles/px4_msgs__rosidl_typesupport_c.dir/rosidl_typesupport_c/px4_msgs/msg/event__type_support.cpp.o
[256.193s] [ 31%] Building CXX object CMakeFiles/px4_msgs__rosidl_typesupport_c.dir/rosidl_typesupport_c/px4_msgs/msg/failsafe_flags__type_support.cpp.o
[256.232s] [ 31%] Building CXX object CMakeFiles/px4_msgs__rosidl_typesupport_c.dir/rosidl_typesupport_c/px4_msgs/msg/failure_detector_status__type_support.cpp.o
[256.271s] [ 31%] Building CXX object CMakeFiles/px4_msgs__rosidl_typesupport_c.dir/rosidl_typesupport_c/px4_msgs/msg/figure_eight_status__type_support.cpp.o
[256.310s] [ 31%] Building CXX object CMakeFiles/px4_msgs__rosidl_typesupport_c.dir/rosidl_typesupport_c/px4_msgs/msg/fixed_wing_lateral_guidance_status__type_support.cpp.o
[256.349s] [ 31%] Building CXX object CMakeFiles/px4_msgs__rosidl_typesupport_c.dir/rosidl_typesupport_c/px4_msgs/msg/fixed_wing_lateral_setpoint__type_support.cpp.o
[256.388s] [ 31%] Building CXX object CMakeFiles/px4_msgs__rosidl_typesupport_c.dir/rosidl_typesupport_c/px4_msgs/msg/fixed_wing_lateral_status__type_support.cpp.o
[256.427s] [ 31%] Building CXX object CMakeFiles/px4_msgs__rosidl_typesupport_c.dir/rosidl_typesupport_c/px4_msgs/msg/fixed_wing_longitudinal_setpoint__type_support.cpp.o
[256.466s] [ 31%] Building CXX object CMakeFiles/px4_msgs__rosidl_typesupport_c.dir/rosidl_typesupport_c/px4_msgs/msg/fixed_wing_runway_control__type_support.cpp.o
[256.505s] [ 31%] Building CXX object CMakeFiles/px4_msgs__rosidl_typesupport_c.dir/rosidl_typesupport_c/px4_msgs/msg/flight_phase_estimation__type_support.cpp.o
[256.544s] [ 31%] Building CXX object CMakeFiles/px4_msgs__rosidl_typesupport_c.dir/rosidl_typesupport_c/px4_msgs/msg/follow_target__type_support.cpp.o
[256.583s] [ 31%] Building CXX object CMakeFiles/px4_msgs__rosidl_typesupport_c.dir/rosidl_typesupport_c/px4_msgs/msg/follow_target_estimator__type_support.cpp.o
[256.622s] [ 31%] Building CXX object CMakeFiles/px4_msgs__rosidl_typesupport_c.dir/rosidl_typesupport_c/px4_msgs/msg/follow_target_status__type_support.cpp.o
[256.662s] [ 31%] Building CXX object CMakeFiles/px4_msgs__rosidl_typesupport_c.dir/rosidl_typesupport_c/px4_msgs/msg/fuel_tank_status__type_support.cpp.o
[256.702s] [ 31%] Building CXX object CMakeFiles/px4_msgs__rosidl_typesupport_c.dir/rosidl_typesupport_c/px4_msgs/msg/generator_status__type_support.cpp.o
[256.740s] [ 31%] Building CXX object CMakeFiles/px4_msgs__rosidl_typesupport_c.dir/rosidl_typesupport_c/px4_msgs/msg/geofence_result__type_support.cpp.o
[256.779s] [ 31%] Building CXX object CMakeFiles/px4_msgs__rosidl_typesupport_c.dir/rosidl_typesupport_c/px4_msgs/msg/geofence_status__type_support.cpp.o
[256.818s] [ 31%] Building CXX object CMakeFiles/px4_msgs__rosidl_typesupport_c.dir/rosidl_typesupport_c/px4_msgs/msg/gimbal_controls__type_support.cpp.o
[256.858s] [ 31%] Building CXX object CMakeFiles/px4_msgs__rosidl_typesupport_c.dir/rosidl_typesupport_c/px4_msgs/msg/gimbal_device_attitude_status__type_support.cpp.o
[256.897s] [ 31%] Building CXX object CMakeFiles/px4_msgs__rosidl_typesupport_c.dir/rosidl_typesupport_c/px4_msgs/msg/gimbal_device_information__type_support.cpp.o
[256.939s] [ 32%] Building CXX object CMakeFiles/px4_msgs__rosidl_typesupport_c.dir/rosidl_typesupport_c/px4_msgs/msg/gimbal_device_set_attitude__type_support.cpp.o
[256.978s] [ 32%] Building CXX object CMakeFiles/px4_msgs__rosidl_typesupport_c.dir/rosidl_typesupport_c/px4_msgs/msg/gimbal_manager_information__type_support.cpp.o
[257.018s] [ 32%] Building CXX object CMakeFiles/px4_msgs__rosidl_typesupport_c.dir/rosidl_typesupport_c/px4_msgs/msg/gimbal_manager_set_attitude__type_support.cpp.o
[257.058s] [ 32%] Building CXX object CMakeFiles/px4_msgs__rosidl_typesupport_c.dir/rosidl_typesupport_c/px4_msgs/msg/gimbal_manager_set_manual_control__type_support.cpp.o
[257.100s] [ 32%] Building CXX object CMakeFiles/px4_msgs__rosidl_typesupport_c.dir/rosidl_typesupport_c/px4_msgs/msg/gimbal_manager_status__type_support.cpp.o
[257.140s] [ 32%] Building CXX object CMakeFiles/px4_msgs__rosidl_typesupport_c.dir/rosidl_typesupport_c/px4_msgs/msg/goto_setpoint__type_support.cpp.o
[257.181s] [ 32%] Building CXX object CMakeFiles/px4_msgs__rosidl_typesupport_c.dir/rosidl_typesupport_c/px4_msgs/msg/gpio_config__type_support.cpp.o
[257.222s] [ 32%] Building CXX object CMakeFiles/px4_msgs__rosidl_typesupport_c.dir/rosidl_typesupport_c/px4_msgs/msg/gpio_in__type_support.cpp.o
[257.263s] [ 32%] Building CXX object CMakeFiles/px4_msgs__rosidl_typesupport_c.dir/rosidl_typesupport_c/px4_msgs/msg/gpio_out__type_support.cpp.o
[257.303s] [ 32%] Building CXX object CMakeFiles/px4_msgs__rosidl_typesupport_c.dir/rosidl_typesupport_c/px4_msgs/msg/gpio_request__type_support.cpp.o
[257.342s] [ 32%] Building CXX object CMakeFiles/px4_msgs__rosidl_typesupport_c.dir/rosidl_typesupport_c/px4_msgs/msg/gps_dump__type_support.cpp.o
[257.382s] [ 32%] Building CXX object CMakeFiles/px4_msgs__rosidl_typesupport_c.dir/rosidl_typesupport_c/px4_msgs/msg/gps_inject_data__type_support.cpp.o
[257.422s] [ 32%] Building CXX object CMakeFiles/px4_msgs__rosidl_typesupport_c.dir/rosidl_typesupport_c/px4_msgs/msg/gripper__type_support.cpp.o
[257.462s] [ 32%] Building CXX object CMakeFiles/px4_msgs__rosidl_typesupport_c.dir/rosidl_typesupport_c/px4_msgs/msg/health_report__type_support.cpp.o
[257.503s] [ 32%] Building CXX object CMakeFiles/px4_msgs__rosidl_typesupport_c.dir/rosidl_typesupport_c/px4_msgs/msg/heater_status__type_support.cpp.o
[257.543s] [ 32%] Building CXX object CMakeFiles/px4_msgs__rosidl_typesupport_c.dir/rosidl_typesupport_c/px4_msgs/msg/home_position__type_support.cpp.o
[257.583s] [ 32%] Building CXX object CMakeFiles/px4_msgs__rosidl_typesupport_c.dir/rosidl_typesupport_c/px4_msgs/msg/hover_thrust_estimate__type_support.cpp.o
[257.625s] [ 32%] Building CXX object CMakeFiles/px4_msgs__rosidl_typesupport_c.dir/rosidl_typesupport_c/px4_msgs/msg/input_rc__type_support.cpp.o
[257.666s] [ 32%] Building CXX object CMakeFiles/px4_msgs__rosidl_typesupport_c.dir/rosidl_typesupport_c/px4_msgs/msg/internal_combustion_engine_control__type_support.cpp.o
[257.708s] [ 32%] Building CXX object CMakeFiles/px4_msgs__rosidl_typesupport_c.dir/rosidl_typesupport_c/px4_msgs/msg/internal_combustion_engine_status__type_support.cpp.o
[257.749s] [ 32%] Building CXX object CMakeFiles/px4_msgs__rosidl_typesupport_c.dir/rosidl_typesupport_c/px4_msgs/msg/iridiumsbd_status__type_support.cpp.o
[257.788s] [ 32%] Building CXX object CMakeFiles/px4_msgs__rosidl_typesupport_c.dir/rosidl_typesupport_c/px4_msgs/msg/irlock_report__type_support.cpp.o
[257.829s] [ 32%] Building CXX object CMakeFiles/px4_msgs__rosidl_typesupport_c.dir/rosidl_typesupport_c/px4_msgs/msg/landing_gear__type_support.cpp.o
[257.868s] [ 32%] Building CXX object CMakeFiles/px4_msgs__rosidl_typesupport_c.dir/rosidl_typesupport_c/px4_msgs/msg/landing_gear_wheel__type_support.cpp.o
[257.908s] [ 33%] Building CXX object CMakeFiles/px4_msgs__rosidl_typesupport_c.dir/rosidl_typesupport_c/px4_msgs/msg/landing_target_innovations__type_support.cpp.o
[257.947s] [ 33%] Building CXX object CMakeFiles/px4_msgs__rosidl_typesupport_c.dir/rosidl_typesupport_c/px4_msgs/msg/landing_target_pose__type_support.cpp.o
[257.987s] [ 33%] Building CXX object CMakeFiles/px4_msgs__rosidl_typesupport_c.dir/rosidl_typesupport_c/px4_msgs/msg/lateral_control_configuration__type_support.cpp.o
[258.028s] [ 33%] Building CXX object CMakeFiles/px4_msgs__rosidl_typesupport_c.dir/rosidl_typesupport_c/px4_msgs/msg/launch_detection_status__type_support.cpp.o
[258.066s] [ 33%] Building CXX object CMakeFiles/px4_msgs__rosidl_typesupport_c.dir/rosidl_typesupport_c/px4_msgs/msg/led_control__type_support.cpp.o
[258.106s] [ 33%] Building CXX object CMakeFiles/px4_msgs__rosidl_typesupport_c.dir/rosidl_typesupport_c/px4_msgs/msg/log_message__type_support.cpp.o
[258.146s] [ 33%] Building CXX object CMakeFiles/px4_msgs__rosidl_typesupport_c.dir/rosidl_typesupport_c/px4_msgs/msg/logger_status__type_support.cpp.o
[258.185s] [ 33%] Building CXX object CMakeFiles/px4_msgs__rosidl_typesupport_c.dir/rosidl_typesupport_c/px4_msgs/msg/longitudinal_control_configuration__type_support.cpp.o
[258.244s] [ 33%] Building CXX object CMakeFiles/px4_msgs__rosidl_typesupport_c.dir/rosidl_typesupport_c/px4_msgs/msg/mag_worker_data__type_support.cpp.o
[258.292s] [ 33%] Building CXX object CMakeFiles/px4_msgs__rosidl_typesupport_c.dir/rosidl_typesupport_c/px4_msgs/msg/magnetometer_bias_estimate__type_support.cpp.o
[258.331s] [ 33%] Building CXX object CMakeFiles/px4_msgs__rosidl_typesupport_c.dir/rosidl_typesupport_c/px4_msgs/msg/manual_control_setpoint__type_support.cpp.o
[258.371s] [ 33%] Building CXX object CMakeFiles/px4_msgs__rosidl_typesupport_c.dir/rosidl_typesupport_c/px4_msgs/msg/manual_control_switches__type_support.cpp.o
[258.411s] [ 33%] Building CXX object CMakeFiles/px4_msgs__rosidl_typesupport_c.dir/rosidl_typesupport_c/px4_msgs/msg/mavlink_log__type_support.cpp.o
[258.449s] [ 33%] Building CXX object CMakeFiles/px4_msgs__rosidl_typesupport_c.dir/rosidl_typesupport_c/px4_msgs/msg/mavlink_tunnel__type_support.cpp.o
[258.489s] [ 33%] Building CXX object CMakeFiles/px4_msgs__rosidl_typesupport_c.dir/rosidl_typesupport_c/px4_msgs/msg/message_format_request__type_support.cpp.o
[258.529s] [ 33%] Building CXX object CMakeFiles/px4_msgs__rosidl_typesupport_c.dir/rosidl_typesupport_c/px4_msgs/msg/message_format_response__type_support.cpp.o
[258.568s] [ 33%] Building CXX object CMakeFiles/px4_msgs__rosidl_typesupport_c.dir/rosidl_typesupport_c/px4_msgs/msg/mission__type_support.cpp.o
[258.608s] [ 33%] Building CXX object CMakeFiles/px4_msgs__rosidl_typesupport_c.dir/rosidl_typesupport_c/px4_msgs/msg/mission_result__type_support.cpp.o
[258.648s] [ 33%] Building CXX object CMakeFiles/px4_msgs__rosidl_typesupport_c.dir/rosidl_typesupport_c/px4_msgs/msg/mode_completed__type_support.cpp.o
[258.687s] [ 33%] Building CXX object CMakeFiles/px4_msgs__rosidl_typesupport_c.dir/rosidl_typesupport_c/px4_msgs/msg/mount_orientation__type_support.cpp.o
[258.727s] [ 33%] Building CXX object CMakeFiles/px4_msgs__rosidl_typesupport_c.dir/rosidl_typesupport_c/px4_msgs/msg/navigator_mission_item__type_support.cpp.o
[258.766s] [ 33%] Building CXX object CMakeFiles/px4_msgs__rosidl_typesupport_c.dir/rosidl_typesupport_c/px4_msgs/msg/navigator_status__type_support.cpp.o
[258.805s] [ 33%] Building CXX object CMakeFiles/px4_msgs__rosidl_typesupport_c.dir/rosidl_typesupport_c/px4_msgs/msg/neural_control__type_support.cpp.o
[258.846s] [ 34%] Building CXX object CMakeFiles/px4_msgs__rosidl_typesupport_c.dir/rosidl_typesupport_c/px4_msgs/msg/normalized_unsigned_setpoint__type_support.cpp.o
[258.885s] [ 34%] Building CXX object CMakeFiles/px4_msgs__rosidl_typesupport_c.dir/rosidl_typesupport_c/px4_msgs/msg/obstacle_distance__type_support.cpp.o
[258.926s] [ 34%] Building CXX object CMakeFiles/px4_msgs__rosidl_typesupport_c.dir/rosidl_typesupport_c/px4_msgs/msg/offboard_control_mode__type_support.cpp.o
[258.966s] [ 34%] Building CXX object CMakeFiles/px4_msgs__rosidl_typesupport_c.dir/rosidl_typesupport_c/px4_msgs/msg/onboard_computer_status__type_support.cpp.o
[259.004s] [ 34%] Building CXX object CMakeFiles/px4_msgs__rosidl_typesupport_c.dir/rosidl_typesupport_c/px4_msgs/msg/open_drone_id_arm_status__type_support.cpp.o
[259.044s] [ 34%] Building CXX object CMakeFiles/px4_msgs__rosidl_typesupport_c.dir/rosidl_typesupport_c/px4_msgs/msg/open_drone_id_operator_id__type_support.cpp.o
[259.083s] [ 34%] Building CXX object CMakeFiles/px4_msgs__rosidl_typesupport_c.dir/rosidl_typesupport_c/px4_msgs/msg/open_drone_id_self_id__type_support.cpp.o
[259.123s] [ 34%] Building CXX object CMakeFiles/px4_msgs__rosidl_typesupport_c.dir/rosidl_typesupport_c/px4_msgs/msg/open_drone_id_system__type_support.cpp.o
[259.162s] [ 34%] Building CXX object CMakeFiles/px4_msgs__rosidl_typesupport_c.dir/rosidl_typesupport_c/px4_msgs/msg/orb_test__type_support.cpp.o
[259.204s] [ 34%] Building CXX object CMakeFiles/px4_msgs__rosidl_typesupport_c.dir/rosidl_typesupport_c/px4_msgs/msg/orb_test_large__type_support.cpp.o
[259.243s] [ 34%] Building CXX object CMakeFiles/px4_msgs__rosidl_typesupport_c.dir/rosidl_typesupport_c/px4_msgs/msg/orb_test_medium__type_support.cpp.o
[259.282s] [ 34%] Building CXX object CMakeFiles/px4_msgs__rosidl_typesupport_c.dir/rosidl_typesupport_c/px4_msgs/msg/orbit_status__type_support.cpp.o
[259.322s] [ 34%] Building CXX object CMakeFiles/px4_msgs__rosidl_typesupport_c.dir/rosidl_typesupport_c/px4_msgs/msg/parameter_reset_request__type_support.cpp.o
[259.361s] [ 34%] Building CXX object CMakeFiles/px4_msgs__rosidl_typesupport_c.dir/rosidl_typesupport_c/px4_msgs/msg/parameter_set_used_request__type_support.cpp.o
[259.399s] [ 34%] Building CXX object CMakeFiles/px4_msgs__rosidl_typesupport_c.dir/rosidl_typesupport_c/px4_msgs/msg/parameter_set_value_request__type_support.cpp.o
[259.437s] [ 34%] Building CXX object CMakeFiles/px4_msgs__rosidl_typesupport_c.dir/rosidl_typesupport_c/px4_msgs/msg/parameter_set_value_response__type_support.cpp.o
[259.476s] [ 34%] Building CXX object CMakeFiles/px4_msgs__rosidl_typesupport_c.dir/rosidl_typesupport_c/px4_msgs/msg/parameter_update__type_support.cpp.o
[259.517s] [ 34%] Building CXX object CMakeFiles/px4_msgs__rosidl_typesupport_c.dir/rosidl_typesupport_c/px4_msgs/msg/ping__type_support.cpp.o
[259.555s] [ 34%] Building CXX object CMakeFiles/px4_msgs__rosidl_typesupport_c.dir/rosidl_typesupport_c/px4_msgs/msg/position_controller_landing_status__type_support.cpp.o
[259.595s] [ 34%] Building CXX object CMakeFiles/px4_msgs__rosidl_typesupport_c.dir/rosidl_typesupport_c/px4_msgs/msg/position_controller_status__type_support.cpp.o
[259.634s] [ 34%] Building CXX object CMakeFiles/px4_msgs__rosidl_typesupport_c.dir/rosidl_typesupport_c/px4_msgs/msg/position_setpoint__type_support.cpp.o
[259.672s] [ 34%] Building CXX object CMakeFiles/px4_msgs__rosidl_typesupport_c.dir/rosidl_typesupport_c/px4_msgs/msg/position_setpoint_triplet__type_support.cpp.o
[259.712s] [ 34%] Building CXX object CMakeFiles/px4_msgs__rosidl_typesupport_c.dir/rosidl_typesupport_c/px4_msgs/msg/power_button_state__type_support.cpp.o
[259.751s] [ 34%] Building CXX object CMakeFiles/px4_msgs__rosidl_typesupport_c.dir/rosidl_typesupport_c/px4_msgs/msg/power_monitor__type_support.cpp.o
[259.789s] [ 35%] Building CXX object CMakeFiles/px4_msgs__rosidl_typesupport_c.dir/rosidl_typesupport_c/px4_msgs/msg/pps_capture__type_support.cpp.o
[259.828s] [ 35%] Building CXX object CMakeFiles/px4_msgs__rosidl_typesupport_c.dir/rosidl_typesupport_c/px4_msgs/msg/pure_pursuit_status__type_support.cpp.o
[259.867s] [ 35%] Building CXX object CMakeFiles/px4_msgs__rosidl_typesupport_c.dir/rosidl_typesupport_c/px4_msgs/msg/pwm_input__type_support.cpp.o
[259.908s] [ 35%] Building CXX object CMakeFiles/px4_msgs__rosidl_typesupport_c.dir/rosidl_typesupport_c/px4_msgs/msg/px4io_status__type_support.cpp.o
[259.947s] [ 35%] Building CXX object CMakeFiles/px4_msgs__rosidl_typesupport_c.dir/rosidl_typesupport_c/px4_msgs/msg/qshell_req__type_support.cpp.o
[259.990s] [ 35%] Building CXX object CMakeFiles/px4_msgs__rosidl_typesupport_c.dir/rosidl_typesupport_c/px4_msgs/msg/qshell_retval__type_support.cpp.o
[260.031s] [ 35%] Building CXX object CMakeFiles/px4_msgs__rosidl_typesupport_c.dir/rosidl_typesupport_c/px4_msgs/msg/radio_status__type_support.cpp.o
[260.069s] [ 35%] Building CXX object CMakeFiles/px4_msgs__rosidl_typesupport_c.dir/rosidl_typesupport_c/px4_msgs/msg/rate_ctrl_status__type_support.cpp.o
[260.109s] [ 35%] Building CXX object CMakeFiles/px4_msgs__rosidl_typesupport_c.dir/rosidl_typesupport_c/px4_msgs/msg/rc_channels__type_support.cpp.o
[260.149s] [ 35%] Building CXX object CMakeFiles/px4_msgs__rosidl_typesupport_c.dir/rosidl_typesupport_c/px4_msgs/msg/rc_parameter_map__type_support.cpp.o
[260.189s] [ 35%] Building CXX object CMakeFiles/px4_msgs__rosidl_typesupport_c.dir/rosidl_typesupport_c/px4_msgs/msg/register_ext_component_reply__type_support.cpp.o
[260.229s] [ 35%] Building CXX object CMakeFiles/px4_msgs__rosidl_typesupport_c.dir/rosidl_typesupport_c/px4_msgs/msg/register_ext_component_request__type_support.cpp.o
[260.267s] [ 35%] Building CXX object CMakeFiles/px4_msgs__rosidl_typesupport_c.dir/rosidl_typesupport_c/px4_msgs/msg/rover_attitude_setpoint__type_support.cpp.o
[260.308s] [ 35%] Building CXX object CMakeFiles/px4_msgs__rosidl_typesupport_c.dir/rosidl_typesupport_c/px4_msgs/msg/rover_attitude_status__type_support.cpp.o
[260.347s] [ 35%] Building CXX object CMakeFiles/px4_msgs__rosidl_typesupport_c.dir/rosidl_typesupport_c/px4_msgs/msg/rover_position_setpoint__type_support.cpp.o
[260.387s] [ 35%] Building CXX object CMakeFiles/px4_msgs__rosidl_typesupport_c.dir/rosidl_typesupport_c/px4_msgs/msg/rover_rate_setpoint__type_support.cpp.o
[260.425s] [ 35%] Building CXX object CMakeFiles/px4_msgs__rosidl_typesupport_c.dir/rosidl_typesupport_c/px4_msgs/msg/rover_rate_status__type_support.cpp.o
[260.464s] [ 35%] Building CXX object CMakeFiles/px4_msgs__rosidl_typesupport_c.dir/rosidl_typesupport_c/px4_msgs/msg/rover_speed_setpoint__type_support.cpp.o
[260.503s] [ 35%] Building CXX object CMakeFiles/px4_msgs__rosidl_typesupport_c.dir/rosidl_typesupport_c/px4_msgs/msg/rover_speed_status__type_support.cpp.o
[260.543s] [ 35%] Building CXX object CMakeFiles/px4_msgs__rosidl_typesupport_c.dir/rosidl_typesupport_c/px4_msgs/msg/rover_steering_setpoint__type_support.cpp.o
[260.582s] [ 35%] Building CXX object CMakeFiles/px4_msgs__rosidl_typesupport_c.dir/rosidl_typesupport_c/px4_msgs/msg/rover_throttle_setpoint__type_support.cpp.o
[260.621s] [ 35%] Building CXX object CMakeFiles/px4_msgs__rosidl_typesupport_c.dir/rosidl_typesupport_c/px4_msgs/msg/rpm__type_support.cpp.o
[260.662s] [ 35%] Building CXX object CMakeFiles/px4_msgs__rosidl_typesupport_c.dir/rosidl_typesupport_c/px4_msgs/msg/rtl_status__type_support.cpp.o
[260.702s] [ 35%] Building CXX object CMakeFiles/px4_msgs__rosidl_typesupport_c.dir/rosidl_typesupport_c/px4_msgs/msg/rtl_time_estimate__type_support.cpp.o
[260.741s] [ 35%] Building CXX object CMakeFiles/px4_msgs__rosidl_typesupport_c.dir/rosidl_typesupport_c/px4_msgs/msg/satellite_info__type_support.cpp.o
[260.781s] [ 36%] Building CXX object CMakeFiles/px4_msgs__rosidl_typesupport_c.dir/rosidl_typesupport_c/px4_msgs/msg/sensor_accel__type_support.cpp.o
[260.820s] [ 36%] Building CXX object CMakeFiles/px4_msgs__rosidl_typesupport_c.dir/rosidl_typesupport_c/px4_msgs/msg/sensor_accel_fifo__type_support.cpp.o
[260.859s] [ 36%] Building CXX object CMakeFiles/px4_msgs__rosidl_typesupport_c.dir/rosidl_typesupport_c/px4_msgs/msg/sensor_airflow__type_support.cpp.o
[260.899s] [ 36%] Building CXX object CMakeFiles/px4_msgs__rosidl_typesupport_c.dir/rosidl_typesupport_c/px4_msgs/msg/sensor_baro__type_support.cpp.o
[260.938s] [ 36%] Building CXX object CMakeFiles/px4_msgs__rosidl_typesupport_c.dir/rosidl_typesupport_c/px4_msgs/msg/sensor_combined__type_support.cpp.o
[260.977s] [ 36%] Building CXX object CMakeFiles/px4_msgs__rosidl_typesupport_c.dir/rosidl_typesupport_c/px4_msgs/msg/sensor_correction__type_support.cpp.o
[261.016s] [ 36%] Building CXX object CMakeFiles/px4_msgs__rosidl_typesupport_c.dir/rosidl_typesupport_c/px4_msgs/msg/sensor_gnss_relative__type_support.cpp.o
[261.056s] [ 36%] Building CXX object CMakeFiles/px4_msgs__rosidl_typesupport_c.dir/rosidl_typesupport_c/px4_msgs/msg/sensor_gnss_status__type_support.cpp.o
[261.095s] [ 36%] Building CXX object CMakeFiles/px4_msgs__rosidl_typesupport_c.dir/rosidl_typesupport_c/px4_msgs/msg/sensor_gps__type_support.cpp.o
[261.134s] [ 36%] Building CXX object CMakeFiles/px4_msgs__rosidl_typesupport_c.dir/rosidl_typesupport_c/px4_msgs/msg/sensor_gyro__type_support.cpp.o
[261.174s] [ 36%] Building CXX object CMakeFiles/px4_msgs__rosidl_typesupport_c.dir/rosidl_typesupport_c/px4_msgs/msg/sensor_gyro_fft__type_support.cpp.o
[261.214s] [ 36%] Building CXX object CMakeFiles/px4_msgs__rosidl_typesupport_c.dir/rosidl_typesupport_c/px4_msgs/msg/sensor_gyro_fifo__type_support.cpp.o
[261.253s] [ 36%] Building CXX object CMakeFiles/px4_msgs__rosidl_typesupport_c.dir/rosidl_typesupport_c/px4_msgs/msg/sensor_hygrometer__type_support.cpp.o
[261.293s] [ 36%] Building CXX object CMakeFiles/px4_msgs__rosidl_typesupport_c.dir/rosidl_typesupport_c/px4_msgs/msg/sensor_mag__type_support.cpp.o
[261.332s] [ 36%] Building CXX object CMakeFiles/px4_msgs__rosidl_typesupport_c.dir/rosidl_typesupport_c/px4_msgs/msg/sensor_optical_flow__type_support.cpp.o
[261.372s] [ 36%] Building CXX object CMakeFiles/px4_msgs__rosidl_typesupport_c.dir/rosidl_typesupport_c/px4_msgs/msg/sensor_preflight_mag__type_support.cpp.o
[261.411s] [ 36%] Building CXX object CMakeFiles/px4_msgs__rosidl_typesupport_c.dir/rosidl_typesupport_c/px4_msgs/msg/sensor_selection__type_support.cpp.o
[261.450s] [ 36%] Building CXX object CMakeFiles/px4_msgs__rosidl_typesupport_c.dir/rosidl_typesupport_c/px4_msgs/msg/sensor_uwb__type_support.cpp.o
[261.489s] [ 36%] Building CXX object CMakeFiles/px4_msgs__rosidl_typesupport_c.dir/rosidl_typesupport_c/px4_msgs/msg/sensors_status__type_support.cpp.o
[261.531s] [ 36%] Building CXX object CMakeFiles/px4_msgs__rosidl_typesupport_c.dir/rosidl_typesupport_c/px4_msgs/msg/sensors_status_imu__type_support.cpp.o
[261.571s] [ 36%] Building CXX object CMakeFiles/px4_msgs__rosidl_typesupport_c.dir/rosidl_typesupport_c/px4_msgs/msg/system_power__type_support.cpp.o
[261.610s] [ 36%] Building CXX object CMakeFiles/px4_msgs__rosidl_typesupport_c.dir/rosidl_typesupport_c/px4_msgs/msg/takeoff_status__type_support.cpp.o
[261.648s] [ 36%] Building CXX object CMakeFiles/px4_msgs__rosidl_typesupport_c.dir/rosidl_typesupport_c/px4_msgs/msg/task_stack_info__type_support.cpp.o
[261.687s] [ 37%] Building CXX object CMakeFiles/px4_msgs__rosidl_typesupport_c.dir/rosidl_typesupport_c/px4_msgs/msg/tecs_status__type_support.cpp.o
[261.728s] [ 37%] Building CXX object CMakeFiles/px4_msgs__rosidl_typesupport_c.dir/rosidl_typesupport_c/px4_msgs/msg/telemetry_status__type_support.cpp.o
[261.768s] [ 37%] Building CXX object CMakeFiles/px4_msgs__rosidl_typesupport_c.dir/rosidl_typesupport_c/px4_msgs/msg/tiltrotor_extra_controls__type_support.cpp.o
[261.808s] [ 37%] Building CXX object CMakeFiles/px4_msgs__rosidl_typesupport_c.dir/rosidl_typesupport_c/px4_msgs/msg/timesync_status__type_support.cpp.o
[261.847s] [ 37%] Building CXX object CMakeFiles/px4_msgs__rosidl_typesupport_c.dir/rosidl_typesupport_c/px4_msgs/msg/trajectory_setpoint__type_support.cpp.o
[261.886s] [ 37%] Building CXX object CMakeFiles/px4_msgs__rosidl_typesupport_c.dir/rosidl_typesupport_c/px4_msgs/msg/trajectory_setpoint6dof__type_support.cpp.o
[261.925s] [ 37%] Building CXX object CMakeFiles/px4_msgs__rosidl_typesupport_c.dir/rosidl_typesupport_c/px4_msgs/msg/transponder_report__type_support.cpp.o
[261.964s] [ 37%] Building CXX object CMakeFiles/px4_msgs__rosidl_typesupport_c.dir/rosidl_typesupport_c/px4_msgs/msg/tune_control__type_support.cpp.o
[262.014s] [ 37%] Building CXX object CMakeFiles/px4_msgs__rosidl_typesupport_c.dir/rosidl_typesupport_c/px4_msgs/msg/uavcan_parameter_request__type_support.cpp.o
[262.053s] [ 37%] Building CXX object CMakeFiles/px4_msgs__rosidl_typesupport_c.dir/rosidl_typesupport_c/px4_msgs/msg/uavcan_parameter_value__type_support.cpp.o
[262.095s] [ 37%] Building CXX object CMakeFiles/px4_msgs__rosidl_typesupport_c.dir/rosidl_typesupport_c/px4_msgs/msg/ulog_stream__type_support.cpp.o
[262.135s] [ 37%] Building CXX object CMakeFiles/px4_msgs__rosidl_typesupport_c.dir/rosidl_typesupport_c/px4_msgs/msg/ulog_stream_ack__type_support.cpp.o
[262.175s] [ 37%] Building CXX object CMakeFiles/px4_msgs__rosidl_typesupport_c.dir/rosidl_typesupport_c/px4_msgs/msg/unregister_ext_component__type_support.cpp.o
[262.215s] [ 37%] Building CXX object CMakeFiles/px4_msgs__rosidl_typesupport_c.dir/rosidl_typesupport_c/px4_msgs/msg/vehicle_acceleration__type_support.cpp.o
[262.253s] [ 37%] Building CXX object CMakeFiles/px4_msgs__rosidl_typesupport_c.dir/rosidl_typesupport_c/px4_msgs/msg/vehicle_air_data__type_support.cpp.o
[262.293s] [ 37%] Building CXX object CMakeFiles/px4_msgs__rosidl_typesupport_c.dir/rosidl_typesupport_c/px4_msgs/msg/vehicle_angular_acceleration_setpoint__type_support.cpp.o
[262.334s] [ 37%] Building CXX object CMakeFiles/px4_msgs__rosidl_typesupport_c.dir/rosidl_typesupport_c/px4_msgs/msg/vehicle_angular_velocity__type_support.cpp.o
[262.373s] [ 37%] Building CXX object CMakeFiles/px4_msgs__rosidl_typesupport_c.dir/rosidl_typesupport_c/px4_msgs/msg/vehicle_attitude__type_support.cpp.o
[262.416s] [ 37%] Building CXX object CMakeFiles/px4_msgs__rosidl_typesupport_c.dir/rosidl_typesupport_c/px4_msgs/msg/vehicle_attitude_setpoint__type_support.cpp.o
[262.456s] [ 37%] Building CXX object CMakeFiles/px4_msgs__rosidl_typesupport_c.dir/rosidl_typesupport_c/px4_msgs/msg/vehicle_command__type_support.cpp.o
[262.497s] [ 37%] Building CXX object CMakeFiles/px4_msgs__rosidl_typesupport_c.dir/rosidl_typesupport_c/px4_msgs/msg/vehicle_command_ack__type_support.cpp.o
[262.535s] [ 37%] Building CXX object CMakeFiles/px4_msgs__rosidl_typesupport_c.dir/rosidl_typesupport_c/px4_msgs/msg/vehicle_constraints__type_support.cpp.o
[262.574s] [ 37%] Building CXX object CMakeFiles/px4_msgs__rosidl_typesupport_c.dir/rosidl_typesupport_c/px4_msgs/msg/vehicle_control_mode__type_support.cpp.o
[262.614s] [ 37%] Building CXX object CMakeFiles/px4_msgs__rosidl_typesupport_c.dir/rosidl_typesupport_c/px4_msgs/msg/vehicle_global_position__type_support.cpp.o
[262.651s] [ 37%] Building CXX object CMakeFiles/px4_msgs__rosidl_typesupport_c.dir/rosidl_typesupport_c/px4_msgs/msg/vehicle_imu__type_support.cpp.o
[262.692s] [ 38%] Building CXX object CMakeFiles/px4_msgs__rosidl_typesupport_c.dir/rosidl_typesupport_c/px4_msgs/msg/vehicle_imu_status__type_support.cpp.o
[262.731s] [ 38%] Building CXX object CMakeFiles/px4_msgs__rosidl_typesupport_c.dir/rosidl_typesupport_c/px4_msgs/msg/vehicle_land_detected__type_support.cpp.o
[262.770s] [ 38%] Building CXX object CMakeFiles/px4_msgs__rosidl_typesupport_c.dir/rosidl_typesupport_c/px4_msgs/msg/vehicle_local_position__type_support.cpp.o
[262.814s] [ 38%] Building CXX object CMakeFiles/px4_msgs__rosidl_typesupport_c.dir/rosidl_typesupport_c/px4_msgs/msg/vehicle_local_position_setpoint__type_support.cpp.o
[262.854s] [ 38%] Building CXX object CMakeFiles/px4_msgs__rosidl_typesupport_c.dir/rosidl_typesupport_c/px4_msgs/msg/vehicle_magnetometer__type_support.cpp.o
[262.899s] [ 38%] Building CXX object CMakeFiles/px4_msgs__rosidl_typesupport_c.dir/rosidl_typesupport_c/px4_msgs/msg/vehicle_odometry__type_support.cpp.o
[262.938s] [ 38%] Building CXX object CMakeFiles/px4_msgs__rosidl_typesupport_c.dir/rosidl_typesupport_c/px4_msgs/msg/vehicle_optical_flow__type_support.cpp.o
[262.977s] [ 38%] Building CXX object CMakeFiles/px4_msgs__rosidl_typesupport_c.dir/rosidl_typesupport_c/px4_msgs/msg/vehicle_optical_flow_vel__type_support.cpp.o
[263.016s] [ 38%] Building CXX object CMakeFiles/px4_msgs__rosidl_typesupport_c.dir/rosidl_typesupport_c/px4_msgs/msg/vehicle_rates_setpoint__type_support.cpp.o
[263.057s] [ 38%] Building CXX object CMakeFiles/px4_msgs__rosidl_typesupport_c.dir/rosidl_typesupport_c/px4_msgs/msg/vehicle_roi__type_support.cpp.o
[263.104s] [ 38%] Building CXX object CMakeFiles/px4_msgs__rosidl_typesupport_c.dir/rosidl_typesupport_c/px4_msgs/msg/vehicle_status__type_support.cpp.o
[263.144s] [ 38%] Building CXX object CMakeFiles/px4_msgs__rosidl_typesupport_c.dir/rosidl_typesupport_c/px4_msgs/msg/vehicle_thrust_setpoint__type_support.cpp.o
[263.183s] [ 38%] Building CXX object CMakeFiles/px4_msgs__rosidl_typesupport_c.dir/rosidl_typesupport_c/px4_msgs/msg/vehicle_torque_setpoint__type_support.cpp.o
[263.223s] [ 38%] Building CXX object CMakeFiles/px4_msgs__rosidl_typesupport_c.dir/rosidl_typesupport_c/px4_msgs/msg/velocity_limits__type_support.cpp.o
[263.262s] [ 38%] Building CXX object CMakeFiles/px4_msgs__rosidl_typesupport_c.dir/rosidl_typesupport_c/px4_msgs/msg/vtol_vehicle_status__type_support.cpp.o
[263.302s] [ 38%] Building CXX object CMakeFiles/px4_msgs__rosidl_typesupport_c.dir/rosidl_typesupport_c/px4_msgs/msg/wheel_encoders__type_support.cpp.o
[263.340s] [ 38%] Building CXX object CMakeFiles/px4_msgs__rosidl_typesupport_c.dir/rosidl_typesupport_c/px4_msgs/msg/wind__type_support.cpp.o
[263.379s] [ 38%] Building CXX object CMakeFiles/px4_msgs__rosidl_typesupport_c.dir/rosidl_typesupport_c/px4_msgs/msg/yaw_estimator_status__type_support.cpp.o
[263.419s] [ 38%] Building CXX object CMakeFiles/px4_msgs__rosidl_typesupport_c.dir/rosidl_typesupport_c/px4_msgs/srv/vehicle_command__type_support.cpp.o
[263.463s] [ 38%] Building CXX object CMakeFiles/px4_msgs__rosidl_typesupport_c.dir/rosidl_typesupport_c/px4_msgs/msg/autotune_attitude_control_status__type_support.cpp.o
[263.502s] [ 39%] Building CXX object CMakeFiles/px4_msgs__rosidl_typesupport_c.dir/rosidl_typesupport_c/px4_msgs/msg/actuator_motors__type_support.cpp.o
[263.542s] [ 39%] Building CXX object CMakeFiles/px4_msgs__rosidl_typesupport_c.dir/rosidl_typesupport_c/px4_msgs/msg/actuator_controls_status__type_support.cpp.o
[263.581s] [ 39%] Linking CXX shared library libpx4_msgs__rosidl_typesupport_c.so
[263.671s] [ 39%] Built target px4_msgs__rosidl_typesupport_c
[263.692s] [ 39%] Generating C introspection for ROS interfaces
[300.294s] [ 39%] Building C object CMakeFiles/px4_msgs__rosidl_typesupport_introspection_c.dir/rosidl_typesupport_introspection_c/px4_msgs/msg/detail/actuator_armed__type_support.c.o
[300.295s] [ 39%] Building C object CMakeFiles/px4_msgs__rosidl_typesupport_introspection_c.dir/rosidl_typesupport_introspection_c/px4_msgs/msg/detail/action_request__type_support.c.o
[300.298s] [ 40%] Building C object CMakeFiles/px4_msgs__rosidl_typesupport_introspection_c.dir/rosidl_typesupport_introspection_c/px4_msgs/msg/detail/actuator_outputs__type_support.c.o
[300.299s] [ 40%] Building C object CMakeFiles/px4_msgs__rosidl_typesupport_introspection_c.dir/rosidl_typesupport_introspection_c/px4_msgs/msg/detail/actuator_controls_status__type_support.c.o
[300.310s] [ 40%] Building C object CMakeFiles/px4_msgs__rosidl_typesupport_introspection_c.dir/rosidl_typesupport_introspection_c/px4_msgs/msg/detail/actuator_motors__type_support.c.o
[300.359s] [ 40%] Building C object CMakeFiles/px4_msgs__rosidl_typesupport_introspection_c.dir/rosidl_typesupport_introspection_c/px4_msgs/msg/detail/actuator_test__type_support.c.o
[300.359s] [ 40%] Building C object CMakeFiles/px4_msgs__rosidl_typesupport_introspection_c.dir/rosidl_typesupport_introspection_c/px4_msgs/msg/detail/adc_report__type_support.c.o
[300.362s] [ 40%] Building C object CMakeFiles/px4_msgs__rosidl_typesupport_introspection_c.dir/rosidl_typesupport_introspection_c/px4_msgs/msg/detail/actuator_servos__type_support.c.o
[300.365s] [ 40%] Building C object CMakeFiles/px4_msgs__rosidl_typesupport_introspection_c.dir/rosidl_typesupport_introspection_c/px4_msgs/msg/detail/actuator_servos_trim__type_support.c.o
[300.369s] [ 40%] Building C object CMakeFiles/px4_msgs__rosidl_typesupport_introspection_c.dir/rosidl_typesupport_introspection_c/px4_msgs/msg/detail/airspeed__type_support.c.o
[300.427s] [ 40%] Building C object CMakeFiles/px4_msgs__rosidl_typesupport_introspection_c.dir/rosidl_typesupport_introspection_c/px4_msgs/msg/detail/airspeed_validated__type_support.c.o
[300.427s] [ 40%] Building C object CMakeFiles/px4_msgs__rosidl_typesupport_introspection_c.dir/rosidl_typesupport_introspection_c/px4_msgs/msg/detail/arming_check_reply__type_support.c.o
[300.428s] [ 40%] Building C object CMakeFiles/px4_msgs__rosidl_typesupport_introspection_c.dir/rosidl_typesupport_introspection_c/px4_msgs/msg/detail/airspeed_wind__type_support.c.o
[300.428s] [ 40%] Building C object CMakeFiles/px4_msgs__rosidl_typesupport_introspection_c.dir/rosidl_typesupport_introspection_c/px4_msgs/msg/detail/arming_check_request__type_support.c.o
[300.445s] [ 40%] Building C object CMakeFiles/px4_msgs__rosidl_typesupport_introspection_c.dir/rosidl_typesupport_introspection_c/px4_msgs/msg/detail/autotune_attitude_control_status__type_support.c.o
[300.451s] [ 40%] Building C object CMakeFiles/px4_msgs__rosidl_typesupport_introspection_c.dir/rosidl_typesupport_introspection_c/px4_msgs/msg/detail/battery_info__type_support.c.o
[300.488s] [ 40%] Building C object CMakeFiles/px4_msgs__rosidl_typesupport_introspection_c.dir/rosidl_typesupport_introspection_c/px4_msgs/msg/detail/battery_status__type_support.c.o
[300.514s] [ 40%] Building C object CMakeFiles/px4_msgs__rosidl_typesupport_introspection_c.dir/rosidl_typesupport_introspection_c/px4_msgs/msg/detail/button_event__type_support.c.o
[300.515s] [ 40%] Building C object CMakeFiles/px4_msgs__rosidl_typesupport_introspection_c.dir/rosidl_typesupport_introspection_c/px4_msgs/msg/detail/camera_capture__type_support.c.o
[300.518s] [ 40%] Building C object CMakeFiles/px4_msgs__rosidl_typesupport_introspection_c.dir/rosidl_typesupport_introspection_c/px4_msgs/msg/detail/camera_status__type_support.c.o
[300.529s] [ 40%] Building C object CMakeFiles/px4_msgs__rosidl_typesupport_introspection_c.dir/rosidl_typesupport_introspection_c/px4_msgs/msg/detail/camera_trigger__type_support.c.o
[300.531s] [ 40%] Building C object CMakeFiles/px4_msgs__rosidl_typesupport_introspection_c.dir/rosidl_typesupport_introspection_c/px4_msgs/msg/detail/can_interface_status__type_support.c.o
[300.564s] [ 40%] Building C object CMakeFiles/px4_msgs__rosidl_typesupport_introspection_c.dir/rosidl_typesupport_introspection_c/px4_msgs/msg/detail/cellular_status__type_support.c.o
[300.577s] [ 40%] Building C object CMakeFiles/px4_msgs__rosidl_typesupport_introspection_c.dir/rosidl_typesupport_introspection_c/px4_msgs/msg/detail/collision_constraints__type_support.c.o
[300.585s] [ 40%] Building C object CMakeFiles/px4_msgs__rosidl_typesupport_introspection_c.dir/rosidl_typesupport_introspection_c/px4_msgs/msg/detail/config_overrides__type_support.c.o
[300.600s] [ 40%] Building C object CMakeFiles/px4_msgs__rosidl_typesupport_introspection_c.dir/rosidl_typesupport_introspection_c/px4_msgs/msg/detail/control_allocator_status__type_support.c.o
[300.600s] [ 40%] Building C object CMakeFiles/px4_msgs__rosidl_typesupport_introspection_c.dir/rosidl_typesupport_introspection_c/px4_msgs/msg/detail/cpuload__type_support.c.o
[300.614s] [ 40%] Building C object CMakeFiles/px4_msgs__rosidl_typesupport_introspection_c.dir/rosidl_typesupport_introspection_c/px4_msgs/msg/detail/dataman_request__type_support.c.o
[300.623s] [ 41%] Building C object CMakeFiles/px4_msgs__rosidl_typesupport_introspection_c.dir/rosidl_typesupport_introspection_c/px4_msgs/msg/detail/dataman_response__type_support.c.o
[300.642s] [ 41%] Building C object CMakeFiles/px4_msgs__rosidl_typesupport_introspection_c.dir/rosidl_typesupport_introspection_c/px4_msgs/msg/detail/debug_array__type_support.c.o
[300.644s] [ 41%] Building C object CMakeFiles/px4_msgs__rosidl_typesupport_introspection_c.dir/rosidl_typesupport_introspection_c/px4_msgs/msg/detail/debug_key_value__type_support.c.o
[300.661s] [ 41%] Building C object CMakeFiles/px4_msgs__rosidl_typesupport_introspection_c.dir/rosidl_typesupport_introspection_c/px4_msgs/msg/detail/debug_value__type_support.c.o
[300.662s] [ 41%] Building C object CMakeFiles/px4_msgs__rosidl_typesupport_introspection_c.dir/rosidl_typesupport_introspection_c/px4_msgs/msg/detail/debug_vect__type_support.c.o
[300.686s] [ 41%] Building C object CMakeFiles/px4_msgs__rosidl_typesupport_introspection_c.dir/rosidl_typesupport_introspection_c/px4_msgs/msg/detail/differential_pressure__type_support.c.o
[300.709s] [ 41%] Building C object CMakeFiles/px4_msgs__rosidl_typesupport_introspection_c.dir/rosidl_typesupport_introspection_c/px4_msgs/msg/detail/distance_sensor__type_support.c.o
[300.711s] [ 41%] Building C object CMakeFiles/px4_msgs__rosidl_typesupport_introspection_c.dir/rosidl_typesupport_introspection_c/px4_msgs/msg/detail/distance_sensor_mode_change_request__type_support.c.o
[300.729s] [ 41%] Building C object CMakeFiles/px4_msgs__rosidl_typesupport_introspection_c.dir/rosidl_typesupport_introspection_c/px4_msgs/msg/detail/dronecan_node_status__type_support.c.o
[300.742s] [ 41%] Building C object CMakeFiles/px4_msgs__rosidl_typesupport_introspection_c.dir/rosidl_typesupport_introspection_c/px4_msgs/msg/detail/ekf2_timestamps__type_support.c.o
[300.757s] [ 41%] Building C object CMakeFiles/px4_msgs__rosidl_typesupport_introspection_c.dir/rosidl_typesupport_introspection_c/px4_msgs/msg/detail/esc_report__type_support.c.o
[300.769s] [ 41%] Building C object CMakeFiles/px4_msgs__rosidl_typesupport_introspection_c.dir/rosidl_typesupport_introspection_c/px4_msgs/msg/detail/esc_status__type_support.c.o
[300.805s] [ 41%] Building C object CMakeFiles/px4_msgs__rosidl_typesupport_introspection_c.dir/rosidl_typesupport_introspection_c/px4_msgs/msg/detail/estimator_aid_source1d__type_support.c.o
[300.807s] [ 41%] Building C object CMakeFiles/px4_msgs__rosidl_typesupport_introspection_c.dir/rosidl_typesupport_introspection_c/px4_msgs/msg/detail/estimator_aid_source2d__type_support.c.o
[300.823s] [ 41%] Building C object CMakeFiles/px4_msgs__rosidl_typesupport_introspection_c.dir/rosidl_typesupport_introspection_c/px4_msgs/msg/detail/estimator_aid_source3d__type_support.c.o
[300.841s] [ 41%] Building C object CMakeFiles/px4_msgs__rosidl_typesupport_introspection_c.dir/rosidl_typesupport_introspection_c/px4_msgs/msg/detail/estimator_bias3d__type_support.c.o
[300.845s] [ 41%] Building C object CMakeFiles/px4_msgs__rosidl_typesupport_introspection_c.dir/rosidl_typesupport_introspection_c/px4_msgs/msg/detail/estimator_bias__type_support.c.o
[300.852s] [ 41%] Building C object CMakeFiles/px4_msgs__rosidl_typesupport_introspection_c.dir/rosidl_typesupport_introspection_c/px4_msgs/msg/detail/estimator_event_flags__type_support.c.o
[300.893s] [ 41%] Building C object CMakeFiles/px4_msgs__rosidl_typesupport_introspection_c.dir/rosidl_typesupport_introspection_c/px4_msgs/msg/detail/estimator_gps_status__type_support.c.o
[300.924s] [ 41%] Building C object CMakeFiles/px4_msgs__rosidl_typesupport_introspection_c.dir/rosidl_typesupport_introspection_c/px4_msgs/msg/detail/estimator_selector_status__type_support.c.o
[300.926s] [ 41%] Building C object CMakeFiles/px4_msgs__rosidl_typesupport_introspection_c.dir/rosidl_typesupport_introspection_c/px4_msgs/msg/detail/estimator_innovations__type_support.c.o
[300.927s] [ 41%] Building C object CMakeFiles/px4_msgs__rosidl_typesupport_introspection_c.dir/rosidl_typesupport_introspection_c/px4_msgs/msg/detail/estimator_sensor_bias__type_support.c.o
[300.936s] [ 42%] Building C object CMakeFiles/px4_msgs__rosidl_typesupport_introspection_c.dir/rosidl_typesupport_introspection_c/px4_msgs/msg/detail/estimator_status__type_support.c.o
[300.938s] [ 42%] Building C object CMakeFiles/px4_msgs__rosidl_typesupport_introspection_c.dir/rosidl_typesupport_introspection_c/px4_msgs/msg/detail/estimator_states__type_support.c.o
[301.000s] [ 42%] Building C object CMakeFiles/px4_msgs__rosidl_typesupport_introspection_c.dir/rosidl_typesupport_introspection_c/px4_msgs/msg/detail/estimator_status_flags__type_support.c.o
[301.016s] [ 42%] Building C object CMakeFiles/px4_msgs__rosidl_typesupport_introspection_c.dir/rosidl_typesupport_introspection_c/px4_msgs/msg/detail/failsafe_flags__type_support.c.o
[301.017s] [ 42%] Building C object CMakeFiles/px4_msgs__rosidl_typesupport_introspection_c.dir/rosidl_typesupport_introspection_c/px4_msgs/msg/detail/event__type_support.c.o
[301.044s] [ 42%] Building C object CMakeFiles/px4_msgs__rosidl_typesupport_introspection_c.dir/rosidl_typesupport_introspection_c/px4_msgs/msg/detail/failure_detector_status__type_support.c.o
[301.048s] [ 42%] Building C object CMakeFiles/px4_msgs__rosidl_typesupport_introspection_c.dir/rosidl_typesupport_introspection_c/px4_msgs/msg/detail/figure_eight_status__type_support.c.o
[301.065s] [ 42%] Building C object CMakeFiles/px4_msgs__rosidl_typesupport_introspection_c.dir/rosidl_typesupport_introspection_c/px4_msgs/msg/detail/fixed_wing_lateral_guidance_status__type_support.c.o
[301.114s] [ 42%] Building C object CMakeFiles/px4_msgs__rosidl_typesupport_introspection_c.dir/rosidl_typesupport_introspection_c/px4_msgs/msg/detail/fixed_wing_lateral_setpoint__type_support.c.o
[301.124s] [ 42%] Building C object CMakeFiles/px4_msgs__rosidl_typesupport_introspection_c.dir/rosidl_typesupport_introspection_c/px4_msgs/msg/detail/fixed_wing_lateral_status__type_support.c.o
[301.131s] [ 42%] Building C object CMakeFiles/px4_msgs__rosidl_typesupport_introspection_c.dir/rosidl_typesupport_introspection_c/px4_msgs/msg/detail/fixed_wing_longitudinal_setpoint__type_support.c.o
[301.158s] [ 42%] Building C object CMakeFiles/px4_msgs__rosidl_typesupport_introspection_c.dir/rosidl_typesupport_introspection_c/px4_msgs/msg/detail/fixed_wing_runway_control__type_support.c.o
[301.169s] [ 42%] Building C object CMakeFiles/px4_msgs__rosidl_typesupport_introspection_c.dir/rosidl_typesupport_introspection_c/px4_msgs/msg/detail/flight_phase_estimation__type_support.c.o
[301.177s] [ 42%] Building C object CMakeFiles/px4_msgs__rosidl_typesupport_introspection_c.dir/rosidl_typesupport_introspection_c/px4_msgs/msg/detail/follow_target__type_support.c.o
[301.210s] [ 42%] Building C object CMakeFiles/px4_msgs__rosidl_typesupport_introspection_c.dir/rosidl_typesupport_introspection_c/px4_msgs/msg/detail/follow_target_estimator__type_support.c.o
[301.222s] [ 42%] Building C object CMakeFiles/px4_msgs__rosidl_typesupport_introspection_c.dir/rosidl_typesupport_introspection_c/px4_msgs/msg/detail/follow_target_status__type_support.c.o
[301.224s] [ 42%] Building C object CMakeFiles/px4_msgs__rosidl_typesupport_introspection_c.dir/rosidl_typesupport_introspection_c/px4_msgs/msg/detail/fuel_tank_status__type_support.c.o
[301.241s] [ 42%] Building C object CMakeFiles/px4_msgs__rosidl_typesupport_introspection_c.dir/rosidl_typesupport_introspection_c/px4_msgs/msg/detail/geofence_result__type_support.c.o
[301.245s] [ 42%] Building C object CMakeFiles/px4_msgs__rosidl_typesupport_introspection_c.dir/rosidl_typesupport_introspection_c/px4_msgs/msg/detail/generator_status__type_support.c.o
[301.246s] [ 42%] Building C object CMakeFiles/px4_msgs__rosidl_typesupport_introspection_c.dir/rosidl_typesupport_introspection_c/px4_msgs/msg/detail/geofence_status__type_support.c.o
[301.307s] [ 42%] Building C object CMakeFiles/px4_msgs__rosidl_typesupport_introspection_c.dir/rosidl_typesupport_introspection_c/px4_msgs/msg/detail/gimbal_controls__type_support.c.o
[301.312s] [ 42%] Building C object CMakeFiles/px4_msgs__rosidl_typesupport_introspection_c.dir/rosidl_typesupport_introspection_c/px4_msgs/msg/detail/gimbal_device_attitude_status__type_support.c.o
[301.325s] [ 42%] Building C object CMakeFiles/px4_msgs__rosidl_typesupport_introspection_c.dir/rosidl_typesupport_introspection_c/px4_msgs/msg/detail/gimbal_device_set_attitude__type_support.c.o
[301.328s] [ 42%] Building C object CMakeFiles/px4_msgs__rosidl_typesupport_introspection_c.dir/rosidl_typesupport_introspection_c/px4_msgs/msg/detail/gimbal_device_information__type_support.c.o
[301.334s] [ 42%] Building C object CMakeFiles/px4_msgs__rosidl_typesupport_introspection_c.dir/rosidl_typesupport_introspection_c/px4_msgs/msg/detail/gimbal_manager_information__type_support.c.o
[301.358s] [ 43%] Building C object CMakeFiles/px4_msgs__rosidl_typesupport_introspection_c.dir/rosidl_typesupport_introspection_c/px4_msgs/msg/detail/gimbal_manager_set_attitude__type_support.c.o
[301.402s] [ 43%] Building C object CMakeFiles/px4_msgs__rosidl_typesupport_introspection_c.dir/rosidl_typesupport_introspection_c/px4_msgs/msg/detail/gimbal_manager_set_manual_control__type_support.c.o
[301.405s] [ 43%] Building C object CMakeFiles/px4_msgs__rosidl_typesupport_introspection_c.dir/rosidl_typesupport_introspection_c/px4_msgs/msg/detail/gimbal_manager_status__type_support.c.o
[301.424s] [ 43%] Building C object CMakeFiles/px4_msgs__rosidl_typesupport_introspection_c.dir/rosidl_typesupport_introspection_c/px4_msgs/msg/detail/goto_setpoint__type_support.c.o
[301.424s] [ 43%] Building C object CMakeFiles/px4_msgs__rosidl_typesupport_introspection_c.dir/rosidl_typesupport_introspection_c/px4_msgs/msg/detail/gpio_config__type_support.c.o
[301.427s] [ 43%] Building C object CMakeFiles/px4_msgs__rosidl_typesupport_introspection_c.dir/rosidl_typesupport_introspection_c/px4_msgs/msg/detail/gpio_in__type_support.c.o
[301.438s] [ 43%] Building C object CMakeFiles/px4_msgs__rosidl_typesupport_introspection_c.dir/rosidl_typesupport_introspection_c/px4_msgs/msg/detail/gpio_out__type_support.c.o
[301.503s] [ 43%] Building C object CMakeFiles/px4_msgs__rosidl_typesupport_introspection_c.dir/rosidl_typesupport_introspection_c/px4_msgs/msg/detail/gpio_request__type_support.c.o
[301.506s] [ 43%] Building C object CMakeFiles/px4_msgs__rosidl_typesupport_introspection_c.dir/rosidl_typesupport_introspection_c/px4_msgs/msg/detail/gps_dump__type_support.c.o
[301.513s] [ 43%] Building C object CMakeFiles/px4_msgs__rosidl_typesupport_introspection_c.dir/rosidl_typesupport_introspection_c/px4_msgs/msg/detail/gps_inject_data__type_support.c.o
[301.548s] [ 43%] Building C object CMakeFiles/px4_msgs__rosidl_typesupport_introspection_c.dir/rosidl_typesupport_introspection_c/px4_msgs/msg/detail/gripper__type_support.c.o
[301.559s] [ 43%] Building C object CMakeFiles/px4_msgs__rosidl_typesupport_introspection_c.dir/rosidl_typesupport_introspection_c/px4_msgs/msg/detail/heater_status__type_support.c.o
[301.560s] [ 43%] Building C object CMakeFiles/px4_msgs__rosidl_typesupport_introspection_c.dir/rosidl_typesupport_introspection_c/px4_msgs/msg/detail/health_report__type_support.c.o
[301.595s] [ 43%] Building C object CMakeFiles/px4_msgs__rosidl_typesupport_introspection_c.dir/rosidl_typesupport_introspection_c/px4_msgs/msg/detail/home_position__type_support.c.o
[301.598s] [ 43%] Building C object CMakeFiles/px4_msgs__rosidl_typesupport_introspection_c.dir/rosidl_typesupport_introspection_c/px4_msgs/msg/detail/hover_thrust_estimate__type_support.c.o
[301.604s] [ 43%] Building C object CMakeFiles/px4_msgs__rosidl_typesupport_introspection_c.dir/rosidl_typesupport_introspection_c/px4_msgs/msg/detail/input_rc__type_support.c.o
[301.624s] [ 43%] Building C object CMakeFiles/px4_msgs__rosidl_typesupport_introspection_c.dir/rosidl_typesupport_introspection_c/px4_msgs/msg/detail/internal_combustion_engine_status__type_support.c.o
[301.644s] [ 43%] Building C object CMakeFiles/px4_msgs__rosidl_typesupport_introspection_c.dir/rosidl_typesupport_introspection_c/px4_msgs/msg/detail/internal_combustion_engine_control__type_support.c.o
[301.648s] [ 43%] Building C object CMakeFiles/px4_msgs__rosidl_typesupport_introspection_c.dir/rosidl_typesupport_introspection_c/px4_msgs/msg/detail/iridiumsbd_status__type_support.c.o
[301.683s] [ 43%] Building C object CMakeFiles/px4_msgs__rosidl_typesupport_introspection_c.dir/rosidl_typesupport_introspection_c/px4_msgs/msg/detail/irlock_report__type_support.c.o
[301.695s] [ 43%] Building C object CMakeFiles/px4_msgs__rosidl_typesupport_introspection_c.dir/rosidl_typesupport_introspection_c/px4_msgs/msg/detail/landing_gear__type_support.c.o
[301.698s] [ 43%] Building C object CMakeFiles/px4_msgs__rosidl_typesupport_introspection_c.dir/rosidl_typesupport_introspection_c/px4_msgs/msg/detail/landing_gear_wheel__type_support.c.o
[301.720s] [ 43%] Building C object CMakeFiles/px4_msgs__rosidl_typesupport_introspection_c.dir/rosidl_typesupport_introspection_c/px4_msgs/msg/detail/landing_target_innovations__type_support.c.o
[301.731s] [ 44%] Building C object CMakeFiles/px4_msgs__rosidl_typesupport_introspection_c.dir/rosidl_typesupport_introspection_c/px4_msgs/msg/detail/lateral_control_configuration__type_support.c.o
[301.734s] [ 44%] Building C object CMakeFiles/px4_msgs__rosidl_typesupport_introspection_c.dir/rosidl_typesupport_introspection_c/px4_msgs/msg/detail/landing_target_pose__type_support.c.o
[301.772s] [ 44%] Building C object CMakeFiles/px4_msgs__rosidl_typesupport_introspection_c.dir/rosidl_typesupport_introspection_c/px4_msgs/msg/detail/launch_detection_status__type_support.c.o
[301.779s] [ 44%] Building C object CMakeFiles/px4_msgs__rosidl_typesupport_introspection_c.dir/rosidl_typesupport_introspection_c/px4_msgs/msg/detail/log_message__type_support.c.o
[301.779s] [ 44%] Building C object CMakeFiles/px4_msgs__rosidl_typesupport_introspection_c.dir/rosidl_typesupport_introspection_c/px4_msgs/msg/detail/logger_status__type_support.c.o
[301.786s] [ 44%] Building C object CMakeFiles/px4_msgs__rosidl_typesupport_introspection_c.dir/rosidl_typesupport_introspection_c/px4_msgs/msg/detail/led_control__type_support.c.o
[301.805s] [ 44%] Building C object CMakeFiles/px4_msgs__rosidl_typesupport_introspection_c.dir/rosidl_typesupport_introspection_c/px4_msgs/msg/detail/longitudinal_control_configuration__type_support.c.o
[301.833s] [ 44%] Building C object CMakeFiles/px4_msgs__rosidl_typesupport_introspection_c.dir/rosidl_typesupport_introspection_c/px4_msgs/msg/detail/mag_worker_data__type_support.c.o
[301.846s] [ 44%] Building C object CMakeFiles/px4_msgs__rosidl_typesupport_introspection_c.dir/rosidl_typesupport_introspection_c/px4_msgs/msg/detail/magnetometer_bias_estimate__type_support.c.o
[301.848s] [ 44%] Building C object CMakeFiles/px4_msgs__rosidl_typesupport_introspection_c.dir/rosidl_typesupport_introspection_c/px4_msgs/msg/detail/manual_control_setpoint__type_support.c.o
[301.853s] [ 44%] Building C object CMakeFiles/px4_msgs__rosidl_typesupport_introspection_c.dir/rosidl_typesupport_introspection_c/px4_msgs/msg/detail/manual_control_switches__type_support.c.o
[301.866s] [ 44%] Building C object CMakeFiles/px4_msgs__rosidl_typesupport_introspection_c.dir/rosidl_typesupport_introspection_c/px4_msgs/msg/detail/mavlink_log__type_support.c.o
[301.885s] [ 44%] Building C object CMakeFiles/px4_msgs__rosidl_typesupport_introspection_c.dir/rosidl_typesupport_introspection_c/px4_msgs/msg/detail/mavlink_tunnel__type_support.c.o
[301.923s] [ 44%] Building C object CMakeFiles/px4_msgs__rosidl_typesupport_introspection_c.dir/rosidl_typesupport_introspection_c/px4_msgs/msg/detail/message_format_request__type_support.c.o
[301.939s] [ 44%] Building C object CMakeFiles/px4_msgs__rosidl_typesupport_introspection_c.dir/rosidl_typesupport_introspection_c/px4_msgs/msg/detail/message_format_response__type_support.c.o
[301.940s] [ 44%] Building C object CMakeFiles/px4_msgs__rosidl_typesupport_introspection_c.dir/rosidl_typesupport_introspection_c/px4_msgs/msg/detail/mission__type_support.c.o
[301.952s] [ 44%] Building C object CMakeFiles/px4_msgs__rosidl_typesupport_introspection_c.dir/rosidl_typesupport_introspection_c/px4_msgs/msg/detail/mode_completed__type_support.c.o
[301.955s] [ 44%] Building C object CMakeFiles/px4_msgs__rosidl_typesupport_introspection_c.dir/rosidl_typesupport_introspection_c/px4_msgs/msg/detail/mission_result__type_support.c.o
[301.991s] [ 44%] Building C object CMakeFiles/px4_msgs__rosidl_typesupport_introspection_c.dir/rosidl_typesupport_introspection_c/px4_msgs/msg/detail/mount_orientation__type_support.c.o
[302.029s] [ 44%] Building C object CMakeFiles/px4_msgs__rosidl_typesupport_introspection_c.dir/rosidl_typesupport_introspection_c/px4_msgs/msg/detail/navigator_mission_item__type_support.c.o
[302.035s] [ 44%] Building C object CMakeFiles/px4_msgs__rosidl_typesupport_introspection_c.dir/rosidl_typesupport_introspection_c/px4_msgs/msg/detail/navigator_status__type_support.c.o
[302.047s] [ 44%] Building C object CMakeFiles/px4_msgs__rosidl_typesupport_introspection_c.dir/rosidl_typesupport_introspection_c/px4_msgs/msg/detail/neural_control__type_support.c.o
[302.053s] [ 44%] Building C object CMakeFiles/px4_msgs__rosidl_typesupport_introspection_c.dir/rosidl_typesupport_introspection_c/px4_msgs/msg/detail/normalized_unsigned_setpoint__type_support.c.o
[302.059s] [ 44%] Building C object CMakeFiles/px4_msgs__rosidl_typesupport_introspection_c.dir/rosidl_typesupport_introspection_c/px4_msgs/msg/detail/obstacle_distance__type_support.c.o
[302.077s] [ 44%] Building C object CMakeFiles/px4_msgs__rosidl_typesupport_introspection_c.dir/rosidl_typesupport_introspection_c/px4_msgs/msg/detail/offboard_control_mode__type_support.c.o
[302.115s] [ 45%] Building C object CMakeFiles/px4_msgs__rosidl_typesupport_introspection_c.dir/rosidl_typesupport_introspection_c/px4_msgs/msg/detail/onboard_computer_status__type_support.c.o
[302.137s] [ 45%] Building C object CMakeFiles/px4_msgs__rosidl_typesupport_introspection_c.dir/rosidl_typesupport_introspection_c/px4_msgs/msg/detail/open_drone_id_arm_status__type_support.c.o
[302.140s] [ 45%] Building C object CMakeFiles/px4_msgs__rosidl_typesupport_introspection_c.dir/rosidl_typesupport_introspection_c/px4_msgs/msg/detail/open_drone_id_operator_id__type_support.c.o
[302.155s] [ 45%] Building C object CMakeFiles/px4_msgs__rosidl_typesupport_introspection_c.dir/rosidl_typesupport_introspection_c/px4_msgs/msg/detail/open_drone_id_self_id__type_support.c.o
[302.177s] [ 45%] Building C object CMakeFiles/px4_msgs__rosidl_typesupport_introspection_c.dir/rosidl_typesupport_introspection_c/px4_msgs/msg/detail/open_drone_id_system__type_support.c.o
[302.178s] [ 45%] Building C object CMakeFiles/px4_msgs__rosidl_typesupport_introspection_c.dir/rosidl_typesupport_introspection_c/px4_msgs/msg/detail/orb_test__type_support.c.o
[302.221s] [ 45%] Building C object CMakeFiles/px4_msgs__rosidl_typesupport_introspection_c.dir/rosidl_typesupport_introspection_c/px4_msgs/msg/detail/orb_test_large__type_support.c.o
[302.239s] [ 45%] Building C object CMakeFiles/px4_msgs__rosidl_typesupport_introspection_c.dir/rosidl_typesupport_introspection_c/px4_msgs/msg/detail/orbit_status__type_support.c.o
[302.244s] [ 45%] Building C object CMakeFiles/px4_msgs__rosidl_typesupport_introspection_c.dir/rosidl_typesupport_introspection_c/px4_msgs/msg/detail/orb_test_medium__type_support.c.o
[302.271s] [ 45%] Building C object CMakeFiles/px4_msgs__rosidl_typesupport_introspection_c.dir/rosidl_typesupport_introspection_c/px4_msgs/msg/detail/parameter_reset_request__type_support.c.o
[302.272s] [ 45%] Building C object CMakeFiles/px4_msgs__rosidl_typesupport_introspection_c.dir/rosidl_typesupport_introspection_c/px4_msgs/msg/detail/parameter_set_value_request__type_support.c.o
[302.278s] [ 45%] Building C object CMakeFiles/px4_msgs__rosidl_typesupport_introspection_c.dir/rosidl_typesupport_introspection_c/px4_msgs/msg/detail/parameter_set_used_request__type_support.c.o
[302.293s] [ 45%] Building C object CMakeFiles/px4_msgs__rosidl_typesupport_introspection_c.dir/rosidl_typesupport_introspection_c/px4_msgs/msg/detail/parameter_set_value_response__type_support.c.o
[302.312s] [ 45%] Building C object CMakeFiles/px4_msgs__rosidl_typesupport_introspection_c.dir/rosidl_typesupport_introspection_c/px4_msgs/msg/detail/parameter_update__type_support.c.o
[302.338s] [ 45%] Building C object CMakeFiles/px4_msgs__rosidl_typesupport_introspection_c.dir/rosidl_typesupport_introspection_c/px4_msgs/msg/detail/ping__type_support.c.o
[302.343s] [ 45%] Building C object CMakeFiles/px4_msgs__rosidl_typesupport_introspection_c.dir/rosidl_typesupport_introspection_c/px4_msgs/msg/detail/position_controller_landing_status__type_support.c.o
[302.355s] [ 45%] Building C object CMakeFiles/px4_msgs__rosidl_typesupport_introspection_c.dir/rosidl_typesupport_introspection_c/px4_msgs/msg/detail/position_controller_status__type_support.c.o
[302.380s] [ 45%] Building C object CMakeFiles/px4_msgs__rosidl_typesupport_introspection_c.dir/rosidl_typesupport_introspection_c/px4_msgs/msg/detail/position_setpoint_triplet__type_support.c.o
[302.381s] [ 45%] Building C object CMakeFiles/px4_msgs__rosidl_typesupport_introspection_c.dir/rosidl_typesupport_introspection_c/px4_msgs/msg/detail/position_setpoint__type_support.c.o
[302.404s] [ 45%] Building C object CMakeFiles/px4_msgs__rosidl_typesupport_introspection_c.dir/rosidl_typesupport_introspection_c/px4_msgs/msg/detail/power_button_state__type_support.c.o
[302.414s] [ 45%] Building C object CMakeFiles/px4_msgs__rosidl_typesupport_introspection_c.dir/rosidl_typesupport_introspection_c/px4_msgs/msg/detail/power_monitor__type_support.c.o
[302.430s] [ 45%] Building C object CMakeFiles/px4_msgs__rosidl_typesupport_introspection_c.dir/rosidl_typesupport_introspection_c/px4_msgs/msg/detail/pps_capture__type_support.c.o
[302.443s] [ 45%] Building C object CMakeFiles/px4_msgs__rosidl_typesupport_introspection_c.dir/rosidl_typesupport_introspection_c/px4_msgs/msg/detail/pure_pursuit_status__type_support.c.o
[302.471s] [ 45%] Building C object CMakeFiles/px4_msgs__rosidl_typesupport_introspection_c.dir/rosidl_typesupport_introspection_c/px4_msgs/msg/detail/pwm_input__type_support.c.o
[302.477s] [ 46%] Building C object CMakeFiles/px4_msgs__rosidl_typesupport_introspection_c.dir/rosidl_typesupport_introspection_c/px4_msgs/msg/detail/px4io_status__type_support.c.o
[302.490s] [ 46%] Building C object CMakeFiles/px4_msgs__rosidl_typesupport_introspection_c.dir/rosidl_typesupport_introspection_c/px4_msgs/msg/detail/qshell_req__type_support.c.o
[302.516s] [ 46%] Building C object CMakeFiles/px4_msgs__rosidl_typesupport_introspection_c.dir/rosidl_typesupport_introspection_c/px4_msgs/msg/detail/qshell_retval__type_support.c.o
[302.517s] [ 46%] Building C object CMakeFiles/px4_msgs__rosidl_typesupport_introspection_c.dir/rosidl_typesupport_introspection_c/px4_msgs/msg/detail/radio_status__type_support.c.o
[302.526s] [ 46%] Building C object CMakeFiles/px4_msgs__rosidl_typesupport_introspection_c.dir/rosidl_typesupport_introspection_c/px4_msgs/msg/detail/rate_ctrl_status__type_support.c.o
[302.552s] [ 46%] Building C object CMakeFiles/px4_msgs__rosidl_typesupport_introspection_c.dir/rosidl_typesupport_introspection_c/px4_msgs/msg/detail/rc_channels__type_support.c.o
[302.573s] [ 46%] Building C object CMakeFiles/px4_msgs__rosidl_typesupport_introspection_c.dir/rosidl_typesupport_introspection_c/px4_msgs/msg/detail/rc_parameter_map__type_support.c.o
[302.586s] [ 46%] Building C object CMakeFiles/px4_msgs__rosidl_typesupport_introspection_c.dir/rosidl_typesupport_introspection_c/px4_msgs/msg/detail/register_ext_component_reply__type_support.c.o
[302.594s] [ 46%] Building C object CMakeFiles/px4_msgs__rosidl_typesupport_introspection_c.dir/rosidl_typesupport_introspection_c/px4_msgs/msg/detail/register_ext_component_request__type_support.c.o
[302.607s] [ 46%] Building C object CMakeFiles/px4_msgs__rosidl_typesupport_introspection_c.dir/rosidl_typesupport_introspection_c/px4_msgs/msg/detail/rover_attitude_setpoint__type_support.c.o
[302.630s] [ 46%] Building C object CMakeFiles/px4_msgs__rosidl_typesupport_introspection_c.dir/rosidl_typesupport_introspection_c/px4_msgs/msg/detail/rover_attitude_status__type_support.c.o
[302.635s] [ 46%] Building C object CMakeFiles/px4_msgs__rosidl_typesupport_introspection_c.dir/rosidl_typesupport_introspection_c/px4_msgs/msg/detail/rover_position_setpoint__type_support.c.o
[302.664s] [ 46%] Building C object CMakeFiles/px4_msgs__rosidl_typesupport_introspection_c.dir/rosidl_typesupport_introspection_c/px4_msgs/msg/detail/rover_rate_setpoint__type_support.c.o
[302.679s] [ 46%] Building C object CMakeFiles/px4_msgs__rosidl_typesupport_introspection_c.dir/rosidl_typesupport_introspection_c/px4_msgs/msg/detail/rover_speed_setpoint__type_support.c.o
[302.679s] [ 46%] Building C object CMakeFiles/px4_msgs__rosidl_typesupport_introspection_c.dir/rosidl_typesupport_introspection_c/px4_msgs/msg/detail/rover_rate_status__type_support.c.o
[302.695s] [ 46%] Building C object CMakeFiles/px4_msgs__rosidl_typesupport_introspection_c.dir/rosidl_typesupport_introspection_c/px4_msgs/msg/detail/rover_speed_status__type_support.c.o
[302.705s] [ 46%] Building C object CMakeFiles/px4_msgs__rosidl_typesupport_introspection_c.dir/rosidl_typesupport_introspection_c/px4_msgs/msg/detail/rover_steering_setpoint__type_support.c.o
[302.725s] [ 46%] Building C object CMakeFiles/px4_msgs__rosidl_typesupport_introspection_c.dir/rosidl_typesupport_introspection_c/px4_msgs/msg/detail/rover_throttle_setpoint__type_support.c.o
[302.754s] [ 46%] Building C object CMakeFiles/px4_msgs__rosidl_typesupport_introspection_c.dir/rosidl_typesupport_introspection_c/px4_msgs/msg/detail/rtl_status__type_support.c.o
[302.755s] [ 46%] Building C object CMakeFiles/px4_msgs__rosidl_typesupport_introspection_c.dir/rosidl_typesupport_introspection_c/px4_msgs/msg/detail/rpm__type_support.c.o
[302.771s] [ 46%] Building C object CMakeFiles/px4_msgs__rosidl_typesupport_introspection_c.dir/rosidl_typesupport_introspection_c/px4_msgs/msg/detail/rtl_time_estimate__type_support.c.o
[302.774s] [ 46%] Building C object CMakeFiles/px4_msgs__rosidl_typesupport_introspection_c.dir/rosidl_typesupport_introspection_c/px4_msgs/msg/detail/sensor_accel__type_support.c.o
[302.785s] [ 46%] Building C object CMakeFiles/px4_msgs__rosidl_typesupport_introspection_c.dir/rosidl_typesupport_introspection_c/px4_msgs/msg/detail/satellite_info__type_support.c.o
[302.824s] [ 46%] Building C object CMakeFiles/px4_msgs__rosidl_typesupport_introspection_c.dir/rosidl_typesupport_introspection_c/px4_msgs/msg/detail/sensor_accel_fifo__type_support.c.o
[302.833s] [ 47%] Building C object CMakeFiles/px4_msgs__rosidl_typesupport_introspection_c.dir/rosidl_typesupport_introspection_c/px4_msgs/msg/detail/sensor_airflow__type_support.c.o
[302.846s] [ 47%] Building C object CMakeFiles/px4_msgs__rosidl_typesupport_introspection_c.dir/rosidl_typesupport_introspection_c/px4_msgs/msg/detail/sensor_baro__type_support.c.o
[302.857s] [ 47%] Building C object CMakeFiles/px4_msgs__rosidl_typesupport_introspection_c.dir/rosidl_typesupport_introspection_c/px4_msgs/msg/detail/sensor_combined__type_support.c.o
[302.857s] [ 47%] Building C object CMakeFiles/px4_msgs__rosidl_typesupport_introspection_c.dir/rosidl_typesupport_introspection_c/px4_msgs/msg/detail/sensor_correction__type_support.c.o
[302.897s] [ 47%] Building C object CMakeFiles/px4_msgs__rosidl_typesupport_introspection_c.dir/rosidl_typesupport_introspection_c/px4_msgs/msg/detail/sensor_gnss_relative__type_support.c.o
[302.922s] [ 47%] Building C object CMakeFiles/px4_msgs__rosidl_typesupport_introspection_c.dir/rosidl_typesupport_introspection_c/px4_msgs/msg/detail/sensor_gnss_status__type_support.c.o
[302.929s] [ 47%] Building C object CMakeFiles/px4_msgs__rosidl_typesupport_introspection_c.dir/rosidl_typesupport_introspection_c/px4_msgs/msg/detail/sensor_gps__type_support.c.o
[302.938s] [ 47%] Building C object CMakeFiles/px4_msgs__rosidl_typesupport_introspection_c.dir/rosidl_typesupport_introspection_c/px4_msgs/msg/detail/sensor_gyro__type_support.c.o
[302.943s] [ 47%] Building C object CMakeFiles/px4_msgs__rosidl_typesupport_introspection_c.dir/rosidl_typesupport_introspection_c/px4_msgs/msg/detail/sensor_gyro_fft__type_support.c.o
[302.997s] [ 47%] Building C object CMakeFiles/px4_msgs__rosidl_typesupport_introspection_c.dir/rosidl_typesupport_introspection_c/px4_msgs/msg/detail/sensor_gyro_fifo__type_support.c.o
[303.005s] [ 47%] Building C object CMakeFiles/px4_msgs__rosidl_typesupport_introspection_c.dir/rosidl_typesupport_introspection_c/px4_msgs/msg/detail/sensor_hygrometer__type_support.c.o
[303.025s] [ 47%] Building C object CMakeFiles/px4_msgs__rosidl_typesupport_introspection_c.dir/rosidl_typesupport_introspection_c/px4_msgs/msg/detail/sensor_mag__type_support.c.o
[303.027s] [ 47%] Building C object CMakeFiles/px4_msgs__rosidl_typesupport_introspection_c.dir/rosidl_typesupport_introspection_c/px4_msgs/msg/detail/sensor_optical_flow__type_support.c.o
[303.030s] [ 47%] Building C object CMakeFiles/px4_msgs__rosidl_typesupport_introspection_c.dir/rosidl_typesupport_introspection_c/px4_msgs/msg/detail/sensor_selection__type_support.c.o
[303.036s] [ 47%] Building C object CMakeFiles/px4_msgs__rosidl_typesupport_introspection_c.dir/rosidl_typesupport_introspection_c/px4_msgs/msg/detail/sensor_preflight_mag__type_support.c.o
[303.098s] [ 47%] Building C object CMakeFiles/px4_msgs__rosidl_typesupport_introspection_c.dir/rosidl_typesupport_introspection_c/px4_msgs/msg/detail/sensor_uwb__type_support.c.o
[303.110s] [ 47%] Building C object CMakeFiles/px4_msgs__rosidl_typesupport_introspection_c.dir/rosidl_typesupport_introspection_c/px4_msgs/msg/detail/sensors_status__type_support.c.o
[303.122s] [ 47%] Building C object CMakeFiles/px4_msgs__rosidl_typesupport_introspection_c.dir/rosidl_typesupport_introspection_c/px4_msgs/msg/detail/system_power__type_support.c.o
[303.131s] [ 47%] Building C object CMakeFiles/px4_msgs__rosidl_typesupport_introspection_c.dir/rosidl_typesupport_introspection_c/px4_msgs/msg/detail/sensors_status_imu__type_support.c.o
[303.131s] [ 47%] Building C object CMakeFiles/px4_msgs__rosidl_typesupport_introspection_c.dir/rosidl_typesupport_introspection_c/px4_msgs/msg/detail/task_stack_info__type_support.c.o
[303.139s] [ 47%] Building C object CMakeFiles/px4_msgs__rosidl_typesupport_introspection_c.dir/rosidl_typesupport_introspection_c/px4_msgs/msg/detail/takeoff_status__type_support.c.o
[303.171s] [ 47%] Building C object CMakeFiles/px4_msgs__rosidl_typesupport_introspection_c.dir/rosidl_typesupport_introspection_c/px4_msgs/msg/detail/tecs_status__type_support.c.o
[303.215s] [ 47%] Building C object CMakeFiles/px4_msgs__rosidl_typesupport_introspection_c.dir/rosidl_typesupport_introspection_c/px4_msgs/msg/detail/telemetry_status__type_support.c.o
[303.226s] [ 48%] Building C object CMakeFiles/px4_msgs__rosidl_typesupport_introspection_c.dir/rosidl_typesupport_introspection_c/px4_msgs/msg/detail/tiltrotor_extra_controls__type_support.c.o
[303.235s] [ 48%] Building C object CMakeFiles/px4_msgs__rosidl_typesupport_introspection_c.dir/rosidl_typesupport_introspection_c/px4_msgs/msg/detail/timesync_status__type_support.c.o
[303.242s] [ 48%] Building C object CMakeFiles/px4_msgs__rosidl_typesupport_introspection_c.dir/rosidl_typesupport_introspection_c/px4_msgs/msg/detail/trajectory_setpoint6dof__type_support.c.o
[303.242s] [ 48%] Building C object CMakeFiles/px4_msgs__rosidl_typesupport_introspection_c.dir/rosidl_typesupport_introspection_c/px4_msgs/msg/detail/trajectory_setpoint__type_support.c.o
[303.260s] [ 48%] Building C object CMakeFiles/px4_msgs__rosidl_typesupport_introspection_c.dir/rosidl_typesupport_introspection_c/px4_msgs/msg/detail/transponder_report__type_support.c.o
[303.288s] [ 48%] Building C object CMakeFiles/px4_msgs__rosidl_typesupport_introspection_c.dir/rosidl_typesupport_introspection_c/px4_msgs/msg/detail/tune_control__type_support.c.o
[303.317s] [ 48%] Building C object CMakeFiles/px4_msgs__rosidl_typesupport_introspection_c.dir/rosidl_typesupport_introspection_c/px4_msgs/msg/detail/uavcan_parameter_request__type_support.c.o
[303.322s] [ 48%] Building C object CMakeFiles/px4_msgs__rosidl_typesupport_introspection_c.dir/rosidl_typesupport_introspection_c/px4_msgs/msg/detail/uavcan_parameter_value__type_support.c.o
[303.326s] [ 48%] Building C object CMakeFiles/px4_msgs__rosidl_typesupport_introspection_c.dir/rosidl_typesupport_introspection_c/px4_msgs/msg/detail/ulog_stream__type_support.c.o
[303.349s] [ 48%] Building C object CMakeFiles/px4_msgs__rosidl_typesupport_introspection_c.dir/rosidl_typesupport_introspection_c/px4_msgs/msg/detail/ulog_stream_ack__type_support.c.o
[303.366s] [ 48%] Building C object CMakeFiles/px4_msgs__rosidl_typesupport_introspection_c.dir/rosidl_typesupport_introspection_c/px4_msgs/msg/detail/vehicle_acceleration__type_support.c.o
[303.366s] [ 48%] Building C object CMakeFiles/px4_msgs__rosidl_typesupport_introspection_c.dir/rosidl_typesupport_introspection_c/px4_msgs/msg/detail/unregister_ext_component__type_support.c.o
[303.409s] [ 48%] Building C object CMakeFiles/px4_msgs__rosidl_typesupport_introspection_c.dir/rosidl_typesupport_introspection_c/px4_msgs/msg/detail/vehicle_air_data__type_support.c.o
[303.426s] [ 48%] Building C object CMakeFiles/px4_msgs__rosidl_typesupport_introspection_c.dir/rosidl_typesupport_introspection_c/px4_msgs/msg/detail/vehicle_angular_acceleration_setpoint__type_support.c.o
[303.431s] [ 48%] Building C object CMakeFiles/px4_msgs__rosidl_typesupport_introspection_c.dir/rosidl_typesupport_introspection_c/px4_msgs/msg/detail/vehicle_angular_velocity__type_support.c.o
[303.432s] [ 48%] Building C object CMakeFiles/px4_msgs__rosidl_typesupport_introspection_c.dir/rosidl_typesupport_introspection_c/px4_msgs/msg/detail/vehicle_attitude__type_support.c.o
[303.465s] [ 48%] Building C object CMakeFiles/px4_msgs__rosidl_typesupport_introspection_c.dir/rosidl_typesupport_introspection_c/px4_msgs/msg/detail/vehicle_attitude_setpoint__type_support.c.o
[303.466s] [ 48%] Building C object CMakeFiles/px4_msgs__rosidl_typesupport_introspection_c.dir/rosidl_typesupport_introspection_c/px4_msgs/msg/detail/vehicle_command__type_support.c.o
[303.495s] [ 48%] Building C object CMakeFiles/px4_msgs__rosidl_typesupport_introspection_c.dir/rosidl_typesupport_introspection_c/px4_msgs/msg/detail/vehicle_command_ack__type_support.c.o
[303.515s] [ 48%] Building C object CMakeFiles/px4_msgs__rosidl_typesupport_introspection_c.dir/rosidl_typesupport_introspection_c/px4_msgs/msg/detail/vehicle_constraints__type_support.c.o
[303.523s] [ 48%] Building C object CMakeFiles/px4_msgs__rosidl_typesupport_introspection_c.dir/rosidl_typesupport_introspection_c/px4_msgs/msg/detail/vehicle_control_mode__type_support.c.o
[303.523s] [ 48%] Building C object CMakeFiles/px4_msgs__rosidl_typesupport_introspection_c.dir/rosidl_typesupport_introspection_c/px4_msgs/msg/detail/vehicle_global_position__type_support.c.o
[303.546s] [ 48%] Building C object CMakeFiles/px4_msgs__rosidl_typesupport_introspection_c.dir/rosidl_typesupport_introspection_c/px4_msgs/msg/detail/vehicle_imu__type_support.c.o
[303.561s] [ 48%] Building C object CMakeFiles/px4_msgs__rosidl_typesupport_introspection_c.dir/rosidl_typesupport_introspection_c/px4_msgs/msg/detail/vehicle_imu_status__type_support.c.o
[303.573s] [ 49%] Building C object CMakeFiles/px4_msgs__rosidl_typesupport_introspection_c.dir/rosidl_typesupport_introspection_c/px4_msgs/msg/detail/vehicle_land_detected__type_support.c.o
[303.582s] [ 49%] Building C object CMakeFiles/px4_msgs__rosidl_typesupport_introspection_c.dir/rosidl_typesupport_introspection_c/px4_msgs/msg/detail/vehicle_local_position__type_support.c.o
[303.616s] [ 49%] Building C object CMakeFiles/px4_msgs__rosidl_typesupport_introspection_c.dir/rosidl_typesupport_introspection_c/px4_msgs/msg/detail/vehicle_local_position_setpoint__type_support.c.o
[303.630s] [ 49%] Building C object CMakeFiles/px4_msgs__rosidl_typesupport_introspection_c.dir/rosidl_typesupport_introspection_c/px4_msgs/msg/detail/vehicle_magnetometer__type_support.c.o
[303.646s] [ 49%] Building C object CMakeFiles/px4_msgs__rosidl_typesupport_introspection_c.dir/rosidl_typesupport_introspection_c/px4_msgs/msg/detail/vehicle_odometry__type_support.c.o
[303.662s] [ 49%] Building C object CMakeFiles/px4_msgs__rosidl_typesupport_introspection_c.dir/rosidl_typesupport_introspection_c/px4_msgs/msg/detail/vehicle_optical_flow_vel__type_support.c.o
[303.667s] [ 49%] Building C object CMakeFiles/px4_msgs__rosidl_typesupport_introspection_c.dir/rosidl_typesupport_introspection_c/px4_msgs/msg/detail/vehicle_optical_flow__type_support.c.o
[303.680s] [ 49%] Building C object CMakeFiles/px4_msgs__rosidl_typesupport_introspection_c.dir/rosidl_typesupport_introspection_c/px4_msgs/msg/detail/vehicle_rates_setpoint__type_support.c.o
[303.707s] [ 49%] Building C object CMakeFiles/px4_msgs__rosidl_typesupport_introspection_c.dir/rosidl_typesupport_introspection_c/px4_msgs/msg/detail/vehicle_roi__type_support.c.o
[303.723s] [ 49%] Building C object CMakeFiles/px4_msgs__rosidl_typesupport_introspection_c.dir/rosidl_typesupport_introspection_c/px4_msgs/msg/detail/vehicle_status__type_support.c.o
[303.756s] [ 49%] Building C object CMakeFiles/px4_msgs__rosidl_typesupport_introspection_c.dir/rosidl_typesupport_introspection_c/px4_msgs/msg/detail/vehicle_thrust_setpoint__type_support.c.o
[303.769s] [ 49%] Building C object CMakeFiles/px4_msgs__rosidl_typesupport_introspection_c.dir/rosidl_typesupport_introspection_c/px4_msgs/msg/detail/vehicle_torque_setpoint__type_support.c.o
[303.771s] [ 49%] Building C object CMakeFiles/px4_msgs__rosidl_typesupport_introspection_c.dir/rosidl_typesupport_introspection_c/px4_msgs/msg/detail/velocity_limits__type_support.c.o
[303.782s] [ 49%] Building C object CMakeFiles/px4_msgs__rosidl_typesupport_introspection_c.dir/rosidl_typesupport_introspection_c/px4_msgs/msg/detail/vtol_vehicle_status__type_support.c.o
[303.791s] [ 49%] Building C object CMakeFiles/px4_msgs__rosidl_typesupport_introspection_c.dir/rosidl_typesupport_introspection_c/px4_msgs/msg/detail/wheel_encoders__type_support.c.o
[303.834s] [ 49%] Building C object CMakeFiles/px4_msgs__rosidl_typesupport_introspection_c.dir/rosidl_typesupport_introspection_c/px4_msgs/msg/detail/wind__type_support.c.o
[303.846s] [ 49%] Building C object CMakeFiles/px4_msgs__rosidl_typesupport_introspection_c.dir/rosidl_typesupport_introspection_c/px4_msgs/msg/detail/yaw_estimator_status__type_support.c.o
[303.846s] [ 49%] Building C object CMakeFiles/px4_msgs__rosidl_typesupport_introspection_c.dir/rosidl_typesupport_introspection_c/px4_msgs/srv/detail/vehicle_command__type_support.c.o
[303.922s] [ 49%] Linking C shared library libpx4_msgs__rosidl_typesupport_introspection_c.so
[304.006s] [ 49%] Built target px4_msgs__rosidl_typesupport_introspection_c
[304.034s] [ 49%] Generating C type support for eProsima Fast-RTPS
[304.065s] [ 49%] Generating C++ code for ROS interfaces
[347.931s] [ 50%] Built target px4_msgs__cpp
[347.980s] [ 50%] Generating C++ type support dispatch for ROS interfaces
[347.983s] [ 50%] Generating C++ introspection for ROS interfaces
[347.987s] [ 50%] Generating C++ type support for eProsima Fast-RTPS
[348.579s] [ 50%] Building CXX object CMakeFiles/px4_msgs__rosidl_typesupport_fastrtps_c.dir/rosidl_typesupport_fastrtps_c/px4_msgs/msg/detail/action_request__type_support_c.cpp.o
[348.586s] [ 50%] Building CXX object CMakeFiles/px4_msgs__rosidl_typesupport_fastrtps_c.dir/rosidl_typesupport_fastrtps_c/px4_msgs/msg/detail/actuator_armed__type_support_c.cpp.o
[348.587s] [ 50%] Building CXX object CMakeFiles/px4_msgs__rosidl_typesupport_fastrtps_c.dir/rosidl_typesupport_fastrtps_c/px4_msgs/msg/detail/actuator_controls_status__type_support_c.cpp.o
[348.592s] [ 50%] Building CXX object CMakeFiles/px4_msgs__rosidl_typesupport_fastrtps_c.dir/rosidl_typesupport_fastrtps_c/px4_msgs/msg/detail/actuator_motors__type_support_c.cpp.o
[348.603s] [ 50%] Building CXX object CMakeFiles/px4_msgs__rosidl_typesupport_fastrtps_c.dir/rosidl_typesupport_fastrtps_c/px4_msgs/msg/detail/actuator_outputs__type_support_c.cpp.o
[350.113s] [ 50%] Building CXX object CMakeFiles/px4_msgs__rosidl_typesupport_fastrtps_c.dir/rosidl_typesupport_fastrtps_c/px4_msgs/msg/detail/adc_report__type_support_c.cpp.o
[350.651s] [ 50%] Building CXX object CMakeFiles/px4_msgs__rosidl_typesupport_fastrtps_c.dir/rosidl_typesupport_fastrtps_c/px4_msgs/msg/detail/airspeed__type_support_c.cpp.o
[351.261s] [ 50%] Building CXX object CMakeFiles/px4_msgs__rosidl_typesupport_fastrtps_c.dir/rosidl_typesupport_fastrtps_c/px4_msgs/msg/detail/arming_check_reply__type_support_c.cpp.o
[351.782s] [ 50%] Building CXX object CMakeFiles/px4_msgs__rosidl_typesupport_fastrtps_c.dir/rosidl_typesupport_fastrtps_c/px4_msgs/msg/detail/arming_check_request__type_support_c.cpp.o
[352.195s] [ 50%] Building CXX object CMakeFiles/px4_msgs__rosidl_typesupport_fastrtps_c.dir/rosidl_typesupport_fastrtps_c/px4_msgs/msg/detail/autotune_attitude_control_status__type_support_c.cpp.o
[352.618s] [ 50%] Building CXX object CMakeFiles/px4_msgs__rosidl_typesupport_fastrtps_c.dir/rosidl_typesupport_fastrtps_c/px4_msgs/msg/detail/battery_info__type_support_c.cpp.o
[353.069s] [ 50%] Building CXX object CMakeFiles/px4_msgs__rosidl_typesupport_fastrtps_c.dir/rosidl_typesupport_fastrtps_c/px4_msgs/msg/detail/battery_status__type_support_c.cpp.o
[353.539s] [ 50%] Building CXX object CMakeFiles/px4_msgs__rosidl_typesupport_fastrtps_c.dir/rosidl_typesupport_fastrtps_c/px4_msgs/msg/detail/camera_trigger__type_support_c.cpp.o
[353.976s] [ 50%] Building CXX object CMakeFiles/px4_msgs__rosidl_typesupport_fastrtps_c.dir/rosidl_typesupport_fastrtps_c/px4_msgs/msg/detail/cellular_status__type_support_c.cpp.o
[354.374s] [ 50%] Building CXX object CMakeFiles/px4_msgs__rosidl_typesupport_fastrtps_c.dir/rosidl_typesupport_fastrtps_c/px4_msgs/msg/detail/collision_constraints__type_support_c.cpp.o
[354.952s] [ 50%] Building CXX object CMakeFiles/px4_msgs__rosidl_typesupport_fastrtps_c.dir/rosidl_typesupport_fastrtps_c/px4_msgs/msg/detail/config_overrides__type_support_c.cpp.o
[354.963s] [ 50%] Building CXX object CMakeFiles/px4_msgs__rosidl_typesupport_fastrtps_c.dir/rosidl_typesupport_fastrtps_c/px4_msgs/msg/detail/actuator_test__type_support_c.cpp.o
[355.614s] [ 50%] Building CXX object CMakeFiles/px4_msgs__rosidl_typesupport_fastrtps_c.dir/rosidl_typesupport_fastrtps_c/px4_msgs/msg/detail/control_allocator_status__type_support_c.cpp.o
[355.625s] [ 50%] Building CXX object CMakeFiles/px4_msgs__rosidl_typesupport_fastrtps_c.dir/rosidl_typesupport_fastrtps_c/px4_msgs/msg/detail/cpuload__type_support_c.cpp.o
[356.132s] [ 51%] Building CXX object CMakeFiles/px4_msgs__rosidl_typesupport_fastrtps_c.dir/rosidl_typesupport_fastrtps_c/px4_msgs/msg/detail/dataman_request__type_support_c.cpp.o
[356.270s] [ 51%] Building CXX object CMakeFiles/px4_msgs__rosidl_typesupport_fastrtps_c.dir/rosidl_typesupport_fastrtps_c/px4_msgs/msg/detail/dataman_response__type_support_c.cpp.o
[356.682s] [ 51%] Building CXX object CMakeFiles/px4_msgs__rosidl_typesupport_fastrtps_c.dir/rosidl_typesupport_fastrtps_c/px4_msgs/msg/detail/debug_array__type_support_c.cpp.o
[357.044s] [ 51%] Building CXX object CMakeFiles/px4_msgs__rosidl_typesupport_fastrtps_c.dir/rosidl_typesupport_fastrtps_c/px4_msgs/msg/detail/debug_key_value__type_support_c.cpp.o
[357.403s] [ 51%] Building CXX object CMakeFiles/px4_msgs__rosidl_typesupport_fastrtps_c.dir/rosidl_typesupport_fastrtps_c/px4_msgs/msg/detail/debug_value__type_support_c.cpp.o
[357.790s] [ 51%] Building CXX object CMakeFiles/px4_msgs__rosidl_typesupport_fastrtps_c.dir/rosidl_typesupport_fastrtps_c/px4_msgs/msg/detail/debug_vect__type_support_c.cpp.o
[358.097s] [ 51%] Building CXX object CMakeFiles/px4_msgs__rosidl_typesupport_fastrtps_c.dir/rosidl_typesupport_fastrtps_c/px4_msgs/msg/detail/differential_pressure__type_support_c.cpp.o
[358.510s] [ 51%] Building CXX object CMakeFiles/px4_msgs__rosidl_typesupport_fastrtps_c.dir/rosidl_typesupport_fastrtps_c/px4_msgs/msg/detail/distance_sensor__type_support_c.cpp.o
[358.777s] [ 51%] Building CXX object CMakeFiles/px4_msgs__rosidl_typesupport_fastrtps_c.dir/rosidl_typesupport_fastrtps_c/px4_msgs/msg/detail/distance_sensor_mode_change_request__type_support_c.cpp.o
[359.461s] [ 51%] Building CXX object CMakeFiles/px4_msgs__rosidl_typesupport_fastrtps_c.dir/rosidl_typesupport_fastrtps_c/px4_msgs/msg/detail/ekf2_timestamps__type_support_c.cpp.o
[360.075s] [ 51%] Building CXX object CMakeFiles/px4_msgs__rosidl_typesupport_fastrtps_c.dir/rosidl_typesupport_fastrtps_c/px4_msgs/msg/detail/esc_status__type_support_c.cpp.o
[360.689s] [ 51%] Building CXX object CMakeFiles/px4_msgs__rosidl_typesupport_fastrtps_c.dir/rosidl_typesupport_fastrtps_c/px4_msgs/msg/detail/estimator_aid_source1d__type_support_c.cpp.o
[361.320s] [ 51%] Building CXX object CMakeFiles/px4_msgs__rosidl_typesupport_fastrtps_c.dir/rosidl_typesupport_fastrtps_c/px4_msgs/msg/detail/estimator_aid_source3d__type_support_c.cpp.o
[361.952s] [ 51%] Building CXX object CMakeFiles/px4_msgs__rosidl_typesupport_fastrtps_c.dir/rosidl_typesupport_fastrtps_c/px4_msgs/msg/detail/estimator_bias__type_support_c.cpp.o
[362.579s] [ 51%] Building CXX object CMakeFiles/px4_msgs__rosidl_typesupport_fastrtps_c.dir/rosidl_typesupport_fastrtps_c/px4_msgs/msg/detail/estimator_innovations__type_support_c.cpp.o
[363.088s] [ 51%] Building CXX object CMakeFiles/px4_msgs__rosidl_typesupport_fastrtps_c.dir/rosidl_typesupport_fastrtps_c/px4_msgs/msg/detail/estimator_selector_status__type_support_c.cpp.o
[363.722s] [ 52%] Building CXX object CMakeFiles/px4_msgs__rosidl_typesupport_fastrtps_c.dir/rosidl_typesupport_fastrtps_c/px4_msgs/msg/detail/estimator_sensor_bias__type_support_c.cpp.o
[364.348s] [ 52%] Building CXX object CMakeFiles/px4_msgs__rosidl_typesupport_fastrtps_c.dir/rosidl_typesupport_fastrtps_c/px4_msgs/msg/detail/estimator_states__type_support_c.cpp.o
[364.770s] [ 52%] Building CXX object CMakeFiles/px4_msgs__rosidl_typesupport_fastrtps_c.dir/rosidl_typesupport_fastrtps_c/px4_msgs/msg/detail/dronecan_node_status__type_support_c.cpp.o
[364.772s] [ 52%] Building CXX object CMakeFiles/px4_msgs__rosidl_typesupport_fastrtps_c.dir/rosidl_typesupport_fastrtps_c/px4_msgs/msg/detail/estimator_status__type_support_c.cpp.o
[365.329s] [ 52%] Building CXX object CMakeFiles/px4_msgs__rosidl_typesupport_fastrtps_c.dir/rosidl_typesupport_fastrtps_c/px4_msgs/msg/detail/event__type_support_c.cpp.o
[365.463s] [ 52%] Building CXX object CMakeFiles/px4_msgs__rosidl_typesupport_fastrtps_c.dir/rosidl_typesupport_fastrtps_c/px4_msgs/msg/detail/failsafe_flags__type_support_c.cpp.o
[365.978s] [ 52%] Building CXX object CMakeFiles/px4_msgs__rosidl_typesupport_fastrtps_c.dir/rosidl_typesupport_fastrtps_c/px4_msgs/msg/detail/failure_detector_status__type_support_c.cpp.o
[366.165s] [ 52%] Building CXX object CMakeFiles/px4_msgs__rosidl_typesupport_fastrtps_c.dir/rosidl_typesupport_fastrtps_c/px4_msgs/msg/detail/figure_eight_status__type_support_c.cpp.o
[366.622s] [ 52%] Building CXX object CMakeFiles/px4_msgs__rosidl_typesupport_fastrtps_c.dir/rosidl_typesupport_fastrtps_c/px4_msgs/msg/detail/fixed_wing_lateral_guidance_status__type_support_c.cpp.o
[366.796s] [ 52%] Building CXX object CMakeFiles/px4_msgs__rosidl_typesupport_fastrtps_c.dir/rosidl_typesupport_fastrtps_c/px4_msgs/msg/detail/fixed_wing_lateral_setpoint__type_support_c.cpp.o
[367.259s] [ 52%] Building CXX object CMakeFiles/px4_msgs__rosidl_typesupport_fastrtps_c.dir/rosidl_typesupport_fastrtps_c/px4_msgs/msg/detail/fixed_wing_lateral_status__type_support_c.cpp.o
[367.419s] [ 52%] Building CXX object CMakeFiles/px4_msgs__rosidl_typesupport_fastrtps_c.dir/rosidl_typesupport_fastrtps_c/px4_msgs/msg/detail/fixed_wing_longitudinal_setpoint__type_support_c.cpp.o
[367.876s] [ 52%] Building CXX object CMakeFiles/px4_msgs__rosidl_typesupport_fastrtps_c.dir/rosidl_typesupport_fastrtps_c/px4_msgs/msg/detail/fixed_wing_runway_control__type_support_c.cpp.o
[368.072s] [ 52%] Building CXX object CMakeFiles/px4_msgs__rosidl_typesupport_fastrtps_c.dir/rosidl_typesupport_fastrtps_c/px4_msgs/msg/detail/flight_phase_estimation__type_support_c.cpp.o
[368.502s] [ 52%] Building CXX object CMakeFiles/px4_msgs__rosidl_typesupport_fastrtps_c.dir/rosidl_typesupport_fastrtps_c/px4_msgs/msg/detail/follow_target__type_support_c.cpp.o
[368.687s] [ 52%] Building CXX object CMakeFiles/px4_msgs__rosidl_typesupport_fastrtps_c.dir/rosidl_typesupport_fastrtps_c/px4_msgs/msg/detail/follow_target_estimator__type_support_c.cpp.o
[369.142s] [ 52%] Building CXX object CMakeFiles/px4_msgs__rosidl_typesupport_fastrtps_c.dir/rosidl_typesupport_fastrtps_c/px4_msgs/msg/detail/follow_target_status__type_support_c.cpp.o
[369.330s] [ 52%] Building CXX object CMakeFiles/px4_msgs__rosidl_typesupport_fastrtps_c.dir/rosidl_typesupport_fastrtps_c/px4_msgs/msg/detail/fuel_tank_status__type_support_c.cpp.o
[369.838s] [ 52%] Building CXX object CMakeFiles/px4_msgs__rosidl_typesupport_fastrtps_c.dir/rosidl_typesupport_fastrtps_c/px4_msgs/msg/detail/generator_status__type_support_c.cpp.o
[369.999s] [ 52%] Building CXX object CMakeFiles/px4_msgs__rosidl_typesupport_fastrtps_c.dir/rosidl_typesupport_fastrtps_c/px4_msgs/msg/detail/geofence_result__type_support_c.cpp.o
[370.483s] [ 52%] Building CXX object CMakeFiles/px4_msgs__rosidl_typesupport_fastrtps_c.dir/rosidl_typesupport_fastrtps_c/px4_msgs/msg/detail/geofence_status__type_support_c.cpp.o
[370.626s] [ 52%] Building CXX object CMakeFiles/px4_msgs__rosidl_typesupport_fastrtps_c.dir/rosidl_typesupport_fastrtps_c/px4_msgs/msg/detail/gimbal_controls__type_support_c.cpp.o
[371.112s] [ 52%] Building CXX object CMakeFiles/px4_msgs__rosidl_typesupport_fastrtps_c.dir/rosidl_typesupport_fastrtps_c/px4_msgs/msg/detail/gimbal_device_attitude_status__type_support_c.cpp.o
[371.276s] [ 52%] Building CXX object CMakeFiles/px4_msgs__rosidl_typesupport_fastrtps_c.dir/rosidl_typesupport_fastrtps_c/px4_msgs/msg/detail/gimbal_device_information__type_support_c.cpp.o
[371.740s] [ 53%] Building CXX object CMakeFiles/px4_msgs__rosidl_typesupport_fastrtps_c.dir/rosidl_typesupport_fastrtps_c/px4_msgs/msg/detail/gimbal_device_set_attitude__type_support_c.cpp.o
[371.967s] [ 53%] Building CXX object CMakeFiles/px4_msgs__rosidl_typesupport_fastrtps_c.dir/rosidl_typesupport_fastrtps_c/px4_msgs/msg/detail/gimbal_manager_information__type_support_c.cpp.o
[372.287s] [ 53%] Building CXX object CMakeFiles/px4_msgs__rosidl_typesupport_fastrtps_c.dir/rosidl_typesupport_fastrtps_c/px4_msgs/msg/detail/gimbal_manager_set_attitude__type_support_c.cpp.o
[372.614s] [ 53%] Building CXX object CMakeFiles/px4_msgs__rosidl_typesupport_fastrtps_c.dir/rosidl_typesupport_fastrtps_c/px4_msgs/msg/detail/gimbal_manager_set_manual_control__type_support_c.cpp.o
[372.862s] [ 53%] Building CXX object CMakeFiles/px4_msgs__rosidl_typesupport_fastrtps_c.dir/rosidl_typesupport_fastrtps_c/px4_msgs/msg/detail/gimbal_manager_status__type_support_c.cpp.o
[373.260s] [ 53%] Building CXX object CMakeFiles/px4_msgs__rosidl_typesupport_fastrtps_c.dir/rosidl_typesupport_fastrtps_c/px4_msgs/msg/detail/goto_setpoint__type_support_c.cpp.o
[373.510s] [ 53%] Building CXX object CMakeFiles/px4_msgs__rosidl_typesupport_fastrtps_c.dir/rosidl_typesupport_fastrtps_c/px4_msgs/msg/detail/gpio_config__type_support_c.cpp.o
[373.926s] [ 53%] Building CXX object CMakeFiles/px4_msgs__rosidl_typesupport_fastrtps_c.dir/rosidl_typesupport_fastrtps_c/px4_msgs/msg/detail/gpio_in__type_support_c.cpp.o
[374.140s] [ 53%] Building CXX object CMakeFiles/px4_msgs__rosidl_typesupport_fastrtps_c.dir/rosidl_typesupport_fastrtps_c/px4_msgs/msg/detail/gpio_out__type_support_c.cpp.o
[374.545s] [ 53%] Building CXX object CMakeFiles/px4_msgs__rosidl_typesupport_fastrtps_c.dir/rosidl_typesupport_fastrtps_c/px4_msgs/msg/detail/gpio_request__type_support_c.cpp.o
[374.748s] [ 53%] Building CXX object CMakeFiles/px4_msgs__rosidl_typesupport_fastrtps_c.dir/rosidl_typesupport_fastrtps_c/px4_msgs/msg/detail/gps_dump__type_support_c.cpp.o
[375.174s] [ 53%] Building CXX object CMakeFiles/px4_msgs__rosidl_typesupport_fastrtps_c.dir/rosidl_typesupport_fastrtps_c/px4_msgs/msg/detail/gps_inject_data__type_support_c.cpp.o
[375.370s] [ 53%] Building CXX object CMakeFiles/px4_msgs__rosidl_typesupport_fastrtps_c.dir/rosidl_typesupport_fastrtps_c/px4_msgs/msg/detail/gripper__type_support_c.cpp.o
[375.821s] [ 53%] Building CXX object CMakeFiles/px4_msgs__rosidl_typesupport_fastrtps_c.dir/rosidl_typesupport_fastrtps_c/px4_msgs/msg/detail/health_report__type_support_c.cpp.o
[376.001s] [ 53%] Building CXX object CMakeFiles/px4_msgs__rosidl_typesupport_fastrtps_c.dir/rosidl_typesupport_fastrtps_c/px4_msgs/msg/detail/heater_status__type_support_c.cpp.o
[376.452s] [ 53%] Building CXX object CMakeFiles/px4_msgs__rosidl_typesupport_fastrtps_c.dir/rosidl_typesupport_fastrtps_c/px4_msgs/msg/detail/home_position__type_support_c.cpp.o
[376.638s] [ 53%] Building CXX object CMakeFiles/px4_msgs__rosidl_typesupport_fastrtps_c.dir/rosidl_typesupport_fastrtps_c/px4_msgs/msg/detail/hover_thrust_estimate__type_support_c.cpp.o
[377.113s] [ 53%] Building CXX object CMakeFiles/px4_msgs__rosidl_typesupport_fastrtps_c.dir/rosidl_typesupport_fastrtps_c/px4_msgs/msg/detail/input_rc__type_support_c.cpp.o
[377.246s] [ 53%] Building CXX object CMakeFiles/px4_msgs__rosidl_typesupport_fastrtps_c.dir/rosidl_typesupport_fastrtps_c/px4_msgs/msg/detail/internal_combustion_engine_control__type_support_c.cpp.o
[377.657s] [ 53%] Building CXX object CMakeFiles/px4_msgs__rosidl_typesupport_fastrtps_c.dir/rosidl_typesupport_fastrtps_c/px4_msgs/msg/detail/internal_combustion_engine_status__type_support_c.cpp.o
[377.784s] [ 53%] Building CXX object CMakeFiles/px4_msgs__rosidl_typesupport_fastrtps_c.dir/rosidl_typesupport_fastrtps_c/px4_msgs/msg/detail/iridiumsbd_status__type_support_c.cpp.o
[378.265s] [ 53%] Building CXX object CMakeFiles/px4_msgs__rosidl_typesupport_fastrtps_c.dir/rosidl_typesupport_fastrtps_c/px4_msgs/msg/detail/irlock_report__type_support_c.cpp.o
[378.369s] [ 53%] Building CXX object CMakeFiles/px4_msgs__rosidl_typesupport_fastrtps_c.dir/rosidl_typesupport_fastrtps_c/px4_msgs/msg/detail/landing_gear__type_support_c.cpp.o
[378.881s] [ 53%] Building CXX object CMakeFiles/px4_msgs__rosidl_typesupport_fastrtps_c.dir/rosidl_typesupport_fastrtps_c/px4_msgs/msg/detail/landing_gear_wheel__type_support_c.cpp.o
[378.915s] [ 53%] Building CXX object CMakeFiles/px4_msgs__rosidl_typesupport_fastrtps_c.dir/rosidl_typesupport_fastrtps_c/px4_msgs/msg/detail/landing_target_innovations__type_support_c.cpp.o
[379.519s] [ 54%] Building CXX object CMakeFiles/px4_msgs__rosidl_typesupport_fastrtps_c.dir/rosidl_typesupport_fastrtps_c/px4_msgs/msg/detail/landing_target_pose__type_support_c.cpp.o
[379.532s] [ 54%] Building CXX object CMakeFiles/px4_msgs__rosidl_typesupport_fastrtps_c.dir/rosidl_typesupport_fastrtps_c/px4_msgs/msg/detail/actuator_servos_trim__type_support_c.cpp.o
[379.572s] [ 54%] Building CXX object CMakeFiles/px4_msgs__rosidl_typesupport_fastrtps_c.dir/rosidl_typesupport_fastrtps_c/px4_msgs/msg/detail/lateral_control_configuration__type_support_c.cpp.o
[380.197s] [ 54%] Building CXX object CMakeFiles/px4_msgs__rosidl_typesupport_fastrtps_c.dir/rosidl_typesupport_fastrtps_c/px4_msgs/msg/detail/launch_detection_status__type_support_c.cpp.o
[380.226s] [ 54%] Building CXX object CMakeFiles/px4_msgs__rosidl_typesupport_fastrtps_c.dir/rosidl_typesupport_fastrtps_c/px4_msgs/msg/detail/led_control__type_support_c.cpp.o
[380.297s] [ 54%] Building CXX object CMakeFiles/px4_msgs__rosidl_typesupport_fastrtps_c.dir/rosidl_typesupport_fastrtps_c/px4_msgs/msg/detail/log_message__type_support_c.cpp.o
[380.965s] [ 54%] Building CXX object CMakeFiles/px4_msgs__rosidl_typesupport_fastrtps_c.dir/rosidl_typesupport_fastrtps_c/px4_msgs/msg/detail/logger_status__type_support_c.cpp.o
[381.009s] [ 54%] Building CXX object CMakeFiles/px4_msgs__rosidl_typesupport_fastrtps_c.dir/rosidl_typesupport_fastrtps_c/px4_msgs/msg/detail/longitudinal_control_configuration__type_support_c.cpp.o
[381.023s] [ 54%] Building CXX object CMakeFiles/px4_msgs__rosidl_typesupport_fastrtps_c.dir/rosidl_typesupport_fastrtps_c/px4_msgs/msg/detail/mag_worker_data__type_support_c.cpp.o
[381.722s] [ 54%] Building CXX object CMakeFiles/px4_msgs__rosidl_typesupport_fastrtps_c.dir/rosidl_typesupport_fastrtps_c/px4_msgs/msg/detail/magnetometer_bias_estimate__type_support_c.cpp.o
[381.733s] [ 54%] Building CXX object CMakeFiles/px4_msgs__rosidl_typesupport_fastrtps_c.dir/rosidl_typesupport_fastrtps_c/px4_msgs/msg/detail/actuator_servos__type_support_c.cpp.o
[381.815s] [ 54%] Building CXX object CMakeFiles/px4_msgs__rosidl_typesupport_fastrtps_c.dir/rosidl_typesupport_fastrtps_c/px4_msgs/msg/detail/manual_control_setpoint__type_support_c.cpp.o
[381.818s] [ 54%] Building CXX object CMakeFiles/px4_msgs__rosidl_typesupport_fastrtps_c.dir/rosidl_typesupport_fastrtps_c/px4_msgs/msg/detail/manual_control_switches__type_support_c.cpp.o
[382.513s] [ 54%] Building CXX object CMakeFiles/px4_msgs__rosidl_typesupport_fastrtps_c.dir/rosidl_typesupport_fastrtps_c/px4_msgs/msg/detail/mavlink_log__type_support_c.cpp.o
[382.744s] [ 54%] Building CXX object CMakeFiles/px4_msgs__rosidl_typesupport_fastrtps_c.dir/rosidl_typesupport_fastrtps_c/px4_msgs/msg/detail/mavlink_tunnel__type_support_c.cpp.o
[382.989s] [ 54%] Building CXX object CMakeFiles/px4_msgs__rosidl_typesupport_fastrtps_c.dir/rosidl_typesupport_fastrtps_c/px4_msgs/msg/detail/message_format_request__type_support_c.cpp.o
[383.027s] [ 54%] Building CXX object CMakeFiles/px4_msgs__rosidl_typesupport_fastrtps_c.dir/rosidl_typesupport_fastrtps_c/px4_msgs/msg/detail/message_format_response__type_support_c.cpp.o
[383.695s] [ 54%] Building CXX object CMakeFiles/px4_msgs__rosidl_typesupport_fastrtps_c.dir/rosidl_typesupport_fastrtps_c/px4_msgs/msg/detail/mission__type_support_c.cpp.o
[383.702s] [ 54%] Building CXX object CMakeFiles/px4_msgs__rosidl_typesupport_fastrtps_c.dir/rosidl_typesupport_fastrtps_c/px4_msgs/msg/detail/mission_result__type_support_c.cpp.o
[383.752s] [ 54%] Building CXX object CMakeFiles/px4_msgs__rosidl_typesupport_fastrtps_c.dir/rosidl_typesupport_fastrtps_c/px4_msgs/msg/detail/mode_completed__type_support_c.cpp.o
[383.837s] [ 54%] Building CXX object CMakeFiles/px4_msgs__rosidl_typesupport_fastrtps_c.dir/rosidl_typesupport_fastrtps_c/px4_msgs/msg/detail/mount_orientation__type_support_c.cpp.o
[384.756s] [ 54%] Building CXX object CMakeFiles/px4_msgs__rosidl_typesupport_fastrtps_c.dir/rosidl_typesupport_fastrtps_c/px4_msgs/msg/detail/normalized_unsigned_setpoint__type_support_c.cpp.o
[385.184s] [ 54%] Building CXX object CMakeFiles/px4_msgs__rosidl_typesupport_fastrtps_c.dir/rosidl_typesupport_fastrtps_c/px4_msgs/msg/detail/obstacle_distance__type_support_c.cpp.o
[385.579s] [ 55%] Building CXX object CMakeFiles/px4_msgs__rosidl_typesupport_fastrtps_c.dir/rosidl_typesupport_fastrtps_c/px4_msgs/msg/detail/offboard_control_mode__type_support_c.cpp.o
[386.019s] [ 55%] Building CXX object CMakeFiles/px4_msgs__rosidl_typesupport_fastrtps_c.dir/rosidl_typesupport_fastrtps_c/px4_msgs/msg/detail/onboard_computer_status__type_support_c.cpp.o
[386.428s] [ 55%] Building CXX object CMakeFiles/px4_msgs__rosidl_typesupport_fastrtps_c.dir/rosidl_typesupport_fastrtps_c/px4_msgs/msg/detail/open_drone_id_operator_id__type_support_c.cpp.o
[386.814s] [ 55%] Building CXX object CMakeFiles/px4_msgs__rosidl_typesupport_fastrtps_c.dir/rosidl_typesupport_fastrtps_c/px4_msgs/msg/detail/open_drone_id_self_id__type_support_c.cpp.o
[387.199s] [ 55%] Building CXX object CMakeFiles/px4_msgs__rosidl_typesupport_fastrtps_c.dir/rosidl_typesupport_fastrtps_c/px4_msgs/msg/detail/open_drone_id_system__type_support_c.cpp.o
[387.607s] [ 55%] Building CXX object CMakeFiles/px4_msgs__rosidl_typesupport_fastrtps_c.dir/rosidl_typesupport_fastrtps_c/px4_msgs/msg/detail/orb_test__type_support_c.cpp.o
[387.989s] [ 55%] Building CXX object CMakeFiles/px4_msgs__rosidl_typesupport_fastrtps_c.dir/rosidl_typesupport_fastrtps_c/px4_msgs/msg/detail/orb_test_large__type_support_c.cpp.o
[388.374s] [ 55%] Building CXX object CMakeFiles/px4_msgs__rosidl_typesupport_fastrtps_c.dir/rosidl_typesupport_fastrtps_c/px4_msgs/msg/detail/orbit_status__type_support_c.cpp.o
[388.769s] [ 55%] Building CXX object CMakeFiles/px4_msgs__rosidl_typesupport_fastrtps_c.dir/rosidl_typesupport_fastrtps_c/px4_msgs/msg/detail/parameter_reset_request__type_support_c.cpp.o
[389.187s] [ 55%] Building CXX object CMakeFiles/px4_msgs__rosidl_typesupport_fastrtps_c.dir/rosidl_typesupport_fastrtps_c/px4_msgs/msg/detail/parameter_set_used_request__type_support_c.cpp.o
[389.582s] [ 55%] Building CXX object CMakeFiles/px4_msgs__rosidl_typesupport_fastrtps_c.dir/rosidl_typesupport_fastrtps_c/px4_msgs/msg/detail/neural_control__type_support_c.cpp.o
[389.582s] [ 55%] Building CXX object CMakeFiles/px4_msgs__rosidl_typesupport_fastrtps_c.dir/rosidl_typesupport_fastrtps_c/px4_msgs/msg/detail/parameter_set_value_request__type_support_c.cpp.o
[390.208s] [ 55%] Building CXX object CMakeFiles/px4_msgs__rosidl_typesupport_fastrtps_c.dir/rosidl_typesupport_fastrtps_c/px4_msgs/msg/detail/parameter_set_value_response__type_support_c.cpp.o
[390.215s] [ 55%] Building CXX object CMakeFiles/px4_msgs__rosidl_typesupport_fastrtps_c.dir/rosidl_typesupport_fastrtps_c/px4_msgs/msg/detail/parameter_update__type_support_c.cpp.o
[390.620s] [ 55%] Building CXX object CMakeFiles/px4_msgs__rosidl_typesupport_fastrtps_c.dir/rosidl_typesupport_fastrtps_c/px4_msgs/msg/detail/ping__type_support_c.cpp.o
[390.821s] [ 55%] Building CXX object CMakeFiles/px4_msgs__rosidl_typesupport_fastrtps_c.dir/rosidl_typesupport_fastrtps_c/px4_msgs/msg/detail/position_controller_landing_status__type_support_c.cpp.o
[391.160s] [ 55%] Building CXX object CMakeFiles/px4_msgs__rosidl_typesupport_fastrtps_c.dir/rosidl_typesupport_fastrtps_c/px4_msgs/msg/detail/position_controller_status__type_support_c.cpp.o
[391.461s] [ 55%] Building CXX object CMakeFiles/px4_msgs__rosidl_typesupport_fastrtps_c.dir/rosidl_typesupport_fastrtps_c/px4_msgs/msg/detail/position_setpoint__type_support_c.cpp.o
[391.798s] [ 55%] Building CXX object CMakeFiles/px4_msgs__rosidl_typesupport_fastrtps_c.dir/rosidl_typesupport_fastrtps_c/px4_msgs/msg/detail/position_setpoint_triplet__type_support_c.cpp.o
[392.129s] [ 55%] Building CXX object CMakeFiles/px4_msgs__rosidl_typesupport_fastrtps_c.dir/rosidl_typesupport_fastrtps_c/px4_msgs/msg/detail/power_button_state__type_support_c.cpp.o
[392.439s] [ 55%] Building CXX object CMakeFiles/px4_msgs__rosidl_typesupport_fastrtps_c.dir/rosidl_typesupport_fastrtps_c/px4_msgs/msg/detail/power_monitor__type_support_c.cpp.o
[392.452s] [ 55%] Building CXX object CMakeFiles/px4_msgs__rosidl_typesupport_fastrtps_c.dir/rosidl_typesupport_fastrtps_c/px4_msgs/msg/detail/pps_capture__type_support_c.cpp.o
[392.755s] [ 56%] Building CXX object CMakeFiles/px4_msgs__rosidl_typesupport_fastrtps_c.dir/rosidl_typesupport_fastrtps_c/px4_msgs/msg/detail/navigator_status__type_support_c.cpp.o
[393.097s] [ 56%] Building CXX object CMakeFiles/px4_msgs__rosidl_typesupport_fastrtps_c.dir/rosidl_typesupport_fastrtps_c/px4_msgs/msg/detail/pure_pursuit_status__type_support_c.cpp.o
[393.114s] [ 56%] Building CXX object CMakeFiles/px4_msgs__rosidl_typesupport_fastrtps_c.dir/rosidl_typesupport_fastrtps_c/px4_msgs/msg/detail/pwm_input__type_support_c.cpp.o
[393.387s] [ 56%] Building CXX object CMakeFiles/px4_msgs__rosidl_typesupport_fastrtps_c.dir/rosidl_typesupport_fastrtps_c/px4_msgs/msg/detail/px4io_status__type_support_c.cpp.o
[393.749s] [ 56%] Building CXX object CMakeFiles/px4_msgs__rosidl_typesupport_fastrtps_c.dir/rosidl_typesupport_fastrtps_c/px4_msgs/msg/detail/qshell_req__type_support_c.cpp.o
[393.766s] [ 56%] Building CXX object CMakeFiles/px4_msgs__rosidl_typesupport_fastrtps_c.dir/rosidl_typesupport_fastrtps_c/px4_msgs/msg/detail/qshell_retval__type_support_c.cpp.o
[394.100s] [ 56%] Building CXX object CMakeFiles/px4_msgs__rosidl_typesupport_fastrtps_c.dir/rosidl_typesupport_fastrtps_c/px4_msgs/msg/detail/radio_status__type_support_c.cpp.o
[394.387s] [ 56%] Building CXX object CMakeFiles/px4_msgs__rosidl_typesupport_fastrtps_c.dir/rosidl_typesupport_fastrtps_c/px4_msgs/msg/detail/rate_ctrl_status__type_support_c.cpp.o
[394.396s] [ 56%] Building CXX object CMakeFiles/px4_msgs__rosidl_typesupport_fastrtps_c.dir/rosidl_typesupport_fastrtps_c/px4_msgs/msg/detail/rc_channels__type_support_c.cpp.o
[394.754s] [ 56%] Building CXX object CMakeFiles/px4_msgs__rosidl_typesupport_fastrtps_c.dir/rosidl_typesupport_fastrtps_c/px4_msgs/msg/detail/rc_parameter_map__type_support_c.cpp.o
[394.969s] [ 56%] Building CXX object CMakeFiles/px4_msgs__rosidl_typesupport_fastrtps_c.dir/rosidl_typesupport_fastrtps_c/px4_msgs/msg/detail/register_ext_component_reply__type_support_c.cpp.o
[395.063s] [ 56%] Building CXX object CMakeFiles/px4_msgs__rosidl_typesupport_fastrtps_c.dir/rosidl_typesupport_fastrtps_c/px4_msgs/msg/detail/register_ext_component_request__type_support_c.cpp.o
[395.405s] [ 56%] Building CXX object CMakeFiles/px4_msgs__rosidl_typesupport_fastrtps_c.dir/rosidl_typesupport_fastrtps_c/px4_msgs/msg/detail/rover_attitude_setpoint__type_support_c.cpp.o
[395.626s] [ 56%] Building CXX object CMakeFiles/px4_msgs__rosidl_typesupport_fastrtps_c.dir/rosidl_typesupport_fastrtps_c/px4_msgs/msg/detail/rover_attitude_status__type_support_c.cpp.o
[395.731s] [ 56%] Building CXX object CMakeFiles/px4_msgs__rosidl_typesupport_fastrtps_c.dir/rosidl_typesupport_fastrtps_c/px4_msgs/msg/detail/rover_position_setpoint__type_support_c.cpp.o
[396.047s] [ 56%] Building CXX object CMakeFiles/px4_msgs__rosidl_typesupport_fastrtps_c.dir/rosidl_typesupport_fastrtps_c/px4_msgs/msg/detail/rover_rate_setpoint__type_support_c.cpp.o
[396.272s] [ 56%] Building CXX object CMakeFiles/px4_msgs__rosidl_typesupport_fastrtps_c.dir/rosidl_typesupport_fastrtps_c/px4_msgs/msg/detail/rover_rate_status__type_support_c.cpp.o
[396.379s] [ 56%] Building CXX object CMakeFiles/px4_msgs__rosidl_typesupport_fastrtps_c.dir/rosidl_typesupport_fastrtps_c/px4_msgs/msg/detail/rover_speed_setpoint__type_support_c.cpp.o
[396.685s] [ 56%] Building CXX object CMakeFiles/px4_msgs__rosidl_typesupport_fastrtps_c.dir/rosidl_typesupport_fastrtps_c/px4_msgs/msg/detail/rover_speed_status__type_support_c.cpp.o
[396.888s] [ 56%] Building CXX object CMakeFiles/px4_msgs__rosidl_typesupport_fastrtps_c.dir/rosidl_typesupport_fastrtps_c/px4_msgs/msg/detail/rover_steering_setpoint__type_support_c.cpp.o
[397.024s] [ 56%] Building CXX object CMakeFiles/px4_msgs__rosidl_typesupport_fastrtps_c.dir/rosidl_typesupport_fastrtps_c/px4_msgs/msg/detail/rover_throttle_setpoint__type_support_c.cpp.o
[397.331s] [ 56%] Building CXX object CMakeFiles/px4_msgs__rosidl_typesupport_fastrtps_c.dir/rosidl_typesupport_fastrtps_c/px4_msgs/msg/detail/rpm__type_support_c.cpp.o
[397.517s] [ 56%] Building CXX object CMakeFiles/px4_msgs__rosidl_typesupport_fastrtps_c.dir/rosidl_typesupport_fastrtps_c/px4_msgs/msg/detail/rtl_status__type_support_c.cpp.o
[397.673s] [ 56%] Building CXX object CMakeFiles/px4_msgs__rosidl_typesupport_fastrtps_c.dir/rosidl_typesupport_fastrtps_c/px4_msgs/msg/detail/rtl_time_estimate__type_support_c.cpp.o
[397.970s] [ 56%] Building CXX object CMakeFiles/px4_msgs__rosidl_typesupport_fastrtps_c.dir/rosidl_typesupport_fastrtps_c/px4_msgs/msg/detail/satellite_info__type_support_c.cpp.o
[398.171s] [ 56%] Building CXX object CMakeFiles/px4_msgs__rosidl_typesupport_fastrtps_c.dir/rosidl_typesupport_fastrtps_c/px4_msgs/msg/detail/sensor_accel__type_support_c.cpp.o
[398.327s] [ 57%] Building CXX object CMakeFiles/px4_msgs__rosidl_typesupport_fastrtps_c.dir/rosidl_typesupport_fastrtps_c/px4_msgs/msg/detail/sensor_accel_fifo__type_support_c.cpp.o
[398.622s] [ 57%] Building CXX object CMakeFiles/px4_msgs__rosidl_typesupport_fastrtps_c.dir/rosidl_typesupport_fastrtps_c/px4_msgs/msg/detail/sensor_airflow__type_support_c.cpp.o
[398.809s] [ 57%] Building CXX object CMakeFiles/px4_msgs__rosidl_typesupport_fastrtps_c.dir/rosidl_typesupport_fastrtps_c/px4_msgs/msg/detail/sensor_baro__type_support_c.cpp.o
[399.000s] [ 57%] Building CXX object CMakeFiles/px4_msgs__rosidl_typesupport_fastrtps_c.dir/rosidl_typesupport_fastrtps_c/px4_msgs/msg/detail/sensor_combined__type_support_c.cpp.o
[399.579s] [ 57%] Building CXX object CMakeFiles/px4_msgs__rosidl_typesupport_fastrtps_c.dir/rosidl_typesupport_fastrtps_c/px4_msgs/msg/detail/sensor_gnss_status__type_support_c.cpp.o
[399.975s] [ 57%] Building CXX object CMakeFiles/px4_msgs__rosidl_typesupport_fastrtps_c.dir/rosidl_typesupport_fastrtps_c/px4_msgs/msg/detail/sensor_gps__type_support_c.cpp.o
[400.401s] [ 57%] Building CXX object CMakeFiles/px4_msgs__rosidl_typesupport_fastrtps_c.dir/rosidl_typesupport_fastrtps_c/px4_msgs/msg/detail/sensor_gyro__type_support_c.cpp.o
[400.853s] [ 57%] Building CXX object CMakeFiles/px4_msgs__rosidl_typesupport_fastrtps_c.dir/rosidl_typesupport_fastrtps_c/px4_msgs/msg/detail/sensor_gyro_fft__type_support_c.cpp.o
[401.252s] [ 57%] Building CXX object CMakeFiles/px4_msgs__rosidl_typesupport_fastrtps_c.dir/rosidl_typesupport_fastrtps_c/px4_msgs/msg/detail/sensor_gyro_fifo__type_support_c.cpp.o
[401.661s] [ 57%] Building CXX object CMakeFiles/px4_msgs__rosidl_typesupport_fastrtps_c.dir/rosidl_typesupport_fastrtps_c/px4_msgs/msg/detail/sensor_hygrometer__type_support_c.cpp.o
[402.195s] [ 57%] Building CXX object CMakeFiles/px4_msgs__rosidl_typesupport_fastrtps_c.dir/rosidl_typesupport_fastrtps_c/px4_msgs/msg/detail/sensor_mag__type_support_c.cpp.o
[402.670s] [ 57%] Building CXX object CMakeFiles/px4_msgs__rosidl_typesupport_fastrtps_c.dir/rosidl_typesupport_fastrtps_c/px4_msgs/msg/detail/sensor_optical_flow__type_support_c.cpp.o
[403.197s] [ 57%] Building CXX object CMakeFiles/px4_msgs__rosidl_typesupport_fastrtps_c.dir/rosidl_typesupport_fastrtps_c/px4_msgs/msg/detail/sensor_preflight_mag__type_support_c.cpp.o
[403.632s] [ 57%] Building CXX object CMakeFiles/px4_msgs__rosidl_typesupport_fastrtps_c.dir/rosidl_typesupport_fastrtps_c/px4_msgs/msg/detail/sensor_selection__type_support_c.cpp.o
[403.939s] [ 57%] Building CXX object CMakeFiles/px4_msgs__rosidl_typesupport_cpp.dir/rosidl_typesupport_cpp/px4_msgs/msg/action_request__type_support.cpp.o
[404.065s] [ 57%] Building CXX object CMakeFiles/px4_msgs__rosidl_typesupport_fastrtps_c.dir/rosidl_typesupport_fastrtps_c/px4_msgs/msg/detail/sensor_uwb__type_support_c.cpp.o
[404.329s] [ 57%] Building CXX object CMakeFiles/px4_msgs__rosidl_typesupport_cpp.dir/rosidl_typesupport_cpp/px4_msgs/msg/actuator_armed__type_support.cpp.o
[404.490s] [ 57%] Building CXX object CMakeFiles/px4_msgs__rosidl_typesupport_fastrtps_c.dir/rosidl_typesupport_fastrtps_c/px4_msgs/msg/detail/sensor_gnss_relative__type_support_c.cpp.o
[404.490s] [ 57%] Building CXX object CMakeFiles/px4_msgs__rosidl_typesupport_fastrtps_c.dir/rosidl_typesupport_fastrtps_c/px4_msgs/msg/detail/sensors_status__type_support_c.cpp.o
[404.736s] [ 58%] Building CXX object CMakeFiles/px4_msgs__rosidl_typesupport_cpp.dir/rosidl_typesupport_cpp/px4_msgs/msg/actuator_controls_status__type_support.cpp.o
[405.077s] [ 58%] Building CXX object CMakeFiles/px4_msgs__rosidl_typesupport_fastrtps_c.dir/rosidl_typesupport_fastrtps_c/px4_msgs/msg/detail/sensors_status_imu__type_support_c.cpp.o
[405.078s] [ 58%] Building CXX object CMakeFiles/px4_msgs__rosidl_typesupport_cpp.dir/rosidl_typesupport_cpp/px4_msgs/msg/actuator_motors__type_support.cpp.o
[405.112s] [ 58%] Building CXX object CMakeFiles/px4_msgs__rosidl_typesupport_fastrtps_c.dir/rosidl_typesupport_fastrtps_c/px4_msgs/msg/detail/sensor_correction__type_support_c.cpp.o
[405.166s] [ 58%] Building CXX object CMakeFiles/px4_msgs__rosidl_typesupport_cpp.dir/rosidl_typesupport_cpp/px4_msgs/msg/actuator_outputs__type_support.cpp.o
[405.525s] [ 58%] Building CXX object CMakeFiles/px4_msgs__rosidl_typesupport_fastrtps_c.dir/rosidl_typesupport_fastrtps_c/px4_msgs/msg/detail/system_power__type_support_c.cpp.o
[405.538s] [ 58%] Building CXX object CMakeFiles/px4_msgs__rosidl_typesupport_cpp.dir/rosidl_typesupport_cpp/px4_msgs/msg/actuator_servos__type_support.cpp.o
[405.764s] [ 58%] Building CXX object CMakeFiles/px4_msgs__rosidl_typesupport_fastrtps_c.dir/rosidl_typesupport_fastrtps_c/px4_msgs/msg/detail/takeoff_status__type_support_c.cpp.o
[405.764s] [ 58%] Building CXX object CMakeFiles/px4_msgs__rosidl_typesupport_cpp.dir/rosidl_typesupport_cpp/px4_msgs/msg/actuator_servos_trim__type_support.cpp.o
[405.854s] [ 58%] Building CXX object CMakeFiles/px4_msgs__rosidl_typesupport_fastrtps_c.dir/rosidl_typesupport_fastrtps_c/px4_msgs/msg/detail/navigator_mission_item__type_support_c.cpp.o
[405.979s] [ 58%] Building CXX object CMakeFiles/px4_msgs__rosidl_typesupport_cpp.dir/rosidl_typesupport_cpp/px4_msgs/msg/actuator_test__type_support.cpp.o
[406.202s] [ 58%] Building CXX object CMakeFiles/px4_msgs__rosidl_typesupport_fastrtps_c.dir/rosidl_typesupport_fastrtps_c/px4_msgs/msg/detail/task_stack_info__type_support_c.cpp.o
[406.205s] [ 58%] Building CXX object CMakeFiles/px4_msgs__rosidl_typesupport_cpp.dir/rosidl_typesupport_cpp/px4_msgs/msg/adc_report__type_support.cpp.o
[406.492s] [ 58%] Building CXX object CMakeFiles/px4_msgs__rosidl_typesupport_cpp.dir/rosidl_typesupport_cpp/px4_msgs/msg/airspeed_validated__type_support.cpp.o
[406.508s] [ 58%] Building CXX object CMakeFiles/px4_msgs__rosidl_typesupport_cpp.dir/rosidl_typesupport_cpp/px4_msgs/msg/airspeed__type_support.cpp.o
[406.738s] [ 58%] Building CXX object CMakeFiles/px4_msgs__rosidl_typesupport_cpp.dir/rosidl_typesupport_cpp/px4_msgs/msg/arming_check_reply__type_support.cpp.o
[406.871s] [ 58%] Building CXX object CMakeFiles/px4_msgs__rosidl_typesupport_fastrtps_c.dir/rosidl_typesupport_fastrtps_c/px4_msgs/msg/detail/tecs_status__type_support_c.cpp.o
[406.931s] [ 58%] Building CXX object CMakeFiles/px4_msgs__rosidl_typesupport_fastrtps_c.dir/rosidl_typesupport_fastrtps_c/px4_msgs/msg/detail/telemetry_status__type_support_c.cpp.o
[406.945s] [ 58%] Building CXX object CMakeFiles/px4_msgs__rosidl_typesupport_cpp.dir/rosidl_typesupport_cpp/px4_msgs/msg/arming_check_request__type_support.cpp.o
[406.962s] [ 58%] Building CXX object CMakeFiles/px4_msgs__rosidl_typesupport_cpp.dir/rosidl_typesupport_cpp/px4_msgs/msg/airspeed_wind__type_support.cpp.o
[407.195s] [ 58%] Building CXX object CMakeFiles/px4_msgs__rosidl_typesupport_cpp.dir/rosidl_typesupport_cpp/px4_msgs/msg/autotune_attitude_control_status__type_support.cpp.o
[407.343s] [ 58%] Building CXX object CMakeFiles/px4_msgs__rosidl_typesupport_introspection_cpp.dir/rosidl_typesupport_introspection_cpp/px4_msgs/msg/detail/action_request__type_support.cpp.o
[407.530s] [ 58%] Building CXX object CMakeFiles/px4_msgs__rosidl_typesupport_fastrtps_c.dir/rosidl_typesupport_fastrtps_c/px4_msgs/msg/detail/trajectory_setpoint__type_support_c.cpp.o
[407.586s] [ 58%] Building CXX object CMakeFiles/px4_msgs__rosidl_typesupport_fastrtps_c.dir/rosidl_typesupport_fastrtps_c/px4_msgs/msg/detail/timesync_status__type_support_c.cpp.o
[407.587s] [ 58%] Building CXX object CMakeFiles/px4_msgs__rosidl_typesupport_introspection_cpp.dir/rosidl_typesupport_introspection_cpp/px4_msgs/msg/detail/actuator_armed__type_support.cpp.o
[407.607s] [ 59%] Building CXX object CMakeFiles/px4_msgs__rosidl_typesupport_fastrtps_c.dir/rosidl_typesupport_fastrtps_c/px4_msgs/msg/detail/tiltrotor_extra_controls__type_support_c.cpp.o
[407.660s] [ 59%] Building CXX object CMakeFiles/px4_msgs__rosidl_typesupport_cpp.dir/rosidl_typesupport_cpp/px4_msgs/msg/battery_info__type_support.cpp.o
[407.798s] [ 59%] Building CXX object CMakeFiles/px4_msgs__rosidl_typesupport_introspection_cpp.dir/rosidl_typesupport_introspection_cpp/px4_msgs/msg/detail/actuator_controls_status__type_support.cpp.o
[408.069s] [ 59%] Building CXX object CMakeFiles/px4_msgs__rosidl_typesupport_cpp.dir/rosidl_typesupport_cpp/px4_msgs/msg/battery_status__type_support.cpp.o
[408.220s] [ 59%] Building CXX object CMakeFiles/px4_msgs__rosidl_typesupport_introspection_cpp.dir/rosidl_typesupport_introspection_cpp/px4_msgs/msg/detail/actuator_motors__type_support.cpp.o
[408.221s] [ 59%] Building CXX object CMakeFiles/px4_msgs__rosidl_typesupport_fastrtps_c.dir/rosidl_typesupport_fastrtps_c/px4_msgs/msg/detail/transponder_report__type_support_c.cpp.o
[408.306s] [ 59%] Building CXX object CMakeFiles/px4_msgs__rosidl_typesupport_cpp.dir/rosidl_typesupport_cpp/px4_msgs/msg/button_event__type_support.cpp.o
[408.308s] [ 59%] Building CXX object CMakeFiles/px4_msgs__rosidl_typesupport_fastrtps_c.dir/rosidl_typesupport_fastrtps_c/px4_msgs/msg/detail/trajectory_setpoint6dof__type_support_c.cpp.o
[408.504s] [ 60%] Building CXX object CMakeFiles/px4_msgs__rosidl_typesupport_introspection_cpp.dir/rosidl_typesupport_introspection_cpp/px4_msgs/msg/detail/actuator_outputs__type_support.cpp.o
[408.518s] [ 60%] Building CXX object CMakeFiles/px4_msgs__rosidl_typesupport_cpp.dir/rosidl_typesupport_cpp/px4_msgs/msg/camera_status__type_support.cpp.o
[408.791s] [ 60%] Building CXX object CMakeFiles/px4_msgs__rosidl_typesupport_fastrtps_c.dir/rosidl_typesupport_fastrtps_c/px4_msgs/msg/detail/tune_control__type_support_c.cpp.o
[408.798s] [ 60%] Building CXX object CMakeFiles/px4_msgs__rosidl_typesupport_cpp.dir/rosidl_typesupport_cpp/px4_msgs/msg/camera_trigger__type_support.cpp.o
[408.997s] [ 60%] Building CXX object CMakeFiles/px4_msgs__rosidl_typesupport_cpp.dir/rosidl_typesupport_cpp/px4_msgs/msg/camera_capture__type_support.cpp.o
[409.007s] [ 60%] Building CXX object CMakeFiles/px4_msgs__rosidl_typesupport_introspection_cpp.dir/rosidl_typesupport_introspection_cpp/px4_msgs/msg/detail/actuator_servos__type_support.cpp.o
[409.048s] [ 60%] Building CXX object CMakeFiles/px4_msgs__rosidl_typesupport_introspection_cpp.dir/rosidl_typesupport_introspection_cpp/px4_msgs/msg/detail/actuator_servos_trim__type_support.cpp.o
[409.433s] [ 60%] Building CXX object CMakeFiles/px4_msgs__rosidl_typesupport_introspection_cpp.dir/rosidl_typesupport_introspection_cpp/px4_msgs/msg/detail/airspeed__type_support.cpp.o
[409.433s] [ 60%] Building CXX object CMakeFiles/px4_msgs__rosidl_typesupport_cpp.dir/rosidl_typesupport_cpp/px4_msgs/msg/can_interface_status__type_support.cpp.o
[409.444s] [ 60%] Building CXX object CMakeFiles/px4_msgs__rosidl_typesupport_fastrtps_c.dir/rosidl_typesupport_fastrtps_c/px4_msgs/msg/detail/uavcan_parameter_request__type_support_c.cpp.o
[409.456s] [ 60%] Building CXX object CMakeFiles/px4_msgs__rosidl_typesupport_introspection_cpp.dir/rosidl_typesupport_introspection_cpp/px4_msgs/msg/detail/adc_report__type_support.cpp.o
[409.507s] [ 60%] Building CXX object CMakeFiles/px4_msgs__rosidl_typesupport_cpp.dir/rosidl_typesupport_cpp/px4_msgs/msg/cellular_status__type_support.cpp.o
[409.513s] [ 60%] Building CXX object CMakeFiles/px4_msgs__rosidl_typesupport_introspection_cpp.dir/rosidl_typesupport_introspection_cpp/px4_msgs/msg/detail/actuator_test__type_support.cpp.o
[409.541s] [ 60%] Building CXX object CMakeFiles/px4_msgs__rosidl_typesupport_fastrtps_c.dir/rosidl_typesupport_fastrtps_c/px4_msgs/msg/detail/uavcan_parameter_value__type_support_c.cpp.o
[410.044s] [ 60%] Building CXX object CMakeFiles/px4_msgs__rosidl_typesupport_cpp.dir/rosidl_typesupport_cpp/px4_msgs/msg/collision_constraints__type_support.cpp.o
[410.102s] [ 60%] Building CXX object CMakeFiles/px4_msgs__rosidl_typesupport_introspection_cpp.dir/rosidl_typesupport_introspection_cpp/px4_msgs/msg/detail/airspeed_validated__type_support.cpp.o
[410.108s] [ 60%] Building CXX object CMakeFiles/px4_msgs__rosidl_typesupport_fastrtps_c.dir/rosidl_typesupport_fastrtps_c/px4_msgs/msg/detail/unregister_ext_component__type_support_c.cpp.o
[410.108s] [ 60%] Building CXX object CMakeFiles/px4_msgs__rosidl_typesupport_cpp.dir/rosidl_typesupport_cpp/px4_msgs/msg/config_overrides__type_support.cpp.o
[410.328s] [ 60%] Building CXX object CMakeFiles/px4_msgs__rosidl_typesupport_fastrtps_c.dir/rosidl_typesupport_fastrtps_c/px4_msgs/msg/detail/ulog_stream_ack__type_support_c.cpp.o
[410.497s] [ 60%] Building CXX object CMakeFiles/px4_msgs__rosidl_typesupport_introspection_cpp.dir/rosidl_typesupport_introspection_cpp/px4_msgs/msg/detail/airspeed_wind__type_support.cpp.o
[410.508s] [ 60%] Building CXX object CMakeFiles/px4_msgs__rosidl_typesupport_cpp.dir/rosidl_typesupport_cpp/px4_msgs/msg/control_allocator_status__type_support.cpp.o
[410.533s] [ 60%] Building CXX object CMakeFiles/px4_msgs__rosidl_typesupport_fastrtps_c.dir/rosidl_typesupport_fastrtps_c/px4_msgs/msg/detail/vehicle_acceleration__type_support_c.cpp.o
[410.545s] [ 60%] Building CXX object CMakeFiles/px4_msgs__rosidl_typesupport_introspection_cpp.dir/rosidl_typesupport_introspection_cpp/px4_msgs/msg/detail/arming_check_reply__type_support.cpp.o
[410.798s] [ 61%] Building CXX object CMakeFiles/px4_msgs__rosidl_typesupport_cpp.dir/rosidl_typesupport_cpp/px4_msgs/msg/cpuload__type_support.cpp.o
[410.801s] [ 61%] Building CXX object CMakeFiles/px4_msgs__rosidl_typesupport_fastrtps_c.dir/rosidl_typesupport_fastrtps_c/px4_msgs/msg/detail/ulog_stream__type_support_c.cpp.o
[410.991s] [ 61%] Building CXX object CMakeFiles/px4_msgs__rosidl_typesupport_fastrtps_c.dir/rosidl_typesupport_fastrtps_c/px4_msgs/msg/detail/vehicle_air_data__type_support_c.cpp.o
[411.042s] [ 61%] Building CXX object CMakeFiles/px4_msgs__rosidl_typesupport_introspection_cpp.dir/rosidl_typesupport_introspection_cpp/px4_msgs/msg/detail/arming_check_request__type_support.cpp.o
[411.053s] [ 61%] Building CXX object CMakeFiles/px4_msgs__rosidl_typesupport_cpp.dir/rosidl_typesupport_cpp/px4_msgs/msg/dataman_request__type_support.cpp.o
[411.199s] [ 61%] Building CXX object CMakeFiles/px4_msgs__rosidl_typesupport_fastrtps_c.dir/rosidl_typesupport_fastrtps_c/px4_msgs/msg/detail/vehicle_angular_acceleration_setpoint__type_support_c.cpp.o
[411.489s] [ 61%] Building CXX object CMakeFiles/px4_msgs__rosidl_typesupport_introspection_cpp.dir/rosidl_typesupport_introspection_cpp/px4_msgs/msg/detail/battery_info__type_support.cpp.o
[411.501s] [ 61%] Building CXX object CMakeFiles/px4_msgs__rosidl_typesupport_introspection_cpp.dir/rosidl_typesupport_introspection_cpp/px4_msgs/msg/detail/autotune_attitude_control_status__type_support.cpp.o
[411.501s] [ 61%] Building CXX object CMakeFiles/px4_msgs__rosidl_typesupport_fastrtps_c.dir/rosidl_typesupport_fastrtps_c/px4_msgs/msg/detail/vehicle_angular_velocity__type_support_c.cpp.o
[411.666s] [ 61%] Building CXX object CMakeFiles/px4_msgs__rosidl_typesupport_cpp.dir/rosidl_typesupport_cpp/px4_msgs/msg/dataman_response__type_support.cpp.o
[411.840s] [ 61%] Building CXX object CMakeFiles/px4_msgs__rosidl_typesupport_cpp.dir/rosidl_typesupport_cpp/px4_msgs/msg/debug_array__type_support.cpp.o
[411.952s] [ 61%] Building CXX object CMakeFiles/px4_msgs__rosidl_typesupport_fastrtps_c.dir/rosidl_typesupport_fastrtps_c/px4_msgs/msg/detail/vehicle_attitude__type_support_c.cpp.o
[411.956s] [ 61%] Building CXX object CMakeFiles/px4_msgs__rosidl_typesupport_introspection_cpp.dir/rosidl_typesupport_introspection_cpp/px4_msgs/msg/detail/button_event__type_support.cpp.o
[412.078s] [ 61%] Building CXX object CMakeFiles/px4_msgs__rosidl_typesupport_introspection_cpp.dir/rosidl_typesupport_introspection_cpp/px4_msgs/msg/detail/battery_status__type_support.cpp.o
[412.123s] [ 61%] Building CXX object CMakeFiles/px4_msgs__rosidl_typesupport_cpp.dir/rosidl_typesupport_cpp/px4_msgs/msg/debug_key_value__type_support.cpp.o
[412.237s] [ 61%] Building CXX object CMakeFiles/px4_msgs__rosidl_typesupport_fastrtps_c.dir/rosidl_typesupport_fastrtps_c/px4_msgs/msg/detail/vehicle_attitude_setpoint__type_support_c.cpp.o
[412.499s] [ 61%] Building CXX object CMakeFiles/px4_msgs__rosidl_typesupport_cpp.dir/rosidl_typesupport_cpp/px4_msgs/msg/debug_value__type_support.cpp.o
[412.511s] [ 61%] Building CXX object CMakeFiles/px4_msgs__rosidl_typesupport_introspection_cpp.dir/rosidl_typesupport_introspection_cpp/px4_msgs/msg/detail/camera_capture__type_support.cpp.o
[412.587s] [ 61%] Building CXX object CMakeFiles/px4_msgs__rosidl_typesupport_introspection_cpp.dir/rosidl_typesupport_introspection_cpp/px4_msgs/msg/detail/camera_status__type_support.cpp.o
[412.590s] [ 61%] Building CXX object CMakeFiles/px4_msgs__rosidl_typesupport_fastrtps_c.dir/rosidl_typesupport_fastrtps_c/px4_msgs/msg/detail/vehicle_command__type_support_c.cpp.o
[412.692s] [ 61%] Building CXX object CMakeFiles/px4_msgs__rosidl_typesupport_fastrtps_c.dir/rosidl_typesupport_fastrtps_c/px4_msgs/msg/detail/vehicle_command_ack__type_support_c.cpp.o
[412.976s] [ 61%] Building CXX object CMakeFiles/px4_msgs__rosidl_typesupport_cpp.dir/rosidl_typesupport_cpp/px4_msgs/msg/debug_vect__type_support.cpp.o
[412.988s] [ 61%] Building CXX object CMakeFiles/px4_msgs__rosidl_typesupport_introspection_cpp.dir/rosidl_typesupport_introspection_cpp/px4_msgs/msg/detail/camera_trigger__type_support.cpp.o
[413.058s] [ 61%] Building CXX object CMakeFiles/px4_msgs__rosidl_typesupport_fastrtps_c.dir/rosidl_typesupport_fastrtps_c/px4_msgs/msg/detail/vehicle_constraints__type_support_c.cpp.o
[413.454s] [ 61%] Building CXX object CMakeFiles/px4_msgs__rosidl_typesupport_introspection_cpp.dir/rosidl_typesupport_introspection_cpp/px4_msgs/msg/detail/can_interface_status__type_support.cpp.o
[413.504s] [ 61%] Building CXX object CMakeFiles/px4_msgs__rosidl_typesupport_cpp.dir/rosidl_typesupport_cpp/px4_msgs/msg/differential_pressure__type_support.cpp.o
[413.511s] [ 61%] Building CXX object CMakeFiles/px4_msgs__rosidl_typesupport_fastrtps_c.dir/rosidl_typesupport_fastrtps_c/px4_msgs/msg/detail/vehicle_global_position__type_support_c.cpp.o
[413.520s] [ 61%] Building CXX object CMakeFiles/px4_msgs__rosidl_typesupport_fastrtps_c.dir/rosidl_typesupport_fastrtps_c/px4_msgs/msg/detail/vehicle_control_mode__type_support_c.cpp.o
[413.642s] [ 61%] Building CXX object CMakeFiles/px4_msgs__rosidl_typesupport_introspection_cpp.dir/rosidl_typesupport_introspection_cpp/px4_msgs/msg/detail/cellular_status__type_support.cpp.o
[413.644s] [ 61%] Building CXX object CMakeFiles/px4_msgs__rosidl_typesupport_cpp.dir/rosidl_typesupport_cpp/px4_msgs/msg/distance_sensor__type_support.cpp.o
[413.908s] [ 61%] Building CXX object CMakeFiles/px4_msgs__rosidl_typesupport_introspection_cpp.dir/rosidl_typesupport_introspection_cpp/px4_msgs/msg/detail/collision_constraints__type_support.cpp.o
[414.185s] [ 61%] Building CXX object CMakeFiles/px4_msgs__rosidl_typesupport_cpp.dir/rosidl_typesupport_cpp/px4_msgs/msg/distance_sensor_mode_change_request__type_support.cpp.o
[414.471s] [ 62%] Building CXX object CMakeFiles/px4_msgs__rosidl_typesupport_fastrtps_c.dir/rosidl_typesupport_fastrtps_c/px4_msgs/msg/detail/vehicle_imu_status__type_support_c.cpp.o
[414.479s] [ 62%] Building CXX object CMakeFiles/px4_msgs__rosidl_typesupport_introspection_cpp.dir/rosidl_typesupport_introspection_cpp/px4_msgs/msg/detail/config_overrides__type_support.cpp.o
[414.521s] [ 62%] Building CXX object CMakeFiles/px4_msgs__rosidl_typesupport_cpp.dir/rosidl_typesupport_cpp/px4_msgs/msg/esc_report__type_support.cpp.o
[414.780s] [ 62%] Building CXX object CMakeFiles/px4_msgs__rosidl_typesupport_introspection_cpp.dir/rosidl_typesupport_introspection_cpp/px4_msgs/msg/detail/control_allocator_status__type_support.cpp.o
[414.791s] [ 62%] Building CXX object CMakeFiles/px4_msgs__rosidl_typesupport_cpp.dir/rosidl_typesupport_cpp/px4_msgs/msg/ekf2_timestamps__type_support.cpp.o
[415.056s] [ 62%] Building CXX object CMakeFiles/px4_msgs__rosidl_typesupport_cpp.dir/rosidl_typesupport_cpp/px4_msgs/msg/dronecan_node_status__type_support.cpp.o
[415.089s] [ 62%] Building CXX object CMakeFiles/px4_msgs__rosidl_typesupport_introspection_cpp.dir/rosidl_typesupport_introspection_cpp/px4_msgs/msg/detail/cpuload__type_support.cpp.o
[415.129s] [ 62%] Building CXX object CMakeFiles/px4_msgs__rosidl_typesupport_fastrtps_c.dir/rosidl_typesupport_fastrtps_c/px4_msgs/msg/detail/vehicle_local_position__type_support_c.cpp.o
[415.328s] [ 62%] Building CXX object CMakeFiles/px4_msgs__rosidl_typesupport_cpp.dir/rosidl_typesupport_cpp/px4_msgs/msg/esc_status__type_support.cpp.o
[415.447s] [ 62%] Building CXX object CMakeFiles/px4_msgs__rosidl_typesupport_introspection_cpp.dir/rosidl_typesupport_introspection_cpp/px4_msgs/msg/detail/dataman_request__type_support.cpp.o
[415.637s] [ 62%] Building CXX object CMakeFiles/px4_msgs__rosidl_typesupport_cpp.dir/rosidl_typesupport_cpp/px4_msgs/msg/estimator_aid_source1d__type_support.cpp.o
[415.638s] [ 62%] Building CXX object CMakeFiles/px4_msgs__rosidl_typesupport_fastrtps_c.dir/rosidl_typesupport_fastrtps_c/px4_msgs/msg/detail/vehicle_local_position_setpoint__type_support_c.cpp.o
[415.772s] [ 62%] Building CXX object CMakeFiles/px4_msgs__rosidl_typesupport_introspection_cpp.dir/rosidl_typesupport_introspection_cpp/px4_msgs/msg/detail/debug_array__type_support.cpp.o
[415.928s] [ 62%] Building CXX object CMakeFiles/px4_msgs__rosidl_typesupport_cpp.dir/rosidl_typesupport_cpp/px4_msgs/msg/estimator_aid_source2d__type_support.cpp.o
[416.115s] [ 62%] Building CXX object CMakeFiles/px4_msgs__rosidl_typesupport_fastrtps_c.dir/rosidl_typesupport_fastrtps_c/px4_msgs/msg/detail/vehicle_land_detected__type_support_c.cpp.o
[416.192s] [ 62%] Building CXX object CMakeFiles/px4_msgs__rosidl_typesupport_introspection_cpp.dir/rosidl_typesupport_introspection_cpp/px4_msgs/msg/detail/debug_key_value__type_support.cpp.o
[416.196s] [ 62%] Building CXX object CMakeFiles/px4_msgs__rosidl_typesupport_cpp.dir/rosidl_typesupport_cpp/px4_msgs/msg/estimator_aid_source3d__type_support.cpp.o
[416.460s] [ 62%] Building CXX object CMakeFiles/px4_msgs__rosidl_typesupport_cpp.dir/rosidl_typesupport_cpp/px4_msgs/msg/estimator_bias__type_support.cpp.o
[416.627s] [ 63%] Building CXX object CMakeFiles/px4_msgs__rosidl_typesupport_introspection_cpp.dir/rosidl_typesupport_introspection_cpp/px4_msgs/msg/detail/dataman_response__type_support.cpp.o
[416.733s] [ 63%] Building CXX object CMakeFiles/px4_msgs__rosidl_typesupport_fastrtps_c.dir/rosidl_typesupport_fastrtps_c/px4_msgs/msg/detail/vehicle_odometry__type_support_c.cpp.o
[416.736s] [ 63%] Building CXX object CMakeFiles/px4_msgs__rosidl_typesupport_cpp.dir/rosidl_typesupport_cpp/px4_msgs/msg/estimator_bias3d__type_support.cpp.o
[417.002s] [ 63%] Building CXX object CMakeFiles/px4_msgs__rosidl_typesupport_cpp.dir/rosidl_typesupport_cpp/px4_msgs/msg/estimator_event_flags__type_support.cpp.o
[417.059s] [ 63%] Building CXX object CMakeFiles/px4_msgs__rosidl_typesupport_introspection_cpp.dir/rosidl_typesupport_introspection_cpp/px4_msgs/msg/detail/debug_value__type_support.cpp.o
[417.291s] [ 63%] Building CXX object CMakeFiles/px4_msgs__rosidl_typesupport_cpp.dir/rosidl_typesupport_cpp/px4_msgs/msg/estimator_gps_status__type_support.cpp.o
[417.307s] [ 63%] Building CXX object CMakeFiles/px4_msgs__rosidl_typesupport_fastrtps_c.dir/rosidl_typesupport_fastrtps_c/px4_msgs/msg/detail/vehicle_optical_flow__type_support_c.cpp.o
[417.367s] [ 63%] Building CXX object CMakeFiles/px4_msgs__rosidl_typesupport_introspection_cpp.dir/rosidl_typesupport_introspection_cpp/px4_msgs/msg/detail/debug_vect__type_support.cpp.o
[417.565s] [ 63%] Building CXX object CMakeFiles/px4_msgs__rosidl_typesupport_cpp.dir/rosidl_typesupport_cpp/px4_msgs/msg/estimator_innovations__type_support.cpp.o
[417.656s] [ 63%] Building CXX object CMakeFiles/px4_msgs__rosidl_typesupport_introspection_cpp.dir/rosidl_typesupport_introspection_cpp/px4_msgs/msg/detail/differential_pressure__type_support.cpp.o
[417.846s] [ 63%] Building CXX object CMakeFiles/px4_msgs__rosidl_typesupport_fastrtps_c.dir/rosidl_typesupport_fastrtps_c/px4_msgs/msg/detail/vehicle_optical_flow_vel__type_support_c.cpp.o
[417.892s] [ 63%] Building CXX object CMakeFiles/px4_msgs__rosidl_typesupport_cpp.dir/rosidl_typesupport_cpp/px4_msgs/msg/estimator_selector_status__type_support.cpp.o
[417.981s] [ 63%] Building CXX object CMakeFiles/px4_msgs__rosidl_typesupport_introspection_cpp.dir/rosidl_typesupport_introspection_cpp/px4_msgs/msg/detail/distance_sensor_mode_change_request__type_support.cpp.o
[418.187s] [ 63%] Building CXX object CMakeFiles/px4_msgs__rosidl_typesupport_cpp.dir/rosidl_typesupport_cpp/px4_msgs/msg/estimator_sensor_bias__type_support.cpp.o
[418.250s] [ 63%] Building CXX object CMakeFiles/px4_msgs__rosidl_typesupport_introspection_cpp.dir/rosidl_typesupport_introspection_cpp/px4_msgs/msg/detail/dronecan_node_status__type_support.cpp.o
[418.453s] [ 64%] Building CXX object CMakeFiles/px4_msgs__rosidl_typesupport_cpp.dir/rosidl_typesupport_cpp/px4_msgs/msg/estimator_states__type_support.cpp.o
[418.489s] [ 64%] Building CXX object CMakeFiles/px4_msgs__rosidl_typesupport_fastrtps_c.dir/rosidl_typesupport_fastrtps_c/px4_msgs/msg/detail/vehicle_magnetometer__type_support_c.cpp.o
[418.519s] [ 64%] Building CXX object CMakeFiles/px4_msgs__rosidl_typesupport_introspection_cpp.dir/rosidl_typesupport_introspection_cpp/px4_msgs/msg/detail/ekf2_timestamps__type_support.cpp.o
[418.622s] [ 64%] Building CXX object CMakeFiles/px4_msgs__rosidl_typesupport_fastrtps_cpp.dir/rosidl_typesupport_fastrtps_cpp/px4_msgs/msg/detail/dds_fastrtps/action_request__type_support.cpp.o
[418.725s] [ 64%] Building CXX object CMakeFiles/px4_msgs__rosidl_typesupport_cpp.dir/rosidl_typesupport_cpp/px4_msgs/msg/estimator_status__type_support.cpp.o
[418.897s] [ 64%] Building CXX object CMakeFiles/px4_msgs__rosidl_typesupport_fastrtps_c.dir/rosidl_typesupport_fastrtps_c/px4_msgs/msg/detail/vehicle_roi__type_support_c.cpp.o
[418.902s] [ 64%] Building CXX object CMakeFiles/px4_msgs__rosidl_typesupport_introspection_cpp.dir/rosidl_typesupport_introspection_cpp/px4_msgs/msg/detail/distance_sensor__type_support.cpp.o
[419.053s] [ 64%] Building CXX object CMakeFiles/px4_msgs__rosidl_typesupport_cpp.dir/rosidl_typesupport_cpp/px4_msgs/msg/estimator_status_flags__type_support.cpp.o
[419.219s] [ 64%] Building CXX object CMakeFiles/px4_msgs__rosidl_typesupport_fastrtps_cpp.dir/rosidl_typesupport_fastrtps_cpp/px4_msgs/msg/detail/dds_fastrtps/actuator_armed__type_support.cpp.o
[419.268s] [ 64%] Building CXX object CMakeFiles/px4_msgs__rosidl_typesupport_introspection_cpp.dir/rosidl_typesupport_introspection_cpp/px4_msgs/msg/detail/esc_report__type_support.cpp.o
[419.476s] [ 64%] Building CXX object CMakeFiles/px4_msgs__rosidl_typesupport_cpp.dir/rosidl_typesupport_cpp/px4_msgs/msg/event__type_support.cpp.o
[419.530s] [ 64%] Building CXX object CMakeFiles/px4_msgs__rosidl_typesupport_cpp.dir/rosidl_typesupport_cpp/px4_msgs/msg/failsafe_flags__type_support.cpp.o
[419.530s] [ 64%] Building CXX object CMakeFiles/px4_msgs__rosidl_typesupport_fastrtps_c.dir/rosidl_typesupport_fastrtps_c/px4_msgs/msg/detail/vehicle_thrust_setpoint__type_support_c.cpp.o
[419.531s] [ 64%] Building CXX object CMakeFiles/px4_msgs__rosidl_typesupport_fastrtps_c.dir/rosidl_typesupport_fastrtps_c/px4_msgs/msg/detail/vehicle_status__type_support_c.cpp.o
[419.550s] [ 64%] Building CXX object CMakeFiles/px4_msgs__rosidl_typesupport_introspection_cpp.dir/rosidl_typesupport_introspection_cpp/px4_msgs/msg/detail/esc_status__type_support.cpp.o
[419.632s] [ 64%] Building CXX object CMakeFiles/px4_msgs__rosidl_typesupport_fastrtps_cpp.dir/rosidl_typesupport_fastrtps_cpp/px4_msgs/msg/detail/dds_fastrtps/actuator_controls_status__type_support.cpp.o
[419.905s] [ 65%] Building CXX object CMakeFiles/px4_msgs__rosidl_typesupport_fastrtps_cpp.dir/rosidl_typesupport_fastrtps_cpp/px4_msgs/msg/detail/dds_fastrtps/actuator_motors__type_support.cpp.o
[419.960s] [ 65%] Building CXX object CMakeFiles/px4_msgs__rosidl_typesupport_cpp.dir/rosidl_typesupport_cpp/px4_msgs/msg/failure_detector_status__type_support.cpp.o
[420.002s] [ 65%] Building CXX object CMakeFiles/px4_msgs__rosidl_typesupport_introspection_cpp.dir/rosidl_typesupport_introspection_cpp/px4_msgs/msg/detail/estimator_aid_source1d__type_support.cpp.o
[420.148s] [ 65%] Building CXX object CMakeFiles/px4_msgs__rosidl_typesupport_introspection_cpp.dir/rosidl_typesupport_introspection_cpp/px4_msgs/msg/detail/estimator_aid_source2d__type_support.cpp.o
[420.150s] [ 65%] Building CXX object CMakeFiles/px4_msgs__rosidl_typesupport_fastrtps_c.dir/rosidl_typesupport_fastrtps_c/px4_msgs/msg/detail/vehicle_rates_setpoint__type_support_c.cpp.o
[420.239s] [ 65%] Building CXX object CMakeFiles/px4_msgs__rosidl_typesupport_fastrtps_c.dir/rosidl_typesupport_fastrtps_c/px4_msgs/msg/detail/vehicle_imu__type_support_c.cpp.o
[420.399s] [ 65%] Building CXX object CMakeFiles/px4_msgs__rosidl_typesupport_cpp.dir/rosidl_typesupport_cpp/px4_msgs/msg/fixed_wing_lateral_guidance_status__type_support.cpp.o
[420.442s] [ 65%] Building CXX object CMakeFiles/px4_msgs__rosidl_typesupport_introspection_cpp.dir/rosidl_typesupport_introspection_cpp/px4_msgs/msg/detail/estimator_aid_source3d__type_support.cpp.o
[420.596s] [ 65%] Building CXX object CMakeFiles/px4_msgs__rosidl_typesupport_fastrtps_cpp.dir/rosidl_typesupport_fastrtps_cpp/px4_msgs/msg/detail/dds_fastrtps/actuator_outputs__type_support.cpp.o
[420.625s] [ 65%] Building CXX object CMakeFiles/px4_msgs__rosidl_typesupport_cpp.dir/rosidl_typesupport_cpp/px4_msgs/msg/fixed_wing_lateral_setpoint__type_support.cpp.o
[420.839s] [ 65%] Building CXX object CMakeFiles/px4_msgs__rosidl_typesupport_cpp.dir/rosidl_typesupport_cpp/px4_msgs/msg/figure_eight_status__type_support.cpp.o
[420.845s] [ 65%] Building CXX object CMakeFiles/px4_msgs__rosidl_typesupport_fastrtps_c.dir/rosidl_typesupport_fastrtps_c/px4_msgs/msg/detail/velocity_limits__type_support_c.cpp.o
[420.865s] [ 65%] Building CXX object CMakeFiles/px4_msgs__rosidl_typesupport_fastrtps_c.dir/rosidl_typesupport_fastrtps_c/px4_msgs/msg/detail/vehicle_torque_setpoint__type_support_c.cpp.o
[420.865s] [ 65%] Building CXX object CMakeFiles/px4_msgs__rosidl_typesupport_fastrtps_cpp.dir/rosidl_typesupport_fastrtps_cpp/px4_msgs/msg/detail/dds_fastrtps/actuator_servos__type_support.cpp.o
[420.937s] [ 65%] Building CXX object CMakeFiles/px4_msgs__rosidl_typesupport_fastrtps_c.dir/rosidl_typesupport_fastrtps_c/px4_msgs/msg/detail/vtol_vehicle_status__type_support_c.cpp.o
[420.951s] [ 65%] Building CXX object CMakeFiles/px4_msgs__rosidl_typesupport_introspection_cpp.dir/rosidl_typesupport_introspection_cpp/px4_msgs/msg/detail/estimator_bias__type_support.cpp.o
[421.396s] [ 65%] Building CXX object CMakeFiles/px4_msgs__rosidl_typesupport_fastrtps_cpp.dir/rosidl_typesupport_fastrtps_cpp/px4_msgs/msg/detail/dds_fastrtps/actuator_servos_trim__type_support.cpp.o
[421.492s] [ 65%] Building CXX object CMakeFiles/px4_msgs__rosidl_typesupport_cpp.dir/rosidl_typesupport_cpp/px4_msgs/msg/fixed_wing_lateral_status__type_support.cpp.o
[421.538s] [ 65%] Building CXX object CMakeFiles/px4_msgs__rosidl_typesupport_introspection_cpp.dir/rosidl_typesupport_introspection_cpp/px4_msgs/msg/detail/estimator_bias3d__type_support.cpp.o
[421.545s] [ 65%] Building CXX object CMakeFiles/px4_msgs__rosidl_typesupport_fastrtps_c.dir/rosidl_typesupport_fastrtps_c/px4_msgs/msg/detail/wheel_encoders__type_support_c.cpp.o
[421.557s] [ 65%] Building CXX object CMakeFiles/px4_msgs__rosidl_typesupport_fastrtps_cpp.dir/rosidl_typesupport_fastrtps_cpp/px4_msgs/msg/detail/dds_fastrtps/actuator_test__type_support.cpp.o
[421.573s] [ 65%] Building CXX object CMakeFiles/px4_msgs__rosidl_typesupport_cpp.dir/rosidl_typesupport_cpp/px4_msgs/msg/fixed_wing_longitudinal_setpoint__type_support.cpp.o
[422.026s] [ 65%] Building CXX object CMakeFiles/px4_msgs__rosidl_typesupport_introspection_cpp.dir/rosidl_typesupport_introspection_cpp/px4_msgs/msg/detail/estimator_gps_status__type_support.cpp.o
[422.084s] [ 65%] Building CXX object CMakeFiles/px4_msgs__rosidl_typesupport_cpp.dir/rosidl_typesupport_cpp/px4_msgs/msg/fixed_wing_runway_control__type_support.cpp.o
[422.165s] [ 65%] Building CXX object CMakeFiles/px4_msgs__rosidl_typesupport_fastrtps_c.dir/rosidl_typesupport_fastrtps_c/px4_msgs/msg/detail/wind__type_support_c.cpp.o
[422.165s] [ 65%] Building CXX object CMakeFiles/px4_msgs__rosidl_typesupport_fastrtps_cpp.dir/rosidl_typesupport_fastrtps_cpp/px4_msgs/msg/detail/dds_fastrtps/airspeed__type_support.cpp.o
[422.283s] [ 65%] Building CXX object CMakeFiles/px4_msgs__rosidl_typesupport_fastrtps_cpp.dir/rosidl_typesupport_fastrtps_cpp/px4_msgs/msg/detail/dds_fastrtps/adc_report__type_support.cpp.o
[422.459s] [ 65%] Building CXX object CMakeFiles/px4_msgs__rosidl_typesupport_cpp.dir/rosidl_typesupport_cpp/px4_msgs/msg/follow_target__type_support.cpp.o
[422.459s] [ 65%] Building CXX object CMakeFiles/px4_msgs__rosidl_typesupport_introspection_cpp.dir/rosidl_typesupport_introspection_cpp/px4_msgs/msg/detail/estimator_innovations__type_support.cpp.o
[422.472s] [ 65%] Building CXX object CMakeFiles/px4_msgs__rosidl_typesupport_introspection_cpp.dir/rosidl_typesupport_introspection_cpp/px4_msgs/msg/detail/estimator_event_flags__type_support.cpp.o
[422.534s] [ 65%] Building CXX object CMakeFiles/px4_msgs__rosidl_typesupport_cpp.dir/rosidl_typesupport_cpp/px4_msgs/msg/flight_phase_estimation__type_support.cpp.o
[422.762s] [ 65%] Building CXX object CMakeFiles/px4_msgs__rosidl_typesupport_fastrtps_c.dir/rosidl_typesupport_fastrtps_c/px4_msgs/msg/detail/yaw_estimator_status__type_support_c.cpp.o
[422.805s] [ 65%] Building CXX object CMakeFiles/px4_msgs__rosidl_typesupport_fastrtps_cpp.dir/rosidl_typesupport_fastrtps_cpp/px4_msgs/msg/detail/dds_fastrtps/airspeed_validated__type_support.cpp.o
[423.030s] [ 65%] Building CXX object CMakeFiles/px4_msgs__rosidl_typesupport_cpp.dir/rosidl_typesupport_cpp/px4_msgs/msg/follow_target_estimator__type_support.cpp.o
[423.041s] [ 65%] Building CXX object CMakeFiles/px4_msgs__rosidl_typesupport_fastrtps_cpp.dir/rosidl_typesupport_fastrtps_cpp/px4_msgs/msg/detail/dds_fastrtps/airspeed_wind__type_support.cpp.o
[423.044s] [ 65%] Building CXX object CMakeFiles/px4_msgs__rosidl_typesupport_introspection_cpp.dir/rosidl_typesupport_introspection_cpp/px4_msgs/msg/detail/estimator_sensor_bias__type_support.cpp.o
[423.048s] [ 65%] Building CXX object CMakeFiles/px4_msgs__rosidl_typesupport_fastrtps_c.dir/rosidl_typesupport_fastrtps_c/px4_msgs/srv/detail/vehicle_command__type_support_c.cpp.o
[423.105s] [ 65%] Building CXX object CMakeFiles/px4_msgs__rosidl_typesupport_introspection_cpp.dir/rosidl_typesupport_introspection_cpp/px4_msgs/msg/detail/estimator_selector_status__type_support.cpp.o
[423.525s] [ 65%] Building CXX object CMakeFiles/px4_msgs__rosidl_typesupport_fastrtps_cpp.dir/rosidl_typesupport_fastrtps_cpp/px4_msgs/msg/detail/dds_fastrtps/arming_check_reply__type_support.cpp.o
[423.533s] [ 65%] Building CXX object CMakeFiles/px4_msgs__rosidl_typesupport_cpp.dir/rosidl_typesupport_cpp/px4_msgs/msg/follow_target_status__type_support.cpp.o
[423.548s] [ 65%] Building CXX object CMakeFiles/px4_msgs__rosidl_typesupport_fastrtps_cpp.dir/rosidl_typesupport_fastrtps_cpp/px4_msgs/msg/detail/dds_fastrtps/arming_check_request__type_support.cpp.o
[423.570s] [ 65%] Building CXX object CMakeFiles/px4_msgs__rosidl_typesupport_introspection_cpp.dir/rosidl_typesupport_introspection_cpp/px4_msgs/msg/detail/estimator_states__type_support.cpp.o
[423.580s] [ 65%] Building CXX object CMakeFiles/px4_msgs__rosidl_typesupport_cpp.dir/rosidl_typesupport_cpp/px4_msgs/msg/fuel_tank_status__type_support.cpp.o
[423.700s] [ 65%] Building CXX object CMakeFiles/px4_msgs__rosidl_typesupport_introspection_cpp.dir/rosidl_typesupport_introspection_cpp/px4_msgs/msg/detail/estimator_status__type_support.cpp.o
[423.891s] [ 65%] Building CXX object CMakeFiles/px4_msgs__rosidl_typesupport_fastrtps_cpp.dir/rosidl_typesupport_fastrtps_cpp/px4_msgs/msg/detail/dds_fastrtps/autotune_attitude_control_status__type_support.cpp.o
[424.077s] [ 65%] Linking CXX shared library libpx4_msgs__rosidl_typesupport_fastrtps_c.so
[424.162s] [ 66%] Building CXX object CMakeFiles/px4_msgs__rosidl_typesupport_introspection_cpp.dir/rosidl_typesupport_introspection_cpp/px4_msgs/msg/detail/estimator_status_flags__type_support.cpp.o
[424.200s] [ 66%] Building CXX object CMakeFiles/px4_msgs__rosidl_typesupport_cpp.dir/rosidl_typesupport_cpp/px4_msgs/msg/generator_status__type_support.cpp.o
[424.235s] [ 66%] Building CXX object CMakeFiles/px4_msgs__rosidl_typesupport_introspection_cpp.dir/rosidl_typesupport_introspection_cpp/px4_msgs/msg/detail/event__type_support.cpp.o
[424.281s] [ 66%] Built target px4_msgs__rosidl_typesupport_fastrtps_c
[424.310s] [ 66%] Building CXX object CMakeFiles/px4_msgs__rosidl_typesupport_fastrtps_cpp.dir/rosidl_typesupport_fastrtps_cpp/px4_msgs/msg/detail/dds_fastrtps/battery_status__type_support.cpp.o
[424.559s] [ 66%] Building CXX object CMakeFiles/px4_msgs__rosidl_typesupport_introspection_cpp.dir/rosidl_typesupport_introspection_cpp/px4_msgs/msg/detail/failsafe_flags__type_support.cpp.o
[424.560s] [ 66%] Building CXX object CMakeFiles/px4_msgs__rosidl_typesupport_fastrtps_cpp.dir/rosidl_typesupport_fastrtps_cpp/px4_msgs/msg/detail/dds_fastrtps/battery_info__type_support.cpp.o
[424.609s] [ 66%] Building CXX object CMakeFiles/px4_msgs__rosidl_typesupport_cpp.dir/rosidl_typesupport_cpp/px4_msgs/msg/geofence_status__type_support.cpp.o
[424.636s] [ 66%] Building CXX object CMakeFiles/px4_msgs__rosidl_typesupport_cpp.dir/rosidl_typesupport_cpp/px4_msgs/msg/geofence_result__type_support.cpp.o
[424.745s] [ 66%] Building CXX object CMakeFiles/px4_msgs__rosidl_typesupport_fastrtps_cpp.dir/rosidl_typesupport_fastrtps_cpp/px4_msgs/msg/detail/dds_fastrtps/camera_capture__type_support.cpp.o
[424.945s] [ 66%] Building CXX object CMakeFiles/px4_msgs__rosidl_typesupport_introspection_cpp.dir/rosidl_typesupport_introspection_cpp/px4_msgs/msg/detail/failure_detector_status__type_support.cpp.o
[424.946s] [ 66%] Building CXX object CMakeFiles/px4_msgs__rosidl_typesupport_cpp.dir/rosidl_typesupport_cpp/px4_msgs/msg/gimbal_controls__type_support.cpp.o
[425.028s] [ 66%] Building CXX object CMakeFiles/px4_msgs__rosidl_typesupport_cpp.dir/rosidl_typesupport_cpp/px4_msgs/msg/gimbal_device_attitude_status__type_support.cpp.o
[425.075s] [ 66%] Building CXX object CMakeFiles/px4_msgs__rosidl_typesupport_introspection_cpp.dir/rosidl_typesupport_introspection_cpp/px4_msgs/msg/detail/figure_eight_status__type_support.cpp.o
[425.082s] [ 66%] Building CXX object CMakeFiles/px4_msgs__rosidl_typesupport_fastrtps_cpp.dir/rosidl_typesupport_fastrtps_cpp/px4_msgs/msg/detail/dds_fastrtps/camera_status__type_support.cpp.o
[425.230s] [ 66%] Building CXX object CMakeFiles/px4_msgs__rosidl_typesupport_fastrtps_cpp.dir/rosidl_typesupport_fastrtps_cpp/px4_msgs/msg/detail/dds_fastrtps/button_event__type_support.cpp.o
[425.480s] [ 66%] Building CXX object CMakeFiles/px4_msgs__rosidl_typesupport_cpp.dir/rosidl_typesupport_cpp/px4_msgs/msg/gimbal_device_information__type_support.cpp.o
[425.495s] [ 66%] Building CXX object CMakeFiles/px4_msgs__rosidl_typesupport_introspection_cpp.dir/rosidl_typesupport_introspection_cpp/px4_msgs/msg/detail/fixed_wing_lateral_guidance_status__type_support.cpp.o
[425.496s] [ 66%] Building CXX object CMakeFiles/px4_msgs__rosidl_typesupport_cpp.dir/rosidl_typesupport_cpp/px4_msgs/msg/gimbal_device_set_attitude__type_support.cpp.o
[425.555s] [ 66%] Building CXX object CMakeFiles/px4_msgs__rosidl_typesupport_fastrtps_cpp.dir/rosidl_typesupport_fastrtps_cpp/px4_msgs/msg/detail/dds_fastrtps/camera_trigger__type_support.cpp.o
[425.670s] [ 66%] Building CXX object CMakeFiles/px4_msgs__rosidl_typesupport_introspection_cpp.dir/rosidl_typesupport_introspection_cpp/px4_msgs/msg/detail/fixed_wing_lateral_setpoint__type_support.cpp.o
[425.674s] [ 67%] Building CXX object CMakeFiles/px4_msgs__rosidl_typesupport_cpp.dir/rosidl_typesupport_cpp/px4_msgs/msg/gimbal_manager_information__type_support.cpp.o
[425.864s] [ 67%] Building CXX object CMakeFiles/px4_msgs__rosidl_typesupport_fastrtps_cpp.dir/rosidl_typesupport_fastrtps_cpp/px4_msgs/msg/detail/dds_fastrtps/can_interface_status__type_support.cpp.o
[426.047s] [ 67%] Building CXX object CMakeFiles/px4_msgs__rosidl_typesupport_introspection_cpp.dir/rosidl_typesupport_introspection_cpp/px4_msgs/msg/detail/fixed_wing_lateral_status__type_support.cpp.o
[426.127s] [ 67%] Building CXX object CMakeFiles/px4_msgs__rosidl_typesupport_cpp.dir/rosidl_typesupport_cpp/px4_msgs/msg/gimbal_manager_set_attitude__type_support.cpp.o
[426.129s] [ 67%] Building CXX object CMakeFiles/px4_msgs__rosidl_typesupport_fastrtps_cpp.dir/rosidl_typesupport_fastrtps_cpp/px4_msgs/msg/detail/dds_fastrtps/cellular_status__type_support.cpp.o
[426.170s] [ 67%] Building CXX object CMakeFiles/px4_msgs__rosidl_typesupport_cpp.dir/rosidl_typesupport_cpp/px4_msgs/msg/gimbal_manager_set_manual_control__type_support.cpp.o
[426.267s] [ 67%] Building CXX object CMakeFiles/px4_msgs__rosidl_typesupport_introspection_cpp.dir/rosidl_typesupport_introspection_cpp/px4_msgs/msg/detail/fixed_wing_longitudinal_setpoint__type_support.cpp.o
[426.375s] [ 67%] Building CXX object CMakeFiles/px4_msgs__rosidl_typesupport_fastrtps_cpp.dir/rosidl_typesupport_fastrtps_cpp/px4_msgs/msg/detail/dds_fastrtps/collision_constraints__type_support.cpp.o
[426.646s] [ 67%] Building CXX object CMakeFiles/px4_msgs__rosidl_typesupport_introspection_cpp.dir/rosidl_typesupport_introspection_cpp/px4_msgs/msg/detail/flight_phase_estimation__type_support.cpp.o
[426.651s] [ 67%] Building CXX object CMakeFiles/px4_msgs__rosidl_typesupport_cpp.dir/rosidl_typesupport_cpp/px4_msgs/msg/gimbal_manager_status__type_support.cpp.o
[426.672s] [ 67%] Building CXX object CMakeFiles/px4_msgs__rosidl_typesupport_cpp.dir/rosidl_typesupport_cpp/px4_msgs/msg/goto_setpoint__type_support.cpp.o
[426.674s] [ 67%] Building CXX object CMakeFiles/px4_msgs__rosidl_typesupport_introspection_cpp.dir/rosidl_typesupport_introspection_cpp/px4_msgs/msg/detail/fixed_wing_runway_control__type_support.cpp.o
[426.793s] [ 67%] Building CXX object CMakeFiles/px4_msgs__rosidl_typesupport_fastrtps_cpp.dir/rosidl_typesupport_fastrtps_cpp/px4_msgs/msg/detail/dds_fastrtps/config_overrides__type_support.cpp.o
[427.115s] [ 67%] Building CXX object CMakeFiles/px4_msgs__rosidl_typesupport_introspection_cpp.dir/rosidl_typesupport_introspection_cpp/px4_msgs/msg/detail/follow_target__type_support.cpp.o
[427.140s] [ 67%] Building CXX object CMakeFiles/px4_msgs__rosidl_typesupport_fastrtps_cpp.dir/rosidl_typesupport_fastrtps_cpp/px4_msgs/msg/detail/dds_fastrtps/control_allocator_status__type_support.cpp.o
[427.159s] [ 67%] Building CXX object CMakeFiles/px4_msgs__rosidl_typesupport_fastrtps_cpp.dir/rosidl_typesupport_fastrtps_cpp/px4_msgs/msg/detail/dds_fastrtps/cpuload__type_support.cpp.o
[427.178s] [ 67%] Building CXX object CMakeFiles/px4_msgs__rosidl_typesupport_cpp.dir/rosidl_typesupport_cpp/px4_msgs/msg/gpio_in__type_support.cpp.o
[427.222s] [ 67%] Building CXX object CMakeFiles/px4_msgs__rosidl_typesupport_cpp.dir/rosidl_typesupport_cpp/px4_msgs/msg/gpio_config__type_support.cpp.o
[427.600s] [ 67%] Building CXX object CMakeFiles/px4_msgs__rosidl_typesupport_introspection_cpp.dir/rosidl_typesupport_introspection_cpp/px4_msgs/msg/detail/follow_target_status__type_support.cpp.o
[427.606s] [ 68%] Building CXX object CMakeFiles/px4_msgs__rosidl_typesupport_introspection_cpp.dir/rosidl_typesupport_introspection_cpp/px4_msgs/msg/detail/follow_target_estimator__type_support.cpp.o
[427.609s] [ 68%] Building CXX object CMakeFiles/px4_msgs__rosidl_typesupport_fastrtps_cpp.dir/rosidl_typesupport_fastrtps_cpp/px4_msgs/msg/detail/dds_fastrtps/dataman_request__type_support.cpp.o
[427.773s] [ 68%] Building CXX object CMakeFiles/px4_msgs__rosidl_typesupport_fastrtps_cpp.dir/rosidl_typesupport_fastrtps_cpp/px4_msgs/msg/detail/dds_fastrtps/dataman_response__type_support.cpp.o
[427.903s] [ 68%] Building CXX object CMakeFiles/px4_msgs__rosidl_typesupport_cpp.dir/rosidl_typesupport_cpp/px4_msgs/msg/gpio_out__type_support.cpp.o
[427.927s] [ 68%] Building CXX object CMakeFiles/px4_msgs__rosidl_typesupport_cpp.dir/rosidl_typesupport_cpp/px4_msgs/msg/gpio_request__type_support.cpp.o
[428.003s] [ 68%] Building CXX object CMakeFiles/px4_msgs__rosidl_typesupport_fastrtps_cpp.dir/rosidl_typesupport_fastrtps_cpp/px4_msgs/msg/detail/dds_fastrtps/debug_array__type_support.cpp.o
[428.037s] [ 68%] Building CXX object CMakeFiles/px4_msgs__rosidl_typesupport_fastrtps_cpp.dir/rosidl_typesupport_fastrtps_cpp/px4_msgs/msg/detail/dds_fastrtps/debug_key_value__type_support.cpp.o
[428.309s] [ 68%] Building CXX object CMakeFiles/px4_msgs__rosidl_typesupport_introspection_cpp.dir/rosidl_typesupport_introspection_cpp/px4_msgs/msg/detail/fuel_tank_status__type_support.cpp.o
[428.519s] [ 68%] Building CXX object CMakeFiles/px4_msgs__rosidl_typesupport_fastrtps_cpp.dir/rosidl_typesupport_fastrtps_cpp/px4_msgs/msg/detail/dds_fastrtps/debug_value__type_support.cpp.o
[428.535s] [ 68%] Building CXX object CMakeFiles/px4_msgs__rosidl_typesupport_cpp.dir/rosidl_typesupport_cpp/px4_msgs/msg/gps_dump__type_support.cpp.o
[428.545s] [ 68%] Building CXX object CMakeFiles/px4_msgs__rosidl_typesupport_fastrtps_cpp.dir/rosidl_typesupport_fastrtps_cpp/px4_msgs/msg/detail/dds_fastrtps/debug_vect__type_support.cpp.o
[428.627s] [ 68%] Building CXX object CMakeFiles/px4_msgs__rosidl_typesupport_cpp.dir/rosidl_typesupport_cpp/px4_msgs/msg/gps_inject_data__type_support.cpp.o
[428.679s] [ 68%] Building CXX object CMakeFiles/px4_msgs__rosidl_typesupport_fastrtps_cpp.dir/rosidl_typesupport_fastrtps_cpp/px4_msgs/msg/detail/dds_fastrtps/differential_pressure__type_support.cpp.o
[429.027s] [ 68%] Building CXX object CMakeFiles/px4_msgs__rosidl_typesupport_introspection_cpp.dir/rosidl_typesupport_introspection_cpp/px4_msgs/msg/detail/generator_status__type_support.cpp.o
[429.094s] [ 68%] Building CXX object CMakeFiles/px4_msgs__rosidl_typesupport_introspection_cpp.dir/rosidl_typesupport_introspection_cpp/px4_msgs/msg/detail/geofence_result__type_support.cpp.o
[429.110s] [ 68%] Building CXX object CMakeFiles/px4_msgs__rosidl_typesupport_cpp.dir/rosidl_typesupport_cpp/px4_msgs/msg/gripper__type_support.cpp.o
[429.518s] [ 68%] Building CXX object CMakeFiles/px4_msgs__rosidl_typesupport_fastrtps_cpp.dir/rosidl_typesupport_fastrtps_cpp/px4_msgs/msg/detail/dds_fastrtps/distance_sensor__type_support.cpp.o
[429.551s] [ 68%] Building CXX object CMakeFiles/px4_msgs__rosidl_typesupport_introspection_cpp.dir/rosidl_typesupport_introspection_cpp/px4_msgs/msg/detail/gimbal_controls__type_support.cpp.o
[429.605s] [ 68%] Building CXX object CMakeFiles/px4_msgs__rosidl_typesupport_cpp.dir/rosidl_typesupport_cpp/px4_msgs/msg/hover_thrust_estimate__type_support.cpp.o
[429.945s] [ 68%] Building CXX object CMakeFiles/px4_msgs__rosidl_typesupport_cpp.dir/rosidl_typesupport_cpp/px4_msgs/msg/home_position__type_support.cpp.o
[429.995s] [ 68%] Building CXX object CMakeFiles/px4_msgs__rosidl_typesupport_introspection_cpp.dir/rosidl_typesupport_introspection_cpp/px4_msgs/msg/detail/gimbal_device_information__type_support.cpp.o
[430.060s] [ 68%] Building CXX object CMakeFiles/px4_msgs__rosidl_typesupport_fastrtps_cpp.dir/rosidl_typesupport_fastrtps_cpp/px4_msgs/msg/detail/dds_fastrtps/distance_sensor_mode_change_request__type_support.cpp.o
[430.216s] [ 68%] Building CXX object CMakeFiles/px4_msgs__rosidl_typesupport_cpp.dir/rosidl_typesupport_cpp/px4_msgs/msg/input_rc__type_support.cpp.o
[430.424s] [ 68%] Building CXX object CMakeFiles/px4_msgs__rosidl_typesupport_introspection_cpp.dir/rosidl_typesupport_introspection_cpp/px4_msgs/msg/detail/gimbal_device_attitude_status__type_support.cpp.o
[430.476s] [ 68%] Building CXX object CMakeFiles/px4_msgs__rosidl_typesupport_fastrtps_cpp.dir/rosidl_typesupport_fastrtps_cpp/px4_msgs/msg/detail/dds_fastrtps/ekf2_timestamps__type_support.cpp.o
[430.483s] [ 68%] Building CXX object CMakeFiles/px4_msgs__rosidl_typesupport_cpp.dir/rosidl_typesupport_cpp/px4_msgs/msg/heater_status__type_support.cpp.o
[430.694s] [ 68%] Building CXX object CMakeFiles/px4_msgs__rosidl_typesupport_introspection_cpp.dir/rosidl_typesupport_introspection_cpp/px4_msgs/msg/detail/gimbal_manager_information__type_support.cpp.o
[430.747s] [ 68%] Building CXX object CMakeFiles/px4_msgs__rosidl_typesupport_cpp.dir/rosidl_typesupport_cpp/px4_msgs/msg/health_report__type_support.cpp.o
[430.899s] [ 68%] Building CXX object CMakeFiles/px4_msgs__rosidl_typesupport_fastrtps_cpp.dir/rosidl_typesupport_fastrtps_cpp/px4_msgs/msg/detail/dds_fastrtps/esc_status__type_support.cpp.o
[430.971s] [ 68%] Building CXX object CMakeFiles/px4_msgs__rosidl_typesupport_introspection_cpp.dir/rosidl_typesupport_introspection_cpp/px4_msgs/msg/detail/gimbal_manager_set_attitude__type_support.cpp.o
[431.030s] [ 68%] Building CXX object CMakeFiles/px4_msgs__rosidl_typesupport_cpp.dir/rosidl_typesupport_cpp/px4_msgs/msg/internal_combustion_engine_control__type_support.cpp.o
[431.270s] [ 68%] Building CXX object CMakeFiles/px4_msgs__rosidl_typesupport_introspection_cpp.dir/rosidl_typesupport_introspection_cpp/px4_msgs/msg/detail/gimbal_device_set_attitude__type_support.cpp.o
[431.313s] [ 68%] Building CXX object CMakeFiles/px4_msgs__rosidl_typesupport_cpp.dir/rosidl_typesupport_cpp/px4_msgs/msg/internal_combustion_engine_status__type_support.cpp.o
[431.351s] [ 68%] Building CXX object CMakeFiles/px4_msgs__rosidl_typesupport_fastrtps_cpp.dir/rosidl_typesupport_fastrtps_cpp/px4_msgs/msg/detail/dds_fastrtps/estimator_aid_source1d__type_support.cpp.o
[431.581s] [ 68%] Building CXX object CMakeFiles/px4_msgs__rosidl_typesupport_cpp.dir/rosidl_typesupport_cpp/px4_msgs/msg/iridiumsbd_status__type_support.cpp.o
[431.700s] [ 68%] Building CXX object CMakeFiles/px4_msgs__rosidl_typesupport_introspection_cpp.dir/rosidl_typesupport_introspection_cpp/px4_msgs/msg/detail/gimbal_manager_status__type_support.cpp.o
[431.780s] [ 68%] Building CXX object CMakeFiles/px4_msgs__rosidl_typesupport_fastrtps_cpp.dir/rosidl_typesupport_fastrtps_cpp/px4_msgs/msg/detail/dds_fastrtps/esc_report__type_support.cpp.o
[431.937s] [ 69%] Building CXX object CMakeFiles/px4_msgs__rosidl_typesupport_cpp.dir/rosidl_typesupport_cpp/px4_msgs/msg/landing_gear__type_support.cpp.o
[432.049s] [ 69%] Building CXX object CMakeFiles/px4_msgs__rosidl_typesupport_introspection_cpp.dir/rosidl_typesupport_introspection_cpp/px4_msgs/msg/detail/gimbal_manager_set_manual_control__type_support.cpp.o
[432.316s] [ 69%] Building CXX object CMakeFiles/px4_msgs__rosidl_typesupport_introspection_cpp.dir/rosidl_typesupport_introspection_cpp/px4_msgs/msg/detail/geofence_status__type_support.cpp.o
[432.354s] [ 69%] Building CXX object CMakeFiles/px4_msgs__rosidl_typesupport_cpp.dir/rosidl_typesupport_cpp/px4_msgs/msg/irlock_report__type_support.cpp.o
[432.368s] [ 69%] Building CXX object CMakeFiles/px4_msgs__rosidl_typesupport_fastrtps_cpp.dir/rosidl_typesupport_fastrtps_cpp/px4_msgs/msg/detail/dds_fastrtps/estimator_bias3d__type_support.cpp.o
[432.600s] [ 69%] Building CXX object CMakeFiles/px4_msgs__rosidl_typesupport_introspection_cpp.dir/rosidl_typesupport_introspection_cpp/px4_msgs/msg/detail/goto_setpoint__type_support.cpp.o
[432.635s] [ 69%] Building CXX object CMakeFiles/px4_msgs__rosidl_typesupport_cpp.dir/rosidl_typesupport_cpp/px4_msgs/msg/landing_gear_wheel__type_support.cpp.o
[432.897s] [ 69%] Building CXX object CMakeFiles/px4_msgs__rosidl_typesupport_cpp.dir/rosidl_typesupport_cpp/px4_msgs/msg/landing_target_innovations__type_support.cpp.o
[432.921s] [ 69%] Building CXX object CMakeFiles/px4_msgs__rosidl_typesupport_introspection_cpp.dir/rosidl_typesupport_introspection_cpp/px4_msgs/msg/detail/gpio_config__type_support.cpp.o
[432.946s] [ 69%] Building CXX object CMakeFiles/px4_msgs__rosidl_typesupport_fastrtps_cpp.dir/rosidl_typesupport_fastrtps_cpp/px4_msgs/msg/detail/dds_fastrtps/estimator_event_flags__type_support.cpp.o
[433.207s] [ 70%] Building CXX object CMakeFiles/px4_msgs__rosidl_typesupport_cpp.dir/rosidl_typesupport_cpp/px4_msgs/msg/landing_target_pose__type_support.cpp.o
[433.343s] [ 70%] Building CXX object CMakeFiles/px4_msgs__rosidl_typesupport_introspection_cpp.dir/rosidl_typesupport_introspection_cpp/px4_msgs/msg/detail/gpio_in__type_support.cpp.o
[433.385s] [ 70%] Building CXX object CMakeFiles/px4_msgs__rosidl_typesupport_fastrtps_cpp.dir/rosidl_typesupport_fastrtps_cpp/px4_msgs/msg/detail/dds_fastrtps/estimator_bias__type_support.cpp.o
[433.471s] [ 70%] Building CXX object CMakeFiles/px4_msgs__rosidl_typesupport_cpp.dir/rosidl_typesupport_cpp/px4_msgs/msg/launch_detection_status__type_support.cpp.o
[433.710s] [ 70%] Building CXX object CMakeFiles/px4_msgs__rosidl_typesupport_introspection_cpp.dir/rosidl_typesupport_introspection_cpp/px4_msgs/msg/detail/gpio_out__type_support.cpp.o
[433.811s] [ 70%] Building CXX object CMakeFiles/px4_msgs__rosidl_typesupport_fastrtps_cpp.dir/rosidl_typesupport_fastrtps_cpp/px4_msgs/msg/detail/dds_fastrtps/estimator_aid_source3d__type_support.cpp.o
[433.812s] [ 70%] Building CXX object CMakeFiles/px4_msgs__rosidl_typesupport_cpp.dir/rosidl_typesupport_cpp/px4_msgs/msg/led_control__type_support.cpp.o
[434.086s] [ 70%] Building CXX object CMakeFiles/px4_msgs__rosidl_typesupport_introspection_cpp.dir/rosidl_typesupport_introspection_cpp/px4_msgs/msg/detail/gpio_request__type_support.cpp.o
[434.105s] [ 70%] Building CXX object CMakeFiles/px4_msgs__rosidl_typesupport_cpp.dir/rosidl_typesupport_cpp/px4_msgs/msg/logger_status__type_support.cpp.o
[434.341s] [ 70%] Building CXX object CMakeFiles/px4_msgs__rosidl_typesupport_fastrtps_cpp.dir/rosidl_typesupport_fastrtps_cpp/px4_msgs/msg/detail/dds_fastrtps/estimator_gps_status__type_support.cpp.o
[434.371s] [ 70%] Building CXX object CMakeFiles/px4_msgs__rosidl_typesupport_cpp.dir/rosidl_typesupport_cpp/px4_msgs/msg/log_message__type_support.cpp.o
[434.508s] [ 70%] Building CXX object CMakeFiles/px4_msgs__rosidl_typesupport_introspection_cpp.dir/rosidl_typesupport_introspection_cpp/px4_msgs/msg/detail/gps_inject_data__type_support.cpp.o
[434.641s] [ 70%] Building CXX object CMakeFiles/px4_msgs__rosidl_typesupport_cpp.dir/rosidl_typesupport_cpp/px4_msgs/msg/lateral_control_configuration__type_support.cpp.o
[434.782s] [ 70%] Building CXX object CMakeFiles/px4_msgs__rosidl_typesupport_fastrtps_cpp.dir/rosidl_typesupport_fastrtps_cpp/px4_msgs/msg/detail/dds_fastrtps/estimator_selector_status__type_support.cpp.o
[434.934s] [ 70%] Building CXX object CMakeFiles/px4_msgs__rosidl_typesupport_introspection_cpp.dir/rosidl_typesupport_introspection_cpp/px4_msgs/msg/detail/gps_dump__type_support.cpp.o
[435.031s] [ 70%] Building CXX object CMakeFiles/px4_msgs__rosidl_typesupport_cpp.dir/rosidl_typesupport_cpp/px4_msgs/msg/longitudinal_control_configuration__type_support.cpp.o
[435.248s] [ 70%] Building CXX object CMakeFiles/px4_msgs__rosidl_typesupport_introspection_cpp.dir/rosidl_typesupport_introspection_cpp/px4_msgs/msg/detail/gripper__type_support.cpp.o
[435.448s] [ 70%] Building CXX object CMakeFiles/px4_msgs__rosidl_typesupport_cpp.dir/rosidl_typesupport_cpp/px4_msgs/msg/mag_worker_data__type_support.cpp.o
[435.454s] [ 70%] Building CXX object CMakeFiles/px4_msgs__rosidl_typesupport_fastrtps_cpp.dir/rosidl_typesupport_fastrtps_cpp/px4_msgs/msg/detail/dds_fastrtps/estimator_states__type_support.cpp.o
[435.513s] [ 70%] Building CXX object CMakeFiles/px4_msgs__rosidl_typesupport_introspection_cpp.dir/rosidl_typesupport_introspection_cpp/px4_msgs/msg/detail/health_report__type_support.cpp.o
[435.783s] [ 70%] Building CXX object CMakeFiles/px4_msgs__rosidl_typesupport_introspection_cpp.dir/rosidl_typesupport_introspection_cpp/px4_msgs/msg/detail/heater_status__type_support.cpp.o
[435.874s] [ 70%] Building CXX object CMakeFiles/px4_msgs__rosidl_typesupport_cpp.dir/rosidl_typesupport_cpp/px4_msgs/msg/magnetometer_bias_estimate__type_support.cpp.o
[436.049s] [ 70%] Building CXX object CMakeFiles/px4_msgs__rosidl_typesupport_introspection_cpp.dir/rosidl_typesupport_introspection_cpp/px4_msgs/msg/detail/home_position__type_support.cpp.o
[436.123s] [ 71%] Building CXX object CMakeFiles/px4_msgs__rosidl_typesupport_fastrtps_cpp.dir/rosidl_typesupport_fastrtps_cpp/px4_msgs/msg/detail/dds_fastrtps/estimator_status__type_support.cpp.o
[436.229s] [ 71%] Building CXX object CMakeFiles/px4_msgs__rosidl_typesupport_cpp.dir/rosidl_typesupport_cpp/px4_msgs/msg/manual_control_setpoint__type_support.cpp.o
[436.438s] [ 71%] Building CXX object CMakeFiles/px4_msgs__rosidl_typesupport_introspection_cpp.dir/rosidl_typesupport_introspection_cpp/px4_msgs/msg/detail/hover_thrust_estimate__type_support.cpp.o
[436.493s] [ 71%] Building CXX object CMakeFiles/px4_msgs__rosidl_typesupport_cpp.dir/rosidl_typesupport_cpp/px4_msgs/msg/manual_control_switches__type_support.cpp.o
[436.692s] [ 71%] Building CXX object CMakeFiles/px4_msgs__rosidl_typesupport_fastrtps_cpp.dir/rosidl_typesupport_fastrtps_cpp/px4_msgs/msg/detail/dds_fastrtps/estimator_sensor_bias__type_support.cpp.o
[436.756s] [ 71%] Building CXX object CMakeFiles/px4_msgs__rosidl_typesupport_cpp.dir/rosidl_typesupport_cpp/px4_msgs/msg/mavlink_log__type_support.cpp.o
[436.855s] [ 71%] Building CXX object CMakeFiles/px4_msgs__rosidl_typesupport_introspection_cpp.dir/rosidl_typesupport_introspection_cpp/px4_msgs/msg/detail/internal_combustion_engine_control__type_support.cpp.o
[437.113s] [ 71%] Building CXX object CMakeFiles/px4_msgs__rosidl_typesupport_cpp.dir/rosidl_typesupport_cpp/px4_msgs/msg/mavlink_tunnel__type_support.cpp.o
[437.178s] [ 71%] Building CXX object CMakeFiles/px4_msgs__rosidl_typesupport_fastrtps_cpp.dir/rosidl_typesupport_fastrtps_cpp/px4_msgs/msg/detail/dds_fastrtps/estimator_innovations__type_support.cpp.o
[437.206s] [ 71%] Building CXX object CMakeFiles/px4_msgs__rosidl_typesupport_introspection_cpp.dir/rosidl_typesupport_introspection_cpp/px4_msgs/msg/detail/iridiumsbd_status__type_support.cpp.o
[437.384s] [ 71%] Building CXX object CMakeFiles/px4_msgs__rosidl_typesupport_cpp.dir/rosidl_typesupport_cpp/px4_msgs/msg/message_format_request__type_support.cpp.o
[437.475s] [ 71%] Building CXX object CMakeFiles/px4_msgs__rosidl_typesupport_introspection_cpp.dir/rosidl_typesupport_introspection_cpp/px4_msgs/msg/detail/internal_combustion_engine_status__type_support.cpp.o
[437.649s] [ 71%] Building CXX object CMakeFiles/px4_msgs__rosidl_typesupport_cpp.dir/rosidl_typesupport_cpp/px4_msgs/msg/message_format_response__type_support.cpp.o
[437.757s] [ 71%] Building CXX object CMakeFiles/px4_msgs__rosidl_typesupport_introspection_cpp.dir/rosidl_typesupport_introspection_cpp/px4_msgs/msg/detail/input_rc__type_support.cpp.o
[437.780s] [ 71%] Building CXX object CMakeFiles/px4_msgs__rosidl_typesupport_fastrtps_cpp.dir/rosidl_typesupport_fastrtps_cpp/px4_msgs/msg/detail/dds_fastrtps/failsafe_flags__type_support.cpp.o
[437.937s] [ 71%] Building CXX object CMakeFiles/px4_msgs__rosidl_typesupport_cpp.dir/rosidl_typesupport_cpp/px4_msgs/msg/mission__type_support.cpp.o
[438.195s] [ 71%] Building CXX object CMakeFiles/px4_msgs__rosidl_typesupport_introspection_cpp.dir/rosidl_typesupport_introspection_cpp/px4_msgs/msg/detail/irlock_report__type_support.cpp.o
[438.227s] [ 71%] Building CXX object CMakeFiles/px4_msgs__rosidl_typesupport_fastrtps_cpp.dir/rosidl_typesupport_fastrtps_cpp/px4_msgs/msg/detail/dds_fastrtps/failure_detector_status__type_support.cpp.o
[438.231s] [ 71%] Building CXX object CMakeFiles/px4_msgs__rosidl_typesupport_cpp.dir/rosidl_typesupport_cpp/px4_msgs/msg/mission_result__type_support.cpp.o
[438.520s] [ 71%] Building CXX object CMakeFiles/px4_msgs__rosidl_typesupport_introspection_cpp.dir/rosidl_typesupport_introspection_cpp/px4_msgs/msg/detail/landing_gear__type_support.cpp.o
[438.575s] [ 71%] Building CXX object CMakeFiles/px4_msgs__rosidl_typesupport_cpp.dir/rosidl_typesupport_cpp/px4_msgs/msg/mode_completed__type_support.cpp.o
[438.646s] [ 71%] Building CXX object CMakeFiles/px4_msgs__rosidl_typesupport_fastrtps_cpp.dir/rosidl_typesupport_fastrtps_cpp/px4_msgs/msg/detail/dds_fastrtps/figure_eight_status__type_support.cpp.o
[438.784s] [ 71%] Building CXX object CMakeFiles/px4_msgs__rosidl_typesupport_introspection_cpp.dir/rosidl_typesupport_introspection_cpp/px4_msgs/msg/detail/landing_gear_wheel__type_support.cpp.o
[438.997s] [ 71%] Building CXX object CMakeFiles/px4_msgs__rosidl_typesupport_cpp.dir/rosidl_typesupport_cpp/px4_msgs/msg/mount_orientation__type_support.cpp.o
[439.126s] [ 71%] Building CXX object CMakeFiles/px4_msgs__rosidl_typesupport_introspection_cpp.dir/rosidl_typesupport_introspection_cpp/px4_msgs/msg/detail/landing_target_innovations__type_support.cpp.o
[439.151s] [ 71%] Building CXX object CMakeFiles/px4_msgs__rosidl_typesupport_fastrtps_cpp.dir/rosidl_typesupport_fastrtps_cpp/px4_msgs/msg/detail/dds_fastrtps/event__type_support.cpp.o
[439.313s] [ 71%] Building CXX object CMakeFiles/px4_msgs__rosidl_typesupport_cpp.dir/rosidl_typesupport_cpp/px4_msgs/msg/navigator_mission_item__type_support.cpp.o
[439.545s] [ 72%] Building CXX object CMakeFiles/px4_msgs__rosidl_typesupport_introspection_cpp.dir/rosidl_typesupport_introspection_cpp/px4_msgs/msg/detail/landing_target_pose__type_support.cpp.o
[439.545s] [ 72%] Building CXX object CMakeFiles/px4_msgs__rosidl_typesupport_cpp.dir/rosidl_typesupport_cpp/px4_msgs/msg/navigator_status__type_support.cpp.o
[439.623s] [ 72%] Building CXX object CMakeFiles/px4_msgs__rosidl_typesupport_fastrtps_cpp.dir/rosidl_typesupport_fastrtps_cpp/px4_msgs/msg/detail/dds_fastrtps/fixed_wing_lateral_setpoint__type_support.cpp.o
[439.840s] [ 72%] Building CXX object CMakeFiles/px4_msgs__rosidl_typesupport_introspection_cpp.dir/rosidl_typesupport_introspection_cpp/px4_msgs/msg/detail/lateral_control_configuration__type_support.cpp.o
[439.851s] [ 72%] Building CXX object CMakeFiles/px4_msgs__rosidl_typesupport_fastrtps_cpp.dir/rosidl_typesupport_fastrtps_cpp/px4_msgs/msg/detail/dds_fastrtps/fixed_wing_lateral_guidance_status__type_support.cpp.o
[439.982s] [ 72%] Building CXX object CMakeFiles/px4_msgs__rosidl_typesupport_cpp.dir/rosidl_typesupport_cpp/px4_msgs/msg/neural_control__type_support.cpp.o
[440.300s] [ 72%] Building CXX object CMakeFiles/px4_msgs__rosidl_typesupport_introspection_cpp.dir/rosidl_typesupport_introspection_cpp/px4_msgs/msg/detail/launch_detection_status__type_support.cpp.o
[440.316s] [ 72%] Building CXX object CMakeFiles/px4_msgs__rosidl_typesupport_fastrtps_cpp.dir/rosidl_typesupport_fastrtps_cpp/px4_msgs/msg/detail/dds_fastrtps/fixed_wing_lateral_status__type_support.cpp.o
[440.412s] [ 72%] Building CXX object CMakeFiles/px4_msgs__rosidl_typesupport_cpp.dir/rosidl_typesupport_cpp/px4_msgs/msg/normalized_unsigned_setpoint__type_support.cpp.o
[440.512s] [ 72%] Building CXX object CMakeFiles/px4_msgs__rosidl_typesupport_introspection_cpp.dir/rosidl_typesupport_introspection_cpp/px4_msgs/msg/detail/led_control__type_support.cpp.o
[440.513s] [ 72%] Building CXX object CMakeFiles/px4_msgs__rosidl_typesupport_fastrtps_cpp.dir/rosidl_typesupport_fastrtps_cpp/px4_msgs/msg/detail/dds_fastrtps/fixed_wing_longitudinal_setpoint__type_support.cpp.o
[440.875s] [ 72%] Building CXX object CMakeFiles/px4_msgs__rosidl_typesupport_cpp.dir/rosidl_typesupport_cpp/px4_msgs/msg/obstacle_distance__type_support.cpp.o
[440.960s] [ 72%] Building CXX object CMakeFiles/px4_msgs__rosidl_typesupport_introspection_cpp.dir/rosidl_typesupport_introspection_cpp/px4_msgs/msg/detail/log_message__type_support.cpp.o
[441.005s] [ 73%] Building CXX object CMakeFiles/px4_msgs__rosidl_typesupport_cpp.dir/rosidl_typesupport_cpp/px4_msgs/msg/offboard_control_mode__type_support.cpp.o
[441.005s] [ 73%] Building CXX object CMakeFiles/px4_msgs__rosidl_typesupport_fastrtps_cpp.dir/rosidl_typesupport_fastrtps_cpp/px4_msgs/msg/detail/dds_fastrtps/fixed_wing_runway_control__type_support.cpp.o
[441.189s] [ 73%] Building CXX object CMakeFiles/px4_msgs__rosidl_typesupport_fastrtps_cpp.dir/rosidl_typesupport_fastrtps_cpp/px4_msgs/msg/detail/dds_fastrtps/estimator_status_flags__type_support.cpp.o
[441.311s] [ 73%] Building CXX object CMakeFiles/px4_msgs__rosidl_typesupport_cpp.dir/rosidl_typesupport_cpp/px4_msgs/msg/onboard_computer_status__type_support.cpp.o
[441.489s] [ 73%] Building CXX object CMakeFiles/px4_msgs__rosidl_typesupport_introspection_cpp.dir/rosidl_typesupport_introspection_cpp/px4_msgs/msg/detail/longitudinal_control_configuration__type_support.cpp.o
[441.554s] [ 73%] Building CXX object CMakeFiles/px4_msgs__rosidl_typesupport_fastrtps_cpp.dir/rosidl_typesupport_fastrtps_cpp/px4_msgs/msg/detail/dds_fastrtps/follow_target__type_support.cpp.o
[441.778s] [ 73%] Building CXX object CMakeFiles/px4_msgs__rosidl_typesupport_cpp.dir/rosidl_typesupport_cpp/px4_msgs/msg/open_drone_id_arm_status__type_support.cpp.o
[441.951s] [ 73%] Building CXX object CMakeFiles/px4_msgs__rosidl_typesupport_fastrtps_cpp.dir/rosidl_typesupport_fastrtps_cpp/px4_msgs/msg/detail/dds_fastrtps/flight_phase_estimation__type_support.cpp.o
[442.117s] [ 73%] Building CXX object CMakeFiles/px4_msgs__rosidl_typesupport_introspection_cpp.dir/rosidl_typesupport_introspection_cpp/px4_msgs/msg/detail/mag_worker_data__type_support.cpp.o
[442.119s] [ 73%] Building CXX object CMakeFiles/px4_msgs__rosidl_typesupport_fastrtps_cpp.dir/rosidl_typesupport_fastrtps_cpp/px4_msgs/msg/detail/dds_fastrtps/follow_target_estimator__type_support.cpp.o
[442.131s] [ 73%] Building CXX object CMakeFiles/px4_msgs__rosidl_typesupport_introspection_cpp.dir/rosidl_typesupport_introspection_cpp/px4_msgs/msg/detail/magnetometer_bias_estimate__type_support.cpp.o
[442.592s] [ 73%] Building CXX object CMakeFiles/px4_msgs__rosidl_typesupport_cpp.dir/rosidl_typesupport_cpp/px4_msgs/msg/open_drone_id_operator_id__type_support.cpp.o
[442.681s] [ 73%] Building CXX object CMakeFiles/px4_msgs__rosidl_typesupport_introspection_cpp.dir/rosidl_typesupport_introspection_cpp/px4_msgs/msg/detail/manual_control_setpoint__type_support.cpp.o
[442.778s] [ 73%] Building CXX object CMakeFiles/px4_msgs__rosidl_typesupport_fastrtps_cpp.dir/rosidl_typesupport_fastrtps_cpp/px4_msgs/msg/detail/dds_fastrtps/estimator_aid_source2d__type_support.cpp.o
[442.949s] [ 73%] Building CXX object CMakeFiles/px4_msgs__rosidl_typesupport_introspection_cpp.dir/rosidl_typesupport_introspection_cpp/px4_msgs/msg/detail/mavlink_log__type_support.cpp.o
[442.955s] [ 73%] Building CXX object CMakeFiles/px4_msgs__rosidl_typesupport_cpp.dir/rosidl_typesupport_cpp/px4_msgs/msg/open_drone_id_self_id__type_support.cpp.o
[443.209s] [ 73%] Building CXX object CMakeFiles/px4_msgs__rosidl_typesupport_fastrtps_cpp.dir/rosidl_typesupport_fastrtps_cpp/px4_msgs/msg/detail/dds_fastrtps/dronecan_node_status__type_support.cpp.o
[443.240s] [ 73%] Building CXX object CMakeFiles/px4_msgs__rosidl_typesupport_fastrtps_cpp.dir/rosidl_typesupport_fastrtps_cpp/px4_msgs/msg/detail/dds_fastrtps/follow_target_status__type_support.cpp.o
[443.251s] [ 73%] Building CXX object CMakeFiles/px4_msgs__rosidl_typesupport_cpp.dir/rosidl_typesupport_cpp/px4_msgs/msg/open_drone_id_system__type_support.cpp.o
[443.552s] [ 73%] Building CXX object CMakeFiles/px4_msgs__rosidl_typesupport_introspection_cpp.dir/rosidl_typesupport_introspection_cpp/px4_msgs/msg/detail/mavlink_tunnel__type_support.cpp.o
[443.734s] [ 73%] Building CXX object CMakeFiles/px4_msgs__rosidl_typesupport_fastrtps_cpp.dir/rosidl_typesupport_fastrtps_cpp/px4_msgs/msg/detail/dds_fastrtps/geofence_result__type_support.cpp.o
[443.960s] [ 73%] Building CXX object CMakeFiles/px4_msgs__rosidl_typesupport_cpp.dir/rosidl_typesupport_cpp/px4_msgs/msg/orb_test__type_support.cpp.o
[444.005s] [ 73%] Building CXX object CMakeFiles/px4_msgs__rosidl_typesupport_introspection_cpp.dir/rosidl_typesupport_introspection_cpp/px4_msgs/msg/detail/message_format_request__type_support.cpp.o
[444.018s] [ 73%] Building CXX object CMakeFiles/px4_msgs__rosidl_typesupport_fastrtps_cpp.dir/rosidl_typesupport_fastrtps_cpp/px4_msgs/msg/detail/dds_fastrtps/generator_status__type_support.cpp.o
[444.128s] [ 73%] Building CXX object CMakeFiles/px4_msgs__rosidl_typesupport_fastrtps_cpp.dir/rosidl_typesupport_fastrtps_cpp/px4_msgs/msg/detail/dds_fastrtps/fuel_tank_status__type_support.cpp.o
[444.129s] [ 73%] Building CXX object CMakeFiles/px4_msgs__rosidl_typesupport_cpp.dir/rosidl_typesupport_cpp/px4_msgs/msg/orb_test_large__type_support.cpp.o
[444.639s] [ 73%] Building CXX object CMakeFiles/px4_msgs__rosidl_typesupport_introspection_cpp.dir/rosidl_typesupport_introspection_cpp/px4_msgs/msg/detail/message_format_response__type_support.cpp.o
[444.656s] [ 73%] Building CXX object CMakeFiles/px4_msgs__rosidl_typesupport_cpp.dir/rosidl_typesupport_cpp/px4_msgs/msg/orbit_status__type_support.cpp.o
[444.936s] [ 73%] Building CXX object CMakeFiles/px4_msgs__rosidl_typesupport_fastrtps_cpp.dir/rosidl_typesupport_fastrtps_cpp/px4_msgs/msg/detail/dds_fastrtps/gimbal_device_attitude_status__type_support.cpp.o
[445.077s] [ 73%] Building CXX object CMakeFiles/px4_msgs__rosidl_typesupport_introspection_cpp.dir/rosidl_typesupport_introspection_cpp/px4_msgs/msg/detail/mission_result__type_support.cpp.o
[445.077s] [ 73%] Building CXX object CMakeFiles/px4_msgs__rosidl_typesupport_cpp.dir/rosidl_typesupport_cpp/px4_msgs/msg/orb_test_medium__type_support.cpp.o
[445.344s] [ 73%] Building CXX object CMakeFiles/px4_msgs__rosidl_typesupport_cpp.dir/rosidl_typesupport_cpp/px4_msgs/msg/parameter_reset_request__type_support.cpp.o
[445.344s] [ 73%] Building CXX object CMakeFiles/px4_msgs__rosidl_typesupport_introspection_cpp.dir/rosidl_typesupport_introspection_cpp/px4_msgs/msg/detail/mode_completed__type_support.cpp.o
[445.411s] [ 73%] Building CXX object CMakeFiles/px4_msgs__rosidl_typesupport_fastrtps_cpp.dir/rosidl_typesupport_fastrtps_cpp/px4_msgs/msg/detail/dds_fastrtps/gimbal_manager_information__type_support.cpp.o
[445.608s] [ 73%] Building CXX object CMakeFiles/px4_msgs__rosidl_typesupport_cpp.dir/rosidl_typesupport_cpp/px4_msgs/msg/parameter_set_used_request__type_support.cpp.o
[445.736s] [ 73%] Building CXX object CMakeFiles/px4_msgs__rosidl_typesupport_introspection_cpp.dir/rosidl_typesupport_introspection_cpp/px4_msgs/msg/detail/navigator_mission_item__type_support.cpp.o
[445.841s] [ 73%] Building CXX object CMakeFiles/px4_msgs__rosidl_typesupport_fastrtps_cpp.dir/rosidl_typesupport_fastrtps_cpp/px4_msgs/msg/detail/dds_fastrtps/gimbal_device_set_attitude__type_support.cpp.o
[445.895s] [ 73%] Building CXX object CMakeFiles/px4_msgs__rosidl_typesupport_cpp.dir/rosidl_typesupport_cpp/px4_msgs/msg/parameter_set_value_request__type_support.cpp.o
[446.153s] [ 73%] Building CXX object CMakeFiles/px4_msgs__rosidl_typesupport_introspection_cpp.dir/rosidl_typesupport_introspection_cpp/px4_msgs/msg/detail/neural_control__type_support.cpp.o
[446.189s] [ 73%] Building CXX object CMakeFiles/px4_msgs__rosidl_typesupport_cpp.dir/rosidl_typesupport_cpp/px4_msgs/msg/parameter_set_value_response__type_support.cpp.o
[446.453s] [ 73%] Building CXX object CMakeFiles/px4_msgs__rosidl_typesupport_cpp.dir/rosidl_typesupport_cpp/px4_msgs/msg/parameter_update__type_support.cpp.o
[446.506s] [ 74%] Building CXX object CMakeFiles/px4_msgs__rosidl_typesupport_fastrtps_cpp.dir/rosidl_typesupport_fastrtps_cpp/px4_msgs/msg/detail/dds_fastrtps/gimbal_manager_set_attitude__type_support.cpp.o
[446.552s] [ 74%] Building CXX object CMakeFiles/px4_msgs__rosidl_typesupport_introspection_cpp.dir/rosidl_typesupport_introspection_cpp/px4_msgs/msg/detail/navigator_status__type_support.cpp.o
[446.827s] [ 74%] Building CXX object CMakeFiles/px4_msgs__rosidl_typesupport_introspection_cpp.dir/rosidl_typesupport_introspection_cpp/px4_msgs/msg/detail/normalized_unsigned_setpoint__type_support.cpp.o
[446.853s] [ 74%] Building CXX object CMakeFiles/px4_msgs__rosidl_typesupport_cpp.dir/rosidl_typesupport_cpp/px4_msgs/msg/ping__type_support.cpp.o
[447.090s] [ 74%] Building CXX object CMakeFiles/px4_msgs__rosidl_typesupport_fastrtps_cpp.dir/rosidl_typesupport_fastrtps_cpp/px4_msgs/msg/detail/dds_fastrtps/gimbal_manager_status__type_support.cpp.o
[447.238s] [ 74%] Building CXX object CMakeFiles/px4_msgs__rosidl_typesupport_introspection_cpp.dir/rosidl_typesupport_introspection_cpp/px4_msgs/msg/detail/obstacle_distance__type_support.cpp.o
[447.262s] [ 74%] Building CXX object CMakeFiles/px4_msgs__rosidl_typesupport_cpp.dir/rosidl_typesupport_cpp/px4_msgs/msg/position_controller_landing_status__type_support.cpp.o
[447.509s] [ 74%] Building CXX object CMakeFiles/px4_msgs__rosidl_typesupport_introspection_cpp.dir/rosidl_typesupport_introspection_cpp/px4_msgs/msg/detail/offboard_control_mode__type_support.cpp.o
[447.512s] [ 74%] Building CXX object CMakeFiles/px4_msgs__rosidl_typesupport_fastrtps_cpp.dir/rosidl_typesupport_fastrtps_cpp/px4_msgs/msg/detail/dds_fastrtps/gimbal_manager_set_manual_control__type_support.cpp.o
[447.526s] [ 74%] Building CXX object CMakeFiles/px4_msgs__rosidl_typesupport_cpp.dir/rosidl_typesupport_cpp/px4_msgs/msg/position_controller_status__type_support.cpp.o
[447.791s] [ 75%] Building CXX object CMakeFiles/px4_msgs__rosidl_typesupport_cpp.dir/rosidl_typesupport_cpp/px4_msgs/msg/position_setpoint__type_support.cpp.o
[447.872s] [ 75%] Building CXX object CMakeFiles/px4_msgs__rosidl_typesupport_introspection_cpp.dir/rosidl_typesupport_introspection_cpp/px4_msgs/msg/detail/onboard_computer_status__type_support.cpp.o
[447.941s] [ 75%] Building CXX object CMakeFiles/px4_msgs__rosidl_typesupport_fastrtps_cpp.dir/rosidl_typesupport_fastrtps_cpp/px4_msgs/msg/detail/dds_fastrtps/goto_setpoint__type_support.cpp.o
[448.137s] [ 75%] Building CXX object CMakeFiles/px4_msgs__rosidl_typesupport_cpp.dir/rosidl_typesupport_cpp/px4_msgs/msg/power_button_state__type_support.cpp.o
[448.377s] [ 75%] Building CXX object CMakeFiles/px4_msgs__rosidl_typesupport_introspection_cpp.dir/rosidl_typesupport_introspection_cpp/px4_msgs/msg/detail/open_drone_id_arm_status__type_support.cpp.o
[448.440s] [ 75%] Building CXX object CMakeFiles/px4_msgs__rosidl_typesupport_fastrtps_cpp.dir/rosidl_typesupport_fastrtps_cpp/px4_msgs/msg/detail/dds_fastrtps/gimbal_device_information__type_support.cpp.o
[448.495s] [ 75%] Building CXX object CMakeFiles/px4_msgs__rosidl_typesupport_cpp.dir/rosidl_typesupport_cpp/px4_msgs/msg/power_monitor__type_support.cpp.o
[448.758s] [ 75%] Building CXX object CMakeFiles/px4_msgs__rosidl_typesupport_cpp.dir/rosidl_typesupport_cpp/px4_msgs/msg/position_setpoint_triplet__type_support.cpp.o
[448.808s] [ 75%] Building CXX object CMakeFiles/px4_msgs__rosidl_typesupport_introspection_cpp.dir/rosidl_typesupport_introspection_cpp/px4_msgs/msg/detail/open_drone_id_self_id__type_support.cpp.o
[448.931s] [ 75%] Building CXX object CMakeFiles/px4_msgs__rosidl_typesupport_fastrtps_cpp.dir/rosidl_typesupport_fastrtps_cpp/px4_msgs/msg/detail/dds_fastrtps/gpio_config__type_support.cpp.o
[449.044s] [ 75%] Building CXX object CMakeFiles/px4_msgs__rosidl_typesupport_cpp.dir/rosidl_typesupport_cpp/px4_msgs/msg/pps_capture__type_support.cpp.o
[449.128s] [ 75%] Building CXX object CMakeFiles/px4_msgs__rosidl_typesupport_introspection_cpp.dir/rosidl_typesupport_introspection_cpp/px4_msgs/msg/detail/orb_test__type_support.cpp.o
[449.366s] [ 75%] Building CXX object CMakeFiles/px4_msgs__rosidl_typesupport_fastrtps_cpp.dir/rosidl_typesupport_fastrtps_cpp/px4_msgs/msg/detail/dds_fastrtps/gimbal_controls__type_support.cpp.o
[449.394s] [ 75%] Building CXX object CMakeFiles/px4_msgs__rosidl_typesupport_introspection_cpp.dir/rosidl_typesupport_introspection_cpp/px4_msgs/msg/detail/open_drone_id_system__type_support.cpp.o
[449.440s] [ 76%] Building CXX object CMakeFiles/px4_msgs__rosidl_typesupport_cpp.dir/rosidl_typesupport_cpp/px4_msgs/msg/pwm_input__type_support.cpp.o
[449.670s] [ 76%] Building CXX object CMakeFiles/px4_msgs__rosidl_typesupport_introspection_cpp.dir/rosidl_typesupport_introspection_cpp/px4_msgs/msg/detail/orb_test_large__type_support.cpp.o
[449.775s] [ 76%] Building CXX object CMakeFiles/px4_msgs__rosidl_typesupport_fastrtps_cpp.dir/rosidl_typesupport_fastrtps_cpp/px4_msgs/msg/detail/dds_fastrtps/gpio_request__type_support.cpp.o
[449.862s] [ 76%] Building CXX object CMakeFiles/px4_msgs__rosidl_typesupport_cpp.dir/rosidl_typesupport_cpp/px4_msgs/msg/px4io_status__type_support.cpp.o
[449.982s] [ 76%] Building CXX object CMakeFiles/px4_msgs__rosidl_typesupport_introspection_cpp.dir/rosidl_typesupport_introspection_cpp/px4_msgs/msg/detail/open_drone_id_operator_id__type_support.cpp.o
[450.210s] [ 76%] Building CXX object CMakeFiles/px4_msgs__rosidl_typesupport_cpp.dir/rosidl_typesupport_cpp/px4_msgs/msg/qshell_req__type_support.cpp.o
[450.241s] [ 76%] Building CXX object CMakeFiles/px4_msgs__rosidl_typesupport_fastrtps_cpp.dir/rosidl_typesupport_fastrtps_cpp/px4_msgs/msg/detail/dds_fastrtps/gps_inject_data__type_support.cpp.o
[450.387s] [ 76%] Building CXX object CMakeFiles/px4_msgs__rosidl_typesupport_introspection_cpp.dir/rosidl_typesupport_introspection_cpp/px4_msgs/msg/detail/orb_test_medium__type_support.cpp.o
[450.607s] [ 76%] Building CXX object CMakeFiles/px4_msgs__rosidl_typesupport_cpp.dir/rosidl_typesupport_cpp/px4_msgs/msg/qshell_retval__type_support.cpp.o
[450.657s] [ 76%] Building CXX object CMakeFiles/px4_msgs__rosidl_typesupport_introspection_cpp.dir/rosidl_typesupport_introspection_cpp/px4_msgs/msg/detail/orbit_status__type_support.cpp.o
[450.695s] [ 76%] Building CXX object CMakeFiles/px4_msgs__rosidl_typesupport_fastrtps_cpp.dir/rosidl_typesupport_fastrtps_cpp/px4_msgs/msg/detail/dds_fastrtps/gripper__type_support.cpp.o
[450.929s] [ 76%] Building CXX object CMakeFiles/px4_msgs__rosidl_typesupport_introspection_cpp.dir/rosidl_typesupport_introspection_cpp/px4_msgs/msg/detail/parameter_reset_request__type_support.cpp.o
[451.022s] [ 76%] Building CXX object CMakeFiles/px4_msgs__rosidl_typesupport_cpp.dir/rosidl_typesupport_cpp/px4_msgs/msg/radio_status__type_support.cpp.o
[451.110s] [ 76%] Building CXX object CMakeFiles/px4_msgs__rosidl_typesupport_fastrtps_cpp.dir/rosidl_typesupport_fastrtps_cpp/px4_msgs/msg/detail/dds_fastrtps/gps_dump__type_support.cpp.o
[451.314s] [ 76%] Building CXX object CMakeFiles/px4_msgs__rosidl_typesupport_introspection_cpp.dir/rosidl_typesupport_introspection_cpp/px4_msgs/msg/detail/parameter_set_value_request__type_support.cpp.o
[451.433s] [ 76%] Building CXX object CMakeFiles/px4_msgs__rosidl_typesupport_cpp.dir/rosidl_typesupport_cpp/px4_msgs/msg/pure_pursuit_status__type_support.cpp.o
[451.526s] [ 76%] Building CXX object CMakeFiles/px4_msgs__rosidl_typesupport_fastrtps_cpp.dir/rosidl_typesupport_fastrtps_cpp/px4_msgs/msg/detail/dds_fastrtps/health_report__type_support.cpp.o
[451.614s] [ 76%] Building CXX object CMakeFiles/px4_msgs__rosidl_typesupport_introspection_cpp.dir/rosidl_typesupport_introspection_cpp/px4_msgs/msg/detail/parameter_update__type_support.cpp.o
[451.700s] [ 76%] Building CXX object CMakeFiles/px4_msgs__rosidl_typesupport_cpp.dir/rosidl_typesupport_cpp/px4_msgs/msg/rate_ctrl_status__type_support.cpp.o
[451.939s] [ 76%] Building CXX object CMakeFiles/px4_msgs__rosidl_typesupport_introspection_cpp.dir/rosidl_typesupport_introspection_cpp/px4_msgs/msg/detail/ping__type_support.cpp.o
[451.997s] [ 76%] Building CXX object CMakeFiles/px4_msgs__rosidl_typesupport_fastrtps_cpp.dir/rosidl_typesupport_fastrtps_cpp/px4_msgs/msg/detail/dds_fastrtps/gpio_in__type_support.cpp.o
[452.080s] [ 76%] Building CXX object CMakeFiles/px4_msgs__rosidl_typesupport_cpp.dir/rosidl_typesupport_cpp/px4_msgs/msg/rc_parameter_map__type_support.cpp.o
[452.345s] [ 76%] Building CXX object CMakeFiles/px4_msgs__rosidl_typesupport_introspection_cpp.dir/rosidl_typesupport_introspection_cpp/px4_msgs/msg/detail/position_controller_landing_status__type_support.cpp.o
[452.350s] [ 76%] Building CXX object CMakeFiles/px4_msgs__rosidl_typesupport_cpp.dir/rosidl_typesupport_cpp/px4_msgs/msg/rc_channels__type_support.cpp.o
[452.525s] [ 76%] Building CXX object CMakeFiles/px4_msgs__rosidl_typesupport_fastrtps_cpp.dir/rosidl_typesupport_fastrtps_cpp/px4_msgs/msg/detail/dds_fastrtps/heater_status__type_support.cpp.o
[452.769s] [ 76%] Building CXX object CMakeFiles/px4_msgs__rosidl_typesupport_introspection_cpp.dir/rosidl_typesupport_introspection_cpp/px4_msgs/msg/detail/position_setpoint__type_support.cpp.o
[452.775s] [ 76%] Building CXX object CMakeFiles/px4_msgs__rosidl_typesupport_cpp.dir/rosidl_typesupport_cpp/px4_msgs/msg/register_ext_component_reply__type_support.cpp.o
[452.959s] [ 76%] Building CXX object CMakeFiles/px4_msgs__rosidl_typesupport_fastrtps_cpp.dir/rosidl_typesupport_fastrtps_cpp/px4_msgs/msg/detail/dds_fastrtps/home_position__type_support.cpp.o
[453.089s] [ 76%] Building CXX object CMakeFiles/px4_msgs__rosidl_typesupport_cpp.dir/rosidl_typesupport_cpp/px4_msgs/msg/register_ext_component_request__type_support.cpp.o
[453.196s] [ 76%] Building CXX object CMakeFiles/px4_msgs__rosidl_typesupport_introspection_cpp.dir/rosidl_typesupport_introspection_cpp/px4_msgs/msg/detail/position_controller_status__type_support.cpp.o
[453.362s] [ 76%] Building CXX object CMakeFiles/px4_msgs__rosidl_typesupport_cpp.dir/rosidl_typesupport_cpp/px4_msgs/msg/rover_attitude_setpoint__type_support.cpp.o
[453.380s] [ 76%] Building CXX object CMakeFiles/px4_msgs__rosidl_typesupport_fastrtps_cpp.dir/rosidl_typesupport_fastrtps_cpp/px4_msgs/msg/detail/dds_fastrtps/input_rc__type_support.cpp.o
[453.575s] [ 76%] Building CXX object CMakeFiles/px4_msgs__rosidl_typesupport_introspection_cpp.dir/rosidl_typesupport_introspection_cpp/px4_msgs/msg/detail/parameter_set_value_response__type_support.cpp.o
[453.624s] [ 76%] Building CXX object CMakeFiles/px4_msgs__rosidl_typesupport_cpp.dir/rosidl_typesupport_cpp/px4_msgs/msg/rover_attitude_status__type_support.cpp.o
[453.846s] [ 76%] Building CXX object CMakeFiles/px4_msgs__rosidl_typesupport_fastrtps_cpp.dir/rosidl_typesupport_fastrtps_cpp/px4_msgs/msg/detail/dds_fastrtps/internal_combustion_engine_status__type_support.cpp.o
[453.880s] [ 76%] Building CXX object CMakeFiles/px4_msgs__rosidl_typesupport_introspection_cpp.dir/rosidl_typesupport_introspection_cpp/px4_msgs/msg/detail/parameter_set_used_request__type_support.cpp.o
[453.945s] [ 76%] Building CXX object CMakeFiles/px4_msgs__rosidl_typesupport_cpp.dir/rosidl_typesupport_cpp/px4_msgs/msg/rover_position_setpoint__type_support.cpp.o
[454.242s] [ 76%] Building CXX object CMakeFiles/px4_msgs__rosidl_typesupport_cpp.dir/rosidl_typesupport_cpp/px4_msgs/msg/rover_rate_setpoint__type_support.cpp.o
[454.325s] [ 76%] Building CXX object CMakeFiles/px4_msgs__rosidl_typesupport_introspection_cpp.dir/rosidl_typesupport_introspection_cpp/px4_msgs/msg/detail/position_setpoint_triplet__type_support.cpp.o
[454.386s] [ 76%] Building CXX object CMakeFiles/px4_msgs__rosidl_typesupport_fastrtps_cpp.dir/rosidl_typesupport_fastrtps_cpp/px4_msgs/msg/detail/dds_fastrtps/irlock_report__type_support.cpp.o
[454.530s] [ 76%] Building CXX object CMakeFiles/px4_msgs__rosidl_typesupport_cpp.dir/rosidl_typesupport_cpp/px4_msgs/msg/rover_rate_status__type_support.cpp.o
[454.746s] [ 76%] Building CXX object CMakeFiles/px4_msgs__rosidl_typesupport_introspection_cpp.dir/rosidl_typesupport_introspection_cpp/px4_msgs/msg/detail/power_button_state__type_support.cpp.o
[454.796s] [ 76%] Building CXX object CMakeFiles/px4_msgs__rosidl_typesupport_cpp.dir/rosidl_typesupport_cpp/px4_msgs/msg/rover_speed_setpoint__type_support.cpp.o
[454.815s] [ 76%] Building CXX object CMakeFiles/px4_msgs__rosidl_typesupport_fastrtps_cpp.dir/rosidl_typesupport_fastrtps_cpp/px4_msgs/msg/detail/dds_fastrtps/landing_gear__type_support.cpp.o
[455.060s] [ 76%] Building CXX object CMakeFiles/px4_msgs__rosidl_typesupport_cpp.dir/rosidl_typesupport_cpp/px4_msgs/msg/rover_speed_status__type_support.cpp.o
[455.138s] [ 76%] Building CXX object CMakeFiles/px4_msgs__rosidl_typesupport_introspection_cpp.dir/rosidl_typesupport_introspection_cpp/px4_msgs/msg/detail/power_monitor__type_support.cpp.o
[455.328s] [ 76%] Building CXX object CMakeFiles/px4_msgs__rosidl_typesupport_fastrtps_cpp.dir/rosidl_typesupport_fastrtps_cpp/px4_msgs/msg/detail/dds_fastrtps/landing_gear_wheel__type_support.cpp.o
[455.406s] [ 76%] Building CXX object CMakeFiles/px4_msgs__rosidl_typesupport_introspection_cpp.dir/rosidl_typesupport_introspection_cpp/px4_msgs/msg/detail/pps_capture__type_support.cpp.o
[455.429s] [ 76%] Building CXX object CMakeFiles/px4_msgs__rosidl_typesupport_cpp.dir/rosidl_typesupport_cpp/px4_msgs/msg/rover_steering_setpoint__type_support.cpp.o
[455.669s] [ 76%] Building CXX object CMakeFiles/px4_msgs__rosidl_typesupport_introspection_cpp.dir/rosidl_typesupport_introspection_cpp/px4_msgs/msg/detail/pure_pursuit_status__type_support.cpp.o
[455.691s] [ 76%] Building CXX object CMakeFiles/px4_msgs__rosidl_typesupport_cpp.dir/rosidl_typesupport_cpp/px4_msgs/msg/rover_throttle_setpoint__type_support.cpp.o
[455.951s] [ 76%] Building CXX object CMakeFiles/px4_msgs__rosidl_typesupport_introspection_cpp.dir/rosidl_typesupport_introspection_cpp/px4_msgs/msg/detail/pwm_input__type_support.cpp.o
[455.967s] [ 76%] Building CXX object CMakeFiles/px4_msgs__rosidl_typesupport_fastrtps_cpp.dir/rosidl_typesupport_fastrtps_cpp/px4_msgs/msg/detail/dds_fastrtps/landing_target_innovations__type_support.cpp.o
[455.971s] [ 76%] Building CXX object CMakeFiles/px4_msgs__rosidl_typesupport_cpp.dir/rosidl_typesupport_cpp/px4_msgs/msg/rpm__type_support.cpp.o
[456.224s] [ 77%] Building CXX object CMakeFiles/px4_msgs__rosidl_typesupport_introspection_cpp.dir/rosidl_typesupport_introspection_cpp/px4_msgs/msg/detail/px4io_status__type_support.cpp.o
[456.267s] [ 77%] Building CXX object CMakeFiles/px4_msgs__rosidl_typesupport_cpp.dir/rosidl_typesupport_cpp/px4_msgs/msg/rtl_status__type_support.cpp.o
[456.409s] [ 77%] Building CXX object CMakeFiles/px4_msgs__rosidl_typesupport_fastrtps_cpp.dir/rosidl_typesupport_fastrtps_cpp/px4_msgs/msg/detail/dds_fastrtps/landing_target_pose__type_support.cpp.o
[456.519s] [ 77%] Building CXX object CMakeFiles/px4_msgs__rosidl_typesupport_introspection_cpp.dir/rosidl_typesupport_introspection_cpp/px4_msgs/msg/detail/qshell_req__type_support.cpp.o
[456.537s] [ 77%] Building CXX object CMakeFiles/px4_msgs__rosidl_typesupport_cpp.dir/rosidl_typesupport_cpp/px4_msgs/msg/rtl_time_estimate__type_support.cpp.o
[456.802s] [ 77%] Building CXX object CMakeFiles/px4_msgs__rosidl_typesupport_cpp.dir/rosidl_typesupport_cpp/px4_msgs/msg/satellite_info__type_support.cpp.o
[456.813s] [ 77%] Building CXX object CMakeFiles/px4_msgs__rosidl_typesupport_introspection_cpp.dir/rosidl_typesupport_introspection_cpp/px4_msgs/msg/detail/qshell_retval__type_support.cpp.o
[456.999s] [ 78%] Building CXX object CMakeFiles/px4_msgs__rosidl_typesupport_fastrtps_cpp.dir/rosidl_typesupport_fastrtps_cpp/px4_msgs/msg/detail/dds_fastrtps/lateral_control_configuration__type_support.cpp.o
[457.077s] [ 78%] Building CXX object CMakeFiles/px4_msgs__rosidl_typesupport_introspection_cpp.dir/rosidl_typesupport_introspection_cpp/px4_msgs/msg/detail/radio_status__type_support.cpp.o
[457.187s] [ 79%] Building CXX object CMakeFiles/px4_msgs__rosidl_typesupport_cpp.dir/rosidl_typesupport_cpp/px4_msgs/msg/sensor_accel__type_support.cpp.o
[457.357s] [ 79%] Building CXX object CMakeFiles/px4_msgs__rosidl_typesupport_introspection_cpp.dir/rosidl_typesupport_introspection_cpp/px4_msgs/msg/detail/rate_ctrl_status__type_support.cpp.o
[457.437s] [ 79%] Building CXX object CMakeFiles/px4_msgs__rosidl_typesupport_fastrtps_cpp.dir/rosidl_typesupport_fastrtps_cpp/px4_msgs/msg/detail/dds_fastrtps/launch_detection_status__type_support.cpp.o
[457.607s] [ 79%] Building CXX object CMakeFiles/px4_msgs__rosidl_typesupport_cpp.dir/rosidl_typesupport_cpp/px4_msgs/msg/sensor_accel_fifo__type_support.cpp.o
[457.621s] [ 79%] Building CXX object CMakeFiles/px4_msgs__rosidl_typesupport_introspection_cpp.dir/rosidl_typesupport_introspection_cpp/px4_msgs/msg/detail/rc_channels__type_support.cpp.o
[457.907s] [ 79%] Building CXX object CMakeFiles/px4_msgs__rosidl_typesupport_introspection_cpp.dir/rosidl_typesupport_introspection_cpp/px4_msgs/msg/detail/rc_parameter_map__type_support.cpp.o
[457.988s] [ 79%] Building CXX object CMakeFiles/px4_msgs__rosidl_typesupport_fastrtps_cpp.dir/rosidl_typesupport_fastrtps_cpp/px4_msgs/msg/detail/dds_fastrtps/led_control__type_support.cpp.o
[458.042s] [ 79%] Building CXX object CMakeFiles/px4_msgs__rosidl_typesupport_cpp.dir/rosidl_typesupport_cpp/px4_msgs/msg/sensor_airflow__type_support.cpp.o
[458.286s] [ 79%] Building CXX object CMakeFiles/px4_msgs__rosidl_typesupport_introspection_cpp.dir/rosidl_typesupport_introspection_cpp/px4_msgs/msg/detail/register_ext_component_reply__type_support.cpp.o
[458.324s] [ 79%] Building CXX object CMakeFiles/px4_msgs__rosidl_typesupport_cpp.dir/rosidl_typesupport_cpp/px4_msgs/msg/sensor_baro__type_support.cpp.o
[458.558s] [ 79%] Building CXX object CMakeFiles/px4_msgs__rosidl_typesupport_introspection_cpp.dir/rosidl_typesupport_introspection_cpp/px4_msgs/msg/detail/register_ext_component_request__type_support.cpp.o
[458.591s] [ 79%] Building CXX object CMakeFiles/px4_msgs__rosidl_typesupport_cpp.dir/rosidl_typesupport_cpp/px4_msgs/msg/sensor_combined__type_support.cpp.o
[458.637s] [ 79%] Building CXX object CMakeFiles/px4_msgs__rosidl_typesupport_fastrtps_cpp.dir/rosidl_typesupport_fastrtps_cpp/px4_msgs/msg/detail/dds_fastrtps/log_message__type_support.cpp.o
[458.856s] [ 79%] Building CXX object CMakeFiles/px4_msgs__rosidl_typesupport_cpp.dir/rosidl_typesupport_cpp/px4_msgs/msg/sensor_correction__type_support.cpp.o
[458.947s] [ 79%] Building CXX object CMakeFiles/px4_msgs__rosidl_typesupport_introspection_cpp.dir/rosidl_typesupport_introspection_cpp/px4_msgs/msg/detail/rover_attitude_setpoint__type_support.cpp.o
[459.157s] [ 79%] Building CXX object CMakeFiles/px4_msgs__rosidl_typesupport_fastrtps_cpp.dir/rosidl_typesupport_fastrtps_cpp/px4_msgs/msg/detail/dds_fastrtps/logger_status__type_support.cpp.o
[459.239s] [ 79%] Building CXX object CMakeFiles/px4_msgs__rosidl_typesupport_cpp.dir/rosidl_typesupport_cpp/px4_msgs/msg/sensor_gnss_relative__type_support.cpp.o
[459.318s] [ 79%] Building CXX object CMakeFiles/px4_msgs__rosidl_typesupport_introspection_cpp.dir/rosidl_typesupport_introspection_cpp/px4_msgs/msg/detail/rover_attitude_status__type_support.cpp.o
[459.586s] [ 79%] Building CXX object CMakeFiles/px4_msgs__rosidl_typesupport_introspection_cpp.dir/rosidl_typesupport_introspection_cpp/px4_msgs/msg/detail/rover_position_setpoint__type_support.cpp.o
[459.603s] [ 79%] Building CXX object CMakeFiles/px4_msgs__rosidl_typesupport_cpp.dir/rosidl_typesupport_cpp/px4_msgs/msg/sensor_gnss_status__type_support.cpp.o
[459.635s] [ 79%] Building CXX object CMakeFiles/px4_msgs__rosidl_typesupport_cpp.dir/rosidl_typesupport_cpp/px4_msgs/msg/sensor_gps__type_support.cpp.o
[459.635s] [ 79%] Building CXX object CMakeFiles/px4_msgs__rosidl_typesupport_fastrtps_cpp.dir/rosidl_typesupport_fastrtps_cpp/px4_msgs/msg/detail/dds_fastrtps/longitudinal_control_configuration__type_support.cpp.o
[459.648s] [ 79%] Building CXX object CMakeFiles/px4_msgs__rosidl_typesupport_fastrtps_cpp.dir/rosidl_typesupport_fastrtps_cpp/px4_msgs/msg/detail/dds_fastrtps/iridiumsbd_status__type_support.cpp.o
[460.086s] [ 79%] Building CXX object CMakeFiles/px4_msgs__rosidl_typesupport_cpp.dir/rosidl_typesupport_cpp/px4_msgs/msg/sensor_gyro__type_support.cpp.o
[460.212s] [ 79%] Building CXX object CMakeFiles/px4_msgs__rosidl_typesupport_introspection_cpp.dir/rosidl_typesupport_introspection_cpp/px4_msgs/msg/detail/rover_rate_setpoint__type_support.cpp.o
[460.409s] [ 79%] Building CXX object CMakeFiles/px4_msgs__rosidl_typesupport_fastrtps_cpp.dir/rosidl_typesupport_fastrtps_cpp/px4_msgs/msg/detail/dds_fastrtps/mag_worker_data__type_support.cpp.o
[460.490s] [ 79%] Building CXX object CMakeFiles/px4_msgs__rosidl_typesupport_cpp.dir/rosidl_typesupport_cpp/px4_msgs/msg/sensor_gyro_fifo__type_support.cpp.o
[460.508s] [ 79%] Building CXX object CMakeFiles/px4_msgs__rosidl_typesupport_fastrtps_cpp.dir/rosidl_typesupport_fastrtps_cpp/px4_msgs/msg/detail/dds_fastrtps/internal_combustion_engine_control__type_support.cpp.o
[460.544s] [ 79%] Building CXX object CMakeFiles/px4_msgs__rosidl_typesupport_introspection_cpp.dir/rosidl_typesupport_introspection_cpp/px4_msgs/msg/detail/rover_rate_status__type_support.cpp.o
[460.544s] [ 79%] Building CXX object CMakeFiles/px4_msgs__rosidl_typesupport_cpp.dir/rosidl_typesupport_cpp/px4_msgs/msg/sensor_gyro_fft__type_support.cpp.o
[460.959s] [ 79%] Building CXX object CMakeFiles/px4_msgs__rosidl_typesupport_cpp.dir/rosidl_typesupport_cpp/px4_msgs/msg/sensor_hygrometer__type_support.cpp.o
[461.077s] [ 79%] Building CXX object CMakeFiles/px4_msgs__rosidl_typesupport_cpp.dir/rosidl_typesupport_cpp/px4_msgs/msg/sensor_mag__type_support.cpp.o
[461.093s] [ 79%] Building CXX object CMakeFiles/px4_msgs__rosidl_typesupport_introspection_cpp.dir/rosidl_typesupport_introspection_cpp/px4_msgs/msg/detail/rover_speed_setpoint__type_support.cpp.o
[461.155s] [ 79%] Building CXX object CMakeFiles/px4_msgs__rosidl_typesupport_fastrtps_cpp.dir/rosidl_typesupport_fastrtps_cpp/px4_msgs/msg/detail/dds_fastrtps/magnetometer_bias_estimate__type_support.cpp.o
[461.310s] [ 79%] Building CXX object CMakeFiles/px4_msgs__rosidl_typesupport_fastrtps_cpp.dir/rosidl_typesupport_fastrtps_cpp/px4_msgs/msg/detail/dds_fastrtps/manual_control_setpoint__type_support.cpp.o
[461.449s] [ 79%] Building CXX object CMakeFiles/px4_msgs__rosidl_typesupport_introspection_cpp.dir/rosidl_typesupport_introspection_cpp/px4_msgs/msg/detail/rover_steering_setpoint__type_support.cpp.o
[461.624s] [ 79%] Building CXX object CMakeFiles/px4_msgs__rosidl_typesupport_fastrtps_cpp.dir/rosidl_typesupport_fastrtps_cpp/px4_msgs/msg/detail/dds_fastrtps/manual_control_switches__type_support.cpp.o
[461.629s] [ 79%] Building CXX object CMakeFiles/px4_msgs__rosidl_typesupport_introspection_cpp.dir/rosidl_typesupport_introspection_cpp/px4_msgs/msg/detail/rover_speed_status__type_support.cpp.o
[461.635s] [ 79%] Building CXX object CMakeFiles/px4_msgs__rosidl_typesupport_cpp.dir/rosidl_typesupport_cpp/px4_msgs/msg/sensor_optical_flow__type_support.cpp.o
[462.081s] [ 79%] Building CXX object CMakeFiles/px4_msgs__rosidl_typesupport_cpp.dir/rosidl_typesupport_cpp/px4_msgs/msg/sensor_preflight_mag__type_support.cpp.o
[462.242s] [ 79%] Building CXX object CMakeFiles/px4_msgs__rosidl_typesupport_fastrtps_cpp.dir/rosidl_typesupport_fastrtps_cpp/px4_msgs/msg/detail/dds_fastrtps/hover_thrust_estimate__type_support.cpp.o
[462.284s] [ 79%] Building CXX object CMakeFiles/px4_msgs__rosidl_typesupport_introspection_cpp.dir/rosidl_typesupport_introspection_cpp/px4_msgs/msg/detail/rover_throttle_setpoint__type_support.cpp.o
[462.298s] [ 79%] Building CXX object CMakeFiles/px4_msgs__rosidl_typesupport_cpp.dir/rosidl_typesupport_cpp/px4_msgs/msg/sensor_selection__type_support.cpp.o
[462.519s] [ 79%] Building CXX object CMakeFiles/px4_msgs__rosidl_typesupport_fastrtps_cpp.dir/rosidl_typesupport_fastrtps_cpp/px4_msgs/msg/detail/dds_fastrtps/mavlink_log__type_support.cpp.o
[462.520s] [ 79%] Building CXX object CMakeFiles/px4_msgs__rosidl_typesupport_introspection_cpp.dir/rosidl_typesupport_introspection_cpp/px4_msgs/msg/detail/rpm__type_support.cpp.o
[462.789s] [ 79%] Building CXX object CMakeFiles/px4_msgs__rosidl_typesupport_cpp.dir/rosidl_typesupport_cpp/px4_msgs/msg/sensor_uwb__type_support.cpp.o
[462.800s] [ 79%] Building CXX object CMakeFiles/px4_msgs__rosidl_typesupport_fastrtps_cpp.dir/rosidl_typesupport_fastrtps_cpp/px4_msgs/msg/detail/dds_fastrtps/geofence_status__type_support.cpp.o
[463.088s] [ 80%] Building CXX object CMakeFiles/px4_msgs__rosidl_typesupport_introspection_cpp.dir/rosidl_typesupport_introspection_cpp/px4_msgs/msg/detail/rtl_status__type_support.cpp.o
[463.190s] [ 80%] Building CXX object CMakeFiles/px4_msgs__rosidl_typesupport_introspection_cpp.dir/rosidl_typesupport_introspection_cpp/px4_msgs/msg/detail/satellite_info__type_support.cpp.o
[463.524s] [ 80%] Building CXX object CMakeFiles/px4_msgs__rosidl_typesupport_fastrtps_cpp.dir/rosidl_typesupport_fastrtps_cpp/px4_msgs/msg/detail/dds_fastrtps/mavlink_tunnel__type_support.cpp.o
[463.525s] [ 80%] Building CXX object CMakeFiles/px4_msgs__rosidl_typesupport_introspection_cpp.dir/rosidl_typesupport_introspection_cpp/px4_msgs/msg/detail/sensor_accel_fifo__type_support.cpp.o
[463.548s] [ 80%] Building CXX object CMakeFiles/px4_msgs__rosidl_typesupport_cpp.dir/rosidl_typesupport_cpp/px4_msgs/msg/sensors_status__type_support.cpp.o
[463.907s] [ 80%] Building CXX object CMakeFiles/px4_msgs__rosidl_typesupport_introspection_cpp.dir/rosidl_typesupport_introspection_cpp/px4_msgs/msg/detail/sensor_airflow__type_support.cpp.o
[463.910s] [ 80%] Building CXX object CMakeFiles/px4_msgs__rosidl_typesupport_cpp.dir/rosidl_typesupport_cpp/px4_msgs/msg/sensors_status_imu__type_support.cpp.o
[464.065s] [ 80%] Building CXX object CMakeFiles/px4_msgs__rosidl_typesupport_introspection_cpp.dir/rosidl_typesupport_introspection_cpp/px4_msgs/msg/detail/sensor_accel__type_support.cpp.o
[464.465s] [ 80%] Building CXX object CMakeFiles/px4_msgs__rosidl_typesupport_fastrtps_cpp.dir/rosidl_typesupport_fastrtps_cpp/px4_msgs/msg/detail/dds_fastrtps/message_format_request__type_support.cpp.o
[464.545s] [ 80%] Building CXX object CMakeFiles/px4_msgs__rosidl_typesupport_cpp.dir/rosidl_typesupport_cpp/px4_msgs/msg/tecs_status__type_support.cpp.o
[464.586s] [ 80%] Building CXX object CMakeFiles/px4_msgs__rosidl_typesupport_introspection_cpp.dir/rosidl_typesupport_introspection_cpp/px4_msgs/msg/detail/sensor_baro__type_support.cpp.o
[464.952s] [ 80%] Building CXX object CMakeFiles/px4_msgs__rosidl_typesupport_fastrtps_cpp.dir/rosidl_typesupport_fastrtps_cpp/px4_msgs/msg/detail/dds_fastrtps/mission__type_support.cpp.o
[464.959s] [ 80%] Building CXX object CMakeFiles/px4_msgs__rosidl_typesupport_cpp.dir/rosidl_typesupport_cpp/px4_msgs/msg/task_stack_info__type_support.cpp.o
[465.014s] [ 80%] Building CXX object CMakeFiles/px4_msgs__rosidl_typesupport_introspection_cpp.dir/rosidl_typesupport_introspection_cpp/px4_msgs/msg/detail/sensor_correction__type_support.cpp.o
[465.253s] [ 80%] Building CXX object CMakeFiles/px4_msgs__rosidl_typesupport_cpp.dir/rosidl_typesupport_cpp/px4_msgs/msg/takeoff_status__type_support.cpp.o
[465.515s] [ 80%] Building CXX object CMakeFiles/px4_msgs__rosidl_typesupport_introspection_cpp.dir/rosidl_typesupport_introspection_cpp/px4_msgs/msg/detail/sensor_gnss_status__type_support.cpp.o
[465.518s] [ 80%] Building CXX object CMakeFiles/px4_msgs__rosidl_typesupport_cpp.dir/rosidl_typesupport_cpp/px4_msgs/msg/system_power__type_support.cpp.o
[465.570s] [ 80%] Building CXX object CMakeFiles/px4_msgs__rosidl_typesupport_fastrtps_cpp.dir/rosidl_typesupport_fastrtps_cpp/px4_msgs/msg/detail/dds_fastrtps/mount_orientation__type_support.cpp.o
[465.942s] [ 80%] Building CXX object CMakeFiles/px4_msgs__rosidl_typesupport_introspection_cpp.dir/rosidl_typesupport_introspection_cpp/px4_msgs/msg/detail/sensor_hygrometer__type_support.cpp.o
[465.943s] [ 81%] Building CXX object CMakeFiles/px4_msgs__rosidl_typesupport_cpp.dir/rosidl_typesupport_cpp/px4_msgs/msg/telemetry_status__type_support.cpp.o
[465.981s] [ 81%] Building CXX object CMakeFiles/px4_msgs__rosidl_typesupport_fastrtps_cpp.dir/rosidl_typesupport_fastrtps_cpp/px4_msgs/msg/detail/dds_fastrtps/mode_completed__type_support.cpp.o
[466.372s] [ 81%] Building CXX object CMakeFiles/px4_msgs__rosidl_typesupport_cpp.dir/rosidl_typesupport_cpp/px4_msgs/msg/tiltrotor_extra_controls__type_support.cpp.o
[466.372s] [ 81%] Building CXX object CMakeFiles/px4_msgs__rosidl_typesupport_introspection_cpp.dir/rosidl_typesupport_introspection_cpp/px4_msgs/msg/detail/sensor_mag__type_support.cpp.o
[466.421s] [ 81%] Building CXX object CMakeFiles/px4_msgs__rosidl_typesupport_fastrtps_cpp.dir/rosidl_typesupport_fastrtps_cpp/px4_msgs/msg/detail/dds_fastrtps/navigator_status__type_support.cpp.o
[466.635s] [ 82%] Building CXX object CMakeFiles/px4_msgs__rosidl_typesupport_cpp.dir/rosidl_typesupport_cpp/px4_msgs/msg/timesync_status__type_support.cpp.o
[466.781s] [ 82%] Building CXX object CMakeFiles/px4_msgs__rosidl_typesupport_introspection_cpp.dir/rosidl_typesupport_introspection_cpp/px4_msgs/msg/detail/sensor_preflight_mag__type_support.cpp.o
[466.901s] [ 82%] Building CXX object CMakeFiles/px4_msgs__rosidl_typesupport_cpp.dir/rosidl_typesupport_cpp/px4_msgs/msg/trajectory_setpoint__type_support.cpp.o
[467.064s] [ 82%] Building CXX object CMakeFiles/px4_msgs__rosidl_typesupport_fastrtps_cpp.dir/rosidl_typesupport_fastrtps_cpp/px4_msgs/msg/detail/dds_fastrtps/mission_result__type_support.cpp.o
[467.146s] [ 82%] Building CXX object CMakeFiles/px4_msgs__rosidl_typesupport_introspection_cpp.dir/rosidl_typesupport_introspection_cpp/px4_msgs/msg/detail/sensor_selection__type_support.cpp.o
[467.196s] [ 82%] Building CXX object CMakeFiles/px4_msgs__rosidl_typesupport_cpp.dir/rosidl_typesupport_cpp/px4_msgs/msg/transponder_report__type_support.cpp.o
[467.412s] [ 82%] Building CXX object CMakeFiles/px4_msgs__rosidl_typesupport_introspection_cpp.dir/rosidl_typesupport_introspection_cpp/px4_msgs/msg/detail/sensor_optical_flow__type_support.cpp.o
[467.462s] [ 82%] Building CXX object CMakeFiles/px4_msgs__rosidl_typesupport_cpp.dir/rosidl_typesupport_cpp/px4_msgs/msg/tune_control__type_support.cpp.o
[467.686s] [ 82%] Building CXX object CMakeFiles/px4_msgs__rosidl_typesupport_introspection_cpp.dir/rosidl_typesupport_introspection_cpp/px4_msgs/msg/detail/sensor_gyro_fifo__type_support.cpp.o
[467.728s] [ 82%] Building CXX object CMakeFiles/px4_msgs__rosidl_typesupport_cpp.dir/rosidl_typesupport_cpp/px4_msgs/msg/trajectory_setpoint6dof__type_support.cpp.o
[467.733s] [ 82%] Building CXX object CMakeFiles/px4_msgs__rosidl_typesupport_fastrtps_cpp.dir/rosidl_typesupport_fastrtps_cpp/px4_msgs/msg/detail/dds_fastrtps/open_drone_id_operator_id__type_support.cpp.o
[467.967s] [ 82%] Building CXX object CMakeFiles/px4_msgs__rosidl_typesupport_introspection_cpp.dir/rosidl_typesupport_introspection_cpp/px4_msgs/msg/detail/sensor_uwb__type_support.cpp.o
[468.008s] [ 82%] Building CXX object CMakeFiles/px4_msgs__rosidl_typesupport_cpp.dir/rosidl_typesupport_cpp/px4_msgs/msg/uavcan_parameter_request__type_support.cpp.o
[468.317s] [ 82%] Building CXX object CMakeFiles/px4_msgs__rosidl_typesupport_fastrtps_cpp.dir/rosidl_typesupport_fastrtps_cpp/px4_msgs/msg/detail/dds_fastrtps/open_drone_id_arm_status__type_support.cpp.o
[468.406s] [ 82%] Building CXX object CMakeFiles/px4_msgs__rosidl_typesupport_introspection_cpp.dir/rosidl_typesupport_introspection_cpp/px4_msgs/msg/detail/sensors_status__type_support.cpp.o
[468.427s] [ 82%] Building CXX object CMakeFiles/px4_msgs__rosidl_typesupport_cpp.dir/rosidl_typesupport_cpp/px4_msgs/msg/uavcan_parameter_value__type_support.cpp.o
[468.737s] [ 82%] Building CXX object CMakeFiles/px4_msgs__rosidl_typesupport_fastrtps_cpp.dir/rosidl_typesupport_fastrtps_cpp/px4_msgs/msg/detail/dds_fastrtps/open_drone_id_self_id__type_support.cpp.o
[468.850s] [ 82%] Building CXX object CMakeFiles/px4_msgs__rosidl_typesupport_cpp.dir/rosidl_typesupport_cpp/px4_msgs/msg/ulog_stream__type_support.cpp.o
[468.855s] [ 82%] Building CXX object CMakeFiles/px4_msgs__rosidl_typesupport_introspection_cpp.dir/rosidl_typesupport_introspection_cpp/px4_msgs/msg/detail/sensors_status_imu__type_support.cpp.o
[469.164s] [ 82%] Building CXX object CMakeFiles/px4_msgs__rosidl_typesupport_introspection_cpp.dir/rosidl_typesupport_introspection_cpp/px4_msgs/msg/detail/system_power__type_support.cpp.o
[469.205s] [ 82%] Building CXX object CMakeFiles/px4_msgs__rosidl_typesupport_fastrtps_cpp.dir/rosidl_typesupport_fastrtps_cpp/px4_msgs/msg/detail/dds_fastrtps/open_drone_id_system__type_support.cpp.o
[469.211s] [ 82%] Building CXX object CMakeFiles/px4_msgs__rosidl_typesupport_cpp.dir/rosidl_typesupport_cpp/px4_msgs/msg/ulog_stream_ack__type_support.cpp.o
[469.475s] [ 82%] Building CXX object CMakeFiles/px4_msgs__rosidl_typesupport_cpp.dir/rosidl_typesupport_cpp/px4_msgs/msg/unregister_ext_component__type_support.cpp.o
[469.586s] [ 82%] Building CXX object CMakeFiles/px4_msgs__rosidl_typesupport_introspection_cpp.dir/rosidl_typesupport_introspection_cpp/px4_msgs/msg/detail/task_stack_info__type_support.cpp.o
[469.775s] [ 82%] Building CXX object CMakeFiles/px4_msgs__rosidl_typesupport_fastrtps_cpp.dir/rosidl_typesupport_fastrtps_cpp/px4_msgs/msg/detail/dds_fastrtps/orb_test__type_support.cpp.o
[469.849s] [ 82%] Building CXX object CMakeFiles/px4_msgs__rosidl_typesupport_cpp.dir/rosidl_typesupport_cpp/px4_msgs/msg/vehicle_acceleration__type_support.cpp.o
[469.949s] [ 82%] Building CXX object CMakeFiles/px4_msgs__rosidl_typesupport_introspection_cpp.dir/rosidl_typesupport_introspection_cpp/px4_msgs/msg/detail/telemetry_status__type_support.cpp.o
[470.206s] [ 82%] Building CXX object CMakeFiles/px4_msgs__rosidl_typesupport_fastrtps_cpp.dir/rosidl_typesupport_fastrtps_cpp/px4_msgs/msg/detail/dds_fastrtps/orb_test_large__type_support.cpp.o
[470.235s] [ 82%] Building CXX object CMakeFiles/px4_msgs__rosidl_typesupport_introspection_cpp.dir/rosidl_typesupport_introspection_cpp/px4_msgs/msg/detail/tiltrotor_extra_controls__type_support.cpp.o
[470.271s] [ 82%] Building CXX object CMakeFiles/px4_msgs__rosidl_typesupport_cpp.dir/rosidl_typesupport_cpp/px4_msgs/msg/vehicle_air_data__type_support.cpp.o
[470.516s] [ 82%] Building CXX object CMakeFiles/px4_msgs__rosidl_typesupport_introspection_cpp.dir/rosidl_typesupport_introspection_cpp/px4_msgs/msg/detail/tecs_status__type_support.cpp.o
[470.616s] [ 82%] Building CXX object CMakeFiles/px4_msgs__rosidl_typesupport_cpp.dir/rosidl_typesupport_cpp/px4_msgs/msg/vehicle_angular_acceleration_setpoint__type_support.cpp.o
[470.639s] [ 82%] Building CXX object CMakeFiles/px4_msgs__rosidl_typesupport_fastrtps_cpp.dir/rosidl_typesupport_fastrtps_cpp/px4_msgs/msg/detail/dds_fastrtps/orb_test_medium__type_support.cpp.o
[470.782s] [ 83%] Building CXX object CMakeFiles/px4_msgs__rosidl_typesupport_introspection_cpp.dir/rosidl_typesupport_introspection_cpp/px4_msgs/msg/detail/timesync_status__type_support.cpp.o
[470.895s] [ 83%] Building CXX object CMakeFiles/px4_msgs__rosidl_typesupport_cpp.dir/rosidl_typesupport_cpp/px4_msgs/msg/vehicle_attitude__type_support.cpp.o
[471.058s] [ 83%] Building CXX object CMakeFiles/px4_msgs__rosidl_typesupport_introspection_cpp.dir/rosidl_typesupport_introspection_cpp/px4_msgs/msg/detail/trajectory_setpoint__type_support.cpp.o
[471.095s] [ 83%] Building CXX object CMakeFiles/px4_msgs__rosidl_typesupport_fastrtps_cpp.dir/rosidl_typesupport_fastrtps_cpp/px4_msgs/msg/detail/dds_fastrtps/orbit_status__type_support.cpp.o
[471.306s] [ 83%] Building CXX object CMakeFiles/px4_msgs__rosidl_typesupport_cpp.dir/rosidl_typesupport_cpp/px4_msgs/msg/vehicle_angular_velocity__type_support.cpp.o
[471.353s] [ 83%] Building CXX object CMakeFiles/px4_msgs__rosidl_typesupport_introspection_cpp.dir/rosidl_typesupport_introspection_cpp/px4_msgs/msg/detail/trajectory_setpoint6dof__type_support.cpp.o
[471.528s] [ 83%] Building CXX object CMakeFiles/px4_msgs__rosidl_typesupport_fastrtps_cpp.dir/rosidl_typesupport_fastrtps_cpp/px4_msgs/msg/detail/dds_fastrtps/parameter_set_used_request__type_support.cpp.o
[471.633s] [ 83%] Building CXX object CMakeFiles/px4_msgs__rosidl_typesupport_introspection_cpp.dir/rosidl_typesupport_introspection_cpp/px4_msgs/msg/detail/transponder_report__type_support.cpp.o
[471.724s] [ 83%] Building CXX object CMakeFiles/px4_msgs__rosidl_typesupport_cpp.dir/rosidl_typesupport_cpp/px4_msgs/msg/vehicle_attitude_setpoint__type_support.cpp.o
[471.913s] [ 83%] Building CXX object CMakeFiles/px4_msgs__rosidl_typesupport_introspection_cpp.dir/rosidl_typesupport_introspection_cpp/px4_msgs/msg/detail/tune_control__type_support.cpp.o
[472.058s] [ 83%] Building CXX object CMakeFiles/px4_msgs__rosidl_typesupport_fastrtps_cpp.dir/rosidl_typesupport_fastrtps_cpp/px4_msgs/msg/detail/dds_fastrtps/parameter_reset_request__type_support.cpp.o
[472.147s] [ 83%] Building CXX object CMakeFiles/px4_msgs__rosidl_typesupport_cpp.dir/rosidl_typesupport_cpp/px4_msgs/msg/vehicle_command__type_support.cpp.o
[472.206s] [ 83%] Building CXX object CMakeFiles/px4_msgs__rosidl_typesupport_introspection_cpp.dir/rosidl_typesupport_introspection_cpp/px4_msgs/msg/detail/uavcan_parameter_request__type_support.cpp.o
[472.479s] [ 83%] Building CXX object CMakeFiles/px4_msgs__rosidl_typesupport_fastrtps_cpp.dir/rosidl_typesupport_fastrtps_cpp/px4_msgs/msg/detail/dds_fastrtps/parameter_set_value_request__type_support.cpp.o
[472.486s] [ 83%] Building CXX object CMakeFiles/px4_msgs__rosidl_typesupport_introspection_cpp.dir/rosidl_typesupport_introspection_cpp/px4_msgs/msg/detail/uavcan_parameter_value__type_support.cpp.o
[472.565s] [ 83%] Building CXX object CMakeFiles/px4_msgs__rosidl_typesupport_cpp.dir/rosidl_typesupport_cpp/px4_msgs/msg/vehicle_constraints__type_support.cpp.o
[472.764s] [ 83%] Building CXX object CMakeFiles/px4_msgs__rosidl_typesupport_introspection_cpp.dir/rosidl_typesupport_introspection_cpp/px4_msgs/msg/detail/ulog_stream__type_support.cpp.o
[472.986s] [ 83%] Building CXX object CMakeFiles/px4_msgs__rosidl_typesupport_cpp.dir/rosidl_typesupport_cpp/px4_msgs/msg/vehicle_control_mode__type_support.cpp.o
[473.036s] [ 83%] Building CXX object CMakeFiles/px4_msgs__rosidl_typesupport_introspection_cpp.dir/rosidl_typesupport_introspection_cpp/px4_msgs/msg/detail/ulog_stream_ack__type_support.cpp.o
[473.127s] [ 83%] Building CXX object CMakeFiles/px4_msgs__rosidl_typesupport_fastrtps_cpp.dir/rosidl_typesupport_fastrtps_cpp/px4_msgs/msg/detail/dds_fastrtps/parameter_set_value_response__type_support.cpp.o
[473.293s] [ 83%] Building CXX object CMakeFiles/px4_msgs__rosidl_typesupport_cpp.dir/rosidl_typesupport_cpp/px4_msgs/msg/vehicle_command_ack__type_support.cpp.o
[473.420s] [ 83%] Building CXX object CMakeFiles/px4_msgs__rosidl_typesupport_introspection_cpp.dir/rosidl_typesupport_introspection_cpp/px4_msgs/msg/detail/unregister_ext_component__type_support.cpp.o
[473.560s] [ 83%] Building CXX object CMakeFiles/px4_msgs__rosidl_typesupport_cpp.dir/rosidl_typesupport_cpp/px4_msgs/msg/vehicle_global_position__type_support.cpp.o
[473.700s] [ 83%] Building CXX object CMakeFiles/px4_msgs__rosidl_typesupport_fastrtps_cpp.dir/rosidl_typesupport_fastrtps_cpp/px4_msgs/msg/detail/dds_fastrtps/ping__type_support.cpp.o
[473.864s] [ 83%] Building CXX object CMakeFiles/px4_msgs__rosidl_typesupport_introspection_cpp.dir/rosidl_typesupport_introspection_cpp/px4_msgs/msg/detail/vehicle_acceleration__type_support.cpp.o
[473.957s] [ 83%] Building CXX object CMakeFiles/px4_msgs__rosidl_typesupport_cpp.dir/rosidl_typesupport_cpp/px4_msgs/msg/vehicle_imu__type_support.cpp.o
[474.210s] [ 83%] Building CXX object CMakeFiles/px4_msgs__rosidl_typesupport_fastrtps_cpp.dir/rosidl_typesupport_fastrtps_cpp/px4_msgs/msg/detail/dds_fastrtps/parameter_update__type_support.cpp.o
[474.224s] [ 83%] Building CXX object CMakeFiles/px4_msgs__rosidl_typesupport_introspection_cpp.dir/rosidl_typesupport_introspection_cpp/px4_msgs/msg/detail/vehicle_angular_acceleration_setpoint__type_support.cpp.o
[474.227s] [ 84%] Building CXX object CMakeFiles/px4_msgs__rosidl_typesupport_cpp.dir/rosidl_typesupport_cpp/px4_msgs/msg/vehicle_imu_status__type_support.cpp.o
[474.238s] [ 84%] Building CXX object CMakeFiles/px4_msgs__rosidl_typesupport_introspection_cpp.dir/rosidl_typesupport_introspection_cpp/px4_msgs/msg/detail/vehicle_air_data__type_support.cpp.o
[474.504s] [ 84%] Building CXX object CMakeFiles/px4_msgs__rosidl_typesupport_fastrtps_cpp.dir/rosidl_typesupport_fastrtps_cpp/px4_msgs/msg/detail/dds_fastrtps/position_controller_landing_status__type_support.cpp.o
[474.505s] [ 84%] Building CXX object CMakeFiles/px4_msgs__rosidl_typesupport_cpp.dir/rosidl_typesupport_cpp/px4_msgs/msg/vehicle_land_detected__type_support.cpp.o
[474.505s] [ 84%] Building CXX object CMakeFiles/px4_msgs__rosidl_typesupport_introspection_cpp.dir/rosidl_typesupport_introspection_cpp/px4_msgs/msg/detail/vehicle_angular_velocity__type_support.cpp.o
[474.850s] [ 84%] Building CXX object CMakeFiles/px4_msgs__rosidl_typesupport_cpp.dir/rosidl_typesupport_cpp/px4_msgs/msg/vehicle_local_position__type_support.cpp.o
[474.861s] [ 84%] Building CXX object CMakeFiles/px4_msgs__rosidl_typesupport_fastrtps_cpp.dir/rosidl_typesupport_fastrtps_cpp/px4_msgs/msg/detail/dds_fastrtps/position_controller_status__type_support.cpp.o
[474.963s] [ 84%] Building CXX object CMakeFiles/px4_msgs__rosidl_typesupport_introspection_cpp.dir/rosidl_typesupport_introspection_cpp/px4_msgs/msg/detail/vehicle_attitude__type_support.cpp.o
[475.200s] [ 84%] Building CXX object CMakeFiles/px4_msgs__rosidl_typesupport_fastrtps_cpp.dir/rosidl_typesupport_fastrtps_cpp/px4_msgs/msg/detail/dds_fastrtps/position_setpoint__type_support.cpp.o
[475.309s] [ 84%] Building CXX object CMakeFiles/px4_msgs__rosidl_typesupport_cpp.dir/rosidl_typesupport_cpp/px4_msgs/msg/vehicle_local_position_setpoint__type_support.cpp.o
[475.402s] [ 84%] Building CXX object CMakeFiles/px4_msgs__rosidl_typesupport_introspection_cpp.dir/rosidl_typesupport_introspection_cpp/px4_msgs/msg/detail/vehicle_attitude_setpoint__type_support.cpp.o
[475.561s] [ 84%] Building CXX object CMakeFiles/px4_msgs__rosidl_typesupport_fastrtps_cpp.dir/rosidl_typesupport_fastrtps_cpp/px4_msgs/msg/detail/dds_fastrtps/onboard_computer_status__type_support.cpp.o
[475.563s] [ 84%] Building CXX object CMakeFiles/px4_msgs__rosidl_typesupport_cpp.dir/rosidl_typesupport_cpp/px4_msgs/msg/vehicle_odometry__type_support.cpp.o
[475.744s] [ 84%] Building CXX object CMakeFiles/px4_msgs__rosidl_typesupport_introspection_cpp.dir/rosidl_typesupport_introspection_cpp/px4_msgs/msg/detail/vehicle_command__type_support.cpp.o
[475.756s] [ 84%] Building CXX object CMakeFiles/px4_msgs__rosidl_typesupport_cpp.dir/rosidl_typesupport_cpp/px4_msgs/msg/vehicle_magnetometer__type_support.cpp.o
[475.810s] [ 84%] Building CXX object CMakeFiles/px4_msgs__rosidl_typesupport_introspection_cpp.dir/rosidl_typesupport_introspection_cpp/px4_msgs/msg/detail/vehicle_command_ack__type_support.cpp.o
[475.902s] [ 84%] Building CXX object CMakeFiles/px4_msgs__rosidl_typesupport_fastrtps_cpp.dir/rosidl_typesupport_fastrtps_cpp/px4_msgs/msg/detail/dds_fastrtps/neural_control__type_support.cpp.o
[476.172s] [ 84%] Building CXX object CMakeFiles/px4_msgs__rosidl_typesupport_cpp.dir/rosidl_typesupport_cpp/px4_msgs/msg/vehicle_optical_flow__type_support.cpp.o
[476.304s] [ 84%] Building CXX object CMakeFiles/px4_msgs__rosidl_typesupport_introspection_cpp.dir/rosidl_typesupport_introspection_cpp/px4_msgs/msg/detail/vehicle_control_mode__type_support.cpp.o
[476.409s] [ 84%] Building CXX object CMakeFiles/px4_msgs__rosidl_typesupport_fastrtps_cpp.dir/rosidl_typesupport_fastrtps_cpp/px4_msgs/msg/detail/dds_fastrtps/position_setpoint_triplet__type_support.cpp.o
[476.435s] [ 84%] Building CXX object CMakeFiles/px4_msgs__rosidl_typesupport_cpp.dir/rosidl_typesupport_cpp/px4_msgs/msg/vehicle_optical_flow_vel__type_support.cpp.o
[476.457s] [ 84%] Building CXX object CMakeFiles/px4_msgs__rosidl_typesupport_introspection_cpp.dir/rosidl_typesupport_introspection_cpp/px4_msgs/msg/detail/vehicle_global_position__type_support.cpp.o
[476.480s] [ 84%] Building CXX object CMakeFiles/px4_msgs__rosidl_typesupport_introspection_cpp.dir/rosidl_typesupport_introspection_cpp/px4_msgs/msg/detail/vehicle_constraints__type_support.cpp.o
[476.817s] [ 84%] Building CXX object CMakeFiles/px4_msgs__rosidl_typesupport_fastrtps_cpp.dir/rosidl_typesupport_fastrtps_cpp/px4_msgs/msg/detail/dds_fastrtps/message_format_response__type_support.cpp.o
[476.960s] [ 84%] Building CXX object CMakeFiles/px4_msgs__rosidl_typesupport_introspection_cpp.dir/rosidl_typesupport_introspection_cpp/px4_msgs/msg/detail/vehicle_imu_status__type_support.cpp.o
[476.960s] [ 84%] Building CXX object CMakeFiles/px4_msgs__rosidl_typesupport_cpp.dir/rosidl_typesupport_cpp/px4_msgs/msg/vehicle_rates_setpoint__type_support.cpp.o
[477.136s] [ 84%] Building CXX object CMakeFiles/px4_msgs__rosidl_typesupport_introspection_cpp.dir/rosidl_typesupport_introspection_cpp/px4_msgs/msg/detail/vehicle_land_detected__type_support.cpp.o
[477.225s] [ 84%] Building CXX object CMakeFiles/px4_msgs__rosidl_typesupport_introspection_cpp.dir/rosidl_typesupport_introspection_cpp/px4_msgs/msg/detail/vehicle_imu__type_support.cpp.o
[477.427s] [ 85%] Building CXX object CMakeFiles/px4_msgs__rosidl_typesupport_fastrtps_cpp.dir/rosidl_typesupport_fastrtps_cpp/px4_msgs/msg/detail/dds_fastrtps/power_monitor__type_support.cpp.o
[477.433s] [ 85%] Building CXX object CMakeFiles/px4_msgs__rosidl_typesupport_cpp.dir/rosidl_typesupport_cpp/px4_msgs/msg/vehicle_roi__type_support.cpp.o
[477.461s] [ 85%] Building CXX object CMakeFiles/px4_msgs__rosidl_typesupport_fastrtps_cpp.dir/rosidl_typesupport_fastrtps_cpp/px4_msgs/msg/detail/dds_fastrtps/power_button_state__type_support.cpp.o
[477.795s] [ 86%] Building CXX object CMakeFiles/px4_msgs__rosidl_typesupport_introspection_cpp.dir/rosidl_typesupport_introspection_cpp/px4_msgs/msg/detail/vehicle_local_position__type_support.cpp.o
[477.844s] [ 86%] Building CXX object CMakeFiles/px4_msgs__rosidl_typesupport_cpp.dir/rosidl_typesupport_cpp/px4_msgs/msg/vehicle_status__type_support.cpp.o
[477.846s] [ 86%] Building CXX object CMakeFiles/px4_msgs__rosidl_typesupport_fastrtps_cpp.dir/rosidl_typesupport_fastrtps_cpp/px4_msgs/msg/detail/dds_fastrtps/pure_pursuit_status__type_support.cpp.o
[477.894s] [ 86%] Building CXX object CMakeFiles/px4_msgs__rosidl_typesupport_introspection_cpp.dir/rosidl_typesupport_introspection_cpp/px4_msgs/msg/detail/vehicle_local_position_setpoint__type_support.cpp.o
[478.138s] [ 86%] Building CXX object CMakeFiles/px4_msgs__rosidl_typesupport_cpp.dir/rosidl_typesupport_cpp/px4_msgs/msg/vehicle_thrust_setpoint__type_support.cpp.o
[478.492s] [ 86%] Building CXX object CMakeFiles/px4_msgs__rosidl_typesupport_fastrtps_cpp.dir/rosidl_typesupport_fastrtps_cpp/px4_msgs/msg/detail/dds_fastrtps/pps_capture__type_support.cpp.o
[478.495s] [ 86%] Building CXX object CMakeFiles/px4_msgs__rosidl_typesupport_introspection_cpp.dir/rosidl_typesupport_introspection_cpp/px4_msgs/msg/detail/vehicle_magnetometer__type_support.cpp.o
[478.647s] [ 86%] Building CXX object CMakeFiles/px4_msgs__rosidl_typesupport_introspection_cpp.dir/rosidl_typesupport_introspection_cpp/px4_msgs/msg/detail/vehicle_odometry__type_support.cpp.o
[478.864s] [ 86%] Building CXX object CMakeFiles/px4_msgs__rosidl_typesupport_cpp.dir/rosidl_typesupport_cpp/px4_msgs/msg/vehicle_torque_setpoint__type_support.cpp.o
[478.890s] [ 86%] Building CXX object CMakeFiles/px4_msgs__rosidl_typesupport_fastrtps_cpp.dir/rosidl_typesupport_fastrtps_cpp/px4_msgs/msg/detail/dds_fastrtps/px4io_status__type_support.cpp.o
[478.892s] [ 86%] Building CXX object CMakeFiles/px4_msgs__rosidl_typesupport_introspection_cpp.dir/rosidl_typesupport_introspection_cpp/px4_msgs/msg/detail/vehicle_optical_flow__type_support.cpp.o
[478.907s] [ 86%] Building CXX object CMakeFiles/px4_msgs__rosidl_typesupport_fastrtps_cpp.dir/rosidl_typesupport_fastrtps_cpp/px4_msgs/msg/detail/dds_fastrtps/pwm_input__type_support.cpp.o
[479.566s] [ 86%] Building CXX object CMakeFiles/px4_msgs__rosidl_typesupport_cpp.dir/rosidl_typesupport_cpp/px4_msgs/msg/velocity_limits__type_support.cpp.o
[479.623s] [ 86%] Building CXX object CMakeFiles/px4_msgs__rosidl_typesupport_introspection_cpp.dir/rosidl_typesupport_introspection_cpp/px4_msgs/msg/detail/vehicle_roi__type_support.cpp.o
[479.862s] [ 86%] Building CXX object CMakeFiles/px4_msgs__rosidl_typesupport_fastrtps_cpp.dir/rosidl_typesupport_fastrtps_cpp/px4_msgs/msg/detail/dds_fastrtps/qshell_retval__type_support.cpp.o
[479.942s] [ 86%] Building CXX object CMakeFiles/px4_msgs__rosidl_typesupport_cpp.dir/rosidl_typesupport_cpp/px4_msgs/msg/vtol_vehicle_status__type_support.cpp.o
[480.021s] [ 86%] Building CXX object CMakeFiles/px4_msgs__rosidl_typesupport_introspection_cpp.dir/rosidl_typesupport_introspection_cpp/px4_msgs/msg/detail/vehicle_thrust_setpoint__type_support.cpp.o
[480.268s] [ 86%] Building CXX object CMakeFiles/px4_msgs__rosidl_typesupport_fastrtps_cpp.dir/rosidl_typesupport_fastrtps_cpp/px4_msgs/msg/detail/dds_fastrtps/qshell_req__type_support.cpp.o
[480.325s] [ 86%] Building CXX object CMakeFiles/px4_msgs__rosidl_typesupport_cpp.dir/rosidl_typesupport_cpp/px4_msgs/msg/wheel_encoders__type_support.cpp.o
[480.400s] [ 86%] Building CXX object CMakeFiles/px4_msgs__rosidl_typesupport_introspection_cpp.dir/rosidl_typesupport_introspection_cpp/px4_msgs/msg/detail/velocity_limits__type_support.cpp.o
[480.679s] [ 86%] Building CXX object CMakeFiles/px4_msgs__rosidl_typesupport_introspection_cpp.dir/rosidl_typesupport_introspection_cpp/px4_msgs/msg/detail/vehicle_torque_setpoint__type_support.cpp.o
[480.749s] [ 86%] Building CXX object CMakeFiles/px4_msgs__rosidl_typesupport_cpp.dir/rosidl_typesupport_cpp/px4_msgs/msg/wind__type_support.cpp.o
[480.842s] [ 86%] Building CXX object CMakeFiles/px4_msgs__rosidl_typesupport_fastrtps_cpp.dir/rosidl_typesupport_fastrtps_cpp/px4_msgs/msg/detail/dds_fastrtps/rate_ctrl_status__type_support.cpp.o
[481.084s] [ 86%] Building CXX object CMakeFiles/px4_msgs__rosidl_typesupport_introspection_cpp.dir/rosidl_typesupport_introspection_cpp/px4_msgs/msg/detail/vtol_vehicle_status__type_support.cpp.o
[481.137s] [ 86%] Building CXX object CMakeFiles/px4_msgs__rosidl_typesupport_cpp.dir/rosidl_typesupport_cpp/px4_msgs/msg/yaw_estimator_status__type_support.cpp.o
[481.350s] [ 86%] Building CXX object CMakeFiles/px4_msgs__rosidl_typesupport_fastrtps_cpp.dir/rosidl_typesupport_fastrtps_cpp/px4_msgs/msg/detail/dds_fastrtps/rc_channels__type_support.cpp.o
[481.400s] [ 86%] Building CXX object CMakeFiles/px4_msgs__rosidl_typesupport_cpp.dir/rosidl_typesupport_cpp/px4_msgs/srv/vehicle_command__type_support.cpp.o
[481.498s] [ 86%] Building CXX object CMakeFiles/px4_msgs__rosidl_typesupport_introspection_cpp.dir/rosidl_typesupport_introspection_cpp/px4_msgs/msg/detail/vehicle_status__type_support.cpp.o
[481.853s] [ 86%] Building CXX object CMakeFiles/px4_msgs__rosidl_typesupport_fastrtps_cpp.dir/rosidl_typesupport_fastrtps_cpp/px4_msgs/msg/detail/dds_fastrtps/rover_attitude_setpoint__type_support.cpp.o
[481.893s] [ 86%] Linking CXX shared library libpx4_msgs__rosidl_typesupport_cpp.so
[481.916s] [ 86%] Building CXX object CMakeFiles/px4_msgs__rosidl_typesupport_introspection_cpp.dir/rosidl_typesupport_introspection_cpp/px4_msgs/msg/detail/wheel_encoders__type_support.cpp.o
[482.081s] [ 86%] Built target px4_msgs__rosidl_typesupport_cpp
[482.193s] [ 86%] Building CXX object CMakeFiles/px4_msgs__rosidl_typesupport_introspection_cpp.dir/rosidl_typesupport_introspection_cpp/px4_msgs/msg/detail/wind__type_support.cpp.o
[482.261s] [ 86%] Building CXX object CMakeFiles/px4_msgs__rosidl_typesupport_fastrtps_cpp.dir/rosidl_typesupport_fastrtps_cpp/px4_msgs/msg/detail/dds_fastrtps/rover_rate_setpoint__type_support.cpp.o
[482.457s] [ 86%] Building CXX object CMakeFiles/px4_msgs__rosidl_typesupport_introspection_cpp.dir/rosidl_typesupport_introspection_cpp/px4_msgs/msg/detail/yaw_estimator_status__type_support.cpp.o
[482.654s] [ 86%] Building CXX object CMakeFiles/px4_msgs__rosidl_typesupport_fastrtps_cpp.dir/rosidl_typesupport_fastrtps_cpp/px4_msgs/msg/detail/dds_fastrtps/rover_rate_status__type_support.cpp.o
[482.732s] [ 86%] Building CXX object CMakeFiles/px4_msgs__rosidl_typesupport_introspection_cpp.dir/rosidl_typesupport_introspection_cpp/px4_msgs/srv/detail/vehicle_command__type_support.cpp.o
[483.049s] [ 86%] Building CXX object CMakeFiles/px4_msgs__rosidl_typesupport_fastrtps_cpp.dir/rosidl_typesupport_fastrtps_cpp/px4_msgs/msg/detail/dds_fastrtps/rover_speed_setpoint__type_support.cpp.o
[483.103s] [ 86%] Building CXX object CMakeFiles/px4_msgs__rosidl_typesupport_introspection_cpp.dir/rosidl_typesupport_introspection_cpp/px4_msgs/msg/detail/vehicle_rates_setpoint__type_support.cpp.o
[483.385s] [ 86%] Building CXX object CMakeFiles/px4_msgs__rosidl_typesupport_introspection_cpp.dir/rosidl_typesupport_introspection_cpp/px4_msgs/msg/detail/vehicle_optical_flow_vel__type_support.cpp.o
[483.446s] [ 86%] Building CXX object CMakeFiles/px4_msgs__rosidl_typesupport_fastrtps_cpp.dir/rosidl_typesupport_fastrtps_cpp/px4_msgs/msg/detail/dds_fastrtps/rover_throttle_setpoint__type_support.cpp.o
[483.666s] [ 86%] Linking CXX shared library libpx4_msgs__rosidl_typesupport_introspection_cpp.so
[483.823s] [ 86%] Built target px4_msgs__rosidl_typesupport_introspection_cpp
[483.838s] [ 86%] Building CXX object CMakeFiles/px4_msgs__rosidl_typesupport_fastrtps_cpp.dir/rosidl_typesupport_fastrtps_cpp/px4_msgs/msg/detail/dds_fastrtps/rtl_status__type_support.cpp.o
[484.232s] [ 86%] Building CXX object CMakeFiles/px4_msgs__rosidl_typesupport_fastrtps_cpp.dir/rosidl_typesupport_fastrtps_cpp/px4_msgs/msg/detail/dds_fastrtps/rtl_time_estimate__type_support.cpp.o
[484.650s] [ 86%] Building CXX object CMakeFiles/px4_msgs__rosidl_typesupport_fastrtps_cpp.dir/rosidl_typesupport_fastrtps_cpp/px4_msgs/msg/detail/dds_fastrtps/satellite_info__type_support.cpp.o
[485.044s] [ 86%] Building CXX object CMakeFiles/px4_msgs__rosidl_typesupport_fastrtps_cpp.dir/rosidl_typesupport_fastrtps_cpp/px4_msgs/msg/detail/dds_fastrtps/sensor_accel__type_support.cpp.o
[485.452s] [ 87%] Building CXX object CMakeFiles/px4_msgs__rosidl_typesupport_fastrtps_cpp.dir/rosidl_typesupport_fastrtps_cpp/px4_msgs/msg/detail/dds_fastrtps/sensor_accel_fifo__type_support.cpp.o
[485.854s] [ 87%] Building CXX object CMakeFiles/px4_msgs__rosidl_typesupport_fastrtps_cpp.dir/rosidl_typesupport_fastrtps_cpp/px4_msgs/msg/detail/dds_fastrtps/sensor_airflow__type_support.cpp.o
[486.243s] [ 87%] Building CXX object CMakeFiles/px4_msgs__rosidl_typesupport_fastrtps_cpp.dir/rosidl_typesupport_fastrtps_cpp/px4_msgs/msg/detail/dds_fastrtps/sensor_baro__type_support.cpp.o
[486.633s] [ 87%] Building CXX object CMakeFiles/px4_msgs__rosidl_typesupport_fastrtps_cpp.dir/rosidl_typesupport_fastrtps_cpp/px4_msgs/msg/detail/dds_fastrtps/sensor_combined__type_support.cpp.o
[487.030s] [ 87%] Building CXX object CMakeFiles/px4_msgs__rosidl_typesupport_fastrtps_cpp.dir/rosidl_typesupport_fastrtps_cpp/px4_msgs/msg/detail/dds_fastrtps/sensor_correction__type_support.cpp.o
[487.449s] [ 87%] Building CXX object CMakeFiles/px4_msgs__rosidl_typesupport_fastrtps_cpp.dir/rosidl_typesupport_fastrtps_cpp/px4_msgs/msg/detail/dds_fastrtps/sensor_gnss_relative__type_support.cpp.o
[487.855s] [ 87%] Building CXX object CMakeFiles/px4_msgs__rosidl_typesupport_fastrtps_cpp.dir/rosidl_typesupport_fastrtps_cpp/px4_msgs/msg/detail/dds_fastrtps/sensor_gnss_status__type_support.cpp.o
[488.283s] [ 87%] Building CXX object CMakeFiles/px4_msgs__rosidl_typesupport_fastrtps_cpp.dir/rosidl_typesupport_fastrtps_cpp/px4_msgs/msg/detail/dds_fastrtps/sensor_gps__type_support.cpp.o
[488.717s] [ 87%] Building CXX object CMakeFiles/px4_msgs__rosidl_typesupport_fastrtps_cpp.dir/rosidl_typesupport_fastrtps_cpp/px4_msgs/msg/detail/dds_fastrtps/sensor_gyro__type_support.cpp.o
[489.112s] [ 87%] Building CXX object CMakeFiles/px4_msgs__rosidl_typesupport_fastrtps_cpp.dir/rosidl_typesupport_fastrtps_cpp/px4_msgs/msg/detail/dds_fastrtps/sensor_gyro_fft__type_support.cpp.o
[489.530s] [ 87%] Building CXX object CMakeFiles/px4_msgs__rosidl_typesupport_fastrtps_cpp.dir/rosidl_typesupport_fastrtps_cpp/px4_msgs/msg/detail/dds_fastrtps/rover_steering_setpoint__type_support.cpp.o
[489.532s] [ 87%] Building CXX object CMakeFiles/px4_msgs__rosidl_typesupport_fastrtps_cpp.dir/rosidl_typesupport_fastrtps_cpp/px4_msgs/msg/detail/dds_fastrtps/sensor_gyro_fifo__type_support.cpp.o
[489.532s] [ 87%] Building CXX object CMakeFiles/px4_msgs__rosidl_typesupport_fastrtps_cpp.dir/rosidl_typesupport_fastrtps_cpp/px4_msgs/msg/detail/dds_fastrtps/rpm__type_support.cpp.o
[489.971s] [ 87%] Building CXX object CMakeFiles/px4_msgs__rosidl_typesupport_fastrtps_cpp.dir/rosidl_typesupport_fastrtps_cpp/px4_msgs/msg/detail/dds_fastrtps/sensor_hygrometer__type_support.cpp.o
[490.172s] [ 87%] Building CXX object CMakeFiles/px4_msgs__rosidl_typesupport_fastrtps_cpp.dir/rosidl_typesupport_fastrtps_cpp/px4_msgs/msg/detail/dds_fastrtps/sensor_mag__type_support.cpp.o
[490.176s] [ 87%] Building CXX object CMakeFiles/px4_msgs__rosidl_typesupport_fastrtps_cpp.dir/rosidl_typesupport_fastrtps_cpp/px4_msgs/msg/detail/dds_fastrtps/sensor_optical_flow__type_support.cpp.o
[490.448s] [ 87%] Building CXX object CMakeFiles/px4_msgs__rosidl_typesupport_fastrtps_cpp.dir/rosidl_typesupport_fastrtps_cpp/px4_msgs/msg/detail/dds_fastrtps/sensor_preflight_mag__type_support.cpp.o
[490.478s] [ 87%] Building CXX object CMakeFiles/px4_msgs__rosidl_typesupport_fastrtps_cpp.dir/rosidl_typesupport_fastrtps_cpp/px4_msgs/msg/detail/dds_fastrtps/sensor_selection__type_support.cpp.o
[490.483s] [ 87%] Building CXX object CMakeFiles/px4_msgs__rosidl_typesupport_fastrtps_cpp.dir/rosidl_typesupport_fastrtps_cpp/px4_msgs/msg/detail/dds_fastrtps/rover_speed_status__type_support.cpp.o
[490.887s] [ 87%] Building CXX object CMakeFiles/px4_msgs__rosidl_typesupport_fastrtps_cpp.dir/rosidl_typesupport_fastrtps_cpp/px4_msgs/msg/detail/dds_fastrtps/rover_position_setpoint__type_support.cpp.o
[491.036s] [ 87%] Building CXX object CMakeFiles/px4_msgs__rosidl_typesupport_fastrtps_cpp.dir/rosidl_typesupport_fastrtps_cpp/px4_msgs/msg/detail/dds_fastrtps/sensor_uwb__type_support.cpp.o
[491.202s] [ 87%] Building CXX object CMakeFiles/px4_msgs__rosidl_typesupport_fastrtps_cpp.dir/rosidl_typesupport_fastrtps_cpp/px4_msgs/msg/detail/dds_fastrtps/sensors_status__type_support.cpp.o
[491.220s] [ 87%] Building CXX object CMakeFiles/px4_msgs__rosidl_typesupport_fastrtps_cpp.dir/rosidl_typesupport_fastrtps_cpp/px4_msgs/msg/detail/dds_fastrtps/sensors_status_imu__type_support.cpp.o
[491.241s] [ 87%] Building CXX object CMakeFiles/px4_msgs__rosidl_typesupport_fastrtps_cpp.dir/rosidl_typesupport_fastrtps_cpp/px4_msgs/msg/detail/dds_fastrtps/system_power__type_support.cpp.o
[491.713s] [ 87%] Building CXX object CMakeFiles/px4_msgs__rosidl_typesupport_fastrtps_cpp.dir/rosidl_typesupport_fastrtps_cpp/px4_msgs/msg/detail/dds_fastrtps/rc_parameter_map__type_support.cpp.o
[491.722s] [ 87%] Building CXX object CMakeFiles/px4_msgs__rosidl_typesupport_fastrtps_cpp.dir/rosidl_typesupport_fastrtps_cpp/px4_msgs/msg/detail/dds_fastrtps/takeoff_status__type_support.cpp.o
[491.893s] [ 87%] Building CXX object CMakeFiles/px4_msgs__rosidl_typesupport_fastrtps_cpp.dir/rosidl_typesupport_fastrtps_cpp/px4_msgs/msg/detail/dds_fastrtps/task_stack_info__type_support.cpp.o
[491.997s] [ 87%] Building CXX object CMakeFiles/px4_msgs__rosidl_typesupport_fastrtps_cpp.dir/rosidl_typesupport_fastrtps_cpp/px4_msgs/msg/detail/dds_fastrtps/tecs_status__type_support.cpp.o
[492.090s] [ 87%] Building CXX object CMakeFiles/px4_msgs__rosidl_typesupport_fastrtps_cpp.dir/rosidl_typesupport_fastrtps_cpp/px4_msgs/msg/detail/dds_fastrtps/telemetry_status__type_support.cpp.o
[492.184s] [ 88%] Building CXX object CMakeFiles/px4_msgs__rosidl_typesupport_fastrtps_cpp.dir/rosidl_typesupport_fastrtps_cpp/px4_msgs/msg/detail/dds_fastrtps/tiltrotor_extra_controls__type_support.cpp.o
[492.684s] [ 88%] Building CXX object CMakeFiles/px4_msgs__rosidl_typesupport_fastrtps_cpp.dir/rosidl_typesupport_fastrtps_cpp/px4_msgs/msg/detail/dds_fastrtps/timesync_status__type_support.cpp.o
[492.686s] [ 88%] Building CXX object CMakeFiles/px4_msgs__rosidl_typesupport_fastrtps_cpp.dir/rosidl_typesupport_fastrtps_cpp/px4_msgs/msg/detail/dds_fastrtps/radio_status__type_support.cpp.o
[492.734s] [ 88%] Building CXX object CMakeFiles/px4_msgs__rosidl_typesupport_fastrtps_cpp.dir/rosidl_typesupport_fastrtps_cpp/px4_msgs/msg/detail/dds_fastrtps/trajectory_setpoint__type_support.cpp.o
[492.841s] [ 88%] Building CXX object CMakeFiles/px4_msgs__rosidl_typesupport_fastrtps_cpp.dir/rosidl_typesupport_fastrtps_cpp/px4_msgs/msg/detail/dds_fastrtps/trajectory_setpoint6dof__type_support.cpp.o
[493.100s] [ 88%] Building CXX object CMakeFiles/px4_msgs__rosidl_typesupport_fastrtps_cpp.dir/rosidl_typesupport_fastrtps_cpp/px4_msgs/msg/detail/dds_fastrtps/transponder_report__type_support.cpp.o
[493.314s] [ 88%] Building CXX object CMakeFiles/px4_msgs__rosidl_typesupport_fastrtps_cpp.dir/rosidl_typesupport_fastrtps_cpp/px4_msgs/msg/detail/dds_fastrtps/tune_control__type_support.cpp.o
[493.320s] [ 88%] Building CXX object CMakeFiles/px4_msgs__rosidl_typesupport_fastrtps_cpp.dir/rosidl_typesupport_fastrtps_cpp/px4_msgs/msg/detail/dds_fastrtps/uavcan_parameter_request__type_support.cpp.o
[493.751s] [ 88%] Building CXX object CMakeFiles/px4_msgs__rosidl_typesupport_fastrtps_cpp.dir/rosidl_typesupport_fastrtps_cpp/px4_msgs/msg/detail/dds_fastrtps/uavcan_parameter_value__type_support.cpp.o
[493.760s] [ 88%] Building CXX object CMakeFiles/px4_msgs__rosidl_typesupport_fastrtps_cpp.dir/rosidl_typesupport_fastrtps_cpp/px4_msgs/msg/detail/dds_fastrtps/ulog_stream__type_support.cpp.o
[493.977s] [ 88%] Building CXX object CMakeFiles/px4_msgs__rosidl_typesupport_fastrtps_cpp.dir/rosidl_typesupport_fastrtps_cpp/px4_msgs/msg/detail/dds_fastrtps/ulog_stream_ack__type_support.cpp.o
[494.092s] [ 88%] Building CXX object CMakeFiles/px4_msgs__rosidl_typesupport_fastrtps_cpp.dir/rosidl_typesupport_fastrtps_cpp/px4_msgs/msg/detail/dds_fastrtps/unregister_ext_component__type_support.cpp.o
[494.141s] [ 88%] Building CXX object CMakeFiles/px4_msgs__rosidl_typesupport_fastrtps_cpp.dir/rosidl_typesupport_fastrtps_cpp/px4_msgs/msg/detail/dds_fastrtps/vehicle_acceleration__type_support.cpp.o
[495.181s] [ 88%] Building CXX object CMakeFiles/px4_msgs__rosidl_typesupport_fastrtps_cpp.dir/rosidl_typesupport_fastrtps_cpp/px4_msgs/msg/detail/dds_fastrtps/vehicle_command_ack__type_support.cpp.o
[495.572s] [ 88%] Building CXX object CMakeFiles/px4_msgs__rosidl_typesupport_fastrtps_cpp.dir/rosidl_typesupport_fastrtps_cpp/px4_msgs/msg/detail/dds_fastrtps/vehicle_constraints__type_support.cpp.o
[495.963s] [ 88%] Building CXX object CMakeFiles/px4_msgs__rosidl_typesupport_fastrtps_cpp.dir/rosidl_typesupport_fastrtps_cpp/px4_msgs/msg/detail/dds_fastrtps/vehicle_control_mode__type_support.cpp.o
[496.368s] [ 88%] Building CXX object CMakeFiles/px4_msgs__rosidl_typesupport_fastrtps_cpp.dir/rosidl_typesupport_fastrtps_cpp/px4_msgs/msg/detail/dds_fastrtps/vehicle_global_position__type_support.cpp.o
[496.778s] [ 88%] Building CXX object CMakeFiles/px4_msgs__rosidl_typesupport_fastrtps_cpp.dir/rosidl_typesupport_fastrtps_cpp/px4_msgs/msg/detail/dds_fastrtps/vehicle_imu__type_support.cpp.o
[497.201s] [ 88%] Building CXX object CMakeFiles/px4_msgs__rosidl_typesupport_fastrtps_cpp.dir/rosidl_typesupport_fastrtps_cpp/px4_msgs/msg/detail/dds_fastrtps/vehicle_imu_status__type_support.cpp.o
[497.632s] [ 89%] Building CXX object CMakeFiles/px4_msgs__rosidl_typesupport_fastrtps_cpp.dir/rosidl_typesupport_fastrtps_cpp/px4_msgs/msg/detail/dds_fastrtps/vehicle_land_detected__type_support.cpp.o
[498.016s] [ 89%] Building CXX object CMakeFiles/px4_msgs__rosidl_typesupport_fastrtps_cpp.dir/rosidl_typesupport_fastrtps_cpp/px4_msgs/msg/detail/dds_fastrtps/vehicle_local_position__type_support.cpp.o
[498.452s] [ 89%] Building CXX object CMakeFiles/px4_msgs__rosidl_typesupport_fastrtps_cpp.dir/rosidl_typesupport_fastrtps_cpp/px4_msgs/msg/detail/dds_fastrtps/vehicle_local_position_setpoint__type_support.cpp.o
[498.845s] [ 89%] Building CXX object CMakeFiles/px4_msgs__rosidl_typesupport_fastrtps_cpp.dir/rosidl_typesupport_fastrtps_cpp/px4_msgs/msg/detail/dds_fastrtps/vehicle_magnetometer__type_support.cpp.o
[499.236s] [ 89%] Building CXX object CMakeFiles/px4_msgs__rosidl_typesupport_fastrtps_cpp.dir/rosidl_typesupport_fastrtps_cpp/px4_msgs/msg/detail/dds_fastrtps/vehicle_odometry__type_support.cpp.o
[499.236s] [ 89%] Building CXX object CMakeFiles/px4_msgs__rosidl_typesupport_fastrtps_cpp.dir/rosidl_typesupport_fastrtps_cpp/px4_msgs/msg/detail/dds_fastrtps/vehicle_command__type_support.cpp.o
[499.663s] [ 89%] Building CXX object CMakeFiles/px4_msgs__rosidl_typesupport_fastrtps_cpp.dir/rosidl_typesupport_fastrtps_cpp/px4_msgs/msg/detail/dds_fastrtps/vehicle_attitude__type_support.cpp.o
[499.664s] [ 89%] Building CXX object CMakeFiles/px4_msgs__rosidl_typesupport_fastrtps_cpp.dir/rosidl_typesupport_fastrtps_cpp/px4_msgs/msg/detail/dds_fastrtps/vehicle_optical_flow__type_support.cpp.o
[499.666s] [ 89%] Building CXX object CMakeFiles/px4_msgs__rosidl_typesupport_fastrtps_cpp.dir/rosidl_typesupport_fastrtps_cpp/px4_msgs/msg/detail/dds_fastrtps/vehicle_attitude_setpoint__type_support.cpp.o
[500.111s] [ 89%] Building CXX object CMakeFiles/px4_msgs__rosidl_typesupport_fastrtps_cpp.dir/rosidl_typesupport_fastrtps_cpp/px4_msgs/msg/detail/dds_fastrtps/vehicle_rates_setpoint__type_support.cpp.o
[500.336s] [ 89%] Building CXX object CMakeFiles/px4_msgs__rosidl_typesupport_fastrtps_cpp.dir/rosidl_typesupport_fastrtps_cpp/px4_msgs/msg/detail/dds_fastrtps/vehicle_roi__type_support.cpp.o
[500.349s] [ 89%] Building CXX object CMakeFiles/px4_msgs__rosidl_typesupport_fastrtps_cpp.dir/rosidl_typesupport_fastrtps_cpp/px4_msgs/msg/detail/dds_fastrtps/vehicle_status__type_support.cpp.o
[500.565s] [ 89%] Building CXX object CMakeFiles/px4_msgs__rosidl_typesupport_fastrtps_cpp.dir/rosidl_typesupport_fastrtps_cpp/px4_msgs/msg/detail/dds_fastrtps/vehicle_thrust_setpoint__type_support.cpp.o
[500.575s] [ 89%] Building CXX object CMakeFiles/px4_msgs__rosidl_typesupport_fastrtps_cpp.dir/rosidl_typesupport_fastrtps_cpp/px4_msgs/msg/detail/dds_fastrtps/vehicle_optical_flow_vel__type_support.cpp.o
[500.929s] [ 89%] Building CXX object CMakeFiles/px4_msgs__rosidl_typesupport_fastrtps_cpp.dir/rosidl_typesupport_fastrtps_cpp/px4_msgs/msg/detail/dds_fastrtps/vehicle_torque_setpoint__type_support.cpp.o
[501.141s] [ 89%] Building CXX object CMakeFiles/px4_msgs__rosidl_typesupport_fastrtps_cpp.dir/rosidl_typesupport_fastrtps_cpp/px4_msgs/msg/detail/dds_fastrtps/velocity_limits__type_support.cpp.o
[501.362s] [ 89%] Building CXX object CMakeFiles/px4_msgs__rosidl_typesupport_fastrtps_cpp.dir/rosidl_typesupport_fastrtps_cpp/px4_msgs/msg/detail/dds_fastrtps/vtol_vehicle_status__type_support.cpp.o
[501.420s] [ 89%] Building CXX object CMakeFiles/px4_msgs__rosidl_typesupport_fastrtps_cpp.dir/rosidl_typesupport_fastrtps_cpp/px4_msgs/msg/detail/dds_fastrtps/wheel_encoders__type_support.cpp.o
[501.614s] [ 89%] Building CXX object CMakeFiles/px4_msgs__rosidl_typesupport_fastrtps_cpp.dir/rosidl_typesupport_fastrtps_cpp/px4_msgs/msg/detail/dds_fastrtps/vehicle_angular_velocity__type_support.cpp.o
[501.626s] [ 89%] Building CXX object CMakeFiles/px4_msgs__rosidl_typesupport_fastrtps_cpp.dir/rosidl_typesupport_fastrtps_cpp/px4_msgs/msg/detail/dds_fastrtps/wind__type_support.cpp.o
[501.834s] [ 89%] Building CXX object CMakeFiles/px4_msgs__rosidl_typesupport_fastrtps_cpp.dir/rosidl_typesupport_fastrtps_cpp/px4_msgs/msg/detail/dds_fastrtps/yaw_estimator_status__type_support.cpp.o
[502.078s] [ 89%] Building CXX object CMakeFiles/px4_msgs__rosidl_typesupport_fastrtps_cpp.dir/rosidl_typesupport_fastrtps_cpp/px4_msgs/srv/detail/dds_fastrtps/vehicle_command__type_support.cpp.o
[502.479s] [ 89%] Building CXX object CMakeFiles/px4_msgs__rosidl_typesupport_fastrtps_cpp.dir/rosidl_typesupport_fastrtps_cpp/px4_msgs/msg/detail/dds_fastrtps/vehicle_air_data__type_support.cpp.o
[502.483s] [ 89%] Building CXX object CMakeFiles/px4_msgs__rosidl_typesupport_fastrtps_cpp.dir/rosidl_typesupport_fastrtps_cpp/px4_msgs/msg/detail/dds_fastrtps/vehicle_angular_acceleration_setpoint__type_support.cpp.o
[503.310s] [ 89%] Linking CXX shared library libpx4_msgs__rosidl_typesupport_fastrtps_cpp.so
[503.481s] [ 89%] Built target px4_msgs__rosidl_typesupport_fastrtps_cpp
[503.501s] [ 89%] Built target px4_msgs
[503.532s] [ 89%] Generating Python code for ROS interfaces
[572.250s] [ 89%] Built target px4_msgs__py
[572.300s] [ 89%] Building C object CMakeFiles/px4_msgs__rosidl_generator_py.dir/rosidl_generator_py/px4_msgs/msg/_action_request_s.c.o
[572.302s] [ 89%] Building C object CMakeFiles/px4_msgs__rosidl_generator_py.dir/rosidl_generator_py/px4_msgs/msg/_actuator_outputs_s.c.o
[572.307s] [ 89%] Building C object CMakeFiles/px4_msgs__rosidl_generator_py.dir/rosidl_generator_py/px4_msgs/msg/_actuator_armed_s.c.o
[572.308s] [ 89%] Building C object CMakeFiles/px4_msgs__rosidl_generator_py.dir/rosidl_generator_py/px4_msgs/msg/_actuator_controls_status_s.c.o
[572.328s] [ 89%] Building C object CMakeFiles/px4_msgs__rosidl_generator_py.dir/rosidl_generator_py/px4_msgs/msg/_actuator_servos_trim_s.c.o
[572.328s] [ 89%] Building C object CMakeFiles/px4_msgs__rosidl_generator_py.dir/rosidl_generator_py/px4_msgs/msg/_actuator_servos_s.c.o
[572.328s] [ 90%] Building C object CMakeFiles/px4_msgs__rosidl_generator_py.dir/rosidl_generator_py/px4_msgs/msg/_actuator_motors_s.c.o
[572.328s] [ 90%] Building C object CMakeFiles/px4_msgs__rosidl_generator_py.dir/rosidl_generator_py/px4_msgs/msg/_actuator_test_s.c.o
[572.647s] [ 90%] Building C object CMakeFiles/px4_msgs__rosidl_generator_py.dir/rosidl_generator_py/px4_msgs/msg/_adc_report_s.c.o
[572.661s] [ 90%] Building C object CMakeFiles/px4_msgs__rosidl_generator_py.dir/rosidl_generator_py/px4_msgs/msg/_airspeed_s.c.o
[572.667s] [ 90%] Building C object CMakeFiles/px4_msgs__rosidl_generator_py.dir/rosidl_generator_py/px4_msgs/msg/_airspeed_validated_s.c.o
[572.670s] [ 90%] Building C object CMakeFiles/px4_msgs__rosidl_generator_py.dir/rosidl_generator_py/px4_msgs/msg/_airspeed_wind_s.c.o
[572.671s] [ 90%] Building C object CMakeFiles/px4_msgs__rosidl_generator_py.dir/rosidl_generator_py/px4_msgs/msg/_arming_check_request_s.c.o
[572.675s] [ 90%] Building C object CMakeFiles/px4_msgs__rosidl_generator_py.dir/rosidl_generator_py/px4_msgs/msg/_arming_check_reply_s.c.o
[572.682s] [ 90%] Building C object CMakeFiles/px4_msgs__rosidl_generator_py.dir/rosidl_generator_py/px4_msgs/msg/_autotune_attitude_control_status_s.c.o
[572.688s] [ 90%] Building C object CMakeFiles/px4_msgs__rosidl_generator_py.dir/rosidl_generator_py/px4_msgs/msg/_battery_info_s.c.o
[572.964s] [ 90%] Building C object CMakeFiles/px4_msgs__rosidl_generator_py.dir/rosidl_generator_py/px4_msgs/msg/_battery_status_s.c.o
[572.980s] [ 90%] Building C object CMakeFiles/px4_msgs__rosidl_generator_py.dir/rosidl_generator_py/px4_msgs/msg/_button_event_s.c.o
[572.985s] [ 90%] Building C object CMakeFiles/px4_msgs__rosidl_generator_py.dir/rosidl_generator_py/px4_msgs/msg/_camera_capture_s.c.o
[573.032s] [ 90%] Building C object CMakeFiles/px4_msgs__rosidl_generator_py.dir/rosidl_generator_py/px4_msgs/msg/_camera_status_s.c.o
[573.037s] [ 90%] Building C object CMakeFiles/px4_msgs__rosidl_generator_py.dir/rosidl_generator_py/px4_msgs/msg/_camera_trigger_s.c.o
[573.094s] [ 90%] Building C object CMakeFiles/px4_msgs__rosidl_generator_py.dir/rosidl_generator_py/px4_msgs/msg/_can_interface_status_s.c.o
[573.118s] [ 90%] Building C object CMakeFiles/px4_msgs__rosidl_generator_py.dir/rosidl_generator_py/px4_msgs/msg/_cellular_status_s.c.o
[573.130s] [ 90%] Building C object CMakeFiles/px4_msgs__rosidl_generator_py.dir/rosidl_generator_py/px4_msgs/msg/_collision_constraints_s.c.o
[573.295s] [ 90%] Building C object CMakeFiles/px4_msgs__rosidl_generator_py.dir/rosidl_generator_py/px4_msgs/msg/_config_overrides_s.c.o
[573.377s] [ 90%] Building C object CMakeFiles/px4_msgs__rosidl_generator_py.dir/rosidl_generator_py/px4_msgs/msg/_control_allocator_status_s.c.o
[573.385s] [ 90%] Building C object CMakeFiles/px4_msgs__rosidl_generator_py.dir/rosidl_generator_py/px4_msgs/msg/_cpuload_s.c.o
[573.415s] [ 91%] Building C object CMakeFiles/px4_msgs__rosidl_generator_py.dir/rosidl_generator_py/px4_msgs/msg/_dataman_request_s.c.o
[573.427s] [ 91%] Building C object CMakeFiles/px4_msgs__rosidl_generator_py.dir/rosidl_generator_py/px4_msgs/msg/_dataman_response_s.c.o
[573.483s] [ 91%] Building C object CMakeFiles/px4_msgs__rosidl_generator_py.dir/rosidl_generator_py/px4_msgs/msg/_debug_array_s.c.o
[573.487s] [ 91%] Building C object CMakeFiles/px4_msgs__rosidl_generator_py.dir/rosidl_generator_py/px4_msgs/msg/_debug_key_value_s.c.o
[573.515s] [ 91%] Building C object CMakeFiles/px4_msgs__rosidl_generator_py.dir/rosidl_generator_py/px4_msgs/msg/_debug_value_s.c.o
[573.591s] [ 91%] Building C object CMakeFiles/px4_msgs__rosidl_generator_py.dir/rosidl_generator_py/px4_msgs/msg/_debug_vect_s.c.o
[573.658s] [ 91%] Building C object CMakeFiles/px4_msgs__rosidl_generator_py.dir/rosidl_generator_py/px4_msgs/msg/_differential_pressure_s.c.o
[573.731s] [ 91%] Building C object CMakeFiles/px4_msgs__rosidl_generator_py.dir/rosidl_generator_py/px4_msgs/msg/_distance_sensor_s.c.o
[573.762s] [ 91%] Building C object CMakeFiles/px4_msgs__rosidl_generator_py.dir/rosidl_generator_py/px4_msgs/msg/_distance_sensor_mode_change_request_s.c.o
[573.769s] [ 91%] Building C object CMakeFiles/px4_msgs__rosidl_generator_py.dir/rosidl_generator_py/px4_msgs/msg/_dronecan_node_status_s.c.o
[573.799s] [ 91%] Building C object CMakeFiles/px4_msgs__rosidl_generator_py.dir/rosidl_generator_py/px4_msgs/msg/_ekf2_timestamps_s.c.o
[573.811s] [ 91%] Building C object CMakeFiles/px4_msgs__rosidl_generator_py.dir/rosidl_generator_py/px4_msgs/msg/_esc_report_s.c.o
[573.906s] [ 91%] Building C object CMakeFiles/px4_msgs__rosidl_generator_py.dir/rosidl_generator_py/px4_msgs/msg/_esc_status_s.c.o
[574.011s] [ 91%] Building C object CMakeFiles/px4_msgs__rosidl_generator_py.dir/rosidl_generator_py/px4_msgs/msg/_estimator_aid_source1d_s.c.o
[574.073s] [ 91%] Building C object CMakeFiles/px4_msgs__rosidl_generator_py.dir/rosidl_generator_py/px4_msgs/msg/_estimator_aid_source2d_s.c.o
[574.085s] [ 91%] Building C object CMakeFiles/px4_msgs__rosidl_generator_py.dir/rosidl_generator_py/px4_msgs/msg/_estimator_aid_source3d_s.c.o
[574.097s] [ 91%] Building C object CMakeFiles/px4_msgs__rosidl_generator_py.dir/rosidl_generator_py/px4_msgs/msg/_estimator_bias_s.c.o
[574.178s] [ 91%] Building C object CMakeFiles/px4_msgs__rosidl_generator_py.dir/rosidl_generator_py/px4_msgs/msg/_estimator_bias3d_s.c.o
[574.230s] [ 91%] Building C object CMakeFiles/px4_msgs__rosidl_generator_py.dir/rosidl_generator_py/px4_msgs/msg/_estimator_event_flags_s.c.o
[574.255s] [ 91%] Building C object CMakeFiles/px4_msgs__rosidl_generator_py.dir/rosidl_generator_py/px4_msgs/msg/_estimator_gps_status_s.c.o
[574.384s] [ 91%] Building C object CMakeFiles/px4_msgs__rosidl_generator_py.dir/rosidl_generator_py/px4_msgs/msg/_estimator_innovations_s.c.o
[574.410s] [ 91%] Building C object CMakeFiles/px4_msgs__rosidl_generator_py.dir/rosidl_generator_py/px4_msgs/msg/_estimator_selector_status_s.c.o
[574.489s] [ 91%] Building C object CMakeFiles/px4_msgs__rosidl_generator_py.dir/rosidl_generator_py/px4_msgs/msg/_estimator_sensor_bias_s.c.o
[574.516s] [ 92%] Building C object CMakeFiles/px4_msgs__rosidl_generator_py.dir/rosidl_generator_py/px4_msgs/msg/_estimator_states_s.c.o
[574.629s] [ 92%] Building C object CMakeFiles/px4_msgs__rosidl_generator_py.dir/rosidl_generator_py/px4_msgs/msg/_estimator_status_s.c.o
[574.654s] [ 92%] Building C object CMakeFiles/px4_msgs__rosidl_generator_py.dir/rosidl_generator_py/px4_msgs/msg/_estimator_status_flags_s.c.o
[574.691s] [ 92%] Building C object CMakeFiles/px4_msgs__rosidl_generator_py.dir/rosidl_generator_py/px4_msgs/msg/_event_s.c.o
[574.728s] [ 92%] Building C object CMakeFiles/px4_msgs__rosidl_generator_py.dir/rosidl_generator_py/px4_msgs/msg/_failsafe_flags_s.c.o
[574.930s] [ 92%] Building C object CMakeFiles/px4_msgs__rosidl_generator_py.dir/rosidl_generator_py/px4_msgs/msg/_failure_detector_status_s.c.o
[575.000s] [ 92%] Building C object CMakeFiles/px4_msgs__rosidl_generator_py.dir/rosidl_generator_py/px4_msgs/msg/_figure_eight_status_s.c.o
[575.001s] [ 92%] Building C object CMakeFiles/px4_msgs__rosidl_generator_py.dir/rosidl_generator_py/px4_msgs/msg/_fixed_wing_lateral_guidance_status_s.c.o
[575.065s] [ 92%] Building C object CMakeFiles/px4_msgs__rosidl_generator_py.dir/rosidl_generator_py/px4_msgs/msg/_fixed_wing_lateral_setpoint_s.c.o
[575.076s] [ 92%] Building C object CMakeFiles/px4_msgs__rosidl_generator_py.dir/rosidl_generator_py/px4_msgs/msg/_fixed_wing_lateral_status_s.c.o
[575.158s] [ 92%] Building C object CMakeFiles/px4_msgs__rosidl_generator_py.dir/rosidl_generator_py/px4_msgs/msg/_fixed_wing_longitudinal_setpoint_s.c.o
[575.249s] [ 92%] Building C object CMakeFiles/px4_msgs__rosidl_generator_py.dir/rosidl_generator_py/px4_msgs/msg/_fixed_wing_runway_control_s.c.o
[575.348s] [ 92%] Building C object CMakeFiles/px4_msgs__rosidl_generator_py.dir/rosidl_generator_py/px4_msgs/msg/_flight_phase_estimation_s.c.o
[575.401s] [ 92%] Building C object CMakeFiles/px4_msgs__rosidl_generator_py.dir/rosidl_generator_py/px4_msgs/msg/_follow_target_s.c.o
[575.421s] [ 92%] Building C object CMakeFiles/px4_msgs__rosidl_generator_py.dir/rosidl_generator_py/px4_msgs/msg/_follow_target_estimator_s.c.o
[575.513s] [ 92%] Building C object CMakeFiles/px4_msgs__rosidl_generator_py.dir/rosidl_generator_py/px4_msgs/msg/_follow_target_status_s.c.o
[575.532s] [ 92%] Building C object CMakeFiles/px4_msgs__rosidl_generator_py.dir/rosidl_generator_py/px4_msgs/msg/_fuel_tank_status_s.c.o
[575.555s] [ 92%] Building C object CMakeFiles/px4_msgs__rosidl_generator_py.dir/rosidl_generator_py/px4_msgs/msg/_generator_status_s.c.o
[575.568s] [ 92%] Building C object CMakeFiles/px4_msgs__rosidl_generator_py.dir/rosidl_generator_py/px4_msgs/msg/_geofence_result_s.c.o
[575.729s] [ 92%] Building C object CMakeFiles/px4_msgs__rosidl_generator_py.dir/rosidl_generator_py/px4_msgs/msg/_geofence_status_s.c.o
[575.798s] [ 92%] Building C object CMakeFiles/px4_msgs__rosidl_generator_py.dir/rosidl_generator_py/px4_msgs/msg/_gimbal_controls_s.c.o
[575.832s] [ 92%] Building C object CMakeFiles/px4_msgs__rosidl_generator_py.dir/rosidl_generator_py/px4_msgs/msg/_gimbal_device_attitude_status_s.c.o
[575.867s] [ 92%] Building C object CMakeFiles/px4_msgs__rosidl_generator_py.dir/rosidl_generator_py/px4_msgs/msg/_gimbal_device_information_s.c.o
[575.926s] [ 93%] Building C object CMakeFiles/px4_msgs__rosidl_generator_py.dir/rosidl_generator_py/px4_msgs/msg/_gimbal_manager_information_s.c.o
[575.926s] [ 93%] Building C object CMakeFiles/px4_msgs__rosidl_generator_py.dir/rosidl_generator_py/px4_msgs/msg/_gimbal_device_set_attitude_s.c.o
[575.959s] [ 93%] Building C object CMakeFiles/px4_msgs__rosidl_generator_py.dir/rosidl_generator_py/px4_msgs/msg/_gimbal_manager_set_attitude_s.c.o
[576.056s] [ 93%] Building C object CMakeFiles/px4_msgs__rosidl_generator_py.dir/rosidl_generator_py/px4_msgs/msg/_gimbal_manager_set_manual_control_s.c.o
[576.071s] [ 93%] Building C object CMakeFiles/px4_msgs__rosidl_generator_py.dir/rosidl_generator_py/px4_msgs/msg/_gimbal_manager_status_s.c.o
[576.286s] [ 93%] Building C object CMakeFiles/px4_msgs__rosidl_generator_py.dir/rosidl_generator_py/px4_msgs/msg/_goto_setpoint_s.c.o
[576.382s] [ 93%] Building C object CMakeFiles/px4_msgs__rosidl_generator_py.dir/rosidl_generator_py/px4_msgs/msg/_gpio_config_s.c.o
[576.401s] [ 93%] Building C object CMakeFiles/px4_msgs__rosidl_generator_py.dir/rosidl_generator_py/px4_msgs/msg/_gpio_in_s.c.o
[576.432s] [ 93%] Building C object CMakeFiles/px4_msgs__rosidl_generator_py.dir/rosidl_generator_py/px4_msgs/msg/_gpio_out_s.c.o
[576.441s] [ 93%] Building C object CMakeFiles/px4_msgs__rosidl_generator_py.dir/rosidl_generator_py/px4_msgs/msg/_gpio_request_s.c.o
[576.468s] [ 93%] Building C object CMakeFiles/px4_msgs__rosidl_generator_py.dir/rosidl_generator_py/px4_msgs/msg/_gps_dump_s.c.o
[576.521s] [ 93%] Building C object CMakeFiles/px4_msgs__rosidl_generator_py.dir/rosidl_generator_py/px4_msgs/msg/_gps_inject_data_s.c.o
[576.565s] [ 93%] Building C object CMakeFiles/px4_msgs__rosidl_generator_py.dir/rosidl_generator_py/px4_msgs/msg/_gripper_s.c.o
[576.683s] [ 93%] Building C object CMakeFiles/px4_msgs__rosidl_generator_py.dir/rosidl_generator_py/px4_msgs/msg/_health_report_s.c.o
[576.685s] [ 93%] Building C object CMakeFiles/px4_msgs__rosidl_generator_py.dir/rosidl_generator_py/px4_msgs/msg/_heater_status_s.c.o
[576.773s] [ 93%] Building C object CMakeFiles/px4_msgs__rosidl_generator_py.dir/rosidl_generator_py/px4_msgs/msg/_home_position_s.c.o
[576.829s] [ 93%] Building C object CMakeFiles/px4_msgs__rosidl_generator_py.dir/rosidl_generator_py/px4_msgs/msg/_hover_thrust_estimate_s.c.o
[576.857s] [ 93%] Building C object CMakeFiles/px4_msgs__rosidl_generator_py.dir/rosidl_generator_py/px4_msgs/msg/_input_rc_s.c.o
[576.900s] [ 93%] Building C object CMakeFiles/px4_msgs__rosidl_generator_py.dir/rosidl_generator_py/px4_msgs/msg/_internal_combustion_engine_control_s.c.o
[576.963s] [ 93%] Building C object CMakeFiles/px4_msgs__rosidl_generator_py.dir/rosidl_generator_py/px4_msgs/msg/_internal_combustion_engine_status_s.c.o
[577.010s] [ 93%] Building C object CMakeFiles/px4_msgs__rosidl_generator_py.dir/rosidl_generator_py/px4_msgs/msg/_iridiumsbd_status_s.c.o
[577.034s] [ 93%] Building C object CMakeFiles/px4_msgs__rosidl_generator_py.dir/rosidl_generator_py/px4_msgs/msg/_irlock_report_s.c.o
[577.187s] [ 93%] Building C object CMakeFiles/px4_msgs__rosidl_generator_py.dir/rosidl_generator_py/px4_msgs/msg/_landing_gear_s.c.o
[577.241s] [ 93%] Building C object CMakeFiles/px4_msgs__rosidl_generator_py.dir/rosidl_generator_py/px4_msgs/msg/_landing_gear_wheel_s.c.o
[577.255s] [ 93%] Building C object CMakeFiles/px4_msgs__rosidl_generator_py.dir/rosidl_generator_py/px4_msgs/msg/_landing_target_innovations_s.c.o
[577.325s] [ 94%] Building C object CMakeFiles/px4_msgs__rosidl_generator_py.dir/rosidl_generator_py/px4_msgs/msg/_landing_target_pose_s.c.o
[577.400s] [ 94%] Building C object CMakeFiles/px4_msgs__rosidl_generator_py.dir/rosidl_generator_py/px4_msgs/msg/_lateral_control_configuration_s.c.o
[577.471s] [ 94%] Building C object CMakeFiles/px4_msgs__rosidl_generator_py.dir/rosidl_generator_py/px4_msgs/msg/_launch_detection_status_s.c.o
[577.478s] [ 94%] Building C object CMakeFiles/px4_msgs__rosidl_generator_py.dir/rosidl_generator_py/px4_msgs/msg/_led_control_s.c.o
[577.512s] [ 94%] Building C object CMakeFiles/px4_msgs__rosidl_generator_py.dir/rosidl_generator_py/px4_msgs/msg/_log_message_s.c.o
[577.546s] [ 94%] Building C object CMakeFiles/px4_msgs__rosidl_generator_py.dir/rosidl_generator_py/px4_msgs/msg/_longitudinal_control_configuration_s.c.o
[577.548s] [ 94%] Building C object CMakeFiles/px4_msgs__rosidl_generator_py.dir/rosidl_generator_py/px4_msgs/msg/_logger_status_s.c.o
[577.608s] [ 94%] Building C object CMakeFiles/px4_msgs__rosidl_generator_py.dir/rosidl_generator_py/px4_msgs/msg/_mag_worker_data_s.c.o
[577.786s] [ 94%] Building C object CMakeFiles/px4_msgs__rosidl_generator_py.dir/rosidl_generator_py/px4_msgs/msg/_magnetometer_bias_estimate_s.c.o
[577.850s] [ 94%] Building C object CMakeFiles/px4_msgs__rosidl_generator_py.dir/rosidl_generator_py/px4_msgs/msg/_manual_control_setpoint_s.c.o
[577.881s] [ 94%] Building C object CMakeFiles/px4_msgs__rosidl_generator_py.dir/rosidl_generator_py/px4_msgs/msg/_manual_control_switches_s.c.o
[577.889s] [ 94%] Building C object CMakeFiles/px4_msgs__rosidl_generator_py.dir/rosidl_generator_py/px4_msgs/msg/_mavlink_log_s.c.o
[577.892s] [ 94%] Building C object CMakeFiles/px4_msgs__rosidl_generator_py.dir/rosidl_generator_py/px4_msgs/msg/_mavlink_tunnel_s.c.o
[577.950s] [ 94%] Building C object CMakeFiles/px4_msgs__rosidl_generator_py.dir/rosidl_generator_py/px4_msgs/msg/_message_format_request_s.c.o
[577.956s] [ 94%] Building C object CMakeFiles/px4_msgs__rosidl_generator_py.dir/rosidl_generator_py/px4_msgs/msg/_message_format_response_s.c.o
[578.142s] [ 94%] Building C object CMakeFiles/px4_msgs__rosidl_generator_py.dir/rosidl_generator_py/px4_msgs/msg/_mission_s.c.o
[578.255s] [ 94%] Building C object CMakeFiles/px4_msgs__rosidl_generator_py.dir/rosidl_generator_py/px4_msgs/msg/_mission_result_s.c.o
[578.315s] [ 94%] Building C object CMakeFiles/px4_msgs__rosidl_generator_py.dir/rosidl_generator_py/px4_msgs/msg/_mode_completed_s.c.o
[578.320s] [ 94%] Building C object CMakeFiles/px4_msgs__rosidl_generator_py.dir/rosidl_generator_py/px4_msgs/msg/_mount_orientation_s.c.o
[578.368s] [ 94%] Building C object CMakeFiles/px4_msgs__rosidl_generator_py.dir/rosidl_generator_py/px4_msgs/msg/_navigator_mission_item_s.c.o
[578.410s] [ 94%] Building C object CMakeFiles/px4_msgs__rosidl_generator_py.dir/rosidl_generator_py/px4_msgs/msg/_navigator_status_s.c.o
[578.423s] [ 94%] Building C object CMakeFiles/px4_msgs__rosidl_generator_py.dir/rosidl_generator_py/px4_msgs/msg/_neural_control_s.c.o
[578.514s] [ 94%] Building C object CMakeFiles/px4_msgs__rosidl_generator_py.dir/rosidl_generator_py/px4_msgs/msg/_normalized_unsigned_setpoint_s.c.o
[578.618s] [ 94%] Building C object CMakeFiles/px4_msgs__rosidl_generator_py.dir/rosidl_generator_py/px4_msgs/msg/_obstacle_distance_s.c.o
[578.642s] [ 95%] Building C object CMakeFiles/px4_msgs__rosidl_generator_py.dir/rosidl_generator_py/px4_msgs/msg/_offboard_control_mode_s.c.o
[578.692s] [ 95%] Building C object CMakeFiles/px4_msgs__rosidl_generator_py.dir/rosidl_generator_py/px4_msgs/msg/_onboard_computer_status_s.c.o
[578.737s] [ 95%] Building C object CMakeFiles/px4_msgs__rosidl_generator_py.dir/rosidl_generator_py/px4_msgs/msg/_open_drone_id_arm_status_s.c.o
[578.744s] [ 95%] Building C object CMakeFiles/px4_msgs__rosidl_generator_py.dir/rosidl_generator_py/px4_msgs/msg/_open_drone_id_operator_id_s.c.o
[578.824s] [ 95%] Building C object CMakeFiles/px4_msgs__rosidl_generator_py.dir/rosidl_generator_py/px4_msgs/msg/_open_drone_id_self_id_s.c.o
[578.848s] [ 95%] Building C object CMakeFiles/px4_msgs__rosidl_generator_py.dir/rosidl_generator_py/px4_msgs/msg/_open_drone_id_system_s.c.o
[578.941s] [ 95%] Building C object CMakeFiles/px4_msgs__rosidl_generator_py.dir/rosidl_generator_py/px4_msgs/msg/_orb_test_s.c.o
[579.064s] [ 95%] Building C object CMakeFiles/px4_msgs__rosidl_generator_py.dir/rosidl_generator_py/px4_msgs/msg/_orb_test_large_s.c.o
[579.071s] [ 95%] Building C object CMakeFiles/px4_msgs__rosidl_generator_py.dir/rosidl_generator_py/px4_msgs/msg/_orb_test_medium_s.c.o
[579.178s] [ 95%] Building C object CMakeFiles/px4_msgs__rosidl_generator_py.dir/rosidl_generator_py/px4_msgs/msg/_orbit_status_s.c.o
[579.209s] [ 95%] Building C object CMakeFiles/px4_msgs__rosidl_generator_py.dir/rosidl_generator_py/px4_msgs/msg/_parameter_reset_request_s.c.o
[579.257s] [ 95%] Building C object CMakeFiles/px4_msgs__rosidl_generator_py.dir/rosidl_generator_py/px4_msgs/msg/_parameter_set_used_request_s.c.o
[579.322s] [ 95%] Building C object CMakeFiles/px4_msgs__rosidl_generator_py.dir/rosidl_generator_py/px4_msgs/msg/_parameter_set_value_request_s.c.o
[579.343s] [ 95%] Building C object CMakeFiles/px4_msgs__rosidl_generator_py.dir/rosidl_generator_py/px4_msgs/msg/_parameter_set_value_response_s.c.o
[579.407s] [ 95%] Building C object CMakeFiles/px4_msgs__rosidl_generator_py.dir/rosidl_generator_py/px4_msgs/msg/_parameter_update_s.c.o
[579.441s] [ 95%] Building C object CMakeFiles/px4_msgs__rosidl_generator_py.dir/rosidl_generator_py/px4_msgs/msg/_ping_s.c.o
[579.456s] [ 95%] Building C object CMakeFiles/px4_msgs__rosidl_generator_py.dir/rosidl_generator_py/px4_msgs/msg/_position_controller_landing_status_s.c.o
[579.530s] [ 95%] Building C object CMakeFiles/px4_msgs__rosidl_generator_py.dir/rosidl_generator_py/px4_msgs/msg/_position_controller_status_s.c.o
[579.619s] [ 95%] Building C object CMakeFiles/px4_msgs__rosidl_generator_py.dir/rosidl_generator_py/px4_msgs/msg/_position_setpoint_s.c.o
[579.695s] [ 95%] Building C object CMakeFiles/px4_msgs__rosidl_generator_py.dir/rosidl_generator_py/px4_msgs/msg/_position_setpoint_triplet_s.c.o
[579.762s] [ 95%] Building C object CMakeFiles/px4_msgs__rosidl_generator_py.dir/rosidl_generator_py/px4_msgs/msg/_power_button_state_s.c.o
[579.789s] [ 95%] Building C object CMakeFiles/px4_msgs__rosidl_generator_py.dir/rosidl_generator_py/px4_msgs/msg/_power_monitor_s.c.o
[579.837s] [ 95%] Building C object CMakeFiles/px4_msgs__rosidl_generator_py.dir/rosidl_generator_py/px4_msgs/msg/_pps_capture_s.c.o
[579.880s] [ 95%] Building C object CMakeFiles/px4_msgs__rosidl_generator_py.dir/rosidl_generator_py/px4_msgs/msg/_pure_pursuit_status_s.c.o
[579.936s] [ 96%] Building C object CMakeFiles/px4_msgs__rosidl_generator_py.dir/rosidl_generator_py/px4_msgs/msg/_pwm_input_s.c.o
[579.950s] [ 96%] Building C object CMakeFiles/px4_msgs__rosidl_generator_py.dir/rosidl_generator_py/px4_msgs/msg/_px4io_status_s.c.o
[580.143s] [ 96%] Building C object CMakeFiles/px4_msgs__rosidl_generator_py.dir/rosidl_generator_py/px4_msgs/msg/_qshell_req_s.c.o
[580.173s] [ 96%] Building C object CMakeFiles/px4_msgs__rosidl_generator_py.dir/rosidl_generator_py/px4_msgs/msg/_qshell_retval_s.c.o
[580.194s] [ 96%] Building C object CMakeFiles/px4_msgs__rosidl_generator_py.dir/rosidl_generator_py/px4_msgs/msg/_radio_status_s.c.o
[580.210s] [ 96%] Building C object CMakeFiles/px4_msgs__rosidl_generator_py.dir/rosidl_generator_py/px4_msgs/msg/_rate_ctrl_status_s.c.o
[580.247s] [ 96%] Building C object CMakeFiles/px4_msgs__rosidl_generator_py.dir/rosidl_generator_py/px4_msgs/msg/_rc_channels_s.c.o
[580.282s] [ 96%] Building C object CMakeFiles/px4_msgs__rosidl_generator_py.dir/rosidl_generator_py/px4_msgs/msg/_rc_parameter_map_s.c.o
[580.366s] [ 96%] Building C object CMakeFiles/px4_msgs__rosidl_generator_py.dir/rosidl_generator_py/px4_msgs/msg/_register_ext_component_reply_s.c.o
[580.406s] [ 96%] Building C object CMakeFiles/px4_msgs__rosidl_generator_py.dir/rosidl_generator_py/px4_msgs/msg/_register_ext_component_request_s.c.o
[580.527s] [ 96%] Building C object CMakeFiles/px4_msgs__rosidl_generator_py.dir/rosidl_generator_py/px4_msgs/msg/_rover_attitude_setpoint_s.c.o
[580.601s] [ 96%] Building C object CMakeFiles/px4_msgs__rosidl_generator_py.dir/rosidl_generator_py/px4_msgs/msg/_rover_attitude_status_s.c.o
[580.614s] [ 96%] Building C object CMakeFiles/px4_msgs__rosidl_generator_py.dir/rosidl_generator_py/px4_msgs/msg/_rover_position_setpoint_s.c.o
[580.694s] [ 96%] Building C object CMakeFiles/px4_msgs__rosidl_generator_py.dir/rosidl_generator_py/px4_msgs/msg/_rover_rate_setpoint_s.c.o
[580.721s] [ 96%] Building C object CMakeFiles/px4_msgs__rosidl_generator_py.dir/rosidl_generator_py/px4_msgs/msg/_rover_rate_status_s.c.o
[580.729s] [ 96%] Building C object CMakeFiles/px4_msgs__rosidl_generator_py.dir/rosidl_generator_py/px4_msgs/msg/_rover_speed_setpoint_s.c.o
[580.783s] [ 96%] Building C object CMakeFiles/px4_msgs__rosidl_generator_py.dir/rosidl_generator_py/px4_msgs/msg/_rover_speed_status_s.c.o
[580.839s] [ 96%] Building C object CMakeFiles/px4_msgs__rosidl_generator_py.dir/rosidl_generator_py/px4_msgs/msg/_rover_steering_setpoint_s.c.o
[580.860s] [ 96%] Building C object CMakeFiles/px4_msgs__rosidl_generator_py.dir/rosidl_generator_py/px4_msgs/msg/_rover_throttle_setpoint_s.c.o
[580.946s] [ 96%] Building C object CMakeFiles/px4_msgs__rosidl_generator_py.dir/rosidl_generator_py/px4_msgs/msg/_rpm_s.c.o
[581.014s] [ 96%] Building C object CMakeFiles/px4_msgs__rosidl_generator_py.dir/rosidl_generator_py/px4_msgs/msg/_rtl_status_s.c.o
[581.117s] [ 96%] Building C object CMakeFiles/px4_msgs__rosidl_generator_py.dir/rosidl_generator_py/px4_msgs/msg/_rtl_time_estimate_s.c.o
[581.144s] [ 96%] Building C object CMakeFiles/px4_msgs__rosidl_generator_py.dir/rosidl_generator_py/px4_msgs/msg/_satellite_info_s.c.o
[581.158s] [ 96%] Building C object CMakeFiles/px4_msgs__rosidl_generator_py.dir/rosidl_generator_py/px4_msgs/msg/_sensor_accel_s.c.o
[581.245s] [ 96%] Building C object CMakeFiles/px4_msgs__rosidl_generator_py.dir/rosidl_generator_py/px4_msgs/msg/_sensor_airflow_s.c.o
[581.247s] [ 97%] Building C object CMakeFiles/px4_msgs__rosidl_generator_py.dir/rosidl_generator_py/px4_msgs/msg/_sensor_accel_fifo_s.c.o
[581.262s] [ 97%] Building C object CMakeFiles/px4_msgs__rosidl_generator_py.dir/rosidl_generator_py/px4_msgs/msg/_sensor_baro_s.c.o
[581.332s] [ 97%] Building C object CMakeFiles/px4_msgs__rosidl_generator_py.dir/rosidl_generator_py/px4_msgs/msg/_sensor_combined_s.c.o
[581.414s] [ 97%] Building C object CMakeFiles/px4_msgs__rosidl_generator_py.dir/rosidl_generator_py/px4_msgs/msg/_sensor_correction_s.c.o
[581.530s] [ 97%] Building C object CMakeFiles/px4_msgs__rosidl_generator_py.dir/rosidl_generator_py/px4_msgs/msg/_sensor_gnss_relative_s.c.o
[581.617s] [ 97%] Building C object CMakeFiles/px4_msgs__rosidl_generator_py.dir/rosidl_generator_py/px4_msgs/msg/_sensor_gnss_status_s.c.o
[581.627s] [ 97%] Building C object CMakeFiles/px4_msgs__rosidl_generator_py.dir/rosidl_generator_py/px4_msgs/msg/_sensor_gps_s.c.o
[581.648s] [ 97%] Building C object CMakeFiles/px4_msgs__rosidl_generator_py.dir/rosidl_generator_py/px4_msgs/msg/_sensor_gyro_s.c.o
[581.687s] [ 97%] Building C object CMakeFiles/px4_msgs__rosidl_generator_py.dir/rosidl_generator_py/px4_msgs/msg/_sensor_gyro_fft_s.c.o
[581.736s] [ 97%] Building C object CMakeFiles/px4_msgs__rosidl_generator_py.dir/rosidl_generator_py/px4_msgs/msg/_sensor_gyro_fifo_s.c.o
[581.888s] [ 97%] Building C object CMakeFiles/px4_msgs__rosidl_generator_py.dir/rosidl_generator_py/px4_msgs/msg/_sensor_hygrometer_s.c.o
[582.108s] [ 97%] Building C object CMakeFiles/px4_msgs__rosidl_generator_py.dir/rosidl_generator_py/px4_msgs/msg/_sensor_mag_s.c.o
[582.170s] [ 97%] Building C object CMakeFiles/px4_msgs__rosidl_generator_py.dir/rosidl_generator_py/px4_msgs/msg/_sensor_optical_flow_s.c.o
[582.191s] [ 97%] Building C object CMakeFiles/px4_msgs__rosidl_generator_py.dir/rosidl_generator_py/px4_msgs/msg/_sensor_preflight_mag_s.c.o
[582.201s] [ 97%] Building C object CMakeFiles/px4_msgs__rosidl_generator_py.dir/rosidl_generator_py/px4_msgs/msg/_sensors_status_s.c.o
[582.202s] [ 97%] Building C object CMakeFiles/px4_msgs__rosidl_generator_py.dir/rosidl_generator_py/px4_msgs/msg/_sensor_selection_s.c.o
[582.202s] [ 97%] Building C object CMakeFiles/px4_msgs__rosidl_generator_py.dir/rosidl_generator_py/px4_msgs/msg/_sensor_uwb_s.c.o
[582.220s] [ 97%] Building C object CMakeFiles/px4_msgs__rosidl_generator_py.dir/rosidl_generator_py/px4_msgs/msg/_sensors_status_imu_s.c.o
[582.288s] [ 97%] Building C object CMakeFiles/px4_msgs__rosidl_generator_py.dir/rosidl_generator_py/px4_msgs/msg/_system_power_s.c.o
[582.496s] [ 97%] Building C object CMakeFiles/px4_msgs__rosidl_generator_py.dir/rosidl_generator_py/px4_msgs/msg/_takeoff_status_s.c.o
[582.550s] [ 97%] Building C object CMakeFiles/px4_msgs__rosidl_generator_py.dir/rosidl_generator_py/px4_msgs/msg/_task_stack_info_s.c.o
[582.562s] [ 97%] Building C object CMakeFiles/px4_msgs__rosidl_generator_py.dir/rosidl_generator_py/px4_msgs/msg/_tecs_status_s.c.o
[582.622s] [ 98%] Building C object CMakeFiles/px4_msgs__rosidl_generator_py.dir/rosidl_generator_py/px4_msgs/msg/_telemetry_status_s.c.o
[582.727s] [ 98%] Building C object CMakeFiles/px4_msgs__rosidl_generator_py.dir/rosidl_generator_py/px4_msgs/msg/_tiltrotor_extra_controls_s.c.o
[582.740s] [ 98%] Building C object CMakeFiles/px4_msgs__rosidl_generator_py.dir/rosidl_generator_py/px4_msgs/msg/_timesync_status_s.c.o
[582.766s] [ 98%] Building C object CMakeFiles/px4_msgs__rosidl_generator_py.dir/rosidl_generator_py/px4_msgs/msg/_trajectory_setpoint_s.c.o
[582.770s] [ 98%] Building C object CMakeFiles/px4_msgs__rosidl_generator_py.dir/rosidl_generator_py/px4_msgs/msg/_trajectory_setpoint6dof_s.c.o
[582.844s] [ 98%] Building C object CMakeFiles/px4_msgs__rosidl_generator_py.dir/rosidl_generator_py/px4_msgs/msg/_transponder_report_s.c.o
[582.934s] [ 98%] Building C object CMakeFiles/px4_msgs__rosidl_generator_py.dir/rosidl_generator_py/px4_msgs/msg/_tune_control_s.c.o
[582.957s] [ 98%] Building C object CMakeFiles/px4_msgs__rosidl_generator_py.dir/rosidl_generator_py/px4_msgs/msg/_uavcan_parameter_request_s.c.o
[583.107s] [ 98%] Building C object CMakeFiles/px4_msgs__rosidl_generator_py.dir/rosidl_generator_py/px4_msgs/msg/_uavcan_parameter_value_s.c.o
[583.133s] [ 98%] Building C object CMakeFiles/px4_msgs__rosidl_generator_py.dir/rosidl_generator_py/px4_msgs/msg/_ulog_stream_s.c.o
[583.147s] [ 98%] Building C object CMakeFiles/px4_msgs__rosidl_generator_py.dir/rosidl_generator_py/px4_msgs/msg/_ulog_stream_ack_s.c.o
[583.233s] [ 98%] Building C object CMakeFiles/px4_msgs__rosidl_generator_py.dir/rosidl_generator_py/px4_msgs/msg/_unregister_ext_component_s.c.o
[583.255s] [ 98%] Building C object CMakeFiles/px4_msgs__rosidl_generator_py.dir/rosidl_generator_py/px4_msgs/msg/_vehicle_acceleration_s.c.o
[583.364s] [ 98%] Building C object CMakeFiles/px4_msgs__rosidl_generator_py.dir/rosidl_generator_py/px4_msgs/msg/_vehicle_air_data_s.c.o
[583.379s] [ 98%] Building C object CMakeFiles/px4_msgs__rosidl_generator_py.dir/rosidl_generator_py/px4_msgs/msg/_vehicle_angular_acceleration_setpoint_s.c.o
[583.400s] [ 98%] Building C object CMakeFiles/px4_msgs__rosidl_generator_py.dir/rosidl_generator_py/px4_msgs/msg/_vehicle_angular_velocity_s.c.o
[583.477s] [ 98%] Building C object CMakeFiles/px4_msgs__rosidl_generator_py.dir/rosidl_generator_py/px4_msgs/msg/_vehicle_attitude_s.c.o
[583.547s] [ 98%] Building C object CMakeFiles/px4_msgs__rosidl_generator_py.dir/rosidl_generator_py/px4_msgs/msg/_vehicle_attitude_setpoint_s.c.o
[583.603s] [ 98%] Building C object CMakeFiles/px4_msgs__rosidl_generator_py.dir/rosidl_generator_py/px4_msgs/msg/_vehicle_command_s.c.o
[583.617s] [ 98%] Building C object CMakeFiles/px4_msgs__rosidl_generator_py.dir/rosidl_generator_py/px4_msgs/msg/_vehicle_command_ack_s.c.o
[583.648s] [ 98%] Building C object CMakeFiles/px4_msgs__rosidl_generator_py.dir/rosidl_generator_py/px4_msgs/msg/_vehicle_constraints_s.c.o
[583.736s] [ 98%] Building C object CMakeFiles/px4_msgs__rosidl_generator_py.dir/rosidl_generator_py/px4_msgs/msg/_vehicle_control_mode_s.c.o
[583.762s] [ 98%] Building C object CMakeFiles/px4_msgs__rosidl_generator_py.dir/rosidl_generator_py/px4_msgs/msg/_vehicle_global_position_s.c.o
[583.812s] [ 98%] Building C object CMakeFiles/px4_msgs__rosidl_generator_py.dir/rosidl_generator_py/px4_msgs/msg/_vehicle_imu_s.c.o
[583.858s] [ 99%] Building C object CMakeFiles/px4_msgs__rosidl_generator_py.dir/rosidl_generator_py/px4_msgs/msg/_vehicle_imu_status_s.c.o
[583.936s] [ 99%] Building C object CMakeFiles/px4_msgs__rosidl_generator_py.dir/rosidl_generator_py/px4_msgs/msg/_vehicle_land_detected_s.c.o
[584.052s] [ 99%] Building C object CMakeFiles/px4_msgs__rosidl_generator_py.dir/rosidl_generator_py/px4_msgs/msg/_vehicle_local_position_setpoint_s.c.o
[584.059s] [ 99%] Building C object CMakeFiles/px4_msgs__rosidl_generator_py.dir/rosidl_generator_py/px4_msgs/msg/_vehicle_local_position_s.c.o
[584.092s] [ 99%] Building C object CMakeFiles/px4_msgs__rosidl_generator_py.dir/rosidl_generator_py/px4_msgs/msg/_vehicle_magnetometer_s.c.o
[584.114s] [ 99%] Building C object CMakeFiles/px4_msgs__rosidl_generator_py.dir/rosidl_generator_py/px4_msgs/msg/_vehicle_odometry_s.c.o
[584.231s] [ 99%] Building C object CMakeFiles/px4_msgs__rosidl_generator_py.dir/rosidl_generator_py/px4_msgs/msg/_vehicle_optical_flow_s.c.o
[584.270s] [ 99%] Building C object CMakeFiles/px4_msgs__rosidl_generator_py.dir/rosidl_generator_py/px4_msgs/msg/_vehicle_optical_flow_vel_s.c.o
[584.298s] [ 99%] Building C object CMakeFiles/px4_msgs__rosidl_generator_py.dir/rosidl_generator_py/px4_msgs/msg/_vehicle_rates_setpoint_s.c.o
[584.333s] [ 99%] Building C object CMakeFiles/px4_msgs__rosidl_generator_py.dir/rosidl_generator_py/px4_msgs/msg/_vehicle_roi_s.c.o
[584.500s] [ 99%] Building C object CMakeFiles/px4_msgs__rosidl_generator_py.dir/rosidl_generator_py/px4_msgs/msg/_vehicle_status_s.c.o
[584.575s] [ 99%] Building C object CMakeFiles/px4_msgs__rosidl_generator_py.dir/rosidl_generator_py/px4_msgs/msg/_vehicle_thrust_setpoint_s.c.o
[584.632s] [ 99%] Building C object CMakeFiles/px4_msgs__rosidl_generator_py.dir/rosidl_generator_py/px4_msgs/msg/_vehicle_torque_setpoint_s.c.o
[584.662s] [ 99%] Building C object CMakeFiles/px4_msgs__rosidl_generator_py.dir/rosidl_generator_py/px4_msgs/msg/_velocity_limits_s.c.o
[584.674s] [ 99%] Building C object CMakeFiles/px4_msgs__rosidl_generator_py.dir/rosidl_generator_py/px4_msgs/msg/_vtol_vehicle_status_s.c.o
[584.719s] [ 99%] Building C object CMakeFiles/px4_msgs__rosidl_generator_py.dir/rosidl_generator_py/px4_msgs/msg/_wheel_encoders_s.c.o
[584.733s] [ 99%] Building C object CMakeFiles/px4_msgs__rosidl_generator_py.dir/rosidl_generator_py/px4_msgs/msg/_wind_s.c.o
[584.809s] [ 99%] Building C object CMakeFiles/px4_msgs__rosidl_generator_py.dir/rosidl_generator_py/px4_msgs/msg/_yaw_estimator_status_s.c.o
[584.954s] [ 99%] Building C object CMakeFiles/px4_msgs__rosidl_generator_py.dir/rosidl_generator_py/px4_msgs/srv/_vehicle_command_s.c.o
[585.276s] [ 99%] Linking C shared library libpx4_msgs__rosidl_generator_py.so
[585.376s] [ 99%] Built target px4_msgs__rosidl_generator_py
[585.395s] [ 99%] Building C object CMakeFiles/px4_msgs_s__rosidl_typesupport_introspection_c.dir/rosidl_generator_py/px4_msgs/_px4_msgs_s.ep.rosidl_typesupport_introspection_c.c.o
[585.395s] [ 99%] Building C object CMakeFiles/px4_msgs_s__rosidl_typesupport_fastrtps_c.dir/rosidl_generator_py/px4_msgs/_px4_msgs_s.ep.rosidl_typesupport_fastrtps_c.c.o
[585.396s] [ 99%] Building C object CMakeFiles/px4_msgs_s__rosidl_typesupport_c.dir/rosidl_generator_py/px4_msgs/_px4_msgs_s.ep.rosidl_typesupport_c.c.o
[586.154s] [ 99%] Linking C shared module rosidl_generator_py/px4_msgs/px4_msgs_s__rosidl_typesupport_c.so
[586.167s] [100%] Linking C shared module rosidl_generator_py/px4_msgs/px4_msgs_s__rosidl_typesupport_introspection_c.so
[586.198s] [100%] Built target px4_msgs_s__rosidl_typesupport_c
[586.209s] [100%] Built target px4_msgs_s__rosidl_typesupport_introspection_c
[586.427s] [100%] Linking C shared module rosidl_generator_py/px4_msgs/px4_msgs_s__rosidl_typesupport_fastrtps_c.so
[586.469s] [100%] Built target px4_msgs_s__rosidl_typesupport_fastrtps_c
[586.483s] Invoked command in '/home/hamad/ws_offboard_control/build/px4_msgs' returned '0': CMAKE_PREFIX_PATH=${CMAKE_PREFIX_PATH}:/opt/ros/jazzy DEBUGINFOD_URLS=https://debuginfod.ubuntu.com PS1=(.local) ${debian_chroot:+($debian_chroot)}\u@\h:\w\$ VIRTUAL_ENV_PROMPT=(.local) /usr/bin/cmake --build /home/hamad/ws_offboard_control/build/px4_msgs -- -j8 -l8
[586.493s] Invoking command in '/home/hamad/ws_offboard_control/build/px4_msgs': CMAKE_PREFIX_PATH=${CMAKE_PREFIX_PATH}:/opt/ros/jazzy DEBUGINFOD_URLS=https://debuginfod.ubuntu.com PS1=(.local) ${debian_chroot:+($debian_chroot)}\u@\h:\w\$ VIRTUAL_ENV_PROMPT=(.local) /usr/bin/cmake --install /home/hamad/ws_offboard_control/build/px4_msgs
[586.508s] -- Install configuration: ""
[586.508s] -- Installing: /home/hamad/ws_offboard_control/install/px4_msgs/share/ament_index/resource_index/rosidl_interfaces/px4_msgs
[586.508s] -- Installing: /home/hamad/ws_offboard_control/install/px4_msgs/share/px4_msgs/msg/ActionRequest.json
[586.509s] -- Installing: /home/hamad/ws_offboard_control/install/px4_msgs/share/px4_msgs/msg/ActuatorArmed.json
[586.509s] -- Installing: /home/hamad/ws_offboard_control/install/px4_msgs/share/px4_msgs/msg/ActuatorControlsStatus.json
[586.509s] -- Installing: /home/hamad/ws_offboard_control/install/px4_msgs/share/px4_msgs/msg/ActuatorMotors.json
[586.509s] -- Installing: /home/hamad/ws_offboard_control/install/px4_msgs/share/px4_msgs/msg/ActuatorOutputs.json
[586.509s] -- Installing: /home/hamad/ws_offboard_control/install/px4_msgs/share/px4_msgs/msg/ActuatorServos.json
[586.509s] -- Installing: /home/hamad/ws_offboard_control/install/px4_msgs/share/px4_msgs/msg/ActuatorServosTrim.json
[586.510s] -- Installing: /home/hamad/ws_offboard_control/install/px4_msgs/share/px4_msgs/msg/ActuatorTest.json
[586.510s] -- Installing: /home/hamad/ws_offboard_control/install/px4_msgs/share/px4_msgs/msg/AdcReport.json
[586.510s] -- Installing: /home/hamad/ws_offboard_control/install/px4_msgs/share/px4_msgs/msg/Airspeed.json
[586.510s] -- Installing: /home/hamad/ws_offboard_control/install/px4_msgs/share/px4_msgs/msg/AirspeedValidated.json
[586.510s] -- Installing: /home/hamad/ws_offboard_control/install/px4_msgs/share/px4_msgs/msg/AirspeedWind.json
[586.510s] -- Installing: /home/hamad/ws_offboard_control/install/px4_msgs/share/px4_msgs/msg/ArmingCheckReply.json
[586.510s] -- Installing: /home/hamad/ws_offboard_control/install/px4_msgs/share/px4_msgs/msg/ArmingCheckRequest.json
[586.511s] -- Installing: /home/hamad/ws_offboard_control/install/px4_msgs/share/px4_msgs/msg/AutotuneAttitudeControlStatus.json
[586.511s] -- Installing: /home/hamad/ws_offboard_control/install/px4_msgs/share/px4_msgs/msg/BatteryInfo.json
[586.511s] -- Installing: /home/hamad/ws_offboard_control/install/px4_msgs/share/px4_msgs/msg/BatteryStatus.json
[586.511s] -- Installing: /home/hamad/ws_offboard_control/install/px4_msgs/share/px4_msgs/msg/ButtonEvent.json
[586.511s] -- Installing: /home/hamad/ws_offboard_control/install/px4_msgs/share/px4_msgs/msg/CameraCapture.json
[586.511s] -- Installing: /home/hamad/ws_offboard_control/install/px4_msgs/share/px4_msgs/msg/CameraStatus.json
[586.511s] -- Installing: /home/hamad/ws_offboard_control/install/px4_msgs/share/px4_msgs/msg/CameraTrigger.json
[586.512s] -- Installing: /home/hamad/ws_offboard_control/install/px4_msgs/share/px4_msgs/msg/CanInterfaceStatus.json
[586.512s] -- Installing: /home/hamad/ws_offboard_control/install/px4_msgs/share/px4_msgs/msg/CellularStatus.json
[586.512s] -- Installing: /home/hamad/ws_offboard_control/install/px4_msgs/share/px4_msgs/msg/CollisionConstraints.json
[586.512s] -- Installing: /home/hamad/ws_offboard_control/install/px4_msgs/share/px4_msgs/msg/ConfigOverrides.json
[586.512s] -- Installing: /home/hamad/ws_offboard_control/install/px4_msgs/share/px4_msgs/msg/ControlAllocatorStatus.json
[586.512s] -- Installing: /home/hamad/ws_offboard_control/install/px4_msgs/share/px4_msgs/msg/Cpuload.json
[586.513s] -- Installing: /home/hamad/ws_offboard_control/install/px4_msgs/share/px4_msgs/msg/DatamanRequest.json
[586.513s] -- Installing: /home/hamad/ws_offboard_control/install/px4_msgs/share/px4_msgs/msg/DatamanResponse.json
[586.513s] -- Installing: /home/hamad/ws_offboard_control/install/px4_msgs/share/px4_msgs/msg/DebugArray.json
[586.513s] -- Installing: /home/hamad/ws_offboard_control/install/px4_msgs/share/px4_msgs/msg/DebugKeyValue.json
[586.513s] -- Installing: /home/hamad/ws_offboard_control/install/px4_msgs/share/px4_msgs/msg/DebugValue.json
[586.513s] -- Installing: /home/hamad/ws_offboard_control/install/px4_msgs/share/px4_msgs/msg/DebugVect.json
[586.514s] -- Installing: /home/hamad/ws_offboard_control/install/px4_msgs/share/px4_msgs/msg/DifferentialPressure.json
[586.514s] -- Installing: /home/hamad/ws_offboard_control/install/px4_msgs/share/px4_msgs/msg/DistanceSensor.json
[586.514s] -- Installing: /home/hamad/ws_offboard_control/install/px4_msgs/share/px4_msgs/msg/DistanceSensorModeChangeRequest.json
[586.514s] -- Installing: /home/hamad/ws_offboard_control/install/px4_msgs/share/px4_msgs/msg/DronecanNodeStatus.json
[586.514s] -- Installing: /home/hamad/ws_offboard_control/install/px4_msgs/share/px4_msgs/msg/Ekf2Timestamps.json
[586.514s] -- Installing: /home/hamad/ws_offboard_control/install/px4_msgs/share/px4_msgs/msg/EscReport.json
[586.514s] -- Installing: /home/hamad/ws_offboard_control/install/px4_msgs/share/px4_msgs/msg/EscStatus.json
[586.515s] -- Installing: /home/hamad/ws_offboard_control/install/px4_msgs/share/px4_msgs/msg/EstimatorAidSource1d.json
[586.515s] -- Installing: /home/hamad/ws_offboard_control/install/px4_msgs/share/px4_msgs/msg/EstimatorAidSource2d.json
[586.515s] -- Installing: /home/hamad/ws_offboard_control/install/px4_msgs/share/px4_msgs/msg/EstimatorAidSource3d.json
[586.515s] -- Installing: /home/hamad/ws_offboard_control/install/px4_msgs/share/px4_msgs/msg/EstimatorBias.json
[586.515s] -- Installing: /home/hamad/ws_offboard_control/install/px4_msgs/share/px4_msgs/msg/EstimatorBias3d.json
[586.515s] -- Installing: /home/hamad/ws_offboard_control/install/px4_msgs/share/px4_msgs/msg/EstimatorEventFlags.json
[586.516s] -- Installing: /home/hamad/ws_offboard_control/install/px4_msgs/share/px4_msgs/msg/EstimatorGpsStatus.json
[586.516s] -- Installing: /home/hamad/ws_offboard_control/install/px4_msgs/share/px4_msgs/msg/EstimatorInnovations.json
[586.516s] -- Installing: /home/hamad/ws_offboard_control/install/px4_msgs/share/px4_msgs/msg/EstimatorSelectorStatus.json
[586.516s] -- Installing: /home/hamad/ws_offboard_control/install/px4_msgs/share/px4_msgs/msg/EstimatorSensorBias.json
[586.516s] -- Installing: /home/hamad/ws_offboard_control/install/px4_msgs/share/px4_msgs/msg/EstimatorStates.json
[586.516s] -- Installing: /home/hamad/ws_offboard_control/install/px4_msgs/share/px4_msgs/msg/EstimatorStatus.json
[586.516s] -- Installing: /home/hamad/ws_offboard_control/install/px4_msgs/share/px4_msgs/msg/EstimatorStatusFlags.json
[586.517s] -- Installing: /home/hamad/ws_offboard_control/install/px4_msgs/share/px4_msgs/msg/Event.json
[586.517s] -- Installing: /home/hamad/ws_offboard_control/install/px4_msgs/share/px4_msgs/msg/FailsafeFlags.json
[586.517s] -- Installing: /home/hamad/ws_offboard_control/install/px4_msgs/share/px4_msgs/msg/FailureDetectorStatus.json
[586.517s] -- Installing: /home/hamad/ws_offboard_control/install/px4_msgs/share/px4_msgs/msg/FigureEightStatus.json
[586.517s] -- Installing: /home/hamad/ws_offboard_control/install/px4_msgs/share/px4_msgs/msg/FixedWingLateralGuidanceStatus.json
[586.517s] -- Installing: /home/hamad/ws_offboard_control/install/px4_msgs/share/px4_msgs/msg/FixedWingLateralSetpoint.json
[586.518s] -- Installing: /home/hamad/ws_offboard_control/install/px4_msgs/share/px4_msgs/msg/FixedWingLateralStatus.json
[586.518s] -- Installing: /home/hamad/ws_offboard_control/install/px4_msgs/share/px4_msgs/msg/FixedWingLongitudinalSetpoint.json
[586.518s] -- Installing: /home/hamad/ws_offboard_control/install/px4_msgs/share/px4_msgs/msg/FixedWingRunwayControl.json
[586.518s] -- Installing: /home/hamad/ws_offboard_control/install/px4_msgs/share/px4_msgs/msg/FlightPhaseEstimation.json
[586.518s] -- Installing: /home/hamad/ws_offboard_control/install/px4_msgs/share/px4_msgs/msg/FollowTarget.json
[586.518s] -- Installing: /home/hamad/ws_offboard_control/install/px4_msgs/share/px4_msgs/msg/FollowTargetEstimator.json
[586.519s] -- Installing: /home/hamad/ws_offboard_control/install/px4_msgs/share/px4_msgs/msg/FollowTargetStatus.json
[586.519s] -- Installing: /home/hamad/ws_offboard_control/install/px4_msgs/share/px4_msgs/msg/FuelTankStatus.json
[586.519s] -- Installing: /home/hamad/ws_offboard_control/install/px4_msgs/share/px4_msgs/msg/GeneratorStatus.json
[586.519s] -- Installing: /home/hamad/ws_offboard_control/install/px4_msgs/share/px4_msgs/msg/GeofenceResult.json
[586.519s] -- Installing: /home/hamad/ws_offboard_control/install/px4_msgs/share/px4_msgs/msg/GeofenceStatus.json
[586.519s] -- Installing: /home/hamad/ws_offboard_control/install/px4_msgs/share/px4_msgs/msg/GimbalControls.json
[586.520s] -- Installing: /home/hamad/ws_offboard_control/install/px4_msgs/share/px4_msgs/msg/GimbalDeviceAttitudeStatus.json
[586.520s] -- Installing: /home/hamad/ws_offboard_control/install/px4_msgs/share/px4_msgs/msg/GimbalDeviceInformation.json
[586.520s] -- Installing: /home/hamad/ws_offboard_control/install/px4_msgs/share/px4_msgs/msg/GimbalDeviceSetAttitude.json
[586.520s] -- Installing: /home/hamad/ws_offboard_control/install/px4_msgs/share/px4_msgs/msg/GimbalManagerInformation.json
[586.520s] -- Installing: /home/hamad/ws_offboard_control/install/px4_msgs/share/px4_msgs/msg/GimbalManagerSetAttitude.json
[586.520s] -- Installing: /home/hamad/ws_offboard_control/install/px4_msgs/share/px4_msgs/msg/GimbalManagerSetManualControl.json
[586.521s] -- Installing: /home/hamad/ws_offboard_control/install/px4_msgs/share/px4_msgs/msg/GimbalManagerStatus.json
[586.521s] -- Installing: /home/hamad/ws_offboard_control/install/px4_msgs/share/px4_msgs/msg/GotoSetpoint.json
[586.521s] -- Installing: /home/hamad/ws_offboard_control/install/px4_msgs/share/px4_msgs/msg/GpioConfig.json
[586.521s] -- Installing: /home/hamad/ws_offboard_control/install/px4_msgs/share/px4_msgs/msg/GpioIn.json
[586.521s] -- Installing: /home/hamad/ws_offboard_control/install/px4_msgs/share/px4_msgs/msg/GpioOut.json
[586.521s] -- Installing: /home/hamad/ws_offboard_control/install/px4_msgs/share/px4_msgs/msg/GpioRequest.json
[586.521s] -- Installing: /home/hamad/ws_offboard_control/install/px4_msgs/share/px4_msgs/msg/GpsDump.json
[586.522s] -- Installing: /home/hamad/ws_offboard_control/install/px4_msgs/share/px4_msgs/msg/GpsInjectData.json
[586.522s] -- Installing: /home/hamad/ws_offboard_control/install/px4_msgs/share/px4_msgs/msg/Gripper.json
[586.522s] -- Installing: /home/hamad/ws_offboard_control/install/px4_msgs/share/px4_msgs/msg/HealthReport.json
[586.522s] -- Installing: /home/hamad/ws_offboard_control/install/px4_msgs/share/px4_msgs/msg/HeaterStatus.json
[586.522s] -- Installing: /home/hamad/ws_offboard_control/install/px4_msgs/share/px4_msgs/msg/HomePosition.json
[586.522s] -- Installing: /home/hamad/ws_offboard_control/install/px4_msgs/share/px4_msgs/msg/HoverThrustEstimate.json
[586.523s] -- Installing: /home/hamad/ws_offboard_control/install/px4_msgs/share/px4_msgs/msg/InputRc.json
[586.523s] -- Installing: /home/hamad/ws_offboard_control/install/px4_msgs/share/px4_msgs/msg/InternalCombustionEngineControl.json
[586.523s] -- Installing: /home/hamad/ws_offboard_control/install/px4_msgs/share/px4_msgs/msg/InternalCombustionEngineStatus.json
[586.523s] -- Installing: /home/hamad/ws_offboard_control/install/px4_msgs/share/px4_msgs/msg/IridiumsbdStatus.json
[586.523s] -- Installing: /home/hamad/ws_offboard_control/install/px4_msgs/share/px4_msgs/msg/IrlockReport.json
[586.523s] -- Installing: /home/hamad/ws_offboard_control/install/px4_msgs/share/px4_msgs/msg/LandingGear.json
[586.524s] -- Installing: /home/hamad/ws_offboard_control/install/px4_msgs/share/px4_msgs/msg/LandingGearWheel.json
[586.524s] -- Installing: /home/hamad/ws_offboard_control/install/px4_msgs/share/px4_msgs/msg/LandingTargetInnovations.json
[586.524s] -- Installing: /home/hamad/ws_offboard_control/install/px4_msgs/share/px4_msgs/msg/LandingTargetPose.json
[586.524s] -- Installing: /home/hamad/ws_offboard_control/install/px4_msgs/share/px4_msgs/msg/LateralControlConfiguration.json
[586.524s] -- Installing: /home/hamad/ws_offboard_control/install/px4_msgs/share/px4_msgs/msg/LaunchDetectionStatus.json
[586.524s] -- Installing: /home/hamad/ws_offboard_control/install/px4_msgs/share/px4_msgs/msg/LedControl.json
[586.525s] -- Installing: /home/hamad/ws_offboard_control/install/px4_msgs/share/px4_msgs/msg/LogMessage.json
[586.525s] -- Installing: /home/hamad/ws_offboard_control/install/px4_msgs/share/px4_msgs/msg/LoggerStatus.json
[586.525s] -- Installing: /home/hamad/ws_offboard_control/install/px4_msgs/share/px4_msgs/msg/LongitudinalControlConfiguration.json
[586.525s] -- Installing: /home/hamad/ws_offboard_control/install/px4_msgs/share/px4_msgs/msg/MagWorkerData.json
[586.525s] -- Installing: /home/hamad/ws_offboard_control/install/px4_msgs/share/px4_msgs/msg/MagnetometerBiasEstimate.json
[586.525s] -- Installing: /home/hamad/ws_offboard_control/install/px4_msgs/share/px4_msgs/msg/ManualControlSetpoint.json
[586.525s] -- Installing: /home/hamad/ws_offboard_control/install/px4_msgs/share/px4_msgs/msg/ManualControlSwitches.json
[586.526s] -- Installing: /home/hamad/ws_offboard_control/install/px4_msgs/share/px4_msgs/msg/MavlinkLog.json
[586.526s] -- Installing: /home/hamad/ws_offboard_control/install/px4_msgs/share/px4_msgs/msg/MavlinkTunnel.json
[586.526s] -- Installing: /home/hamad/ws_offboard_control/install/px4_msgs/share/px4_msgs/msg/MessageFormatRequest.json
[586.526s] -- Installing: /home/hamad/ws_offboard_control/install/px4_msgs/share/px4_msgs/msg/MessageFormatResponse.json
[586.526s] -- Installing: /home/hamad/ws_offboard_control/install/px4_msgs/share/px4_msgs/msg/Mission.json
[586.526s] -- Installing: /home/hamad/ws_offboard_control/install/px4_msgs/share/px4_msgs/msg/MissionResult.json
[586.526s] -- Installing: /home/hamad/ws_offboard_control/install/px4_msgs/share/px4_msgs/msg/ModeCompleted.json
[586.527s] -- Installing: /home/hamad/ws_offboard_control/install/px4_msgs/share/px4_msgs/msg/MountOrientation.json
[586.527s] -- Installing: /home/hamad/ws_offboard_control/install/px4_msgs/share/px4_msgs/msg/NavigatorMissionItem.json
[586.527s] -- Installing: /home/hamad/ws_offboard_control/install/px4_msgs/share/px4_msgs/msg/NavigatorStatus.json
[586.527s] -- Installing: /home/hamad/ws_offboard_control/install/px4_msgs/share/px4_msgs/msg/NeuralControl.json
[586.527s] -- Installing: /home/hamad/ws_offboard_control/install/px4_msgs/share/px4_msgs/msg/NormalizedUnsignedSetpoint.json
[586.527s] -- Installing: /home/hamad/ws_offboard_control/install/px4_msgs/share/px4_msgs/msg/ObstacleDistance.json
[586.528s] -- Installing: /home/hamad/ws_offboard_control/install/px4_msgs/share/px4_msgs/msg/OffboardControlMode.json
[586.528s] -- Installing: /home/hamad/ws_offboard_control/install/px4_msgs/share/px4_msgs/msg/OnboardComputerStatus.json
[586.528s] -- Installing: /home/hamad/ws_offboard_control/install/px4_msgs/share/px4_msgs/msg/OpenDroneIdArmStatus.json
[586.528s] -- Installing: /home/hamad/ws_offboard_control/install/px4_msgs/share/px4_msgs/msg/OpenDroneIdOperatorId.json
[586.528s] -- Installing: /home/hamad/ws_offboard_control/install/px4_msgs/share/px4_msgs/msg/OpenDroneIdSelfId.json
[586.529s] -- Installing: /home/hamad/ws_offboard_control/install/px4_msgs/share/px4_msgs/msg/OpenDroneIdSystem.json
[586.529s] -- Installing: /home/hamad/ws_offboard_control/install/px4_msgs/share/px4_msgs/msg/OrbTest.json
[586.529s] -- Installing: /home/hamad/ws_offboard_control/install/px4_msgs/share/px4_msgs/msg/OrbTestLarge.json
[586.529s] -- Installing: /home/hamad/ws_offboard_control/install/px4_msgs/share/px4_msgs/msg/OrbTestMedium.json
[586.529s] -- Installing: /home/hamad/ws_offboard_control/install/px4_msgs/share/px4_msgs/msg/OrbitStatus.json
[586.529s] -- Installing: /home/hamad/ws_offboard_control/install/px4_msgs/share/px4_msgs/msg/ParameterResetRequest.json
[586.530s] -- Installing: /home/hamad/ws_offboard_control/install/px4_msgs/share/px4_msgs/msg/ParameterSetUsedRequest.json
[586.530s] -- Installing: /home/hamad/ws_offboard_control/install/px4_msgs/share/px4_msgs/msg/ParameterSetValueRequest.json
[586.530s] -- Installing: /home/hamad/ws_offboard_control/install/px4_msgs/share/px4_msgs/msg/ParameterSetValueResponse.json
[586.530s] -- Installing: /home/hamad/ws_offboard_control/install/px4_msgs/share/px4_msgs/msg/ParameterUpdate.json
[586.530s] -- Installing: /home/hamad/ws_offboard_control/install/px4_msgs/share/px4_msgs/msg/Ping.json
[586.530s] -- Installing: /home/hamad/ws_offboard_control/install/px4_msgs/share/px4_msgs/msg/PositionControllerLandingStatus.json
[586.531s] -- Installing: /home/hamad/ws_offboard_control/install/px4_msgs/share/px4_msgs/msg/PositionControllerStatus.json
[586.531s] -- Installing: /home/hamad/ws_offboard_control/install/px4_msgs/share/px4_msgs/msg/PositionSetpoint.json
[586.531s] -- Installing: /home/hamad/ws_offboard_control/install/px4_msgs/share/px4_msgs/msg/PositionSetpointTriplet.json
[586.531s] -- Installing: /home/hamad/ws_offboard_control/install/px4_msgs/share/px4_msgs/msg/PowerButtonState.json
[586.532s] -- Installing: /home/hamad/ws_offboard_control/install/px4_msgs/share/px4_msgs/msg/PowerMonitor.json
[586.532s] -- Installing: /home/hamad/ws_offboard_control/install/px4_msgs/share/px4_msgs/msg/PpsCapture.json
[586.532s] -- Installing: /home/hamad/ws_offboard_control/install/px4_msgs/share/px4_msgs/msg/PurePursuitStatus.json
[586.532s] -- Installing: /home/hamad/ws_offboard_control/install/px4_msgs/share/px4_msgs/msg/PwmInput.json
[586.532s] -- Installing: /home/hamad/ws_offboard_control/install/px4_msgs/share/px4_msgs/msg/Px4ioStatus.json
[586.532s] -- Installing: /home/hamad/ws_offboard_control/install/px4_msgs/share/px4_msgs/msg/QshellReq.json
[586.533s] -- Installing: /home/hamad/ws_offboard_control/install/px4_msgs/share/px4_msgs/msg/QshellRetval.json
[586.533s] -- Installing: /home/hamad/ws_offboard_control/install/px4_msgs/share/px4_msgs/msg/RadioStatus.json
[586.533s] -- Installing: /home/hamad/ws_offboard_control/install/px4_msgs/share/px4_msgs/msg/RateCtrlStatus.json
[586.533s] -- Installing: /home/hamad/ws_offboard_control/install/px4_msgs/share/px4_msgs/msg/RcChannels.json
[586.533s] -- Installing: /home/hamad/ws_offboard_control/install/px4_msgs/share/px4_msgs/msg/RcParameterMap.json
[586.533s] -- Installing: /home/hamad/ws_offboard_control/install/px4_msgs/share/px4_msgs/msg/RegisterExtComponentReply.json
[586.534s] -- Installing: /home/hamad/ws_offboard_control/install/px4_msgs/share/px4_msgs/msg/RegisterExtComponentRequest.json
[586.534s] -- Installing: /home/hamad/ws_offboard_control/install/px4_msgs/share/px4_msgs/msg/RoverAttitudeSetpoint.json
[586.534s] -- Installing: /home/hamad/ws_offboard_control/install/px4_msgs/share/px4_msgs/msg/RoverAttitudeStatus.json
[586.535s] -- Installing: /home/hamad/ws_offboard_control/install/px4_msgs/share/px4_msgs/msg/RoverPositionSetpoint.json
[586.535s] -- Installing: /home/hamad/ws_offboard_control/install/px4_msgs/share/px4_msgs/msg/RoverRateSetpoint.json
[586.535s] -- Installing: /home/hamad/ws_offboard_control/install/px4_msgs/share/px4_msgs/msg/RoverRateStatus.json
[586.535s] -- Installing: /home/hamad/ws_offboard_control/install/px4_msgs/share/px4_msgs/msg/RoverSpeedSetpoint.json
[586.535s] -- Installing: /home/hamad/ws_offboard_control/install/px4_msgs/share/px4_msgs/msg/RoverSpeedStatus.json
[586.536s] -- Installing: /home/hamad/ws_offboard_control/install/px4_msgs/share/px4_msgs/msg/RoverSteeringSetpoint.json
[586.536s] -- Installing: /home/hamad/ws_offboard_control/install/px4_msgs/share/px4_msgs/msg/RoverThrottleSetpoint.json
[586.536s] -- Installing: /home/hamad/ws_offboard_control/install/px4_msgs/share/px4_msgs/msg/Rpm.json
[586.536s] -- Installing: /home/hamad/ws_offboard_control/install/px4_msgs/share/px4_msgs/msg/RtlStatus.json
[586.536s] -- Installing: /home/hamad/ws_offboard_control/install/px4_msgs/share/px4_msgs/msg/RtlTimeEstimate.json
[586.536s] -- Installing: /home/hamad/ws_offboard_control/install/px4_msgs/share/px4_msgs/msg/SatelliteInfo.json
[586.537s] -- Installing: /home/hamad/ws_offboard_control/install/px4_msgs/share/px4_msgs/msg/SensorAccel.json
[586.537s] -- Installing: /home/hamad/ws_offboard_control/install/px4_msgs/share/px4_msgs/msg/SensorAccelFifo.json
[586.537s] -- Installing: /home/hamad/ws_offboard_control/install/px4_msgs/share/px4_msgs/msg/SensorAirflow.json
[586.537s] -- Installing: /home/hamad/ws_offboard_control/install/px4_msgs/share/px4_msgs/msg/SensorBaro.json
[586.537s] -- Installing: /home/hamad/ws_offboard_control/install/px4_msgs/share/px4_msgs/msg/SensorCombined.json
[586.537s] -- Installing: /home/hamad/ws_offboard_control/install/px4_msgs/share/px4_msgs/msg/SensorCorrection.json
[586.538s] -- Installing: /home/hamad/ws_offboard_control/install/px4_msgs/share/px4_msgs/msg/SensorGnssRelative.json
[586.538s] -- Installing: /home/hamad/ws_offboard_control/install/px4_msgs/share/px4_msgs/msg/SensorGnssStatus.json
[586.538s] -- Installing: /home/hamad/ws_offboard_control/install/px4_msgs/share/px4_msgs/msg/SensorGps.json
[586.538s] -- Installing: /home/hamad/ws_offboard_control/install/px4_msgs/share/px4_msgs/msg/SensorGyro.json
[586.538s] -- Installing: /home/hamad/ws_offboard_control/install/px4_msgs/share/px4_msgs/msg/SensorGyroFft.json
[586.539s] -- Installing: /home/hamad/ws_offboard_control/install/px4_msgs/share/px4_msgs/msg/SensorGyroFifo.json
[586.539s] -- Installing: /home/hamad/ws_offboard_control/install/px4_msgs/share/px4_msgs/msg/SensorHygrometer.json
[586.539s] -- Installing: /home/hamad/ws_offboard_control/install/px4_msgs/share/px4_msgs/msg/SensorMag.json
[586.540s] -- Installing: /home/hamad/ws_offboard_control/install/px4_msgs/share/px4_msgs/msg/SensorOpticalFlow.json
[586.541s] -- Installing: /home/hamad/ws_offboard_control/install/px4_msgs/share/px4_msgs/msg/SensorPreflightMag.json
[586.541s] -- Installing: /home/hamad/ws_offboard_control/install/px4_msgs/share/px4_msgs/msg/SensorSelection.json
[586.542s] -- Installing: /home/hamad/ws_offboard_control/install/px4_msgs/share/px4_msgs/msg/SensorUwb.json
[586.542s] -- Installing: /home/hamad/ws_offboard_control/install/px4_msgs/share/px4_msgs/msg/SensorsStatus.json
[586.542s] -- Installing: /home/hamad/ws_offboard_control/install/px4_msgs/share/px4_msgs/msg/SensorsStatusImu.json
[586.543s] -- Installing: /home/hamad/ws_offboard_control/install/px4_msgs/share/px4_msgs/msg/SystemPower.json
[586.543s] -- Installing: /home/hamad/ws_offboard_control/install/px4_msgs/share/px4_msgs/msg/TakeoffStatus.json
[586.543s] -- Installing: /home/hamad/ws_offboard_control/install/px4_msgs/share/px4_msgs/msg/TaskStackInfo.json
[586.543s] -- Installing: /home/hamad/ws_offboard_control/install/px4_msgs/share/px4_msgs/msg/TecsStatus.json
[586.543s] -- Installing: /home/hamad/ws_offboard_control/install/px4_msgs/share/px4_msgs/msg/TelemetryStatus.json
[586.543s] -- Installing: /home/hamad/ws_offboard_control/install/px4_msgs/share/px4_msgs/msg/TiltrotorExtraControls.json
[586.544s] -- Installing: /home/hamad/ws_offboard_control/install/px4_msgs/share/px4_msgs/msg/TimesyncStatus.json
[586.544s] -- Installing: /home/hamad/ws_offboard_control/install/px4_msgs/share/px4_msgs/msg/TrajectorySetpoint.json
[586.544s] -- Installing: /home/hamad/ws_offboard_control/install/px4_msgs/share/px4_msgs/msg/TrajectorySetpoint6dof.json
[586.544s] -- Installing: /home/hamad/ws_offboard_control/install/px4_msgs/share/px4_msgs/msg/TransponderReport.json
[586.544s] -- Installing: /home/hamad/ws_offboard_control/install/px4_msgs/share/px4_msgs/msg/TuneControl.json
[586.544s] -- Installing: /home/hamad/ws_offboard_control/install/px4_msgs/share/px4_msgs/msg/UavcanParameterRequest.json
[586.544s] -- Installing: /home/hamad/ws_offboard_control/install/px4_msgs/share/px4_msgs/msg/UavcanParameterValue.json
[586.545s] -- Installing: /home/hamad/ws_offboard_control/install/px4_msgs/share/px4_msgs/msg/UlogStream.json
[586.545s] -- Installing: /home/hamad/ws_offboard_control/install/px4_msgs/share/px4_msgs/msg/UlogStreamAck.json
[586.545s] -- Installing: /home/hamad/ws_offboard_control/install/px4_msgs/share/px4_msgs/msg/UnregisterExtComponent.json
[586.545s] -- Installing: /home/hamad/ws_offboard_control/install/px4_msgs/share/px4_msgs/msg/VehicleAcceleration.json
[586.545s] -- Installing: /home/hamad/ws_offboard_control/install/px4_msgs/share/px4_msgs/msg/VehicleAirData.json
[586.545s] -- Installing: /home/hamad/ws_offboard_control/install/px4_msgs/share/px4_msgs/msg/VehicleAngularAccelerationSetpoint.json
[586.545s] -- Installing: /home/hamad/ws_offboard_control/install/px4_msgs/share/px4_msgs/msg/VehicleAngularVelocity.json
[586.545s] -- Installing: /home/hamad/ws_offboard_control/install/px4_msgs/share/px4_msgs/msg/VehicleAttitude.json
[586.546s] -- Installing: /home/hamad/ws_offboard_control/install/px4_msgs/share/px4_msgs/msg/VehicleAttitudeSetpoint.json
[586.546s] -- Installing: /home/hamad/ws_offboard_control/install/px4_msgs/share/px4_msgs/msg/VehicleCommand.json
[586.546s] -- Installing: /home/hamad/ws_offboard_control/install/px4_msgs/share/px4_msgs/msg/VehicleCommandAck.json
[586.546s] -- Installing: /home/hamad/ws_offboard_control/install/px4_msgs/share/px4_msgs/msg/VehicleConstraints.json
[586.546s] -- Installing: /home/hamad/ws_offboard_control/install/px4_msgs/share/px4_msgs/msg/VehicleControlMode.json
[586.546s] -- Installing: /home/hamad/ws_offboard_control/install/px4_msgs/share/px4_msgs/msg/VehicleGlobalPosition.json
[586.547s] -- Installing: /home/hamad/ws_offboard_control/install/px4_msgs/share/px4_msgs/msg/VehicleImu.json
[586.547s] -- Installing: /home/hamad/ws_offboard_control/install/px4_msgs/share/px4_msgs/msg/VehicleImuStatus.json
[586.547s] -- Installing: /home/hamad/ws_offboard_control/install/px4_msgs/share/px4_msgs/msg/VehicleLandDetected.json
[586.547s] -- Installing: /home/hamad/ws_offboard_control/install/px4_msgs/share/px4_msgs/msg/VehicleLocalPosition.json
[586.548s] -- Installing: /home/hamad/ws_offboard_control/install/px4_msgs/share/px4_msgs/msg/VehicleLocalPositionSetpoint.json
[586.548s] -- Installing: /home/hamad/ws_offboard_control/install/px4_msgs/share/px4_msgs/msg/VehicleMagnetometer.json
[586.548s] -- Installing: /home/hamad/ws_offboard_control/install/px4_msgs/share/px4_msgs/msg/VehicleOdometry.json
[586.549s] -- Installing: /home/hamad/ws_offboard_control/install/px4_msgs/share/px4_msgs/msg/VehicleOpticalFlow.json
[586.549s] -- Installing: /home/hamad/ws_offboard_control/install/px4_msgs/share/px4_msgs/msg/VehicleOpticalFlowVel.json
[586.549s] -- Installing: /home/hamad/ws_offboard_control/install/px4_msgs/share/px4_msgs/msg/VehicleRatesSetpoint.json
[586.549s] -- Installing: /home/hamad/ws_offboard_control/install/px4_msgs/share/px4_msgs/msg/VehicleRoi.json
[586.549s] -- Installing: /home/hamad/ws_offboard_control/install/px4_msgs/share/px4_msgs/msg/VehicleStatus.json
[586.550s] -- Installing: /home/hamad/ws_offboard_control/install/px4_msgs/share/px4_msgs/msg/VehicleThrustSetpoint.json
[586.550s] -- Installing: /home/hamad/ws_offboard_control/install/px4_msgs/share/px4_msgs/msg/VehicleTorqueSetpoint.json
[586.550s] -- Installing: /home/hamad/ws_offboard_control/install/px4_msgs/share/px4_msgs/msg/VelocityLimits.json
[586.550s] -- Installing: /home/hamad/ws_offboard_control/install/px4_msgs/share/px4_msgs/msg/VtolVehicleStatus.json
[586.550s] -- Installing: /home/hamad/ws_offboard_control/install/px4_msgs/share/px4_msgs/msg/WheelEncoders.json
[586.551s] -- Installing: /home/hamad/ws_offboard_control/install/px4_msgs/share/px4_msgs/msg/Wind.json
[586.551s] -- Installing: /home/hamad/ws_offboard_control/install/px4_msgs/share/px4_msgs/msg/YawEstimatorStatus.json
[586.551s] -- Installing: /home/hamad/ws_offboard_control/install/px4_msgs/share/px4_msgs/srv/VehicleCommand.json
[586.551s] -- Installing: /home/hamad/ws_offboard_control/install/px4_msgs/include/px4_msgs/px4_msgs
[586.551s] -- Installing: /home/hamad/ws_offboard_control/install/px4_msgs/include/px4_msgs/px4_msgs/msg
[586.552s] -- Installing: /home/hamad/ws_offboard_control/install/px4_msgs/include/px4_msgs/px4_msgs/msg/geofence_result.h
[586.552s] -- Installing: /home/hamad/ws_offboard_control/install/px4_msgs/include/px4_msgs/px4_msgs/msg/mag_worker_data.h
[586.552s] -- Installing: /home/hamad/ws_offboard_control/install/px4_msgs/include/px4_msgs/px4_msgs/msg/fuel_tank_status.h
[586.552s] -- Installing: /home/hamad/ws_offboard_control/install/px4_msgs/include/px4_msgs/px4_msgs/msg/estimator_bias3d.h
[586.553s] -- Installing: /home/hamad/ws_offboard_control/install/px4_msgs/include/px4_msgs/px4_msgs/msg/rtl_status.h
[586.553s] -- Installing: /home/hamad/ws_offboard_control/install/px4_msgs/include/px4_msgs/px4_msgs/msg/rosidl_generator_c__visibility_control.h
[586.554s] -- Installing: /home/hamad/ws_offboard_control/install/px4_msgs/include/px4_msgs/px4_msgs/msg/timesync_status.h
[586.554s] -- Installing: /home/hamad/ws_offboard_control/install/px4_msgs/include/px4_msgs/px4_msgs/msg/button_event.h
[586.554s] -- Installing: /home/hamad/ws_offboard_control/install/px4_msgs/include/px4_msgs/px4_msgs/msg/position_setpoint.h
[586.554s] -- Installing: /home/hamad/ws_offboard_control/install/px4_msgs/include/px4_msgs/px4_msgs/msg/mode_completed.h
[586.554s] -- Installing: /home/hamad/ws_offboard_control/install/px4_msgs/include/px4_msgs/px4_msgs/msg/dataman_response.h
[586.555s] -- Installing: /home/hamad/ws_offboard_control/install/px4_msgs/include/px4_msgs/px4_msgs/msg/navigator_mission_item.h
[586.555s] -- Installing: /home/hamad/ws_offboard_control/install/px4_msgs/include/px4_msgs/px4_msgs/msg/rover_position_setpoint.h
[586.555s] -- Installing: /home/hamad/ws_offboard_control/install/px4_msgs/include/px4_msgs/px4_msgs/msg/neural_control.h
[586.555s] -- Installing: /home/hamad/ws_offboard_control/install/px4_msgs/include/px4_msgs/px4_msgs/msg/ulog_stream.h
[586.555s] -- Installing: /home/hamad/ws_offboard_control/install/px4_msgs/include/px4_msgs/px4_msgs/msg/vehicle_magnetometer.h
[586.555s] -- Installing: /home/hamad/ws_offboard_control/install/px4_msgs/include/px4_msgs/px4_msgs/msg/open_drone_id_operator_id.h
[586.555s] -- Installing: /home/hamad/ws_offboard_control/install/px4_msgs/include/px4_msgs/px4_msgs/msg/normalized_unsigned_setpoint.h
[586.555s] -- Installing: /home/hamad/ws_offboard_control/install/px4_msgs/include/px4_msgs/px4_msgs/msg/sensor_gyro_fifo.h
[586.555s] -- Installing: /home/hamad/ws_offboard_control/install/px4_msgs/include/px4_msgs/px4_msgs/msg/gripper.h
[586.556s] -- Installing: /home/hamad/ws_offboard_control/install/px4_msgs/include/px4_msgs/px4_msgs/msg/gpio_out.h
[586.556s] -- Installing: /home/hamad/ws_offboard_control/install/px4_msgs/include/px4_msgs/px4_msgs/msg/sensor_gnss_relative.h
[586.556s] -- Installing: /home/hamad/ws_offboard_control/install/px4_msgs/include/px4_msgs/px4_msgs/msg/camera_status.h
[586.556s] -- Installing: /home/hamad/ws_offboard_control/install/px4_msgs/include/px4_msgs/px4_msgs/msg/autotune_attitude_control_status.h
[586.557s] -- Installing: /home/hamad/ws_offboard_control/install/px4_msgs/include/px4_msgs/px4_msgs/msg/gps_inject_data.h
[586.557s] -- Installing: /home/hamad/ws_offboard_control/install/px4_msgs/include/px4_msgs/px4_msgs/msg/pps_capture.h
[586.557s] -- Installing: /home/hamad/ws_offboard_control/install/px4_msgs/include/px4_msgs/px4_msgs/msg/vehicle_optical_flow.h
[586.558s] -- Installing: /home/hamad/ws_offboard_control/install/px4_msgs/include/px4_msgs/px4_msgs/msg/sensors_status.h
[586.558s] -- Installing: /home/hamad/ws_offboard_control/install/px4_msgs/include/px4_msgs/px4_msgs/msg/adc_report.h
[586.558s] -- Installing: /home/hamad/ws_offboard_control/install/px4_msgs/include/px4_msgs/px4_msgs/msg/landing_gear_wheel.h
[586.558s] -- Installing: /home/hamad/ws_offboard_control/install/px4_msgs/include/px4_msgs/px4_msgs/msg/follow_target_estimator.h
[586.558s] -- Installing: /home/hamad/ws_offboard_control/install/px4_msgs/include/px4_msgs/px4_msgs/msg/vehicle_imu.h
[586.558s] -- Installing: /home/hamad/ws_offboard_control/install/px4_msgs/include/px4_msgs/px4_msgs/msg/sensor_baro.h
[586.558s] -- Installing: /home/hamad/ws_offboard_control/install/px4_msgs/include/px4_msgs/px4_msgs/msg/vehicle_local_position_setpoint.h
[586.558s] -- Installing: /home/hamad/ws_offboard_control/install/px4_msgs/include/px4_msgs/px4_msgs/msg/mavlink_tunnel.h
[586.559s] -- Installing: /home/hamad/ws_offboard_control/install/px4_msgs/include/px4_msgs/px4_msgs/msg/register_ext_component_request.h
[586.559s] -- Installing: /home/hamad/ws_offboard_control/install/px4_msgs/include/px4_msgs/px4_msgs/msg/landing_target_innovations.h
[586.559s] -- Installing: /home/hamad/ws_offboard_control/install/px4_msgs/include/px4_msgs/px4_msgs/msg/sensor_gyro.h
[586.559s] -- Installing: /home/hamad/ws_offboard_control/install/px4_msgs/include/px4_msgs/px4_msgs/msg/qshell_retval.h
[586.560s] -- Installing: /home/hamad/ws_offboard_control/install/px4_msgs/include/px4_msgs/px4_msgs/msg/fixed_wing_lateral_guidance_status.h
[586.560s] -- Installing: /home/hamad/ws_offboard_control/install/px4_msgs/include/px4_msgs/px4_msgs/msg/rpm.h
[586.560s] -- Installing: /home/hamad/ws_offboard_control/install/px4_msgs/include/px4_msgs/px4_msgs/msg/fixed_wing_longitudinal_setpoint.h
[586.560s] -- Installing: /home/hamad/ws_offboard_control/install/px4_msgs/include/px4_msgs/px4_msgs/msg/vehicle_optical_flow_vel.h
[586.560s] -- Installing: /home/hamad/ws_offboard_control/install/px4_msgs/include/px4_msgs/px4_msgs/msg/debug_vect.h
[586.561s] -- Installing: /home/hamad/ws_offboard_control/install/px4_msgs/include/px4_msgs/px4_msgs/msg/vehicle_imu_status.h
[586.561s] -- Installing: /home/hamad/ws_offboard_control/install/px4_msgs/include/px4_msgs/px4_msgs/msg/vehicle_acceleration.h
[586.561s] -- Installing: /home/hamad/ws_offboard_control/install/px4_msgs/include/px4_msgs/px4_msgs/msg/ulog_stream_ack.h
[586.561s] -- Installing: /home/hamad/ws_offboard_control/install/px4_msgs/include/px4_msgs/px4_msgs/msg/generator_status.h
[586.561s] -- Installing: /home/hamad/ws_offboard_control/install/px4_msgs/include/px4_msgs/px4_msgs/msg/orb_test_large.h
[586.562s] -- Installing: /home/hamad/ws_offboard_control/install/px4_msgs/include/px4_msgs/px4_msgs/msg/gimbal_controls.h
[586.562s] -- Installing: /home/hamad/ws_offboard_control/install/px4_msgs/include/px4_msgs/px4_msgs/msg/differential_pressure.h
[586.562s] -- Installing: /home/hamad/ws_offboard_control/install/px4_msgs/include/px4_msgs/px4_msgs/msg/vehicle_status.h
[586.563s] -- Installing: /home/hamad/ws_offboard_control/install/px4_msgs/include/px4_msgs/px4_msgs/msg/rover_attitude_setpoint.h
[586.563s] -- Installing: /home/hamad/ws_offboard_control/install/px4_msgs/include/px4_msgs/px4_msgs/msg/tune_control.h
[586.563s] -- Installing: /home/hamad/ws_offboard_control/install/px4_msgs/include/px4_msgs/px4_msgs/msg/power_button_state.h
[586.563s] -- Installing: /home/hamad/ws_offboard_control/install/px4_msgs/include/px4_msgs/px4_msgs/msg/vehicle_odometry.h
[586.563s] -- Installing: /home/hamad/ws_offboard_control/install/px4_msgs/include/px4_msgs/px4_msgs/msg/sensor_airflow.h
[586.564s] -- Installing: /home/hamad/ws_offboard_control/install/px4_msgs/include/px4_msgs/px4_msgs/msg/gimbal_device_attitude_status.h
[586.564s] -- Installing: /home/hamad/ws_offboard_control/install/px4_msgs/include/px4_msgs/px4_msgs/msg/config_overrides.h
[586.564s] -- Installing: /home/hamad/ws_offboard_control/install/px4_msgs/include/px4_msgs/px4_msgs/msg/vehicle_attitude.h
[586.564s] -- Installing: /home/hamad/ws_offboard_control/install/px4_msgs/include/px4_msgs/px4_msgs/msg/estimator_aid_source3d.h
[586.564s] -- Installing: /home/hamad/ws_offboard_control/install/px4_msgs/include/px4_msgs/px4_msgs/msg/vehicle_global_position.h
[586.564s] -- Installing: /home/hamad/ws_offboard_control/install/px4_msgs/include/px4_msgs/px4_msgs/msg/action_request.h
[586.564s] -- Installing: /home/hamad/ws_offboard_control/install/px4_msgs/include/px4_msgs/px4_msgs/msg/airspeed_wind.h
[586.565s] -- Installing: /home/hamad/ws_offboard_control/install/px4_msgs/include/px4_msgs/px4_msgs/msg/led_control.h
[586.565s] -- Installing: /home/hamad/ws_offboard_control/install/px4_msgs/include/px4_msgs/px4_msgs/msg/message_format_response.h
[586.565s] -- Installing: /home/hamad/ws_offboard_control/install/px4_msgs/include/px4_msgs/px4_msgs/msg/internal_combustion_engine_control.h
[586.565s] -- Installing: /home/hamad/ws_offboard_control/install/px4_msgs/include/px4_msgs/px4_msgs/msg/uavcan_parameter_request.h
[586.565s] -- Installing: /home/hamad/ws_offboard_control/install/px4_msgs/include/px4_msgs/px4_msgs/msg/parameter_set_value_request.h
[586.565s] -- Installing: /home/hamad/ws_offboard_control/install/px4_msgs/include/px4_msgs/px4_msgs/msg/sensor_preflight_mag.h
[586.565s] -- Installing: /home/hamad/ws_offboard_control/install/px4_msgs/include/px4_msgs/px4_msgs/msg/rate_ctrl_status.h
[586.565s] -- Installing: /home/hamad/ws_offboard_control/install/px4_msgs/include/px4_msgs/px4_msgs/msg/transponder_report.h
[586.565s] -- Installing: /home/hamad/ws_offboard_control/install/px4_msgs/include/px4_msgs/px4_msgs/msg/takeoff_status.h
[586.566s] -- Installing: /home/hamad/ws_offboard_control/install/px4_msgs/include/px4_msgs/px4_msgs/msg/rc_parameter_map.h
[586.566s] -- Installing: /home/hamad/ws_offboard_control/install/px4_msgs/include/px4_msgs/px4_msgs/msg/offboard_control_mode.h
[586.566s] -- Installing: /home/hamad/ws_offboard_control/install/px4_msgs/include/px4_msgs/px4_msgs/msg/mission.h
[586.567s] -- Installing: /home/hamad/ws_offboard_control/install/px4_msgs/include/px4_msgs/px4_msgs/msg/iridiumsbd_status.h
[586.567s] -- Installing: /home/hamad/ws_offboard_control/install/px4_msgs/include/px4_msgs/px4_msgs/msg/position_controller_landing_status.h
[586.567s] -- Installing: /home/hamad/ws_offboard_control/install/px4_msgs/include/px4_msgs/px4_msgs/msg/can_interface_status.h
[586.567s] -- Installing: /home/hamad/ws_offboard_control/install/px4_msgs/include/px4_msgs/px4_msgs/msg/sensor_gyro_fft.h
[586.567s] -- Installing: /home/hamad/ws_offboard_control/install/px4_msgs/include/px4_msgs/px4_msgs/msg/estimator_gps_status.h
[586.567s] -- Installing: /home/hamad/ws_offboard_control/install/px4_msgs/include/px4_msgs/px4_msgs/msg/vehicle_control_mode.h
[586.568s] -- Installing: /home/hamad/ws_offboard_control/install/px4_msgs/include/px4_msgs/px4_msgs/msg/position_controller_status.h
[586.568s] -- Installing: /home/hamad/ws_offboard_control/install/px4_msgs/include/px4_msgs/px4_msgs/msg/qshell_req.h
[586.568s] -- Installing: /home/hamad/ws_offboard_control/install/px4_msgs/include/px4_msgs/px4_msgs/msg/sensor_uwb.h
[586.568s] -- Installing: /home/hamad/ws_offboard_control/install/px4_msgs/include/px4_msgs/px4_msgs/msg/logger_status.h
[586.569s] -- Installing: /home/hamad/ws_offboard_control/install/px4_msgs/include/px4_msgs/px4_msgs/msg/vehicle_constraints.h
[586.569s] -- Installing: /home/hamad/ws_offboard_control/install/px4_msgs/include/px4_msgs/px4_msgs/msg/tecs_status.h
[586.569s] -- Installing: /home/hamad/ws_offboard_control/install/px4_msgs/include/px4_msgs/px4_msgs/msg/battery_status.h
[586.569s] -- Installing: /home/hamad/ws_offboard_control/install/px4_msgs/include/px4_msgs/px4_msgs/msg/lateral_control_configuration.h
[586.570s] -- Installing: /home/hamad/ws_offboard_control/install/px4_msgs/include/px4_msgs/px4_msgs/msg/parameter_set_value_response.h
[586.570s] -- Installing: /home/hamad/ws_offboard_control/install/px4_msgs/include/px4_msgs/px4_msgs/msg/open_drone_id_arm_status.h
[586.570s] -- Installing: /home/hamad/ws_offboard_control/install/px4_msgs/include/px4_msgs/px4_msgs/msg/position_setpoint_triplet.h
[586.570s] -- Installing: /home/hamad/ws_offboard_control/install/px4_msgs/include/px4_msgs/px4_msgs/msg/vehicle_torque_setpoint.h
[586.571s] -- Installing: /home/hamad/ws_offboard_control/install/px4_msgs/include/px4_msgs/px4_msgs/msg/estimator_states.h
[586.571s] -- Installing: /home/hamad/ws_offboard_control/install/px4_msgs/include/px4_msgs/px4_msgs/msg/vehicle_air_data.h
[586.571s] -- Installing: /home/hamad/ws_offboard_control/install/px4_msgs/include/px4_msgs/px4_msgs/msg/orb_test.h
[586.571s] -- Installing: /home/hamad/ws_offboard_control/install/px4_msgs/include/px4_msgs/px4_msgs/msg/event.h
[586.571s] -- Installing: /home/hamad/ws_offboard_control/install/px4_msgs/include/px4_msgs/px4_msgs/msg/vehicle_thrust_setpoint.h
[586.572s] -- Installing: /home/hamad/ws_offboard_control/install/px4_msgs/include/px4_msgs/px4_msgs/msg/health_report.h
[586.572s] -- Installing: /home/hamad/ws_offboard_control/install/px4_msgs/include/px4_msgs/px4_msgs/msg/sensor_hygrometer.h
[586.572s] -- Installing: /home/hamad/ws_offboard_control/install/px4_msgs/include/px4_msgs/px4_msgs/msg/mount_orientation.h
[586.572s] -- Installing: /home/hamad/ws_offboard_control/install/px4_msgs/include/px4_msgs/px4_msgs/msg/estimator_selector_status.h
[586.572s] -- Installing: /home/hamad/ws_offboard_control/install/px4_msgs/include/px4_msgs/px4_msgs/msg/battery_info.h
[586.573s] -- Installing: /home/hamad/ws_offboard_control/install/px4_msgs/include/px4_msgs/px4_msgs/msg/figure_eight_status.h
[586.573s] -- Installing: /home/hamad/ws_offboard_control/install/px4_msgs/include/px4_msgs/px4_msgs/msg/sensor_accel_fifo.h
[586.573s] -- Installing: /home/hamad/ws_offboard_control/install/px4_msgs/include/px4_msgs/px4_msgs/msg/onboard_computer_status.h
[586.573s] -- Installing: /home/hamad/ws_offboard_control/install/px4_msgs/include/px4_msgs/px4_msgs/msg/rover_speed_status.h
[586.573s] -- Installing: /home/hamad/ws_offboard_control/install/px4_msgs/include/px4_msgs/px4_msgs/msg/estimator_aid_source2d.h
[586.574s] -- Installing: /home/hamad/ws_offboard_control/install/px4_msgs/include/px4_msgs/px4_msgs/msg/rover_throttle_setpoint.h
[586.574s] -- Installing: /home/hamad/ws_offboard_control/install/px4_msgs/include/px4_msgs/px4_msgs/msg/estimator_status.h
[586.574s] -- Installing: /home/hamad/ws_offboard_control/install/px4_msgs/include/px4_msgs/px4_msgs/msg/unregister_ext_component.h
[586.574s] -- Installing: /home/hamad/ws_offboard_control/install/px4_msgs/include/px4_msgs/px4_msgs/msg/actuator_controls_status.h
[586.574s] -- Installing: /home/hamad/ws_offboard_control/install/px4_msgs/include/px4_msgs/px4_msgs/msg/distance_sensor_mode_change_request.h
[586.575s] -- Installing: /home/hamad/ws_offboard_control/install/px4_msgs/include/px4_msgs/px4_msgs/msg/gimbal_device_information.h
[586.575s] -- Installing: /home/hamad/ws_offboard_control/install/px4_msgs/include/px4_msgs/px4_msgs/msg/vehicle_attitude_setpoint.h
[586.575s] -- Installing: /home/hamad/ws_offboard_control/install/px4_msgs/include/px4_msgs/px4_msgs/msg/open_drone_id_self_id.h
[586.575s] -- Installing: /home/hamad/ws_offboard_control/install/px4_msgs/include/px4_msgs/px4_msgs/msg/longitudinal_control_configuration.h
[586.575s] -- Installing: /home/hamad/ws_offboard_control/install/px4_msgs/include/px4_msgs/px4_msgs/msg/actuator_servos.h
[586.576s] -- Installing: /home/hamad/ws_offboard_control/install/px4_msgs/include/px4_msgs/px4_msgs/msg/ping.h
[586.576s] -- Installing: /home/hamad/ws_offboard_control/install/px4_msgs/include/px4_msgs/px4_msgs/msg/gps_dump.h
[586.576s] -- Installing: /home/hamad/ws_offboard_control/install/px4_msgs/include/px4_msgs/px4_msgs/msg/debug_array.h
[586.576s] -- Installing: /home/hamad/ws_offboard_control/install/px4_msgs/include/px4_msgs/px4_msgs/msg/control_allocator_status.h
[586.577s] -- Installing: /home/hamad/ws_offboard_control/install/px4_msgs/include/px4_msgs/px4_msgs/msg/sensors_status_imu.h
[586.577s] -- Installing: /home/hamad/ws_offboard_control/install/px4_msgs/include/px4_msgs/px4_msgs/msg/obstacle_distance.h
[586.577s] -- Installing: /home/hamad/ws_offboard_control/install/px4_msgs/include/px4_msgs/px4_msgs/msg/follow_target.h
[586.578s] -- Installing: /home/hamad/ws_offboard_control/install/px4_msgs/include/px4_msgs/px4_msgs/msg/trajectory_setpoint.h
[586.578s] -- Installing: /home/hamad/ws_offboard_control/install/px4_msgs/include/px4_msgs/px4_msgs/msg/camera_capture.h
[586.578s] -- Installing: /home/hamad/ws_offboard_control/install/px4_msgs/include/px4_msgs/px4_msgs/msg/fixed_wing_lateral_status.h
[586.578s] -- Installing: /home/hamad/ws_offboard_control/install/px4_msgs/include/px4_msgs/px4_msgs/msg/magnetometer_bias_estimate.h
[586.579s] -- Installing: /home/hamad/ws_offboard_control/install/px4_msgs/include/px4_msgs/px4_msgs/msg/estimator_bias.h
[586.579s] -- Installing: /home/hamad/ws_offboard_control/install/px4_msgs/include/px4_msgs/px4_msgs/msg/estimator_sensor_bias.h
[586.579s] -- Installing: /home/hamad/ws_offboard_control/install/px4_msgs/include/px4_msgs/px4_msgs/msg/sensor_optical_flow.h
[586.579s] -- Installing: /home/hamad/ws_offboard_control/install/px4_msgs/include/px4_msgs/px4_msgs/msg/parameter_set_used_request.h
[586.580s] -- Installing: /home/hamad/ws_offboard_control/install/px4_msgs/include/px4_msgs/px4_msgs/msg/px4io_status.h
[586.580s] -- Installing: /home/hamad/ws_offboard_control/install/px4_msgs/include/px4_msgs/px4_msgs/msg/gimbal_device_set_attitude.h
[586.580s] -- Installing: /home/hamad/ws_offboard_control/install/px4_msgs/include/px4_msgs/px4_msgs/msg/estimator_aid_source1d.h
[586.580s] -- Installing: /home/hamad/ws_offboard_control/install/px4_msgs/include/px4_msgs/px4_msgs/msg/landing_target_pose.h
[586.581s] -- Installing: /home/hamad/ws_offboard_control/install/px4_msgs/include/px4_msgs/px4_msgs/msg/heater_status.h
[586.581s] -- Installing: /home/hamad/ws_offboard_control/install/px4_msgs/include/px4_msgs/px4_msgs/msg/arming_check_request.h
[586.581s] -- Installing: /home/hamad/ws_offboard_control/install/px4_msgs/include/px4_msgs/px4_msgs/msg/vehicle_command_ack.h
[586.581s] -- Installing: /home/hamad/ws_offboard_control/install/px4_msgs/include/px4_msgs/px4_msgs/msg/vehicle_angular_acceleration_setpoint.h
[586.581s] -- Installing: /home/hamad/ws_offboard_control/install/px4_msgs/include/px4_msgs/px4_msgs/msg/vehicle_local_position.h
[586.582s] -- Installing: /home/hamad/ws_offboard_control/install/px4_msgs/include/px4_msgs/px4_msgs/msg/rover_steering_setpoint.h
[586.582s] -- Installing: /home/hamad/ws_offboard_control/install/px4_msgs/include/px4_msgs/px4_msgs/msg/mavlink_log.h
[586.583s] -- Installing: /home/hamad/ws_offboard_control/install/px4_msgs/include/px4_msgs/px4_msgs/msg/gimbal_manager_set_attitude.h
[586.583s] -- Installing: /home/hamad/ws_offboard_control/install/px4_msgs/include/px4_msgs/px4_msgs/msg/failsafe_flags.h
[586.583s] -- Installing: /home/hamad/ws_offboard_control/install/px4_msgs/include/px4_msgs/px4_msgs/msg/internal_combustion_engine_status.h
[586.583s] -- Installing: /home/hamad/ws_offboard_control/install/px4_msgs/include/px4_msgs/px4_msgs/msg/gpio_request.h
[586.583s] -- Installing: /home/hamad/ws_offboard_control/install/px4_msgs/include/px4_msgs/px4_msgs/msg/camera_trigger.h
[586.584s] -- Installing: /home/hamad/ws_offboard_control/install/px4_msgs/include/px4_msgs/px4_msgs/msg/detail
[586.584s] -- Installing: /home/hamad/ws_offboard_control/install/px4_msgs/include/px4_msgs/px4_msgs/msg/detail/differential_pressure__type_support.c
[586.584s] -- Installing: /home/hamad/ws_offboard_control/install/px4_msgs/include/px4_msgs/px4_msgs/msg/detail/estimator_sensor_bias__type_support.c
[586.584s] -- Installing: /home/hamad/ws_offboard_control/install/px4_msgs/include/px4_msgs/px4_msgs/msg/detail/parameter_reset_request__struct.h
[586.585s] -- Installing: /home/hamad/ws_offboard_control/install/px4_msgs/include/px4_msgs/px4_msgs/msg/detail/parameter_set_value_response__type_support.c
[586.585s] -- Installing: /home/hamad/ws_offboard_control/install/px4_msgs/include/px4_msgs/px4_msgs/msg/detail/goto_setpoint__type_support.c
[586.585s] -- Installing: /home/hamad/ws_offboard_control/install/px4_msgs/include/px4_msgs/px4_msgs/msg/detail/gimbal_controls__type_support.h
[586.585s] -- Installing: /home/hamad/ws_offboard_control/install/px4_msgs/include/px4_msgs/px4_msgs/msg/detail/qshell_req__type_support.h
[586.585s] -- Installing: /home/hamad/ws_offboard_control/install/px4_msgs/include/px4_msgs/px4_msgs/msg/detail/led_control__type_support.c
[586.586s] -- Installing: /home/hamad/ws_offboard_control/install/px4_msgs/include/px4_msgs/px4_msgs/msg/detail/landing_target_pose__functions.h
[586.586s] -- Installing: /home/hamad/ws_offboard_control/install/px4_msgs/include/px4_msgs/px4_msgs/msg/detail/camera_capture__functions.h
[586.586s] -- Installing: /home/hamad/ws_offboard_control/install/px4_msgs/include/px4_msgs/px4_msgs/msg/detail/fixed_wing_runway_control__struct.h
[586.586s] -- Installing: /home/hamad/ws_offboard_control/install/px4_msgs/include/px4_msgs/px4_msgs/msg/detail/debug_key_value__functions.c
[586.587s] -- Installing: /home/hamad/ws_offboard_control/install/px4_msgs/include/px4_msgs/px4_msgs/msg/detail/estimator_aid_source1d__type_support.c
[586.587s] -- Installing: /home/hamad/ws_offboard_control/install/px4_msgs/include/px4_msgs/px4_msgs/msg/detail/uavcan_parameter_request__struct.h
[586.587s] -- Installing: /home/hamad/ws_offboard_control/install/px4_msgs/include/px4_msgs/px4_msgs/msg/detail/cpuload__type_support.h
[586.587s] -- Installing: /home/hamad/ws_offboard_control/install/px4_msgs/include/px4_msgs/px4_msgs/msg/detail/yaw_estimator_status__type_support.h
[586.587s] -- Installing: /home/hamad/ws_offboard_control/install/px4_msgs/include/px4_msgs/px4_msgs/msg/detail/camera_capture__type_support.c
[586.588s] -- Installing: /home/hamad/ws_offboard_control/install/px4_msgs/include/px4_msgs/px4_msgs/msg/detail/obstacle_distance__description.c
[586.588s] -- Installing: /home/hamad/ws_offboard_control/install/px4_msgs/include/px4_msgs/px4_msgs/msg/detail/debug_array__description.c
[586.588s] -- Installing: /home/hamad/ws_offboard_control/install/px4_msgs/include/px4_msgs/px4_msgs/msg/detail/open_drone_id_self_id__type_support.h
[586.588s] -- Installing: /home/hamad/ws_offboard_control/install/px4_msgs/include/px4_msgs/px4_msgs/msg/detail/actuator_controls_status__type_support.h
[586.588s] -- Installing: /home/hamad/ws_offboard_control/install/px4_msgs/include/px4_msgs/px4_msgs/msg/detail/debug_value__type_support.h
[586.589s] -- Installing: /home/hamad/ws_offboard_control/install/px4_msgs/include/px4_msgs/px4_msgs/msg/detail/vehicle_attitude__functions.h
[586.589s] -- Installing: /home/hamad/ws_offboard_control/install/px4_msgs/include/px4_msgs/px4_msgs/msg/detail/action_request__struct.h
[586.589s] -- Installing: /home/hamad/ws_offboard_control/install/px4_msgs/include/px4_msgs/px4_msgs/msg/detail/sensor_gnss_status__type_support.c
[586.589s] -- Installing: /home/hamad/ws_offboard_control/install/px4_msgs/include/px4_msgs/px4_msgs/msg/detail/dataman_response__functions.c
[586.590s] -- Installing: /home/hamad/ws_offboard_control/install/px4_msgs/include/px4_msgs/px4_msgs/msg/detail/timesync_status__struct.h
[586.590s] -- Installing: /home/hamad/ws_offboard_control/install/px4_msgs/include/px4_msgs/px4_msgs/msg/detail/gimbal_device_information__functions.h
[586.590s] -- Installing: /home/hamad/ws_offboard_control/install/px4_msgs/include/px4_msgs/px4_msgs/msg/detail/fixed_wing_lateral_status__functions.h
[586.590s] -- Installing: /home/hamad/ws_offboard_control/install/px4_msgs/include/px4_msgs/px4_msgs/msg/detail/ping__type_support.c
[586.590s] -- Installing: /home/hamad/ws_offboard_control/install/px4_msgs/include/px4_msgs/px4_msgs/msg/detail/normalized_unsigned_setpoint__type_support.c
[586.591s] -- Installing: /home/hamad/ws_offboard_control/install/px4_msgs/include/px4_msgs/px4_msgs/msg/detail/uavcan_parameter_value__type_support.c
[586.591s] -- Installing: /home/hamad/ws_offboard_control/install/px4_msgs/include/px4_msgs/px4_msgs/msg/detail/vehicle_optical_flow__description.c
[586.591s] -- Installing: /home/hamad/ws_offboard_control/install/px4_msgs/include/px4_msgs/px4_msgs/msg/detail/vehicle_roi__struct.h
[586.591s] -- Installing: /home/hamad/ws_offboard_control/install/px4_msgs/include/px4_msgs/px4_msgs/msg/detail/vtol_vehicle_status__functions.h
[586.591s] -- Installing: /home/hamad/ws_offboard_control/install/px4_msgs/include/px4_msgs/px4_msgs/msg/detail/dronecan_node_status__struct.h
[586.592s] -- Installing: /home/hamad/ws_offboard_control/install/px4_msgs/include/px4_msgs/px4_msgs/msg/detail/gpio_config__description.c
[586.592s] -- Installing: /home/hamad/ws_offboard_control/install/px4_msgs/include/px4_msgs/px4_msgs/msg/detail/gimbal_device_set_attitude__functions.c
[586.592s] -- Installing: /home/hamad/ws_offboard_control/install/px4_msgs/include/px4_msgs/px4_msgs/msg/detail/mode_completed__struct.h
[586.592s] -- Installing: /home/hamad/ws_offboard_control/install/px4_msgs/include/px4_msgs/px4_msgs/msg/detail/goto_setpoint__type_support.h
[586.593s] -- Installing: /home/hamad/ws_offboard_control/install/px4_msgs/include/px4_msgs/px4_msgs/msg/detail/health_report__functions.h
[586.593s] -- Installing: /home/hamad/ws_offboard_control/install/px4_msgs/include/px4_msgs/px4_msgs/msg/detail/wheel_encoders__functions.c
[586.593s] -- Installing: /home/hamad/ws_offboard_control/install/px4_msgs/include/px4_msgs/px4_msgs/msg/detail/sensor_gnss_relative__struct.h
[586.593s] -- Installing: /home/hamad/ws_offboard_control/install/px4_msgs/include/px4_msgs/px4_msgs/msg/detail/rate_ctrl_status__functions.c
[586.593s] -- Installing: /home/hamad/ws_offboard_control/install/px4_msgs/include/px4_msgs/px4_msgs/msg/detail/airspeed_wind__type_support.c
[586.594s] -- Installing: /home/hamad/ws_offboard_control/install/px4_msgs/include/px4_msgs/px4_msgs/msg/detail/estimator_status__functions.h
[586.594s] -- Installing: /home/hamad/ws_offboard_control/install/px4_msgs/include/px4_msgs/px4_msgs/msg/detail/vehicle_acceleration__type_support.h
[586.594s] -- Installing: /home/hamad/ws_offboard_control/install/px4_msgs/include/px4_msgs/px4_msgs/msg/detail/vehicle_angular_acceleration_setpoint__functions.c
[586.594s] -- Installing: /home/hamad/ws_offboard_control/install/px4_msgs/include/px4_msgs/px4_msgs/msg/detail/airspeed_wind__type_support.h
[586.594s] -- Installing: /home/hamad/ws_offboard_control/install/px4_msgs/include/px4_msgs/px4_msgs/msg/detail/failsafe_flags__functions.c
[586.595s] -- Installing: /home/hamad/ws_offboard_control/install/px4_msgs/include/px4_msgs/px4_msgs/msg/detail/estimator_event_flags__struct.h
[586.595s] -- Installing: /home/hamad/ws_offboard_control/install/px4_msgs/include/px4_msgs/px4_msgs/msg/detail/estimator_states__functions.h
[586.595s] -- Installing: /home/hamad/ws_offboard_control/install/px4_msgs/include/px4_msgs/px4_msgs/msg/detail/ping__description.c
[586.595s] -- Installing: /home/hamad/ws_offboard_control/install/px4_msgs/include/px4_msgs/px4_msgs/msg/detail/sensor_hygrometer__type_support.h
[586.596s] -- Installing: /home/hamad/ws_offboard_control/install/px4_msgs/include/px4_msgs/px4_msgs/msg/detail/yaw_estimator_status__functions.c
[586.596s] -- Installing: /home/hamad/ws_offboard_control/install/px4_msgs/include/px4_msgs/px4_msgs/msg/detail/rover_speed_setpoint__functions.c
[586.596s] -- Installing: /home/hamad/ws_offboard_control/install/px4_msgs/include/px4_msgs/px4_msgs/msg/detail/rtl_status__type_support.h
[586.596s] -- Installing: /home/hamad/ws_offboard_control/install/px4_msgs/include/px4_msgs/px4_msgs/msg/detail/gpio_in__functions.h
[586.596s] -- Installing: /home/hamad/ws_offboard_control/install/px4_msgs/include/px4_msgs/px4_msgs/msg/detail/vehicle_rates_setpoint__type_support.h
[586.597s] -- Installing: /home/hamad/ws_offboard_control/install/px4_msgs/include/px4_msgs/px4_msgs/msg/detail/wheel_encoders__type_support.c
[586.597s] -- Installing: /home/hamad/ws_offboard_control/install/px4_msgs/include/px4_msgs/px4_msgs/msg/detail/home_position__functions.h
[586.597s] -- Installing: /home/hamad/ws_offboard_control/install/px4_msgs/include/px4_msgs/px4_msgs/msg/detail/mount_orientation__struct.h
[586.597s] -- Installing: /home/hamad/ws_offboard_control/install/px4_msgs/include/px4_msgs/px4_msgs/msg/detail/rover_speed_status__functions.c
[586.598s] -- Installing: /home/hamad/ws_offboard_control/install/px4_msgs/include/px4_msgs/px4_msgs/msg/detail/position_controller_landing_status__description.c
[586.598s] -- Installing: /home/hamad/ws_offboard_control/install/px4_msgs/include/px4_msgs/px4_msgs/msg/detail/generator_status__type_support.h
[586.598s] -- Installing: /home/hamad/ws_offboard_control/install/px4_msgs/include/px4_msgs/px4_msgs/msg/detail/rc_channels__type_support.h
[586.598s] -- Installing: /home/hamad/ws_offboard_control/install/px4_msgs/include/px4_msgs/px4_msgs/msg/detail/orb_test_medium__type_support.c
[586.598s] -- Installing: /home/hamad/ws_offboard_control/install/px4_msgs/include/px4_msgs/px4_msgs/msg/detail/manual_control_setpoint__functions.h
[586.599s] -- Installing: /home/hamad/ws_offboard_control/install/px4_msgs/include/px4_msgs/px4_msgs/msg/detail/gimbal_device_set_attitude__type_support.h
[586.599s] -- Installing: /home/hamad/ws_offboard_control/install/px4_msgs/include/px4_msgs/px4_msgs/msg/detail/pure_pursuit_status__functions.h
[586.599s] -- Installing: /home/hamad/ws_offboard_control/install/px4_msgs/include/px4_msgs/px4_msgs/msg/detail/internal_combustion_engine_control__type_support.c
[586.599s] -- Installing: /home/hamad/ws_offboard_control/install/px4_msgs/include/px4_msgs/px4_msgs/msg/detail/distance_sensor__struct.h
[586.599s] -- Installing: /home/hamad/ws_offboard_control/install/px4_msgs/include/px4_msgs/px4_msgs/msg/detail/timesync_status__description.c
[586.600s] -- Installing: /home/hamad/ws_offboard_control/install/px4_msgs/include/px4_msgs/px4_msgs/msg/detail/rover_speed_status__functions.h
[586.600s] -- Installing: /home/hamad/ws_offboard_control/install/px4_msgs/include/px4_msgs/px4_msgs/msg/detail/vehicle_rates_setpoint__description.c
[586.600s] -- Installing: /home/hamad/ws_offboard_control/install/px4_msgs/include/px4_msgs/px4_msgs/msg/detail/vehicle_magnetometer__type_support.h
[586.600s] -- Installing: /home/hamad/ws_offboard_control/install/px4_msgs/include/px4_msgs/px4_msgs/msg/detail/control_allocator_status__functions.c
[586.600s] -- Installing: /home/hamad/ws_offboard_control/install/px4_msgs/include/px4_msgs/px4_msgs/msg/detail/estimator_bias3d__functions.c
[586.600s] -- Installing: /home/hamad/ws_offboard_control/install/px4_msgs/include/px4_msgs/px4_msgs/msg/detail/qshell_retval__type_support.c
[586.600s] -- Installing: /home/hamad/ws_offboard_control/install/px4_msgs/include/px4_msgs/px4_msgs/msg/detail/power_monitor__type_support.c
[586.600s] -- Installing: /home/hamad/ws_offboard_control/install/px4_msgs/include/px4_msgs/px4_msgs/msg/detail/rover_steering_setpoint__type_support.h
[586.601s] -- Installing: /home/hamad/ws_offboard_control/install/px4_msgs/include/px4_msgs/px4_msgs/msg/detail/autotune_attitude_control_status__functions.c
[586.601s] -- Installing: /home/hamad/ws_offboard_control/install/px4_msgs/include/px4_msgs/px4_msgs/msg/detail/estimator_status_flags__type_support.c
[586.601s] -- Installing: /home/hamad/ws_offboard_control/install/px4_msgs/include/px4_msgs/px4_msgs/msg/detail/parameter_set_used_request__description.c
[586.601s] -- Installing: /home/hamad/ws_offboard_control/install/px4_msgs/include/px4_msgs/px4_msgs/msg/detail/fixed_wing_runway_control__functions.c
[586.601s] -- Installing: /home/hamad/ws_offboard_control/install/px4_msgs/include/px4_msgs/px4_msgs/msg/detail/neural_control__struct.h
[586.601s] -- Installing: /home/hamad/ws_offboard_control/install/px4_msgs/include/px4_msgs/px4_msgs/msg/detail/can_interface_status__functions.c
[586.601s] -- Installing: /home/hamad/ws_offboard_control/install/px4_msgs/include/px4_msgs/px4_msgs/msg/detail/sensor_uwb__struct.h
[586.601s] -- Installing: /home/hamad/ws_offboard_control/install/px4_msgs/include/px4_msgs/px4_msgs/msg/detail/neural_control__functions.h
[586.601s] -- Installing: /home/hamad/ws_offboard_control/install/px4_msgs/include/px4_msgs/px4_msgs/msg/detail/pure_pursuit_status__functions.c
[586.602s] -- Installing: /home/hamad/ws_offboard_control/install/px4_msgs/include/px4_msgs/px4_msgs/msg/detail/adc_report__struct.h
[586.602s] -- Installing: /home/hamad/ws_offboard_control/install/px4_msgs/include/px4_msgs/px4_msgs/msg/detail/debug_value__type_support.c
[586.602s] -- Installing: /home/hamad/ws_offboard_control/install/px4_msgs/include/px4_msgs/px4_msgs/msg/detail/iridiumsbd_status__type_support.h
[586.602s] -- Installing: /home/hamad/ws_offboard_control/install/px4_msgs/include/px4_msgs/px4_msgs/msg/detail/follow_target_status__functions.h
[586.602s] -- Installing: /home/hamad/ws_offboard_control/install/px4_msgs/include/px4_msgs/px4_msgs/msg/detail/failsafe_flags__description.c
[586.602s] -- Installing: /home/hamad/ws_offboard_control/install/px4_msgs/include/px4_msgs/px4_msgs/msg/detail/sensor_gyro__functions.h
[586.602s] -- Installing: /home/hamad/ws_offboard_control/install/px4_msgs/include/px4_msgs/px4_msgs/msg/detail/gpio_request__type_support.c
[586.602s] -- Installing: /home/hamad/ws_offboard_control/install/px4_msgs/include/px4_msgs/px4_msgs/msg/detail/open_drone_id_operator_id__struct.h
[586.602s] -- Installing: /home/hamad/ws_offboard_control/install/px4_msgs/include/px4_msgs/px4_msgs/msg/detail/gps_inject_data__description.c
[586.602s] -- Installing: /home/hamad/ws_offboard_control/install/px4_msgs/include/px4_msgs/px4_msgs/msg/detail/vehicle_angular_velocity__functions.h
[586.602s] -- Installing: /home/hamad/ws_offboard_control/install/px4_msgs/include/px4_msgs/px4_msgs/msg/detail/vehicle_land_detected__struct.h
[586.602s] -- Installing: /home/hamad/ws_offboard_control/install/px4_msgs/include/px4_msgs/px4_msgs/msg/detail/estimator_sensor_bias__functions.h
[586.603s] -- Installing: /home/hamad/ws_offboard_control/install/px4_msgs/include/px4_msgs/px4_msgs/msg/detail/rover_throttle_setpoint__struct.h
[586.603s] -- Installing: /home/hamad/ws_offboard_control/install/px4_msgs/include/px4_msgs/px4_msgs/msg/detail/trajectory_setpoint__struct.h
[586.603s] -- Installing: /home/hamad/ws_offboard_control/install/px4_msgs/include/px4_msgs/px4_msgs/msg/detail/longitudinal_control_configuration__description.c
[586.603s] -- Installing: /home/hamad/ws_offboard_control/install/px4_msgs/include/px4_msgs/px4_msgs/msg/detail/estimator_selector_status__type_support.c
[586.603s] -- Installing: /home/hamad/ws_offboard_control/install/px4_msgs/include/px4_msgs/px4_msgs/msg/detail/navigator_mission_item__type_support.c
[586.603s] -- Installing: /home/hamad/ws_offboard_control/install/px4_msgs/include/px4_msgs/px4_msgs/msg/detail/rover_steering_setpoint__functions.h
[586.603s] -- Installing: /home/hamad/ws_offboard_control/install/px4_msgs/include/px4_msgs/px4_msgs/msg/detail/estimator_sensor_bias__type_support.h
[586.603s] -- Installing: /home/hamad/ws_offboard_control/install/px4_msgs/include/px4_msgs/px4_msgs/msg/detail/pure_pursuit_status__type_support.c
[586.603s] -- Installing: /home/hamad/ws_offboard_control/install/px4_msgs/include/px4_msgs/px4_msgs/msg/detail/estimator_bias__type_support.c
[586.603s] -- Installing: /home/hamad/ws_offboard_control/install/px4_msgs/include/px4_msgs/px4_msgs/msg/detail/button_event__description.c
[586.603s] -- Installing: /home/hamad/ws_offboard_control/install/px4_msgs/include/px4_msgs/px4_msgs/msg/detail/actuator_test__functions.h
[586.604s] -- Installing: /home/hamad/ws_offboard_control/install/px4_msgs/include/px4_msgs/px4_msgs/msg/detail/actuator_servos__functions.h
[586.604s] -- Installing: /home/hamad/ws_offboard_control/install/px4_msgs/include/px4_msgs/px4_msgs/msg/detail/vehicle_optical_flow__functions.h
[586.604s] -- Installing: /home/hamad/ws_offboard_control/install/px4_msgs/include/px4_msgs/px4_msgs/msg/detail/transponder_report__struct.h
[586.604s] -- Installing: /home/hamad/ws_offboard_control/install/px4_msgs/include/px4_msgs/px4_msgs/msg/detail/arming_check_request__description.c
[586.604s] -- Installing: /home/hamad/ws_offboard_control/install/px4_msgs/include/px4_msgs/px4_msgs/msg/detail/vehicle_rates_setpoint__functions.h
[586.604s] -- Installing: /home/hamad/ws_offboard_control/install/px4_msgs/include/px4_msgs/px4_msgs/msg/detail/collision_constraints__type_support.c
[586.604s] -- Installing: /home/hamad/ws_offboard_control/install/px4_msgs/include/px4_msgs/px4_msgs/msg/detail/led_control__type_support.h
[586.604s] -- Installing: /home/hamad/ws_offboard_control/install/px4_msgs/include/px4_msgs/px4_msgs/msg/detail/mag_worker_data__functions.h
[586.604s] -- Installing: /home/hamad/ws_offboard_control/install/px4_msgs/include/px4_msgs/px4_msgs/msg/detail/distance_sensor_mode_change_request__type_support.h
[586.604s] -- Installing: /home/hamad/ws_offboard_control/install/px4_msgs/include/px4_msgs/px4_msgs/msg/detail/sensor_uwb__type_support.c
[586.604s] -- Installing: /home/hamad/ws_offboard_control/install/px4_msgs/include/px4_msgs/px4_msgs/msg/detail/gpio_out__description.c
[586.604s] -- Installing: /home/hamad/ws_offboard_control/install/px4_msgs/include/px4_msgs/px4_msgs/msg/detail/open_drone_id_system__type_support.c
[586.605s] -- Installing: /home/hamad/ws_offboard_control/install/px4_msgs/include/px4_msgs/px4_msgs/msg/detail/landing_target_pose__type_support.c
[586.605s] -- Installing: /home/hamad/ws_offboard_control/install/px4_msgs/include/px4_msgs/px4_msgs/msg/detail/vehicle_constraints__functions.h
[586.605s] -- Installing: /home/hamad/ws_offboard_control/install/px4_msgs/include/px4_msgs/px4_msgs/msg/detail/cpuload__type_support.c
[586.605s] -- Installing: /home/hamad/ws_offboard_control/install/px4_msgs/include/px4_msgs/px4_msgs/msg/detail/mavlink_log__struct.h
[586.605s] -- Installing: /home/hamad/ws_offboard_control/install/px4_msgs/include/px4_msgs/px4_msgs/msg/detail/vehicle_optical_flow_vel__type_support.c
[586.605s] -- Installing: /home/hamad/ws_offboard_control/install/px4_msgs/include/px4_msgs/px4_msgs/msg/detail/rover_speed_status__type_support.h
[586.605s] -- Installing: /home/hamad/ws_offboard_control/install/px4_msgs/include/px4_msgs/px4_msgs/msg/detail/ulog_stream__functions.h
[586.605s] -- Installing: /home/hamad/ws_offboard_control/install/px4_msgs/include/px4_msgs/px4_msgs/msg/detail/navigator_mission_item__functions.h
[586.605s] -- Installing: /home/hamad/ws_offboard_control/install/px4_msgs/include/px4_msgs/px4_msgs/msg/detail/sensor_accel_fifo__functions.c
[586.605s] -- Installing: /home/hamad/ws_offboard_control/install/px4_msgs/include/px4_msgs/px4_msgs/msg/detail/message_format_request__type_support.c
[586.605s] -- Installing: /home/hamad/ws_offboard_control/install/px4_msgs/include/px4_msgs/px4_msgs/msg/detail/debug_key_value__struct.h
[586.606s] -- Installing: /home/hamad/ws_offboard_control/install/px4_msgs/include/px4_msgs/px4_msgs/msg/detail/transponder_report__description.c
[586.606s] -- Installing: /home/hamad/ws_offboard_control/install/px4_msgs/include/px4_msgs/px4_msgs/msg/detail/led_control__functions.h
[586.606s] -- Installing: /home/hamad/ws_offboard_control/install/px4_msgs/include/px4_msgs/px4_msgs/msg/detail/vehicle_acceleration__type_support.c
[586.606s] -- Installing: /home/hamad/ws_offboard_control/install/px4_msgs/include/px4_msgs/px4_msgs/msg/detail/sensors_status__functions.h
[586.606s] -- Installing: /home/hamad/ws_offboard_control/install/px4_msgs/include/px4_msgs/px4_msgs/msg/detail/actuator_servos__description.c
[586.606s] -- Installing: /home/hamad/ws_offboard_control/install/px4_msgs/include/px4_msgs/px4_msgs/msg/detail/landing_target_innovations__description.c
[586.606s] -- Installing: /home/hamad/ws_offboard_control/install/px4_msgs/include/px4_msgs/px4_msgs/msg/detail/gimbal_manager_information__type_support.h
[586.606s] -- Installing: /home/hamad/ws_offboard_control/install/px4_msgs/include/px4_msgs/px4_msgs/msg/detail/esc_status__type_support.c
[586.606s] -- Installing: /home/hamad/ws_offboard_control/install/px4_msgs/include/px4_msgs/px4_msgs/msg/detail/estimator_status__struct.h
[586.606s] -- Installing: /home/hamad/ws_offboard_control/install/px4_msgs/include/px4_msgs/px4_msgs/msg/detail/orb_test_medium__struct.h
[586.606s] -- Installing: /home/hamad/ws_offboard_control/install/px4_msgs/include/px4_msgs/px4_msgs/msg/detail/open_drone_id_arm_status__functions.h
[586.606s] -- Installing: /home/hamad/ws_offboard_control/install/px4_msgs/include/px4_msgs/px4_msgs/msg/detail/action_request__functions.h
[586.606s] -- Installing: /home/hamad/ws_offboard_control/install/px4_msgs/include/px4_msgs/px4_msgs/msg/detail/position_controller_status__type_support.h
[586.606s] -- Installing: /home/hamad/ws_offboard_control/install/px4_msgs/include/px4_msgs/px4_msgs/msg/detail/input_rc__struct.h
[586.606s] -- Installing: /home/hamad/ws_offboard_control/install/px4_msgs/include/px4_msgs/px4_msgs/msg/detail/parameter_reset_request__functions.c
[586.606s] -- Installing: /home/hamad/ws_offboard_control/install/px4_msgs/include/px4_msgs/px4_msgs/msg/detail/sensor_baro__struct.h
[586.607s] -- Installing: /home/hamad/ws_offboard_control/install/px4_msgs/include/px4_msgs/px4_msgs/msg/detail/vehicle_command_ack__functions.c
[586.607s] -- Installing: /home/hamad/ws_offboard_control/install/px4_msgs/include/px4_msgs/px4_msgs/msg/detail/follow_target_estimator__type_support.h
[586.607s] -- Installing: /home/hamad/ws_offboard_control/install/px4_msgs/include/px4_msgs/px4_msgs/msg/detail/task_stack_info__functions.c
[586.607s] -- Installing: /home/hamad/ws_offboard_control/install/px4_msgs/include/px4_msgs/px4_msgs/msg/detail/actuator_motors__description.c
[586.607s] -- Installing: /home/hamad/ws_offboard_control/install/px4_msgs/include/px4_msgs/px4_msgs/msg/detail/lateral_control_configuration__struct.h
[586.607s] -- Installing: /home/hamad/ws_offboard_control/install/px4_msgs/include/px4_msgs/px4_msgs/msg/detail/failure_detector_status__struct.h
[586.607s] -- Installing: /home/hamad/ws_offboard_control/install/px4_msgs/include/px4_msgs/px4_msgs/msg/detail/vehicle_local_position__struct.h
[586.607s] -- Installing: /home/hamad/ws_offboard_control/install/px4_msgs/include/px4_msgs/px4_msgs/msg/detail/rc_channels__functions.c
[586.607s] -- Installing: /home/hamad/ws_offboard_control/install/px4_msgs/include/px4_msgs/px4_msgs/msg/detail/sensor_accel__functions.c
[586.607s] -- Installing: /home/hamad/ws_offboard_control/install/px4_msgs/include/px4_msgs/px4_msgs/msg/detail/vehicle_roi__type_support.h
[586.608s] -- Installing: /home/hamad/ws_offboard_control/install/px4_msgs/include/px4_msgs/px4_msgs/msg/detail/rover_position_setpoint__functions.h
[586.608s] -- Installing: /home/hamad/ws_offboard_control/install/px4_msgs/include/px4_msgs/px4_msgs/msg/detail/cellular_status__functions.h
[586.608s] -- Installing: /home/hamad/ws_offboard_control/install/px4_msgs/include/px4_msgs/px4_msgs/msg/detail/parameter_set_used_request__type_support.h
[586.608s] -- Installing: /home/hamad/ws_offboard_control/install/px4_msgs/include/px4_msgs/px4_msgs/msg/detail/airspeed_validated__type_support.h
[586.608s] -- Installing: /home/hamad/ws_offboard_control/install/px4_msgs/include/px4_msgs/px4_msgs/msg/detail/yaw_estimator_status__description.c
[586.608s] -- Installing: /home/hamad/ws_offboard_control/install/px4_msgs/include/px4_msgs/px4_msgs/msg/detail/battery_status__functions.h
[586.608s] -- Installing: /home/hamad/ws_offboard_control/install/px4_msgs/include/px4_msgs/px4_msgs/msg/detail/vehicle_global_position__functions.c
[586.608s] -- Installing: /home/hamad/ws_offboard_control/install/px4_msgs/include/px4_msgs/px4_msgs/msg/detail/sensor_gyro_fifo__type_support.c
[586.608s] -- Installing: /home/hamad/ws_offboard_control/install/px4_msgs/include/px4_msgs/px4_msgs/msg/detail/open_drone_id_self_id__functions.h
[586.608s] -- Installing: /home/hamad/ws_offboard_control/install/px4_msgs/include/px4_msgs/px4_msgs/msg/detail/estimator_sensor_bias__struct.h
[586.608s] -- Installing: /home/hamad/ws_offboard_control/install/px4_msgs/include/px4_msgs/px4_msgs/msg/detail/cellular_status__type_support.h
[586.608s] -- Installing: /home/hamad/ws_offboard_control/install/px4_msgs/include/px4_msgs/px4_msgs/msg/detail/qshell_retval__functions.c
[586.609s] -- Installing: /home/hamad/ws_offboard_control/install/px4_msgs/include/px4_msgs/px4_msgs/msg/detail/open_drone_id_self_id__functions.c
[586.609s] -- Installing: /home/hamad/ws_offboard_control/install/px4_msgs/include/px4_msgs/px4_msgs/msg/detail/ulog_stream_ack__functions.h
[586.609s] -- Installing: /home/hamad/ws_offboard_control/install/px4_msgs/include/px4_msgs/px4_msgs/msg/detail/sensor_hygrometer__description.c
[586.609s] -- Installing: /home/hamad/ws_offboard_control/install/px4_msgs/include/px4_msgs/px4_msgs/msg/detail/timesync_status__type_support.c
[586.609s] -- Installing: /home/hamad/ws_offboard_control/install/px4_msgs/include/px4_msgs/px4_msgs/msg/detail/sensor_preflight_mag__type_support.h
[586.609s] -- Installing: /home/hamad/ws_offboard_control/install/px4_msgs/include/px4_msgs/px4_msgs/msg/detail/debug_vect__description.c
[586.609s] -- Installing: /home/hamad/ws_offboard_control/install/px4_msgs/include/px4_msgs/px4_msgs/msg/detail/sensor_selection__type_support.c
[586.609s] -- Installing: /home/hamad/ws_offboard_control/install/px4_msgs/include/px4_msgs/px4_msgs/msg/detail/parameter_set_value_request__struct.h
[586.609s] -- Installing: /home/hamad/ws_offboard_control/install/px4_msgs/include/px4_msgs/px4_msgs/msg/detail/actuator_test__type_support.c
[586.609s] -- Installing: /home/hamad/ws_offboard_control/install/px4_msgs/include/px4_msgs/px4_msgs/msg/detail/vehicle_control_mode__functions.c
[586.609s] -- Installing: /home/hamad/ws_offboard_control/install/px4_msgs/include/px4_msgs/px4_msgs/msg/detail/rover_attitude_setpoint__functions.h
[586.609s] -- Installing: /home/hamad/ws_offboard_control/install/px4_msgs/include/px4_msgs/px4_msgs/msg/detail/estimator_aid_source3d__struct.h
[586.609s] -- Installing: /home/hamad/ws_offboard_control/install/px4_msgs/include/px4_msgs/px4_msgs/msg/detail/position_setpoint__functions.c
[586.610s] -- Installing: /home/hamad/ws_offboard_control/install/px4_msgs/include/px4_msgs/px4_msgs/msg/detail/estimator_event_flags__functions.c
[586.610s] -- Installing: /home/hamad/ws_offboard_control/install/px4_msgs/include/px4_msgs/px4_msgs/msg/detail/failsafe_flags__functions.h
[586.610s] -- Installing: /home/hamad/ws_offboard_control/install/px4_msgs/include/px4_msgs/px4_msgs/msg/detail/gpio_config__functions.h
[586.610s] -- Installing: /home/hamad/ws_offboard_control/install/px4_msgs/include/px4_msgs/px4_msgs/msg/detail/gps_inject_data__type_support.h
[586.610s] -- Installing: /home/hamad/ws_offboard_control/install/px4_msgs/include/px4_msgs/px4_msgs/msg/detail/vehicle_command_ack__struct.h
[586.610s] -- Installing: /home/hamad/ws_offboard_control/install/px4_msgs/include/px4_msgs/px4_msgs/msg/detail/mission_result__struct.h
[586.610s] -- Installing: /home/hamad/ws_offboard_control/install/px4_msgs/include/px4_msgs/px4_msgs/msg/detail/register_ext_component_request__type_support.c
[586.610s] -- Installing: /home/hamad/ws_offboard_control/install/px4_msgs/include/px4_msgs/px4_msgs/msg/detail/task_stack_info__type_support.c
[586.610s] -- Installing: /home/hamad/ws_offboard_control/install/px4_msgs/include/px4_msgs/px4_msgs/msg/detail/obstacle_distance__type_support.h
[586.610s] -- Installing: /home/hamad/ws_offboard_control/install/px4_msgs/include/px4_msgs/px4_msgs/msg/detail/airspeed_wind__description.c
[586.610s] -- Installing: /home/hamad/ws_offboard_control/install/px4_msgs/include/px4_msgs/px4_msgs/msg/detail/sensors_status_imu__struct.h
[586.611s] -- Installing: /home/hamad/ws_offboard_control/install/px4_msgs/include/px4_msgs/px4_msgs/msg/detail/pure_pursuit_status__type_support.h
[586.611s] -- Installing: /home/hamad/ws_offboard_control/install/px4_msgs/include/px4_msgs/px4_msgs/msg/detail/geofence_result__functions.c
[586.611s] -- Installing: /home/hamad/ws_offboard_control/install/px4_msgs/include/px4_msgs/px4_msgs/msg/detail/offboard_control_mode__type_support.h
[586.611s] -- Installing: /home/hamad/ws_offboard_control/install/px4_msgs/include/px4_msgs/px4_msgs/msg/detail/fixed_wing_lateral_guidance_status__description.c
[586.611s] -- Installing: /home/hamad/ws_offboard_control/install/px4_msgs/include/px4_msgs/px4_msgs/msg/detail/arming_check_reply__type_support.h
[586.611s] -- Installing: /home/hamad/ws_offboard_control/install/px4_msgs/include/px4_msgs/px4_msgs/msg/detail/sensor_combined__description.c
[586.611s] -- Installing: /home/hamad/ws_offboard_control/install/px4_msgs/include/px4_msgs/px4_msgs/msg/detail/ulog_stream__type_support.c
[586.611s] -- Installing: /home/hamad/ws_offboard_control/install/px4_msgs/include/px4_msgs/px4_msgs/msg/detail/hover_thrust_estimate__functions.h
[586.611s] -- Installing: /home/hamad/ws_offboard_control/install/px4_msgs/include/px4_msgs/px4_msgs/msg/detail/gimbal_device_attitude_status__description.c
[586.611s] -- Installing: /home/hamad/ws_offboard_control/install/px4_msgs/include/px4_msgs/px4_msgs/msg/detail/estimator_bias3d__functions.h
[586.612s] -- Installing: /home/hamad/ws_offboard_control/install/px4_msgs/include/px4_msgs/px4_msgs/msg/detail/internal_combustion_engine_control__functions.h
[586.612s] -- Installing: /home/hamad/ws_offboard_control/install/px4_msgs/include/px4_msgs/px4_msgs/msg/detail/launch_detection_status__description.c
[586.612s] -- Installing: /home/hamad/ws_offboard_control/install/px4_msgs/include/px4_msgs/px4_msgs/msg/detail/pps_capture__description.c
[586.612s] -- Installing: /home/hamad/ws_offboard_control/install/px4_msgs/include/px4_msgs/px4_msgs/msg/detail/arming_check_reply__functions.h
[586.612s] -- Installing: /home/hamad/ws_offboard_control/install/px4_msgs/include/px4_msgs/px4_msgs/msg/detail/actuator_test__struct.h
[586.612s] -- Installing: /home/hamad/ws_offboard_control/install/px4_msgs/include/px4_msgs/px4_msgs/msg/detail/onboard_computer_status__description.c
[586.612s] -- Installing: /home/hamad/ws_offboard_control/install/px4_msgs/include/px4_msgs/px4_msgs/msg/detail/gimbal_manager_set_attitude__struct.h
[586.612s] -- Installing: /home/hamad/ws_offboard_control/install/px4_msgs/include/px4_msgs/px4_msgs/msg/detail/vehicle_thrust_setpoint__functions.c
[586.612s] -- Installing: /home/hamad/ws_offboard_control/install/px4_msgs/include/px4_msgs/px4_msgs/msg/detail/gimbal_controls__struct.h
[586.612s] -- Installing: /home/hamad/ws_offboard_control/install/px4_msgs/include/px4_msgs/px4_msgs/msg/detail/vehicle_global_position__type_support.c
[586.612s] -- Installing: /home/hamad/ws_offboard_control/install/px4_msgs/include/px4_msgs/px4_msgs/msg/detail/velocity_limits__functions.c
[586.612s] -- Installing: /home/hamad/ws_offboard_control/install/px4_msgs/include/px4_msgs/px4_msgs/msg/detail/sensor_accel__type_support.h
[586.613s] -- Installing: /home/hamad/ws_offboard_control/install/px4_msgs/include/px4_msgs/px4_msgs/msg/detail/vtol_vehicle_status__functions.c
[586.613s] -- Installing: /home/hamad/ws_offboard_control/install/px4_msgs/include/px4_msgs/px4_msgs/msg/detail/sensor_combined__functions.c
[586.613s] -- Installing: /home/hamad/ws_offboard_control/install/px4_msgs/include/px4_msgs/px4_msgs/msg/detail/autotune_attitude_control_status__functions.h
[586.613s] -- Installing: /home/hamad/ws_offboard_control/install/px4_msgs/include/px4_msgs/px4_msgs/msg/detail/lateral_control_configuration__type_support.h
[586.613s] -- Installing: /home/hamad/ws_offboard_control/install/px4_msgs/include/px4_msgs/px4_msgs/msg/detail/parameter_set_used_request__type_support.c
[586.613s] -- Installing: /home/hamad/ws_offboard_control/install/px4_msgs/include/px4_msgs/px4_msgs/msg/detail/message_format_response__struct.h
[586.613s] -- Installing: /home/hamad/ws_offboard_control/install/px4_msgs/include/px4_msgs/px4_msgs/msg/detail/power_monitor__description.c
[586.613s] -- Installing: /home/hamad/ws_offboard_control/install/px4_msgs/include/px4_msgs/px4_msgs/msg/detail/manual_control_setpoint__struct.h
[586.613s] -- Installing: /home/hamad/ws_offboard_control/install/px4_msgs/include/px4_msgs/px4_msgs/msg/detail/adc_report__type_support.c
[586.613s] -- Installing: /home/hamad/ws_offboard_control/install/px4_msgs/include/px4_msgs/px4_msgs/msg/detail/vehicle_imu_status__struct.h
[586.613s] -- Installing: /home/hamad/ws_offboard_control/install/px4_msgs/include/px4_msgs/px4_msgs/msg/detail/trajectory_setpoint6dof__description.c
[586.614s] -- Installing: /home/hamad/ws_offboard_control/install/px4_msgs/include/px4_msgs/px4_msgs/msg/detail/geofence_status__struct.h
[586.614s] -- Installing: /home/hamad/ws_offboard_control/install/px4_msgs/include/px4_msgs/px4_msgs/msg/detail/control_allocator_status__description.c
[586.614s] -- Installing: /home/hamad/ws_offboard_control/install/px4_msgs/include/px4_msgs/px4_msgs/msg/detail/config_overrides__type_support.c
[586.614s] -- Installing: /home/hamad/ws_offboard_control/install/px4_msgs/include/px4_msgs/px4_msgs/msg/detail/vehicle_attitude_setpoint__functions.h
[586.614s] -- Installing: /home/hamad/ws_offboard_control/install/px4_msgs/include/px4_msgs/px4_msgs/msg/detail/navigator_mission_item__description.c
[586.614s] -- Installing: /home/hamad/ws_offboard_control/install/px4_msgs/include/px4_msgs/px4_msgs/msg/detail/message_format_request__functions.h
[586.614s] -- Installing: /home/hamad/ws_offboard_control/install/px4_msgs/include/px4_msgs/px4_msgs/msg/detail/px4io_status__functions.c
[586.614s] -- Installing: /home/hamad/ws_offboard_control/install/px4_msgs/include/px4_msgs/px4_msgs/msg/detail/estimator_aid_source2d__description.c
[586.614s] -- Installing: /home/hamad/ws_offboard_control/install/px4_msgs/include/px4_msgs/px4_msgs/msg/detail/estimator_aid_source3d__functions.c
[586.614s] -- Installing: /home/hamad/ws_offboard_control/install/px4_msgs/include/px4_msgs/px4_msgs/msg/detail/gripper__functions.c
[586.615s] -- Installing: /home/hamad/ws_offboard_control/install/px4_msgs/include/px4_msgs/px4_msgs/msg/detail/esc_status__functions.h
[586.615s] -- Installing: /home/hamad/ws_offboard_control/install/px4_msgs/include/px4_msgs/px4_msgs/msg/detail/sensor_correction__description.c
[586.615s] -- Installing: /home/hamad/ws_offboard_control/install/px4_msgs/include/px4_msgs/px4_msgs/msg/detail/position_controller_status__functions.c
[586.615s] -- Installing: /home/hamad/ws_offboard_control/install/px4_msgs/include/px4_msgs/px4_msgs/msg/detail/log_message__type_support.h
[586.615s] -- Installing: /home/hamad/ws_offboard_control/install/px4_msgs/include/px4_msgs/px4_msgs/msg/detail/sensor_hygrometer__functions.h
[586.615s] -- Installing: /home/hamad/ws_offboard_control/install/px4_msgs/include/px4_msgs/px4_msgs/msg/detail/heater_status__struct.h
[586.615s] -- Installing: /home/hamad/ws_offboard_control/install/px4_msgs/include/px4_msgs/px4_msgs/msg/detail/control_allocator_status__type_support.c
[586.615s] -- Installing: /home/hamad/ws_offboard_control/install/px4_msgs/include/px4_msgs/px4_msgs/msg/detail/offboard_control_mode__functions.h
[586.615s] -- Installing: /home/hamad/ws_offboard_control/install/px4_msgs/include/px4_msgs/px4_msgs/msg/detail/rate_ctrl_status__struct.h
[586.615s] -- Installing: /home/hamad/ws_offboard_control/install/px4_msgs/include/px4_msgs/px4_msgs/msg/detail/manual_control_setpoint__type_support.h
[586.615s] -- Installing: /home/hamad/ws_offboard_control/install/px4_msgs/include/px4_msgs/px4_msgs/msg/detail/vehicle_angular_acceleration_setpoint__type_support.h
[586.616s] -- Installing: /home/hamad/ws_offboard_control/install/px4_msgs/include/px4_msgs/px4_msgs/msg/detail/launch_detection_status__type_support.c
[586.616s] -- Installing: /home/hamad/ws_offboard_control/install/px4_msgs/include/px4_msgs/px4_msgs/msg/detail/button_event__functions.h
[586.616s] -- Installing: /home/hamad/ws_offboard_control/install/px4_msgs/include/px4_msgs/px4_msgs/msg/detail/px4io_status__description.c
[586.616s] -- Installing: /home/hamad/ws_offboard_control/install/px4_msgs/include/px4_msgs/px4_msgs/msg/detail/gpio_config__type_support.h
[586.616s] -- Installing: /home/hamad/ws_offboard_control/install/px4_msgs/include/px4_msgs/px4_msgs/msg/detail/rpm__type_support.h
[586.616s] -- Installing: /home/hamad/ws_offboard_control/install/px4_msgs/include/px4_msgs/px4_msgs/msg/detail/vehicle_command_ack__functions.h
[586.616s] -- Installing: /home/hamad/ws_offboard_control/install/px4_msgs/include/px4_msgs/px4_msgs/msg/detail/failure_detector_status__description.c
[586.616s] -- Installing: /home/hamad/ws_offboard_control/install/px4_msgs/include/px4_msgs/px4_msgs/msg/detail/vehicle_local_position_setpoint__functions.h
[586.616s] -- Installing: /home/hamad/ws_offboard_control/install/px4_msgs/include/px4_msgs/px4_msgs/msg/detail/open_drone_id_arm_status__functions.c
[586.616s] -- Installing: /home/hamad/ws_offboard_control/install/px4_msgs/include/px4_msgs/px4_msgs/msg/detail/trajectory_setpoint__type_support.h
[586.616s] -- Installing: /home/hamad/ws_offboard_control/install/px4_msgs/include/px4_msgs/px4_msgs/msg/detail/vehicle_imu__functions.h
[586.617s] -- Installing: /home/hamad/ws_offboard_control/install/px4_msgs/include/px4_msgs/px4_msgs/msg/detail/sensor_optical_flow__functions.c
[586.617s] -- Installing: /home/hamad/ws_offboard_control/install/px4_msgs/include/px4_msgs/px4_msgs/msg/detail/estimator_gps_status__type_support.c
[586.617s] -- Installing: /home/hamad/ws_offboard_control/install/px4_msgs/include/px4_msgs/px4_msgs/msg/detail/position_controller_landing_status__type_support.h
[586.617s] -- Installing: /home/hamad/ws_offboard_control/install/px4_msgs/include/px4_msgs/px4_msgs/msg/detail/sensor_mag__functions.h
[586.617s] -- Installing: /home/hamad/ws_offboard_control/install/px4_msgs/include/px4_msgs/px4_msgs/msg/detail/pure_pursuit_status__description.c
[586.617s] -- Installing: /home/hamad/ws_offboard_control/install/px4_msgs/include/px4_msgs/px4_msgs/msg/detail/gimbal_manager_information__functions.c
[586.617s] -- Installing: /home/hamad/ws_offboard_control/install/px4_msgs/include/px4_msgs/px4_msgs/msg/detail/gripper__struct.h
[586.617s] -- Installing: /home/hamad/ws_offboard_control/install/px4_msgs/include/px4_msgs/px4_msgs/msg/detail/rover_position_setpoint__struct.h
[586.617s] -- Installing: /home/hamad/ws_offboard_control/install/px4_msgs/include/px4_msgs/px4_msgs/msg/detail/autotune_attitude_control_status__description.c
[586.617s] -- Installing: /home/hamad/ws_offboard_control/install/px4_msgs/include/px4_msgs/px4_msgs/msg/detail/logger_status__struct.h
[586.617s] -- Installing: /home/hamad/ws_offboard_control/install/px4_msgs/include/px4_msgs/px4_msgs/msg/detail/vehicle_command__functions.c
[586.617s] -- Installing: /home/hamad/ws_offboard_control/install/px4_msgs/include/px4_msgs/px4_msgs/msg/detail/gpio_request__functions.c
[586.618s] -- Installing: /home/hamad/ws_offboard_control/install/px4_msgs/include/px4_msgs/px4_msgs/msg/detail/estimator_aid_source1d__struct.h
[586.618s] -- Installing: /home/hamad/ws_offboard_control/install/px4_msgs/include/px4_msgs/px4_msgs/msg/detail/hover_thrust_estimate__struct.h
[586.618s] -- Installing: /home/hamad/ws_offboard_control/install/px4_msgs/include/px4_msgs/px4_msgs/msg/detail/sensor_gps__description.c
[586.618s] -- Installing: /home/hamad/ws_offboard_control/install/px4_msgs/include/px4_msgs/px4_msgs/msg/detail/mavlink_log__type_support.c
[586.618s] -- Installing: /home/hamad/ws_offboard_control/install/px4_msgs/include/px4_msgs/px4_msgs/msg/detail/orb_test_medium__type_support.h
[586.618s] -- Installing: /home/hamad/ws_offboard_control/install/px4_msgs/include/px4_msgs/px4_msgs/msg/detail/adc_report__description.c
[586.618s] -- Installing: /home/hamad/ws_offboard_control/install/px4_msgs/include/px4_msgs/px4_msgs/msg/detail/ulog_stream_ack__struct.h
[586.618s] -- Installing: /home/hamad/ws_offboard_control/install/px4_msgs/include/px4_msgs/px4_msgs/msg/detail/unregister_ext_component__functions.h
[586.618s] -- Installing: /home/hamad/ws_offboard_control/install/px4_msgs/include/px4_msgs/px4_msgs/msg/detail/config_overrides__struct.h
[586.619s] -- Installing: /home/hamad/ws_offboard_control/install/px4_msgs/include/px4_msgs/px4_msgs/msg/detail/vehicle_land_detected__functions.c
[586.619s] -- Installing: /home/hamad/ws_offboard_control/install/px4_msgs/include/px4_msgs/px4_msgs/msg/detail/wind__functions.h
[586.619s] -- Installing: /home/hamad/ws_offboard_control/install/px4_msgs/include/px4_msgs/px4_msgs/msg/detail/vehicle_air_data__functions.h
[586.619s] -- Installing: /home/hamad/ws_offboard_control/install/px4_msgs/include/px4_msgs/px4_msgs/msg/detail/parameter_set_value_request__type_support.c
[586.619s] -- Installing: /home/hamad/ws_offboard_control/install/px4_msgs/include/px4_msgs/px4_msgs/msg/detail/rover_rate_status__description.c
[586.619s] -- Installing: /home/hamad/ws_offboard_control/install/px4_msgs/include/px4_msgs/px4_msgs/msg/detail/gpio_config__type_support.c
[586.620s] -- Installing: /home/hamad/ws_offboard_control/install/px4_msgs/include/px4_msgs/px4_msgs/msg/detail/follow_target_status__description.c
[586.620s] -- Installing: /home/hamad/ws_offboard_control/install/px4_msgs/include/px4_msgs/px4_msgs/msg/detail/figure_eight_status__type_support.c
[586.620s] -- Installing: /home/hamad/ws_offboard_control/install/px4_msgs/include/px4_msgs/px4_msgs/msg/detail/flight_phase_estimation__type_support.c
[586.620s] -- Installing: /home/hamad/ws_offboard_control/install/px4_msgs/include/px4_msgs/px4_msgs/msg/detail/action_request__type_support.c
[586.620s] -- Installing: /home/hamad/ws_offboard_control/install/px4_msgs/include/px4_msgs/px4_msgs/msg/detail/landing_gear__type_support.h
[586.620s] -- Installing: /home/hamad/ws_offboard_control/install/px4_msgs/include/px4_msgs/px4_msgs/msg/detail/magnetometer_bias_estimate__description.c
[586.620s] -- Installing: /home/hamad/ws_offboard_control/install/px4_msgs/include/px4_msgs/px4_msgs/msg/detail/rover_throttle_setpoint__functions.c
[586.621s] -- Installing: /home/hamad/ws_offboard_control/install/px4_msgs/include/px4_msgs/px4_msgs/msg/detail/system_power__type_support.c
[586.621s] -- Installing: /home/hamad/ws_offboard_control/install/px4_msgs/include/px4_msgs/px4_msgs/msg/detail/message_format_response__type_support.h
[586.621s] -- Installing: /home/hamad/ws_offboard_control/install/px4_msgs/include/px4_msgs/px4_msgs/msg/detail/distance_sensor_mode_change_request__description.c
[586.621s] -- Installing: /home/hamad/ws_offboard_control/install/px4_msgs/include/px4_msgs/px4_msgs/msg/detail/distance_sensor__functions.h
[586.621s] -- Installing: /home/hamad/ws_offboard_control/install/px4_msgs/include/px4_msgs/px4_msgs/msg/detail/rover_throttle_setpoint__type_support.h
[586.622s] -- Installing: /home/hamad/ws_offboard_control/install/px4_msgs/include/px4_msgs/px4_msgs/msg/detail/vtol_vehicle_status__description.c
[586.622s] -- Installing: /home/hamad/ws_offboard_control/install/px4_msgs/include/px4_msgs/px4_msgs/msg/detail/vehicle_acceleration__description.c
[586.622s] -- Installing: /home/hamad/ws_offboard_control/install/px4_msgs/include/px4_msgs/px4_msgs/msg/detail/open_drone_id_operator_id__functions.h
[586.622s] -- Installing: /home/hamad/ws_offboard_control/install/px4_msgs/include/px4_msgs/px4_msgs/msg/detail/satellite_info__description.c
[586.622s] -- Installing: /home/hamad/ws_offboard_control/install/px4_msgs/include/px4_msgs/px4_msgs/msg/detail/sensors_status__type_support.c
[586.622s] -- Installing: /home/hamad/ws_offboard_control/install/px4_msgs/include/px4_msgs/px4_msgs/msg/detail/arming_check_request__struct.h
[586.622s] -- Installing: /home/hamad/ws_offboard_control/install/px4_msgs/include/px4_msgs/px4_msgs/msg/detail/vehicle_rates_setpoint__struct.h
[586.622s] -- Installing: /home/hamad/ws_offboard_control/install/px4_msgs/include/px4_msgs/px4_msgs/msg/detail/vehicle_angular_velocity__functions.c
[586.623s] -- Installing: /home/hamad/ws_offboard_control/install/px4_msgs/include/px4_msgs/px4_msgs/msg/detail/gimbal_manager_set_manual_control__type_support.c
[586.623s] -- Installing: /home/hamad/ws_offboard_control/install/px4_msgs/include/px4_msgs/px4_msgs/msg/detail/orb_test_medium__description.c
[586.623s] -- Installing: /home/hamad/ws_offboard_control/install/px4_msgs/include/px4_msgs/px4_msgs/msg/detail/position_controller_landing_status__type_support.c
[586.623s] -- Installing: /home/hamad/ws_offboard_control/install/px4_msgs/include/px4_msgs/px4_msgs/msg/detail/vehicle_local_position__functions.h
[586.623s] -- Installing: /home/hamad/ws_offboard_control/install/px4_msgs/include/px4_msgs/px4_msgs/msg/detail/dataman_response__type_support.h
[586.623s] -- Installing: /home/hamad/ws_offboard_control/install/px4_msgs/include/px4_msgs/px4_msgs/msg/detail/sensors_status_imu__functions.c
[586.623s] -- Installing: /home/hamad/ws_offboard_control/install/px4_msgs/include/px4_msgs/px4_msgs/msg/detail/ulog_stream__functions.c
[586.624s] -- Installing: /home/hamad/ws_offboard_control/install/px4_msgs/include/px4_msgs/px4_msgs/msg/detail/landing_gear_wheel__description.c
[586.624s] -- Installing: /home/hamad/ws_offboard_control/install/px4_msgs/include/px4_msgs/px4_msgs/msg/detail/estimator_innovations__struct.h
[586.624s] -- Installing: /home/hamad/ws_offboard_control/install/px4_msgs/include/px4_msgs/px4_msgs/msg/detail/iridiumsbd_status__functions.c
[586.624s] -- Installing: /home/hamad/ws_offboard_control/install/px4_msgs/include/px4_msgs/px4_msgs/msg/detail/pps_capture__struct.h
[586.624s] -- Installing: /home/hamad/ws_offboard_control/install/px4_msgs/include/px4_msgs/px4_msgs/msg/detail/irlock_report__description.c
[586.624s] -- Installing: /home/hamad/ws_offboard_control/install/px4_msgs/include/px4_msgs/px4_msgs/msg/detail/rc_parameter_map__functions.h
[586.624s] -- Installing: /home/hamad/ws_offboard_control/install/px4_msgs/include/px4_msgs/px4_msgs/msg/detail/ulog_stream__description.c
[586.624s] -- Installing: /home/hamad/ws_offboard_control/install/px4_msgs/include/px4_msgs/px4_msgs/msg/detail/internal_combustion_engine_status__functions.c
[586.625s] -- Installing: /home/hamad/ws_offboard_control/install/px4_msgs/include/px4_msgs/px4_msgs/msg/detail/mission_result__type_support.c
[586.625s] -- Installing: /home/hamad/ws_offboard_control/install/px4_msgs/include/px4_msgs/px4_msgs/msg/detail/navigator_status__type_support.h
[586.625s] -- Installing: /home/hamad/ws_offboard_control/install/px4_msgs/include/px4_msgs/px4_msgs/msg/detail/mission_result__type_support.h
[586.625s] -- Installing: /home/hamad/ws_offboard_control/install/px4_msgs/include/px4_msgs/px4_msgs/msg/detail/rc_parameter_map__struct.h
[586.625s] -- Installing: /home/hamad/ws_offboard_control/install/px4_msgs/include/px4_msgs/px4_msgs/msg/detail/mavlink_tunnel__description.c
[586.625s] -- Installing: /home/hamad/ws_offboard_control/install/px4_msgs/include/px4_msgs/px4_msgs/msg/detail/health_report__functions.c
[586.626s] -- Installing: /home/hamad/ws_offboard_control/install/px4_msgs/include/px4_msgs/px4_msgs/msg/detail/estimator_aid_source2d__functions.h
[586.626s] -- Installing: /home/hamad/ws_offboard_control/install/px4_msgs/include/px4_msgs/px4_msgs/msg/detail/landing_gear__struct.h
[586.626s] -- Installing: /home/hamad/ws_offboard_control/install/px4_msgs/include/px4_msgs/px4_msgs/msg/detail/vehicle_attitude__functions.c
[586.626s] -- Installing: /home/hamad/ws_offboard_control/install/px4_msgs/include/px4_msgs/px4_msgs/msg/detail/estimator_gps_status__functions.h
[586.626s] -- Installing: /home/hamad/ws_offboard_control/install/px4_msgs/include/px4_msgs/px4_msgs/msg/detail/can_interface_status__struct.h
[586.626s] -- Installing: /home/hamad/ws_offboard_control/install/px4_msgs/include/px4_msgs/px4_msgs/msg/detail/actuator_servos_trim__type_support.c
[586.626s] -- Installing: /home/hamad/ws_offboard_control/install/px4_msgs/include/px4_msgs/px4_msgs/msg/detail/register_ext_component_request__struct.h
[586.626s] -- Installing: /home/hamad/ws_offboard_control/install/px4_msgs/include/px4_msgs/px4_msgs/msg/detail/fixed_wing_lateral_setpoint__type_support.h
[586.626s] -- Installing: /home/hamad/ws_offboard_control/install/px4_msgs/include/px4_msgs/px4_msgs/msg/detail/position_controller_status__functions.h
[586.626s] -- Installing: /home/hamad/ws_offboard_control/install/px4_msgs/include/px4_msgs/px4_msgs/msg/detail/iridiumsbd_status__struct.h
[586.627s] -- Installing: /home/hamad/ws_offboard_control/install/px4_msgs/include/px4_msgs/px4_msgs/msg/detail/mavlink_log__functions.h
[586.627s] -- Installing: /home/hamad/ws_offboard_control/install/px4_msgs/include/px4_msgs/px4_msgs/msg/detail/mag_worker_data__type_support.h
[586.627s] -- Installing: /home/hamad/ws_offboard_control/install/px4_msgs/include/px4_msgs/px4_msgs/msg/detail/esc_status__struct.h
[586.627s] -- Installing: /home/hamad/ws_offboard_control/install/px4_msgs/include/px4_msgs/px4_msgs/msg/detail/debug_array__struct.h
[586.627s] -- Installing: /home/hamad/ws_offboard_control/install/px4_msgs/include/px4_msgs/px4_msgs/msg/detail/vehicle_torque_setpoint__functions.c
[586.627s] -- Installing: /home/hamad/ws_offboard_control/install/px4_msgs/include/px4_msgs/px4_msgs/msg/detail/longitudinal_control_configuration__struct.h
[586.627s] -- Installing: /home/hamad/ws_offboard_control/install/px4_msgs/include/px4_msgs/px4_msgs/msg/detail/parameter_update__type_support.c
[586.628s] -- Installing: /home/hamad/ws_offboard_control/install/px4_msgs/include/px4_msgs/px4_msgs/msg/detail/open_drone_id_operator_id__description.c
[586.628s] -- Installing: /home/hamad/ws_offboard_control/install/px4_msgs/include/px4_msgs/px4_msgs/msg/detail/health_report__type_support.h
[586.628s] -- Installing: /home/hamad/ws_offboard_control/install/px4_msgs/include/px4_msgs/px4_msgs/msg/detail/hover_thrust_estimate__functions.c
[586.628s] -- Installing: /home/hamad/ws_offboard_control/install/px4_msgs/include/px4_msgs/px4_msgs/msg/detail/power_monitor__type_support.h
[586.628s] -- Installing: /home/hamad/ws_offboard_control/install/px4_msgs/include/px4_msgs/px4_msgs/msg/detail/vehicle_control_mode__struct.h
[586.628s] -- Installing: /home/hamad/ws_offboard_control/install/px4_msgs/include/px4_msgs/px4_msgs/msg/detail/sensor_gyro_fft__type_support.c
[586.628s] -- Installing: /home/hamad/ws_offboard_control/install/px4_msgs/include/px4_msgs/px4_msgs/msg/detail/internal_combustion_engine_status__type_support.h
[586.628s] -- Installing: /home/hamad/ws_offboard_control/install/px4_msgs/include/px4_msgs/px4_msgs/msg/detail/wheel_encoders__description.c
[586.628s] -- Installing: /home/hamad/ws_offboard_control/install/px4_msgs/include/px4_msgs/px4_msgs/msg/detail/rover_rate_setpoint__type_support.h
[586.629s] -- Installing: /home/hamad/ws_offboard_control/install/px4_msgs/include/px4_msgs/px4_msgs/msg/detail/arming_check_request__type_support.h
[586.629s] -- Installing: /home/hamad/ws_offboard_control/install/px4_msgs/include/px4_msgs/px4_msgs/msg/detail/orbit_status__struct.h
[586.629s] -- Installing: /home/hamad/ws_offboard_control/install/px4_msgs/include/px4_msgs/px4_msgs/msg/detail/log_message__struct.h
[586.629s] -- Installing: /home/hamad/ws_offboard_control/install/px4_msgs/include/px4_msgs/px4_msgs/msg/detail/fixed_wing_lateral_guidance_status__struct.h
[586.629s] -- Installing: /home/hamad/ws_offboard_control/install/px4_msgs/include/px4_msgs/px4_msgs/msg/detail/ulog_stream_ack__description.c
[586.629s] -- Installing: /home/hamad/ws_offboard_control/install/px4_msgs/include/px4_msgs/px4_msgs/msg/detail/fixed_wing_longitudinal_setpoint__type_support.c
[586.629s] -- Installing: /home/hamad/ws_offboard_control/install/px4_msgs/include/px4_msgs/px4_msgs/msg/detail/sensor_gyro__type_support.c
[586.629s] -- Installing: /home/hamad/ws_offboard_control/install/px4_msgs/include/px4_msgs/px4_msgs/msg/detail/px4io_status__type_support.c
[586.629s] -- Installing: /home/hamad/ws_offboard_control/install/px4_msgs/include/px4_msgs/px4_msgs/msg/detail/vehicle_global_position__description.c
[586.629s] -- Installing: /home/hamad/ws_offboard_control/install/px4_msgs/include/px4_msgs/px4_msgs/msg/detail/camera_trigger__type_support.h
[586.629s] -- Installing: /home/hamad/ws_offboard_control/install/px4_msgs/include/px4_msgs/px4_msgs/msg/detail/failsafe_flags__struct.h
[586.629s] -- Installing: /home/hamad/ws_offboard_control/install/px4_msgs/include/px4_msgs/px4_msgs/msg/detail/estimator_aid_source3d__functions.h
[586.629s] -- Installing: /home/hamad/ws_offboard_control/install/px4_msgs/include/px4_msgs/px4_msgs/msg/detail/estimator_aid_source2d__type_support.c
[586.629s] -- Installing: /home/hamad/ws_offboard_control/install/px4_msgs/include/px4_msgs/px4_msgs/msg/detail/gimbal_manager_set_manual_control__type_support.h
[586.630s] -- Installing: /home/hamad/ws_offboard_control/install/px4_msgs/include/px4_msgs/px4_msgs/msg/detail/rover_attitude_status__type_support.h
[586.630s] -- Installing: /home/hamad/ws_offboard_control/install/px4_msgs/include/px4_msgs/px4_msgs/msg/detail/gps_dump__struct.h
[586.630s] -- Installing: /home/hamad/ws_offboard_control/install/px4_msgs/include/px4_msgs/px4_msgs/msg/detail/gps_inject_data__struct.h
[586.630s] -- Installing: /home/hamad/ws_offboard_control/install/px4_msgs/include/px4_msgs/px4_msgs/msg/detail/landing_target_innovations__type_support.h
[586.630s] -- Installing: /home/hamad/ws_offboard_control/install/px4_msgs/include/px4_msgs/px4_msgs/msg/detail/vehicle_air_data__functions.c
[586.630s] -- Installing: /home/hamad/ws_offboard_control/install/px4_msgs/include/px4_msgs/px4_msgs/msg/detail/position_controller_landing_status__struct.h
[586.630s] -- Installing: /home/hamad/ws_offboard_control/install/px4_msgs/include/px4_msgs/px4_msgs/msg/detail/rover_rate_status__type_support.c
[586.630s] -- Installing: /home/hamad/ws_offboard_control/install/px4_msgs/include/px4_msgs/px4_msgs/msg/detail/esc_report__functions.h
[586.630s] -- Installing: /home/hamad/ws_offboard_control/install/px4_msgs/include/px4_msgs/px4_msgs/msg/detail/parameter_set_used_request__struct.h
[586.630s] -- Installing: /home/hamad/ws_offboard_control/install/px4_msgs/include/px4_msgs/px4_msgs/msg/detail/follow_target__description.c
[586.630s] -- Installing: /home/hamad/ws_offboard_control/install/px4_msgs/include/px4_msgs/px4_msgs/msg/detail/sensor_combined__functions.h
[586.631s] -- Installing: /home/hamad/ws_offboard_control/install/px4_msgs/include/px4_msgs/px4_msgs/msg/detail/tune_control__type_support.h
[586.631s] -- Installing: /home/hamad/ws_offboard_control/install/px4_msgs/include/px4_msgs/px4_msgs/msg/detail/actuator_controls_status__struct.h
[586.631s] -- Installing: /home/hamad/ws_offboard_control/install/px4_msgs/include/px4_msgs/px4_msgs/msg/detail/register_ext_component_request__type_support.h
[586.631s] -- Installing: /home/hamad/ws_offboard_control/install/px4_msgs/include/px4_msgs/px4_msgs/msg/detail/gpio_in__type_support.c
[586.631s] -- Installing: /home/hamad/ws_offboard_control/install/px4_msgs/include/px4_msgs/px4_msgs/msg/detail/gpio_request__struct.h
[586.631s] -- Installing: /home/hamad/ws_offboard_control/install/px4_msgs/include/px4_msgs/px4_msgs/msg/detail/vehicle_command__description.c
[586.631s] -- Installing: /home/hamad/ws_offboard_control/install/px4_msgs/include/px4_msgs/px4_msgs/msg/detail/qshell_retval__functions.h
[586.631s] -- Installing: /home/hamad/ws_offboard_control/install/px4_msgs/include/px4_msgs/px4_msgs/msg/detail/actuator_servos_trim__functions.h
[586.631s] -- Installing: /home/hamad/ws_offboard_control/install/px4_msgs/include/px4_msgs/px4_msgs/msg/detail/gimbal_controls__description.c
[586.631s] -- Installing: /home/hamad/ws_offboard_control/install/px4_msgs/include/px4_msgs/px4_msgs/msg/detail/vehicle_constraints__struct.h
[586.631s] -- Installing: /home/hamad/ws_offboard_control/install/px4_msgs/include/px4_msgs/px4_msgs/msg/detail/power_button_state__description.c
[586.631s] -- Installing: /home/hamad/ws_offboard_control/install/px4_msgs/include/px4_msgs/px4_msgs/msg/detail/sensor_uwb__description.c
[586.632s] -- Installing: /home/hamad/ws_offboard_control/install/px4_msgs/include/px4_msgs/px4_msgs/msg/detail/button_event__type_support.h
[586.632s] -- Installing: /home/hamad/ws_offboard_control/install/px4_msgs/include/px4_msgs/px4_msgs/msg/detail/sensor_correction__functions.c
[586.632s] -- Installing: /home/hamad/ws_offboard_control/install/px4_msgs/include/px4_msgs/px4_msgs/msg/detail/rc_channels__description.c
[586.632s] -- Installing: /home/hamad/ws_offboard_control/install/px4_msgs/include/px4_msgs/px4_msgs/msg/detail/radio_status__functions.c
[586.632s] -- Installing: /home/hamad/ws_offboard_control/install/px4_msgs/include/px4_msgs/px4_msgs/msg/detail/lateral_control_configuration__functions.h
[586.632s] -- Installing: /home/hamad/ws_offboard_control/install/px4_msgs/include/px4_msgs/px4_msgs/msg/detail/flight_phase_estimation__type_support.h
[586.632s] -- Installing: /home/hamad/ws_offboard_control/install/px4_msgs/include/px4_msgs/px4_msgs/msg/detail/parameter_set_value_request__functions.h
[586.632s] -- Installing: /home/hamad/ws_offboard_control/install/px4_msgs/include/px4_msgs/px4_msgs/msg/detail/vehicle_optical_flow__type_support.h
[586.632s] -- Installing: /home/hamad/ws_offboard_control/install/px4_msgs/include/px4_msgs/px4_msgs/msg/detail/wheel_encoders__functions.h
[586.632s] -- Installing: /home/hamad/ws_offboard_control/install/px4_msgs/include/px4_msgs/px4_msgs/msg/detail/rtl_status__description.c
[586.632s] -- Installing: /home/hamad/ws_offboard_control/install/px4_msgs/include/px4_msgs/px4_msgs/msg/detail/gimbal_device_set_attitude__functions.h
[586.633s] -- Installing: /home/hamad/ws_offboard_control/install/px4_msgs/include/px4_msgs/px4_msgs/msg/detail/differential_pressure__struct.h
[586.633s] -- Installing: /home/hamad/ws_offboard_control/install/px4_msgs/include/px4_msgs/px4_msgs/msg/detail/parameter_set_used_request__functions.h
[586.633s] -- Installing: /home/hamad/ws_offboard_control/install/px4_msgs/include/px4_msgs/px4_msgs/msg/detail/open_drone_id_self_id__struct.h
[586.633s] -- Installing: /home/hamad/ws_offboard_control/install/px4_msgs/include/px4_msgs/px4_msgs/msg/detail/position_setpoint__type_support.c
[586.633s] -- Installing: /home/hamad/ws_offboard_control/install/px4_msgs/include/px4_msgs/px4_msgs/msg/detail/uavcan_parameter_request__type_support.c
[586.633s] -- Installing: /home/hamad/ws_offboard_control/install/px4_msgs/include/px4_msgs/px4_msgs/msg/detail/cellular_status__description.c
[586.633s] -- Installing: /home/hamad/ws_offboard_control/install/px4_msgs/include/px4_msgs/px4_msgs/msg/detail/position_setpoint_triplet__type_support.h
[586.633s] -- Installing: /home/hamad/ws_offboard_control/install/px4_msgs/include/px4_msgs/px4_msgs/msg/detail/vehicle_rates_setpoint__functions.c
[586.633s] -- Installing: /home/hamad/ws_offboard_control/install/px4_msgs/include/px4_msgs/px4_msgs/msg/detail/vehicle_magnetometer__struct.h
[586.633s] -- Installing: /home/hamad/ws_offboard_control/install/px4_msgs/include/px4_msgs/px4_msgs/msg/detail/gimbal_manager_set_manual_control__description.c
[586.633s] -- Installing: /home/hamad/ws_offboard_control/install/px4_msgs/include/px4_msgs/px4_msgs/msg/detail/actuator_servos_trim__struct.h
[586.633s] -- Installing: /home/hamad/ws_offboard_control/install/px4_msgs/include/px4_msgs/px4_msgs/msg/detail/register_ext_component_reply__functions.c
[586.634s] -- Installing: /home/hamad/ws_offboard_control/install/px4_msgs/include/px4_msgs/px4_msgs/msg/detail/rover_rate_setpoint__functions.c
[586.634s] -- Installing: /home/hamad/ws_offboard_control/install/px4_msgs/include/px4_msgs/px4_msgs/msg/detail/debug_array__type_support.c
[586.634s] -- Installing: /home/hamad/ws_offboard_control/install/px4_msgs/include/px4_msgs/px4_msgs/msg/detail/irlock_report__functions.c
[586.634s] -- Installing: /home/hamad/ws_offboard_control/install/px4_msgs/include/px4_msgs/px4_msgs/msg/detail/register_ext_component_request__functions.h
[586.634s] -- Installing: /home/hamad/ws_offboard_control/install/px4_msgs/include/px4_msgs/px4_msgs/msg/detail/tune_control__struct.h
[586.634s] -- Installing: /home/hamad/ws_offboard_control/install/px4_msgs/include/px4_msgs/px4_msgs/msg/detail/estimator_selector_status__functions.h
[586.634s] -- Installing: /home/hamad/ws_offboard_control/install/px4_msgs/include/px4_msgs/px4_msgs/msg/detail/tune_control__description.c
[586.634s] -- Installing: /home/hamad/ws_offboard_control/install/px4_msgs/include/px4_msgs/px4_msgs/msg/detail/vehicle_air_data__description.c
[586.634s] -- Installing: /home/hamad/ws_offboard_control/install/px4_msgs/include/px4_msgs/px4_msgs/msg/detail/mount_orientation__functions.h
[586.634s] -- Installing: /home/hamad/ws_offboard_control/install/px4_msgs/include/px4_msgs/px4_msgs/msg/detail/vehicle_local_position_setpoint__type_support.h
[586.635s] -- Installing: /home/hamad/ws_offboard_control/install/px4_msgs/include/px4_msgs/px4_msgs/msg/detail/dataman_request__type_support.h
[586.635s] -- Installing: /home/hamad/ws_offboard_control/install/px4_msgs/include/px4_msgs/px4_msgs/msg/detail/vehicle_global_position__functions.h
[586.635s] -- Installing: /home/hamad/ws_offboard_control/install/px4_msgs/include/px4_msgs/px4_msgs/msg/detail/collision_constraints__functions.h
[586.635s] -- Installing: /home/hamad/ws_offboard_control/install/px4_msgs/include/px4_msgs/px4_msgs/msg/detail/obstacle_distance__type_support.c
[586.635s] -- Installing: /home/hamad/ws_offboard_control/install/px4_msgs/include/px4_msgs/px4_msgs/msg/detail/led_control__functions.c
[586.635s] -- Installing: /home/hamad/ws_offboard_control/install/px4_msgs/include/px4_msgs/px4_msgs/msg/detail/sensor_mag__struct.h
[586.635s] -- Installing: /home/hamad/ws_offboard_control/install/px4_msgs/include/px4_msgs/px4_msgs/msg/detail/esc_report__struct.h
[586.635s] -- Installing: /home/hamad/ws_offboard_control/install/px4_msgs/include/px4_msgs/px4_msgs/msg/detail/parameter_update__type_support.h
[586.635s] -- Installing: /home/hamad/ws_offboard_control/install/px4_msgs/include/px4_msgs/px4_msgs/msg/detail/yaw_estimator_status__functions.h
[586.635s] -- Installing: /home/hamad/ws_offboard_control/install/px4_msgs/include/px4_msgs/px4_msgs/msg/detail/vehicle_imu_status__functions.h
[586.635s] -- Installing: /home/hamad/ws_offboard_control/install/px4_msgs/include/px4_msgs/px4_msgs/msg/detail/rover_throttle_setpoint__type_support.c
[586.635s] -- Installing: /home/hamad/ws_offboard_control/install/px4_msgs/include/px4_msgs/px4_msgs/msg/detail/telemetry_status__struct.h
[586.635s] -- Installing: /home/hamad/ws_offboard_control/install/px4_msgs/include/px4_msgs/px4_msgs/msg/detail/trajectory_setpoint6dof__functions.h
[586.636s] -- Installing: /home/hamad/ws_offboard_control/install/px4_msgs/include/px4_msgs/px4_msgs/msg/detail/sensor_mag__functions.c
[586.636s] -- Installing: /home/hamad/ws_offboard_control/install/px4_msgs/include/px4_msgs/px4_msgs/msg/detail/sensor_gnss_relative__type_support.h
[586.636s] -- Installing: /home/hamad/ws_offboard_control/install/px4_msgs/include/px4_msgs/px4_msgs/msg/detail/sensor_preflight_mag__functions.c
[586.636s] -- Installing: /home/hamad/ws_offboard_control/install/px4_msgs/include/px4_msgs/px4_msgs/msg/detail/geofence_status__functions.h
[586.636s] -- Installing: /home/hamad/ws_offboard_control/install/px4_msgs/include/px4_msgs/px4_msgs/msg/detail/fixed_wing_lateral_setpoint__functions.c
[586.636s] -- Installing: /home/hamad/ws_offboard_control/install/px4_msgs/include/px4_msgs/px4_msgs/msg/detail/home_position__struct.h
[586.636s] -- Installing: /home/hamad/ws_offboard_control/install/px4_msgs/include/px4_msgs/px4_msgs/msg/detail/vehicle_optical_flow_vel__description.c
[586.636s] -- Installing: /home/hamad/ws_offboard_control/install/px4_msgs/include/px4_msgs/px4_msgs/msg/detail/mission_result__description.c
[586.636s] -- Installing: /home/hamad/ws_offboard_control/install/px4_msgs/include/px4_msgs/px4_msgs/msg/detail/vehicle_imu_status__type_support.h
[586.636s] -- Installing: /home/hamad/ws_offboard_control/install/px4_msgs/include/px4_msgs/px4_msgs/msg/detail/sensor_uwb__type_support.h
[586.636s] -- Installing: /home/hamad/ws_offboard_control/install/px4_msgs/include/px4_msgs/px4_msgs/msg/detail/rtl_status__functions.c
[586.636s] -- Installing: /home/hamad/ws_offboard_control/install/px4_msgs/include/px4_msgs/px4_msgs/msg/detail/battery_info__functions.c
[586.636s] -- Installing: /home/hamad/ws_offboard_control/install/px4_msgs/include/px4_msgs/px4_msgs/msg/detail/velocity_limits__description.c
[586.637s] -- Installing: /home/hamad/ws_offboard_control/install/px4_msgs/include/px4_msgs/px4_msgs/msg/detail/estimator_status__functions.c
[586.637s] -- Installing: /home/hamad/ws_offboard_control/install/px4_msgs/include/px4_msgs/px4_msgs/msg/detail/px4io_status__functions.h
[586.637s] -- Installing: /home/hamad/ws_offboard_control/install/px4_msgs/include/px4_msgs/px4_msgs/msg/detail/adc_report__functions.c
[586.637s] -- Installing: /home/hamad/ws_offboard_control/install/px4_msgs/include/px4_msgs/px4_msgs/msg/detail/uavcan_parameter_value__struct.h
[586.637s] -- Installing: /home/hamad/ws_offboard_control/install/px4_msgs/include/px4_msgs/px4_msgs/msg/detail/camera_trigger__description.c
[586.637s] -- Installing: /home/hamad/ws_offboard_control/install/px4_msgs/include/px4_msgs/px4_msgs/msg/detail/sensor_optical_flow__struct.h
[586.637s] -- Installing: /home/hamad/ws_offboard_control/install/px4_msgs/include/px4_msgs/px4_msgs/msg/detail/vehicle_local_position_setpoint__description.c
[586.637s] -- Installing: /home/hamad/ws_offboard_control/install/px4_msgs/include/px4_msgs/px4_msgs/msg/detail/autotune_attitude_control_status__type_support.c
[586.637s] -- Installing: /home/hamad/ws_offboard_control/install/px4_msgs/include/px4_msgs/px4_msgs/msg/detail/vehicle_acceleration__struct.h
[586.637s] -- Installing: /home/hamad/ws_offboard_control/install/px4_msgs/include/px4_msgs/px4_msgs/msg/detail/gpio_config__struct.h
[586.637s] -- Installing: /home/hamad/ws_offboard_control/install/px4_msgs/include/px4_msgs/px4_msgs/msg/detail/dataman_request__functions.h
[586.637s] -- Installing: /home/hamad/ws_offboard_control/install/px4_msgs/include/px4_msgs/px4_msgs/msg/detail/vehicle_roi__type_support.c
[586.638s] -- Installing: /home/hamad/ws_offboard_control/install/px4_msgs/include/px4_msgs/px4_msgs/msg/detail/airspeed_wind__functions.c
[586.638s] -- Installing: /home/hamad/ws_offboard_control/install/px4_msgs/include/px4_msgs/px4_msgs/msg/detail/manual_control_switches__functions.c
[586.638s] -- Installing: /home/hamad/ws_offboard_control/install/px4_msgs/include/px4_msgs/px4_msgs/msg/detail/sensor_gyro__functions.c
[586.638s] -- Installing: /home/hamad/ws_offboard_control/install/px4_msgs/include/px4_msgs/px4_msgs/msg/detail/battery_info__functions.h
[586.638s] -- Installing: /home/hamad/ws_offboard_control/install/px4_msgs/include/px4_msgs/px4_msgs/msg/detail/gps_dump__functions.h
[586.638s] -- Installing: /home/hamad/ws_offboard_control/install/px4_msgs/include/px4_msgs/px4_msgs/msg/detail/airspeed_validated__type_support.c
[586.638s] -- Installing: /home/hamad/ws_offboard_control/install/px4_msgs/include/px4_msgs/px4_msgs/msg/detail/vehicle_thrust_setpoint__description.c
[586.638s] -- Installing: /home/hamad/ws_offboard_control/install/px4_msgs/include/px4_msgs/px4_msgs/msg/detail/vehicle_land_detected__type_support.h
[586.638s] -- Installing: /home/hamad/ws_offboard_control/install/px4_msgs/include/px4_msgs/px4_msgs/msg/detail/esc_status__type_support.h
[586.638s] -- Installing: /home/hamad/ws_offboard_control/install/px4_msgs/include/px4_msgs/px4_msgs/msg/detail/vehicle_constraints__functions.c
[586.638s] -- Installing: /home/hamad/ws_offboard_control/install/px4_msgs/include/px4_msgs/px4_msgs/msg/detail/follow_target_estimator__struct.h
[586.639s] -- Installing: /home/hamad/ws_offboard_control/install/px4_msgs/include/px4_msgs/px4_msgs/msg/detail/message_format_request__functions.c
[586.639s] -- Installing: /home/hamad/ws_offboard_control/install/px4_msgs/include/px4_msgs/px4_msgs/msg/detail/actuator_controls_status__type_support.c
[586.639s] -- Installing: /home/hamad/ws_offboard_control/install/px4_msgs/include/px4_msgs/px4_msgs/msg/detail/rtl_time_estimate__description.c
[586.639s] -- Installing: /home/hamad/ws_offboard_control/install/px4_msgs/include/px4_msgs/px4_msgs/msg/detail/distance_sensor__type_support.c
[586.639s] -- Installing: /home/hamad/ws_offboard_control/install/px4_msgs/include/px4_msgs/px4_msgs/msg/detail/normalized_unsigned_setpoint__description.c
[586.639s] -- Installing: /home/hamad/ws_offboard_control/install/px4_msgs/include/px4_msgs/px4_msgs/msg/detail/gimbal_manager_set_attitude__functions.h
[586.639s] -- Installing: /home/hamad/ws_offboard_control/install/px4_msgs/include/px4_msgs/px4_msgs/msg/detail/differential_pressure__type_support.h
[586.639s] -- Installing: /home/hamad/ws_offboard_control/install/px4_msgs/include/px4_msgs/px4_msgs/msg/detail/gimbal_manager_set_attitude__type_support.h
[586.639s] -- Installing: /home/hamad/ws_offboard_control/install/px4_msgs/include/px4_msgs/px4_msgs/msg/detail/actuator_servos_trim__type_support.h
[586.639s] -- Installing: /home/hamad/ws_offboard_control/install/px4_msgs/include/px4_msgs/px4_msgs/msg/detail/differential_pressure__description.c
[586.639s] -- Installing: /home/hamad/ws_offboard_control/install/px4_msgs/include/px4_msgs/px4_msgs/msg/detail/gimbal_device_information__functions.c
[586.639s] -- Installing: /home/hamad/ws_offboard_control/install/px4_msgs/include/px4_msgs/px4_msgs/msg/detail/camera_status__type_support.h
[586.639s] -- Installing: /home/hamad/ws_offboard_control/install/px4_msgs/include/px4_msgs/px4_msgs/msg/detail/vehicle_command__functions.h
[586.639s] -- Installing: /home/hamad/ws_offboard_control/install/px4_msgs/include/px4_msgs/px4_msgs/msg/detail/gimbal_device_information__type_support.c
[586.639s] -- Installing: /home/hamad/ws_offboard_control/install/px4_msgs/include/px4_msgs/px4_msgs/msg/detail/vehicle_optical_flow_vel__functions.c
[586.640s] -- Installing: /home/hamad/ws_offboard_control/install/px4_msgs/include/px4_msgs/px4_msgs/msg/detail/failsafe_flags__type_support.h
[586.640s] -- Installing: /home/hamad/ws_offboard_control/install/px4_msgs/include/px4_msgs/px4_msgs/msg/detail/landing_target_innovations__struct.h
[586.640s] -- Installing: /home/hamad/ws_offboard_control/install/px4_msgs/include/px4_msgs/px4_msgs/msg/detail/vehicle_command__type_support.h
[586.640s] -- Installing: /home/hamad/ws_offboard_control/install/px4_msgs/include/px4_msgs/px4_msgs/msg/detail/mission__description.c
[586.640s] -- Installing: /home/hamad/ws_offboard_control/install/px4_msgs/include/px4_msgs/px4_msgs/msg/detail/rc_parameter_map__functions.c
[586.640s] -- Installing: /home/hamad/ws_offboard_control/install/px4_msgs/include/px4_msgs/px4_msgs/msg/detail/vehicle_air_data__type_support.c
[586.640s] -- Installing: /home/hamad/ws_offboard_control/install/px4_msgs/include/px4_msgs/px4_msgs/msg/detail/pwm_input__type_support.c
[586.640s] -- Installing: /home/hamad/ws_offboard_control/install/px4_msgs/include/px4_msgs/px4_msgs/msg/detail/mount_orientation__description.c
[586.640s] -- Installing: /home/hamad/ws_offboard_control/install/px4_msgs/include/px4_msgs/px4_msgs/msg/detail/power_button_state__type_support.h
[586.640s] -- Installing: /home/hamad/ws_offboard_control/install/px4_msgs/include/px4_msgs/px4_msgs/msg/detail/fixed_wing_lateral_setpoint__struct.h
[586.641s] -- Installing: /home/hamad/ws_offboard_control/install/px4_msgs/include/px4_msgs/px4_msgs/msg/detail/goto_setpoint__functions.c
[586.641s] -- Installing: /home/hamad/ws_offboard_control/install/px4_msgs/include/px4_msgs/px4_msgs/msg/detail/vehicle_local_position_setpoint__functions.c
[586.641s] -- Installing: /home/hamad/ws_offboard_control/install/px4_msgs/include/px4_msgs/px4_msgs/msg/detail/estimator_bias__functions.c
[586.641s] -- Installing: /home/hamad/ws_offboard_control/install/px4_msgs/include/px4_msgs/px4_msgs/msg/detail/sensor_gyro_fifo__description.c
[586.641s] -- Installing: /home/hamad/ws_offboard_control/install/px4_msgs/include/px4_msgs/px4_msgs/msg/detail/can_interface_status__type_support.c
[586.641s] -- Installing: /home/hamad/ws_offboard_control/install/px4_msgs/include/px4_msgs/px4_msgs/msg/detail/orb_test__type_support.c
[586.641s] -- Installing: /home/hamad/ws_offboard_control/install/px4_msgs/include/px4_msgs/px4_msgs/msg/detail/orb_test_large__functions.c
[586.641s] -- Installing: /home/hamad/ws_offboard_control/install/px4_msgs/include/px4_msgs/px4_msgs/msg/detail/open_drone_id_system__type_support.h
[586.641s] -- Installing: /home/hamad/ws_offboard_control/install/px4_msgs/include/px4_msgs/px4_msgs/msg/detail/airspeed__functions.c
[586.641s] -- Installing: /home/hamad/ws_offboard_control/install/px4_msgs/include/px4_msgs/px4_msgs/msg/detail/radio_status__functions.h
[586.641s] -- Installing: /home/hamad/ws_offboard_control/install/px4_msgs/include/px4_msgs/px4_msgs/msg/detail/orb_test__struct.h
[586.641s] -- Installing: /home/hamad/ws_offboard_control/install/px4_msgs/include/px4_msgs/px4_msgs/msg/detail/actuator_outputs__functions.h
[586.641s] -- Installing: /home/hamad/ws_offboard_control/install/px4_msgs/include/px4_msgs/px4_msgs/msg/detail/dataman_request__type_support.c
[586.642s] -- Installing: /home/hamad/ws_offboard_control/install/px4_msgs/include/px4_msgs/px4_msgs/msg/detail/sensor_airflow__type_support.c
[586.642s] -- Installing: /home/hamad/ws_offboard_control/install/px4_msgs/include/px4_msgs/px4_msgs/msg/detail/gimbal_device_information__type_support.h
[586.642s] -- Installing: /home/hamad/ws_offboard_control/install/px4_msgs/include/px4_msgs/px4_msgs/msg/detail/ekf2_timestamps__type_support.h
[586.642s] -- Installing: /home/hamad/ws_offboard_control/install/px4_msgs/include/px4_msgs/px4_msgs/msg/detail/open_drone_id_arm_status__type_support.c
[586.642s] -- Installing: /home/hamad/ws_offboard_control/install/px4_msgs/include/px4_msgs/px4_msgs/msg/detail/debug_vect__struct.h
[586.642s] -- Installing: /home/hamad/ws_offboard_control/install/px4_msgs/include/px4_msgs/px4_msgs/msg/detail/power_monitor__struct.h
[586.642s] -- Installing: /home/hamad/ws_offboard_control/install/px4_msgs/include/px4_msgs/px4_msgs/msg/detail/internal_combustion_engine_status__struct.h
[586.642s] -- Installing: /home/hamad/ws_offboard_control/install/px4_msgs/include/px4_msgs/px4_msgs/msg/detail/estimator_selector_status__struct.h
[586.642s] -- Installing: /home/hamad/ws_offboard_control/install/px4_msgs/include/px4_msgs/px4_msgs/msg/detail/vehicle_odometry__struct.h
[586.642s] -- Installing: /home/hamad/ws_offboard_control/install/px4_msgs/include/px4_msgs/px4_msgs/msg/detail/gimbal_manager_status__struct.h
[586.642s] -- Installing: /home/hamad/ws_offboard_control/install/px4_msgs/include/px4_msgs/px4_msgs/msg/detail/actuator_motors__type_support.h
[586.642s] -- Installing: /home/hamad/ws_offboard_control/install/px4_msgs/include/px4_msgs/px4_msgs/msg/detail/gpio_in__description.c
[586.642s] -- Installing: /home/hamad/ws_offboard_control/install/px4_msgs/include/px4_msgs/px4_msgs/msg/detail/estimator_gps_status__type_support.h
[586.642s] -- Installing: /home/hamad/ws_offboard_control/install/px4_msgs/include/px4_msgs/px4_msgs/msg/detail/sensors_status__struct.h
[586.643s] -- Installing: /home/hamad/ws_offboard_control/install/px4_msgs/include/px4_msgs/px4_msgs/msg/detail/vehicle_angular_velocity__type_support.c
[586.643s] -- Installing: /home/hamad/ws_offboard_control/install/px4_msgs/include/px4_msgs/px4_msgs/msg/detail/unregister_ext_component__description.c
[586.643s] -- Installing: /home/hamad/ws_offboard_control/install/px4_msgs/include/px4_msgs/px4_msgs/msg/detail/register_ext_component_reply__description.c
[586.643s] -- Installing: /home/hamad/ws_offboard_control/install/px4_msgs/include/px4_msgs/px4_msgs/msg/detail/figure_eight_status__description.c
[586.643s] -- Installing: /home/hamad/ws_offboard_control/install/px4_msgs/include/px4_msgs/px4_msgs/msg/detail/task_stack_info__struct.h
[586.643s] -- Installing: /home/hamad/ws_offboard_control/install/px4_msgs/include/px4_msgs/px4_msgs/msg/detail/tecs_status__type_support.c
[586.643s] -- Installing: /home/hamad/ws_offboard_control/install/px4_msgs/include/px4_msgs/px4_msgs/msg/detail/uavcan_parameter_request__type_support.h
[586.643s] -- Installing: /home/hamad/ws_offboard_control/install/px4_msgs/include/px4_msgs/px4_msgs/msg/detail/pps_capture__type_support.h
[586.643s] -- Installing: /home/hamad/ws_offboard_control/install/px4_msgs/include/px4_msgs/px4_msgs/msg/detail/vehicle_status__type_support.h
[586.644s] -- Installing: /home/hamad/ws_offboard_control/install/px4_msgs/include/px4_msgs/px4_msgs/msg/detail/sensor_baro__type_support.c
[586.644s] -- Installing: /home/hamad/ws_offboard_control/install/px4_msgs/include/px4_msgs/px4_msgs/msg/detail/vehicle_status__functions.c
[586.644s] -- Installing: /home/hamad/ws_offboard_control/install/px4_msgs/include/px4_msgs/px4_msgs/msg/detail/estimator_event_flags__functions.h
[586.644s] -- Installing: /home/hamad/ws_offboard_control/install/px4_msgs/include/px4_msgs/px4_msgs/msg/detail/figure_eight_status__functions.h
[586.644s] -- Installing: /home/hamad/ws_offboard_control/install/px4_msgs/include/px4_msgs/px4_msgs/msg/detail/gimbal_controls__type_support.c
[586.644s] -- Installing: /home/hamad/ws_offboard_control/install/px4_msgs/include/px4_msgs/px4_msgs/msg/detail/ulog_stream_ack__functions.c
[586.644s] -- Installing: /home/hamad/ws_offboard_control/install/px4_msgs/include/px4_msgs/px4_msgs/msg/detail/estimator_aid_source1d__functions.c
[586.644s] -- Installing: /home/hamad/ws_offboard_control/install/px4_msgs/include/px4_msgs/px4_msgs/msg/detail/actuator_motors__functions.c
[586.644s] -- Installing: /home/hamad/ws_offboard_control/install/px4_msgs/include/px4_msgs/px4_msgs/msg/detail/transponder_report__type_support.h
[586.644s] -- Installing: /home/hamad/ws_offboard_control/install/px4_msgs/include/px4_msgs/px4_msgs/msg/detail/fixed_wing_runway_control__type_support.c
[586.644s] -- Installing: /home/hamad/ws_offboard_control/install/px4_msgs/include/px4_msgs/px4_msgs/msg/detail/register_ext_component_reply__type_support.c
[586.644s] -- Installing: /home/hamad/ws_offboard_control/install/px4_msgs/include/px4_msgs/px4_msgs/msg/detail/ulog_stream_ack__type_support.h
[586.644s] -- Installing: /home/hamad/ws_offboard_control/install/px4_msgs/include/px4_msgs/px4_msgs/msg/detail/orb_test_large__description.c
[586.645s] -- Installing: /home/hamad/ws_offboard_control/install/px4_msgs/include/px4_msgs/px4_msgs/msg/detail/estimator_gps_status__struct.h
[586.645s] -- Installing: /home/hamad/ws_offboard_control/install/px4_msgs/include/px4_msgs/px4_msgs/msg/detail/control_allocator_status__type_support.h
[586.645s] -- Installing: /home/hamad/ws_offboard_control/install/px4_msgs/include/px4_msgs/px4_msgs/msg/detail/vehicle_magnetometer__description.c
[586.645s] -- Installing: /home/hamad/ws_offboard_control/install/px4_msgs/include/px4_msgs/px4_msgs/msg/detail/vehicle_air_data__type_support.h
[586.645s] -- Installing: /home/hamad/ws_offboard_control/install/px4_msgs/include/px4_msgs/px4_msgs/msg/detail/power_monitor__functions.h
[586.645s] -- Installing: /home/hamad/ws_offboard_control/install/px4_msgs/include/px4_msgs/px4_msgs/msg/detail/uavcan_parameter_value__type_support.h
[586.645s] -- Installing: /home/hamad/ws_offboard_control/install/px4_msgs/include/px4_msgs/px4_msgs/msg/detail/debug_value__functions.c
[586.645s] -- Installing: /home/hamad/ws_offboard_control/install/px4_msgs/include/px4_msgs/px4_msgs/msg/detail/battery_status__type_support.h
[586.645s] -- Installing: /home/hamad/ws_offboard_control/install/px4_msgs/include/px4_msgs/px4_msgs/msg/detail/estimator_aid_source1d__functions.h
[586.645s] -- Installing: /home/hamad/ws_offboard_control/install/px4_msgs/include/px4_msgs/px4_msgs/msg/detail/telemetry_status__functions.h
[586.645s] -- Installing: /home/hamad/ws_offboard_control/install/px4_msgs/include/px4_msgs/px4_msgs/msg/detail/heater_status__type_support.h
[586.646s] -- Installing: /home/hamad/ws_offboard_control/install/px4_msgs/include/px4_msgs/px4_msgs/msg/detail/vehicle_acceleration__functions.c
[586.646s] -- Installing: /home/hamad/ws_offboard_control/install/px4_msgs/include/px4_msgs/px4_msgs/msg/detail/estimator_aid_source3d__type_support.c
[586.646s] -- Installing: /home/hamad/ws_offboard_control/install/px4_msgs/include/px4_msgs/px4_msgs/msg/detail/esc_report__functions.c
[586.646s] -- Installing: /home/hamad/ws_offboard_control/install/px4_msgs/include/px4_msgs/px4_msgs/msg/detail/landing_target_pose__functions.c
[586.646s] -- Installing: /home/hamad/ws_offboard_control/install/px4_msgs/include/px4_msgs/px4_msgs/msg/detail/vehicle_control_mode__description.c
[586.646s] -- Installing: /home/hamad/ws_offboard_control/install/px4_msgs/include/px4_msgs/px4_msgs/msg/detail/rover_steering_setpoint__description.c
[586.646s] -- Installing: /home/hamad/ws_offboard_control/install/px4_msgs/include/px4_msgs/px4_msgs/msg/detail/goto_setpoint__description.c
[586.646s] -- Installing: /home/hamad/ws_offboard_control/install/px4_msgs/include/px4_msgs/px4_msgs/msg/detail/rtl_status__struct.h
[586.646s] -- Installing: /home/hamad/ws_offboard_control/install/px4_msgs/include/px4_msgs/px4_msgs/msg/detail/sensor_accel_fifo__type_support.c
[586.646s] -- Installing: /home/hamad/ws_offboard_control/install/px4_msgs/include/px4_msgs/px4_msgs/msg/detail/rc_channels__type_support.c
[586.646s] -- Installing: /home/hamad/ws_offboard_control/install/px4_msgs/include/px4_msgs/px4_msgs/msg/detail/hover_thrust_estimate__description.c
[586.646s] -- Installing: /home/hamad/ws_offboard_control/install/px4_msgs/include/px4_msgs/px4_msgs/msg/detail/vehicle_status__functions.h
[586.647s] -- Installing: /home/hamad/ws_offboard_control/install/px4_msgs/include/px4_msgs/px4_msgs/msg/detail/qshell_req__struct.h
[586.647s] -- Installing: /home/hamad/ws_offboard_control/install/px4_msgs/include/px4_msgs/px4_msgs/msg/detail/mode_completed__functions.h
[586.647s] -- Installing: /home/hamad/ws_offboard_control/install/px4_msgs/include/px4_msgs/px4_msgs/msg/detail/vehicle_angular_velocity__struct.h
[586.647s] -- Installing: /home/hamad/ws_offboard_control/install/px4_msgs/include/px4_msgs/px4_msgs/msg/detail/fixed_wing_longitudinal_setpoint__functions.c
[586.647s] -- Installing: /home/hamad/ws_offboard_control/install/px4_msgs/include/px4_msgs/px4_msgs/msg/detail/open_drone_id_operator_id__type_support.c
[586.647s] -- Installing: /home/hamad/ws_offboard_control/install/px4_msgs/include/px4_msgs/px4_msgs/msg/detail/follow_target__struct.h
[586.647s] -- Installing: /home/hamad/ws_offboard_control/install/px4_msgs/include/px4_msgs/px4_msgs/msg/detail/gimbal_manager_set_manual_control__functions.c
[586.647s] -- Installing: /home/hamad/ws_offboard_control/install/px4_msgs/include/px4_msgs/px4_msgs/msg/detail/task_stack_info__functions.h
[586.647s] -- Installing: /home/hamad/ws_offboard_control/install/px4_msgs/include/px4_msgs/px4_msgs/msg/detail/gps_dump__description.c
[586.647s] -- Installing: /home/hamad/ws_offboard_control/install/px4_msgs/include/px4_msgs/px4_msgs/msg/detail/vehicle_thrust_setpoint__struct.h
[586.647s] -- Installing: /home/hamad/ws_offboard_control/install/px4_msgs/include/px4_msgs/px4_msgs/msg/detail/pwm_input__description.c
[586.647s] -- Installing: /home/hamad/ws_offboard_control/install/px4_msgs/include/px4_msgs/px4_msgs/msg/detail/dronecan_node_status__functions.h
[586.647s] -- Installing: /home/hamad/ws_offboard_control/install/px4_msgs/include/px4_msgs/px4_msgs/msg/detail/fixed_wing_runway_control__functions.h
[586.647s] -- Installing: /home/hamad/ws_offboard_control/install/px4_msgs/include/px4_msgs/px4_msgs/msg/detail/iridiumsbd_status__functions.h
[586.648s] -- Installing: /home/hamad/ws_offboard_control/install/px4_msgs/include/px4_msgs/px4_msgs/msg/detail/goto_setpoint__functions.h
[586.648s] -- Installing: /home/hamad/ws_offboard_control/install/px4_msgs/include/px4_msgs/px4_msgs/msg/detail/landing_target_innovations__type_support.c
[586.648s] -- Installing: /home/hamad/ws_offboard_control/install/px4_msgs/include/px4_msgs/px4_msgs/msg/detail/vehicle_torque_setpoint__functions.h
[586.648s] -- Installing: /home/hamad/ws_offboard_control/install/px4_msgs/include/px4_msgs/px4_msgs/msg/detail/position_controller_landing_status__functions.c
[586.648s] -- Installing: /home/hamad/ws_offboard_control/install/px4_msgs/include/px4_msgs/px4_msgs/msg/detail/estimator_bias3d__type_support.c
[586.648s] -- Installing: /home/hamad/ws_offboard_control/install/px4_msgs/include/px4_msgs/px4_msgs/msg/detail/actuator_servos__functions.c
[586.648s] -- Installing: /home/hamad/ws_offboard_control/install/px4_msgs/include/px4_msgs/px4_msgs/msg/detail/camera_trigger__functions.h
[586.648s] -- Installing: /home/hamad/ws_offboard_control/install/px4_msgs/include/px4_msgs/px4_msgs/msg/detail/gpio_request__description.c
[586.648s] -- Installing: /home/hamad/ws_offboard_control/install/px4_msgs/include/px4_msgs/px4_msgs/msg/detail/distance_sensor__type_support.h
[586.648s] -- Installing: /home/hamad/ws_offboard_control/install/px4_msgs/include/px4_msgs/px4_msgs/msg/detail/cpuload__functions.h
[586.649s] -- Installing: /home/hamad/ws_offboard_control/install/px4_msgs/include/px4_msgs/px4_msgs/msg/detail/parameter_set_value_request__functions.c
[586.649s] -- Installing: /home/hamad/ws_offboard_control/install/px4_msgs/include/px4_msgs/px4_msgs/msg/detail/sensor_baro__functions.h
[586.649s] -- Installing: /home/hamad/ws_offboard_control/install/px4_msgs/include/px4_msgs/px4_msgs/msg/detail/estimator_status__type_support.h
[586.649s] -- Installing: /home/hamad/ws_offboard_control/install/px4_msgs/include/px4_msgs/px4_msgs/msg/detail/arming_check_request__type_support.c
[586.649s] -- Installing: /home/hamad/ws_offboard_control/install/px4_msgs/include/px4_msgs/px4_msgs/msg/detail/navigator_mission_item__struct.h
[586.649s] -- Installing: /home/hamad/ws_offboard_control/install/px4_msgs/include/px4_msgs/px4_msgs/msg/detail/fixed_wing_lateral_setpoint__type_support.c
[586.649s] -- Installing: /home/hamad/ws_offboard_control/install/px4_msgs/include/px4_msgs/px4_msgs/msg/detail/message_format_request__description.c
[586.649s] -- Installing: /home/hamad/ws_offboard_control/install/px4_msgs/include/px4_msgs/px4_msgs/msg/detail/tecs_status__description.c
[586.649s] -- Installing: /home/hamad/ws_offboard_control/install/px4_msgs/include/px4_msgs/px4_msgs/msg/detail/gimbal_manager_status__type_support.c
[586.649s] -- Installing: /home/hamad/ws_offboard_control/install/px4_msgs/include/px4_msgs/px4_msgs/msg/detail/camera_status__struct.h
[586.649s] -- Installing: /home/hamad/ws_offboard_control/install/px4_msgs/include/px4_msgs/px4_msgs/msg/detail/satellite_info__struct.h
[586.649s] -- Installing: /home/hamad/ws_offboard_control/install/px4_msgs/include/px4_msgs/px4_msgs/msg/detail/figure_eight_status__type_support.h
[586.650s] -- Installing: /home/hamad/ws_offboard_control/install/px4_msgs/include/px4_msgs/px4_msgs/msg/detail/gps_dump__functions.c
[586.650s] -- Installing: /home/hamad/ws_offboard_control/install/px4_msgs/include/px4_msgs/px4_msgs/msg/detail/vehicle_optical_flow_vel__type_support.h
[586.650s] -- Installing: /home/hamad/ws_offboard_control/install/px4_msgs/include/px4_msgs/px4_msgs/msg/detail/estimator_bias3d__struct.h
[586.650s] -- Installing: /home/hamad/ws_offboard_control/install/px4_msgs/include/px4_msgs/px4_msgs/msg/detail/gpio_request__type_support.h
[586.650s] -- Installing: /home/hamad/ws_offboard_control/install/px4_msgs/include/px4_msgs/px4_msgs/msg/detail/manual_control_switches__type_support.c
[586.650s] -- Installing: /home/hamad/ws_offboard_control/install/px4_msgs/include/px4_msgs/px4_msgs/msg/detail/vehicle_torque_setpoint__type_support.h
[586.650s] -- Installing: /home/hamad/ws_offboard_control/install/px4_msgs/include/px4_msgs/px4_msgs/msg/detail/wind__struct.h
[586.650s] -- Installing: /home/hamad/ws_offboard_control/install/px4_msgs/include/px4_msgs/px4_msgs/msg/detail/vehicle_local_position__type_support.c
[586.650s] -- Installing: /home/hamad/ws_offboard_control/install/px4_msgs/include/px4_msgs/px4_msgs/msg/detail/sensor_gyro_fifo__type_support.h
[586.650s] -- Installing: /home/hamad/ws_offboard_control/install/px4_msgs/include/px4_msgs/px4_msgs/msg/detail/estimator_states__functions.c
[586.650s] -- Installing: /home/hamad/ws_offboard_control/install/px4_msgs/include/px4_msgs/px4_msgs/msg/detail/power_button_state__struct.h
[586.651s] -- Installing: /home/hamad/ws_offboard_control/install/px4_msgs/include/px4_msgs/px4_msgs/msg/detail/system_power__struct.h
[586.651s] -- Installing: /home/hamad/ws_offboard_control/install/px4_msgs/include/px4_msgs/px4_msgs/msg/detail/onboard_computer_status__functions.h
[586.651s] -- Installing: /home/hamad/ws_offboard_control/install/px4_msgs/include/px4_msgs/px4_msgs/msg/detail/message_format_response__functions.c
[586.651s] -- Installing: /home/hamad/ws_offboard_control/install/px4_msgs/include/px4_msgs/px4_msgs/msg/detail/velocity_limits__type_support.c
[586.651s] -- Installing: /home/hamad/ws_offboard_control/install/px4_msgs/include/px4_msgs/px4_msgs/msg/detail/collision_constraints__description.c
[586.651s] -- Installing: /home/hamad/ws_offboard_control/install/px4_msgs/include/px4_msgs/px4_msgs/msg/detail/sensor_accel_fifo__functions.h
[586.651s] -- Installing: /home/hamad/ws_offboard_control/install/px4_msgs/include/px4_msgs/px4_msgs/msg/detail/tiltrotor_extra_controls__functions.h
[586.651s] -- Installing: /home/hamad/ws_offboard_control/install/px4_msgs/include/px4_msgs/px4_msgs/msg/detail/estimator_gps_status__description.c
[586.651s] -- Installing: /home/hamad/ws_offboard_control/install/px4_msgs/include/px4_msgs/px4_msgs/msg/detail/vtol_vehicle_status__type_support.h
[586.651s] -- Installing: /home/hamad/ws_offboard_control/install/px4_msgs/include/px4_msgs/px4_msgs/msg/detail/follow_target_status__functions.c
[586.651s] -- Installing: /home/hamad/ws_offboard_control/install/px4_msgs/include/px4_msgs/px4_msgs/msg/detail/heater_status__functions.h
[586.651s] -- Installing: /home/hamad/ws_offboard_control/install/px4_msgs/include/px4_msgs/px4_msgs/msg/detail/debug_value__struct.h
[586.651s] -- Installing: /home/hamad/ws_offboard_control/install/px4_msgs/include/px4_msgs/px4_msgs/msg/detail/rtl_status__functions.h
[586.651s] -- Installing: /home/hamad/ws_offboard_control/install/px4_msgs/include/px4_msgs/px4_msgs/msg/detail/gimbal_device_attitude_status__functions.h
[586.652s] -- Installing: /home/hamad/ws_offboard_control/install/px4_msgs/include/px4_msgs/px4_msgs/msg/detail/geofence_result__struct.h
[586.652s] -- Installing: /home/hamad/ws_offboard_control/install/px4_msgs/include/px4_msgs/px4_msgs/msg/detail/input_rc__type_support.c
[586.652s] -- Installing: /home/hamad/ws_offboard_control/install/px4_msgs/include/px4_msgs/px4_msgs/msg/detail/tecs_status__struct.h
[586.652s] -- Installing: /home/hamad/ws_offboard_control/install/px4_msgs/include/px4_msgs/px4_msgs/msg/detail/timesync_status__functions.c
[586.652s] -- Installing: /home/hamad/ws_offboard_control/install/px4_msgs/include/px4_msgs/px4_msgs/msg/detail/estimator_states__struct.h
[586.652s] -- Installing: /home/hamad/ws_offboard_control/install/px4_msgs/include/px4_msgs/px4_msgs/msg/detail/internal_combustion_engine_control__description.c
[586.652s] -- Installing: /home/hamad/ws_offboard_control/install/px4_msgs/include/px4_msgs/px4_msgs/msg/detail/actuator_servos_trim__description.c
[586.652s] -- Installing: /home/hamad/ws_offboard_control/install/px4_msgs/include/px4_msgs/px4_msgs/msg/detail/actuator_motors__struct.h
[586.652s] -- Installing: /home/hamad/ws_offboard_control/install/px4_msgs/include/px4_msgs/px4_msgs/msg/detail/px4io_status__struct.h
[586.652s] -- Installing: /home/hamad/ws_offboard_control/install/px4_msgs/include/px4_msgs/px4_msgs/msg/detail/sensor_baro__description.c
[586.652s] -- Installing: /home/hamad/ws_offboard_control/install/px4_msgs/include/px4_msgs/px4_msgs/msg/detail/vehicle_imu_status__description.c
[586.652s] -- Installing: /home/hamad/ws_offboard_control/install/px4_msgs/include/px4_msgs/px4_msgs/msg/detail/esc_report__type_support.h
[586.653s] -- Installing: /home/hamad/ws_offboard_control/install/px4_msgs/include/px4_msgs/px4_msgs/msg/detail/debug_vect__type_support.h
[586.653s] -- Installing: /home/hamad/ws_offboard_control/install/px4_msgs/include/px4_msgs/px4_msgs/msg/detail/mission__functions.h
[586.653s] -- Installing: /home/hamad/ws_offboard_control/install/px4_msgs/include/px4_msgs/px4_msgs/msg/detail/vehicle_global_position__type_support.h
[586.653s] -- Installing: /home/hamad/ws_offboard_control/install/px4_msgs/include/px4_msgs/px4_msgs/msg/detail/gimbal_manager_information__functions.h
[586.653s] -- Installing: /home/hamad/ws_offboard_control/install/px4_msgs/include/px4_msgs/px4_msgs/msg/detail/fixed_wing_lateral_status__type_support.h
[586.653s] -- Installing: /home/hamad/ws_offboard_control/install/px4_msgs/include/px4_msgs/px4_msgs/msg/detail/esc_report__type_support.c
[586.653s] -- Installing: /home/hamad/ws_offboard_control/install/px4_msgs/include/px4_msgs/px4_msgs/msg/detail/sensor_preflight_mag__description.c
[586.653s] -- Installing: /home/hamad/ws_offboard_control/install/px4_msgs/include/px4_msgs/px4_msgs/msg/detail/actuator_armed__struct.h
[586.653s] -- Installing: /home/hamad/ws_offboard_control/install/px4_msgs/include/px4_msgs/px4_msgs/msg/detail/system_power__type_support.h
[586.653s] -- Installing: /home/hamad/ws_offboard_control/install/px4_msgs/include/px4_msgs/px4_msgs/msg/detail/actuator_armed__description.c
[586.653s] -- Installing: /home/hamad/ws_offboard_control/install/px4_msgs/include/px4_msgs/px4_msgs/msg/detail/estimator_sensor_bias__description.c
[586.653s] -- Installing: /home/hamad/ws_offboard_control/install/px4_msgs/include/px4_msgs/px4_msgs/msg/detail/actuator_servos__type_support.h
[586.654s] -- Installing: /home/hamad/ws_offboard_control/install/px4_msgs/include/px4_msgs/px4_msgs/msg/detail/debug_value__description.c
[586.654s] -- Installing: /home/hamad/ws_offboard_control/install/px4_msgs/include/px4_msgs/px4_msgs/msg/detail/event__type_support.c
[586.654s] -- Installing: /home/hamad/ws_offboard_control/install/px4_msgs/include/px4_msgs/px4_msgs/msg/detail/ekf2_timestamps__description.c
[586.654s] -- Installing: /home/hamad/ws_offboard_control/install/px4_msgs/include/px4_msgs/px4_msgs/msg/detail/vehicle_attitude__description.c
[586.654s] -- Installing: /home/hamad/ws_offboard_control/install/px4_msgs/include/px4_msgs/px4_msgs/msg/detail/health_report__description.c
[586.654s] -- Installing: /home/hamad/ws_offboard_control/install/px4_msgs/include/px4_msgs/px4_msgs/msg/detail/mission__functions.c
[586.654s] -- Installing: /home/hamad/ws_offboard_control/install/px4_msgs/include/px4_msgs/px4_msgs/msg/detail/vehicle_optical_flow__functions.c
[586.654s] -- Installing: /home/hamad/ws_offboard_control/install/px4_msgs/include/px4_msgs/px4_msgs/msg/detail/rc_parameter_map__description.c
[586.654s] -- Installing: /home/hamad/ws_offboard_control/install/px4_msgs/include/px4_msgs/px4_msgs/msg/detail/vehicle_local_position_setpoint__struct.h
[586.654s] -- Installing: /home/hamad/ws_offboard_control/install/px4_msgs/include/px4_msgs/px4_msgs/msg/detail/vehicle_odometry__type_support.h
[586.654s] -- Installing: /home/hamad/ws_offboard_control/install/px4_msgs/include/px4_msgs/px4_msgs/msg/detail/vehicle_land_detected__description.c
[586.655s] -- Installing: /home/hamad/ws_offboard_control/install/px4_msgs/include/px4_msgs/px4_msgs/msg/detail/geofence_status__type_support.h
[586.655s] -- Installing: /home/hamad/ws_offboard_control/install/px4_msgs/include/px4_msgs/px4_msgs/msg/detail/tiltrotor_extra_controls__type_support.c
[586.655s] -- Installing: /home/hamad/ws_offboard_control/install/px4_msgs/include/px4_msgs/px4_msgs/msg/detail/rpm__functions.c
[586.655s] -- Installing: /home/hamad/ws_offboard_control/install/px4_msgs/include/px4_msgs/px4_msgs/msg/detail/sensor_correction__functions.h
[586.655s] -- Installing: /home/hamad/ws_offboard_control/install/px4_msgs/include/px4_msgs/px4_msgs/msg/detail/position_controller_status__struct.h
[586.655s] -- Installing: /home/hamad/ws_offboard_control/install/px4_msgs/include/px4_msgs/px4_msgs/msg/detail/differential_pressure__functions.c
[586.655s] -- Installing: /home/hamad/ws_offboard_control/install/px4_msgs/include/px4_msgs/px4_msgs/msg/detail/vehicle_thrust_setpoint__type_support.c
[586.655s] -- Installing: /home/hamad/ws_offboard_control/install/px4_msgs/include/px4_msgs/px4_msgs/msg/detail/airspeed_wind__functions.h
[586.655s] -- Installing: /home/hamad/ws_offboard_control/install/px4_msgs/include/px4_msgs/px4_msgs/msg/detail/trajectory_setpoint__functions.c
[586.655s] -- Installing: /home/hamad/ws_offboard_control/install/px4_msgs/include/px4_msgs/px4_msgs/msg/detail/parameter_reset_request__description.c
[586.655s] -- Installing: /home/hamad/ws_offboard_control/install/px4_msgs/include/px4_msgs/px4_msgs/msg/detail/actuator_test__functions.c
[586.655s] -- Installing: /home/hamad/ws_offboard_control/install/px4_msgs/include/px4_msgs/px4_msgs/msg/detail/onboard_computer_status__functions.c
[586.655s] -- Installing: /home/hamad/ws_offboard_control/install/px4_msgs/include/px4_msgs/px4_msgs/msg/detail/estimator_states__description.c
[586.655s] -- Installing: /home/hamad/ws_offboard_control/install/px4_msgs/include/px4_msgs/px4_msgs/msg/detail/timesync_status__functions.h
[586.656s] -- Installing: /home/hamad/ws_offboard_control/install/px4_msgs/include/px4_msgs/px4_msgs/msg/detail/health_report__type_support.c
[586.656s] -- Installing: /home/hamad/ws_offboard_control/install/px4_msgs/include/px4_msgs/px4_msgs/msg/detail/power_button_state__functions.h
[586.656s] -- Installing: /home/hamad/ws_offboard_control/install/px4_msgs/include/px4_msgs/px4_msgs/msg/detail/orb_test__type_support.h
[586.656s] -- Installing: /home/hamad/ws_offboard_control/install/px4_msgs/include/px4_msgs/px4_msgs/msg/detail/radio_status__type_support.c
[586.656s] -- Installing: /home/hamad/ws_offboard_control/install/px4_msgs/include/px4_msgs/px4_msgs/msg/detail/trajectory_setpoint6dof__type_support.c
[586.656s] -- Installing: /home/hamad/ws_offboard_control/install/px4_msgs/include/px4_msgs/px4_msgs/msg/detail/estimator_aid_source2d__functions.c
[586.656s] -- Installing: /home/hamad/ws_offboard_control/install/px4_msgs/include/px4_msgs/px4_msgs/msg/detail/parameter_reset_request__functions.h
[586.656s] -- Installing: /home/hamad/ws_offboard_control/install/px4_msgs/include/px4_msgs/px4_msgs/msg/detail/estimator_sensor_bias__functions.c
[586.656s] -- Installing: /home/hamad/ws_offboard_control/install/px4_msgs/include/px4_msgs/px4_msgs/msg/detail/obstacle_distance__functions.h
[586.656s] -- Installing: /home/hamad/ws_offboard_control/install/px4_msgs/include/px4_msgs/px4_msgs/msg/detail/position_setpoint_triplet__functions.c
[586.656s] -- Installing: /home/hamad/ws_offboard_control/install/px4_msgs/include/px4_msgs/px4_msgs/msg/detail/vehicle_imu__description.c
[586.656s] -- Installing: /home/hamad/ws_offboard_control/install/px4_msgs/include/px4_msgs/px4_msgs/msg/detail/mode_completed__type_support.h
[586.657s] -- Installing: /home/hamad/ws_offboard_control/install/px4_msgs/include/px4_msgs/px4_msgs/msg/detail/home_position__functions.c
[586.657s] -- Installing: /home/hamad/ws_offboard_control/install/px4_msgs/include/px4_msgs/px4_msgs/msg/detail/sensor_hygrometer__struct.h
[586.657s] -- Installing: /home/hamad/ws_offboard_control/install/px4_msgs/include/px4_msgs/px4_msgs/msg/detail/position_setpoint__struct.h
[586.657s] -- Installing: /home/hamad/ws_offboard_control/install/px4_msgs/include/px4_msgs/px4_msgs/msg/detail/airspeed__struct.h
[586.657s] -- Installing: /home/hamad/ws_offboard_control/install/px4_msgs/include/px4_msgs/px4_msgs/msg/detail/gpio_request__functions.h
[586.657s] -- Installing: /home/hamad/ws_offboard_control/install/px4_msgs/include/px4_msgs/px4_msgs/msg/detail/sensor_gnss_status__functions.c
[586.657s] -- Installing: /home/hamad/ws_offboard_control/install/px4_msgs/include/px4_msgs/px4_msgs/msg/detail/orbit_status__functions.h
[586.657s] -- Installing: /home/hamad/ws_offboard_control/install/px4_msgs/include/px4_msgs/px4_msgs/msg/detail/vehicle_optical_flow__type_support.c
[586.657s] -- Installing: /home/hamad/ws_offboard_control/install/px4_msgs/include/px4_msgs/px4_msgs/msg/detail/vehicle_acceleration__functions.h
[586.657s] -- Installing: /home/hamad/ws_offboard_control/install/px4_msgs/include/px4_msgs/px4_msgs/msg/detail/parameter_set_value_response__functions.c
[586.657s] -- Installing: /home/hamad/ws_offboard_control/install/px4_msgs/include/px4_msgs/px4_msgs/msg/detail/sensor_mag__description.c
[586.657s] -- Installing: /home/hamad/ws_offboard_control/install/px4_msgs/include/px4_msgs/px4_msgs/msg/detail/follow_target_estimator__type_support.c
[586.658s] -- Installing: /home/hamad/ws_offboard_control/install/px4_msgs/include/px4_msgs/px4_msgs/msg/detail/vehicle_imu_status__functions.c
[586.658s] -- Installing: /home/hamad/ws_offboard_control/install/px4_msgs/include/px4_msgs/px4_msgs/msg/detail/internal_combustion_engine_control__struct.h
[586.658s] -- Installing: /home/hamad/ws_offboard_control/install/px4_msgs/include/px4_msgs/px4_msgs/msg/detail/estimator_aid_source2d__struct.h
[586.658s] -- Installing: /home/hamad/ws_offboard_control/install/px4_msgs/include/px4_msgs/px4_msgs/msg/detail/actuator_controls_status__functions.h
[586.658s] -- Installing: /home/hamad/ws_offboard_control/install/px4_msgs/include/px4_msgs/px4_msgs/msg/detail/sensor_gnss_relative__functions.c
[586.658s] -- Installing: /home/hamad/ws_offboard_control/install/px4_msgs/include/px4_msgs/px4_msgs/msg/detail/arming_check_reply__struct.h
[586.658s] -- Installing: /home/hamad/ws_offboard_control/install/px4_msgs/include/px4_msgs/px4_msgs/msg/detail/rover_attitude_setpoint__struct.h
[586.658s] -- Installing: /home/hamad/ws_offboard_control/install/px4_msgs/include/px4_msgs/px4_msgs/msg/detail/rover_attitude_status__functions.c
[586.658s] -- Installing: /home/hamad/ws_offboard_control/install/px4_msgs/include/px4_msgs/px4_msgs/msg/detail/rover_attitude_setpoint__description.c
[586.658s] -- Installing: /home/hamad/ws_offboard_control/install/px4_msgs/include/px4_msgs/px4_msgs/msg/detail/fixed_wing_longitudinal_setpoint__functions.h
[586.658s] -- Installing: /home/hamad/ws_offboard_control/install/px4_msgs/include/px4_msgs/px4_msgs/msg/detail/vehicle_land_detected__functions.h
[586.658s] -- Installing: /home/hamad/ws_offboard_control/install/px4_msgs/include/px4_msgs/px4_msgs/msg/detail/actuator_armed__functions.c
[586.658s] -- Installing: /home/hamad/ws_offboard_control/install/px4_msgs/include/px4_msgs/px4_msgs/msg/detail/mavlink_tunnel__type_support.h
[586.658s] -- Installing: /home/hamad/ws_offboard_control/install/px4_msgs/include/px4_msgs/px4_msgs/msg/detail/logger_status__type_support.h
[586.659s] -- Installing: /home/hamad/ws_offboard_control/install/px4_msgs/include/px4_msgs/px4_msgs/msg/detail/sensor_airflow__struct.h
[586.659s] -- Installing: /home/hamad/ws_offboard_control/install/px4_msgs/include/px4_msgs/px4_msgs/msg/detail/gimbal_device_information__struct.h
[586.659s] -- Installing: /home/hamad/ws_offboard_control/install/px4_msgs/include/px4_msgs/px4_msgs/msg/detail/gps_dump__type_support.h
[586.659s] -- Installing: /home/hamad/ws_offboard_control/install/px4_msgs/include/px4_msgs/px4_msgs/msg/detail/rc_parameter_map__type_support.h
[586.659s] -- Installing: /home/hamad/ws_offboard_control/install/px4_msgs/include/px4_msgs/px4_msgs/msg/detail/gpio_in__struct.h
[586.659s] -- Installing: /home/hamad/ws_offboard_control/install/px4_msgs/include/px4_msgs/px4_msgs/msg/detail/ping__functions.h
[586.659s] -- Installing: /home/hamad/ws_offboard_control/install/px4_msgs/include/px4_msgs/px4_msgs/msg/detail/mode_completed__functions.c
[586.659s] -- Installing: /home/hamad/ws_offboard_control/install/px4_msgs/include/px4_msgs/px4_msgs/msg/detail/message_format_request__type_support.h
[586.659s] -- Installing: /home/hamad/ws_offboard_control/install/px4_msgs/include/px4_msgs/px4_msgs/msg/detail/wind__type_support.h
[586.659s] -- Installing: /home/hamad/ws_offboard_control/install/px4_msgs/include/px4_msgs/px4_msgs/msg/detail/health_report__struct.h
[586.659s] -- Installing: /home/hamad/ws_offboard_control/install/px4_msgs/include/px4_msgs/px4_msgs/msg/detail/position_setpoint_triplet__type_support.c
[586.660s] -- Installing: /home/hamad/ws_offboard_control/install/px4_msgs/include/px4_msgs/px4_msgs/msg/detail/landing_gear_wheel__type_support.h
[586.660s] -- Installing: /home/hamad/ws_offboard_control/install/px4_msgs/include/px4_msgs/px4_msgs/msg/detail/vehicle_status__struct.h
[586.660s] -- Installing: /home/hamad/ws_offboard_control/install/px4_msgs/include/px4_msgs/px4_msgs/msg/detail/open_drone_id_system__description.c
[586.660s] -- Installing: /home/hamad/ws_offboard_control/install/px4_msgs/include/px4_msgs/px4_msgs/msg/detail/vehicle_control_mode__functions.h
[586.660s] -- Installing: /home/hamad/ws_offboard_control/install/px4_msgs/include/px4_msgs/px4_msgs/msg/detail/qshell_req__functions.c
[586.660s] -- Installing: /home/hamad/ws_offboard_control/install/px4_msgs/include/px4_msgs/px4_msgs/msg/detail/gimbal_device_set_attitude__struct.h
[586.660s] -- Installing: /home/hamad/ws_offboard_control/install/px4_msgs/include/px4_msgs/px4_msgs/msg/detail/rate_ctrl_status__description.c
[586.660s] -- Installing: /home/hamad/ws_offboard_control/install/px4_msgs/include/px4_msgs/px4_msgs/msg/detail/normalized_unsigned_setpoint__struct.h
[586.660s] -- Installing: /home/hamad/ws_offboard_control/install/px4_msgs/include/px4_msgs/px4_msgs/msg/detail/parameter_set_value_response__type_support.h
[586.660s] -- Installing: /home/hamad/ws_offboard_control/install/px4_msgs/include/px4_msgs/px4_msgs/msg/detail/gpio_out__type_support.c
[586.660s] -- Installing: /home/hamad/ws_offboard_control/install/px4_msgs/include/px4_msgs/px4_msgs/msg/detail/satellite_info__functions.c
[586.660s] -- Installing: /home/hamad/ws_offboard_control/install/px4_msgs/include/px4_msgs/px4_msgs/msg/detail/fuel_tank_status__struct.h
[586.660s] -- Installing: /home/hamad/ws_offboard_control/install/px4_msgs/include/px4_msgs/px4_msgs/msg/detail/launch_detection_status__struct.h
[586.660s] -- Installing: /home/hamad/ws_offboard_control/install/px4_msgs/include/px4_msgs/px4_msgs/msg/detail/esc_status__functions.c
[586.661s] -- Installing: /home/hamad/ws_offboard_control/install/px4_msgs/include/px4_msgs/px4_msgs/msg/detail/register_ext_component_reply__type_support.h
[586.661s] -- Installing: /home/hamad/ws_offboard_control/install/px4_msgs/include/px4_msgs/px4_msgs/msg/detail/gripper__type_support.c
[586.661s] -- Installing: /home/hamad/ws_offboard_control/install/px4_msgs/include/px4_msgs/px4_msgs/msg/detail/landing_gear__type_support.c
[586.661s] -- Installing: /home/hamad/ws_offboard_control/install/px4_msgs/include/px4_msgs/px4_msgs/msg/detail/follow_target__functions.c
[586.661s] -- Installing: /home/hamad/ws_offboard_control/install/px4_msgs/include/px4_msgs/px4_msgs/msg/detail/radio_status__type_support.h
[586.661s] -- Installing: /home/hamad/ws_offboard_control/install/px4_msgs/include/px4_msgs/px4_msgs/msg/detail/vehicle_command_ack__type_support.c
[586.661s] -- Installing: /home/hamad/ws_offboard_control/install/px4_msgs/include/px4_msgs/px4_msgs/msg/detail/gimbal_controls__functions.h
[586.661s] -- Installing: /home/hamad/ws_offboard_control/install/px4_msgs/include/px4_msgs/px4_msgs/msg/detail/rover_position_setpoint__type_support.h
[586.662s] -- Installing: /home/hamad/ws_offboard_control/install/px4_msgs/include/px4_msgs/px4_msgs/msg/detail/landing_gear_wheel__struct.h
[586.662s] -- Installing: /home/hamad/ws_offboard_control/install/px4_msgs/include/px4_msgs/px4_msgs/msg/detail/sensor_airflow__description.c
[586.662s] -- Installing: /home/hamad/ws_offboard_control/install/px4_msgs/include/px4_msgs/px4_msgs/msg/detail/estimator_bias__type_support.h
[586.662s] -- Installing: /home/hamad/ws_offboard_control/install/px4_msgs/include/px4_msgs/px4_msgs/msg/detail/takeoff_status__type_support.c
[586.662s] -- Installing: /home/hamad/ws_offboard_control/install/px4_msgs/include/px4_msgs/px4_msgs/msg/detail/camera_capture__functions.c
[586.662s] -- Installing: /home/hamad/ws_offboard_control/install/px4_msgs/include/px4_msgs/px4_msgs/msg/detail/fixed_wing_longitudinal_setpoint__struct.h
[586.662s] -- Installing: /home/hamad/ws_offboard_control/install/px4_msgs/include/px4_msgs/px4_msgs/msg/detail/estimator_states__type_support.h
[586.662s] -- Installing: /home/hamad/ws_offboard_control/install/px4_msgs/include/px4_msgs/px4_msgs/msg/detail/power_button_state__functions.c
[586.662s] -- Installing: /home/hamad/ws_offboard_control/install/px4_msgs/include/px4_msgs/px4_msgs/msg/detail/dronecan_node_status__type_support.h
[586.662s] -- Installing: /home/hamad/ws_offboard_control/install/px4_msgs/include/px4_msgs/px4_msgs/msg/detail/cellular_status__type_support.c
[586.662s] -- Installing: /home/hamad/ws_offboard_control/install/px4_msgs/include/px4_msgs/px4_msgs/msg/detail/mode_completed__description.c
[586.662s] -- Installing: /home/hamad/ws_offboard_control/install/px4_msgs/include/px4_msgs/px4_msgs/msg/detail/takeoff_status__functions.c
[586.662s] -- Installing: /home/hamad/ws_offboard_control/install/px4_msgs/include/px4_msgs/px4_msgs/msg/detail/rover_rate_status__functions.c
[586.662s] -- Installing: /home/hamad/ws_offboard_control/install/px4_msgs/include/px4_msgs/px4_msgs/msg/detail/launch_detection_status__type_support.h
[586.663s] -- Installing: /home/hamad/ws_offboard_control/install/px4_msgs/include/px4_msgs/px4_msgs/msg/detail/open_drone_id_system__functions.h
[586.663s] -- Installing: /home/hamad/ws_offboard_control/install/px4_msgs/include/px4_msgs/px4_msgs/msg/detail/internal_combustion_engine_control__type_support.h
[586.663s] -- Installing: /home/hamad/ws_offboard_control/install/px4_msgs/include/px4_msgs/px4_msgs/msg/detail/onboard_computer_status__type_support.h
[586.663s] -- Installing: /home/hamad/ws_offboard_control/install/px4_msgs/include/px4_msgs/px4_msgs/msg/detail/position_setpoint__type_support.h
[586.663s] -- Installing: /home/hamad/ws_offboard_control/install/px4_msgs/include/px4_msgs/px4_msgs/msg/detail/flight_phase_estimation__struct.h
[586.663s] -- Installing: /home/hamad/ws_offboard_control/install/px4_msgs/include/px4_msgs/px4_msgs/msg/detail/gps_inject_data__functions.h
[586.663s] -- Installing: /home/hamad/ws_offboard_control/install/px4_msgs/include/px4_msgs/px4_msgs/msg/detail/transponder_report__functions.h
[586.663s] -- Installing: /home/hamad/ws_offboard_control/install/px4_msgs/include/px4_msgs/px4_msgs/msg/detail/pwm_input__type_support.h
[586.663s] -- Installing: /home/hamad/ws_offboard_control/install/px4_msgs/include/px4_msgs/px4_msgs/msg/detail/qshell_req__functions.h
[586.663s] -- Installing: /home/hamad/ws_offboard_control/install/px4_msgs/include/px4_msgs/px4_msgs/msg/detail/sensor_gyro_fft__functions.c
[586.663s] -- Installing: /home/hamad/ws_offboard_control/install/px4_msgs/include/px4_msgs/px4_msgs/msg/detail/qshell_req__description.c
[586.663s] -- Installing: /home/hamad/ws_offboard_control/install/px4_msgs/include/px4_msgs/px4_msgs/msg/detail/airspeed__type_support.c
[586.663s] -- Installing: /home/hamad/ws_offboard_control/install/px4_msgs/include/px4_msgs/px4_msgs/msg/detail/distance_sensor_mode_change_request__functions.c
[586.664s] -- Installing: /home/hamad/ws_offboard_control/install/px4_msgs/include/px4_msgs/px4_msgs/msg/detail/battery_info__type_support.h
[586.664s] -- Installing: /home/hamad/ws_offboard_control/install/px4_msgs/include/px4_msgs/px4_msgs/msg/detail/parameter_update__description.c
[586.664s] -- Installing: /home/hamad/ws_offboard_control/install/px4_msgs/include/px4_msgs/px4_msgs/msg/detail/sensor_gps__type_support.c
[586.664s] -- Installing: /home/hamad/ws_offboard_control/install/px4_msgs/include/px4_msgs/px4_msgs/msg/detail/gimbal_manager_set_attitude__type_support.c
[586.664s] -- Installing: /home/hamad/ws_offboard_control/install/px4_msgs/include/px4_msgs/px4_msgs/msg/detail/mount_orientation__type_support.h
[586.664s] -- Installing: /home/hamad/ws_offboard_control/install/px4_msgs/include/px4_msgs/px4_msgs/msg/detail/camera_trigger__functions.c
[586.664s] -- Installing: /home/hamad/ws_offboard_control/install/px4_msgs/include/px4_msgs/px4_msgs/msg/detail/vehicle_attitude_setpoint__type_support.h
[586.664s] -- Installing: /home/hamad/ws_offboard_control/install/px4_msgs/include/px4_msgs/px4_msgs/msg/detail/distance_sensor_mode_change_request__type_support.c
[586.664s] -- Installing: /home/hamad/ws_offboard_control/install/px4_msgs/include/px4_msgs/px4_msgs/msg/detail/telemetry_status__type_support.c
[586.664s] -- Installing: /home/hamad/ws_offboard_control/install/px4_msgs/include/px4_msgs/px4_msgs/msg/detail/estimator_status__type_support.c
[586.664s] -- Installing: /home/hamad/ws_offboard_control/install/px4_msgs/include/px4_msgs/px4_msgs/msg/detail/rover_rate_setpoint__struct.h
[586.664s] -- Installing: /home/hamad/ws_offboard_control/install/px4_msgs/include/px4_msgs/px4_msgs/msg/detail/telemetry_status__functions.c
[586.664s] -- Installing: /home/hamad/ws_offboard_control/install/px4_msgs/include/px4_msgs/px4_msgs/msg/detail/ping__type_support.h
[586.665s] -- Installing: /home/hamad/ws_offboard_control/install/px4_msgs/include/px4_msgs/px4_msgs/msg/detail/position_controller_status__type_support.c
[586.665s] -- Installing: /home/hamad/ws_offboard_control/install/px4_msgs/include/px4_msgs/px4_msgs/msg/detail/manual_control_switches__description.c
[586.665s] -- Installing: /home/hamad/ws_offboard_control/install/px4_msgs/include/px4_msgs/px4_msgs/msg/detail/mavlink_log__type_support.h
[586.665s] -- Installing: /home/hamad/ws_offboard_control/install/px4_msgs/include/px4_msgs/px4_msgs/msg/detail/tecs_status__functions.h
[586.665s] -- Installing: /home/hamad/ws_offboard_control/install/px4_msgs/include/px4_msgs/px4_msgs/msg/detail/sensor_gps__functions.h
[586.665s] -- Installing: /home/hamad/ws_offboard_control/install/px4_msgs/include/px4_msgs/px4_msgs/msg/detail/geofence_status__type_support.c
[586.665s] -- Installing: /home/hamad/ws_offboard_control/install/px4_msgs/include/px4_msgs/px4_msgs/msg/detail/figure_eight_status__struct.h
[586.665s] -- Installing: /home/hamad/ws_offboard_control/install/px4_msgs/include/px4_msgs/px4_msgs/msg/detail/vehicle_local_position_setpoint__type_support.c
[586.665s] -- Installing: /home/hamad/ws_offboard_control/install/px4_msgs/include/px4_msgs/px4_msgs/msg/detail/debug_key_value__functions.h
[586.665s] -- Installing: /home/hamad/ws_offboard_control/install/px4_msgs/include/px4_msgs/px4_msgs/msg/detail/vehicle_imu__type_support.h
[586.665s] -- Installing: /home/hamad/ws_offboard_control/install/px4_msgs/include/px4_msgs/px4_msgs/msg/detail/gimbal_manager_status__description.c
[586.665s] -- Installing: /home/hamad/ws_offboard_control/install/px4_msgs/include/px4_msgs/px4_msgs/msg/detail/parameter_update__functions.h
[586.665s] -- Installing: /home/hamad/ws_offboard_control/install/px4_msgs/include/px4_msgs/px4_msgs/msg/detail/actuator_test__type_support.h
[586.666s] -- Installing: /home/hamad/ws_offboard_control/install/px4_msgs/include/px4_msgs/px4_msgs/msg/detail/rate_ctrl_status__functions.h
[586.666s] -- Installing: /home/hamad/ws_offboard_control/install/px4_msgs/include/px4_msgs/px4_msgs/msg/detail/config_overrides__functions.h
[586.666s] -- Installing: /home/hamad/ws_offboard_control/install/px4_msgs/include/px4_msgs/px4_msgs/msg/detail/task_stack_info__description.c
[586.666s] -- Installing: /home/hamad/ws_offboard_control/install/px4_msgs/include/px4_msgs/px4_msgs/msg/detail/debug_array__functions.c
[586.666s] -- Installing: /home/hamad/ws_offboard_control/install/px4_msgs/include/px4_msgs/px4_msgs/msg/detail/rover_steering_setpoint__struct.h
[586.666s] -- Installing: /home/hamad/ws_offboard_control/install/px4_msgs/include/px4_msgs/px4_msgs/msg/detail/mission_result__functions.c
[586.666s] -- Installing: /home/hamad/ws_offboard_control/install/px4_msgs/include/px4_msgs/px4_msgs/msg/detail/vehicle_imu__functions.c
[586.666s] -- Installing: /home/hamad/ws_offboard_control/install/px4_msgs/include/px4_msgs/px4_msgs/msg/detail/estimator_status_flags__type_support.h
[586.666s] -- Installing: /home/hamad/ws_offboard_control/install/px4_msgs/include/px4_msgs/px4_msgs/msg/detail/sensor_optical_flow__type_support.c
[586.666s] -- Installing: /home/hamad/ws_offboard_control/install/px4_msgs/include/px4_msgs/px4_msgs/msg/detail/obstacle_distance__struct.h
[586.666s] -- Installing: /home/hamad/ws_offboard_control/install/px4_msgs/include/px4_msgs/px4_msgs/msg/detail/rover_speed_status__description.c
[586.666s] -- Installing: /home/hamad/ws_offboard_control/install/px4_msgs/include/px4_msgs/px4_msgs/msg/detail/rover_rate_status__struct.h
[586.667s] -- Installing: /home/hamad/ws_offboard_control/install/px4_msgs/include/px4_msgs/px4_msgs/msg/detail/cellular_status__functions.c
[586.667s] -- Installing: /home/hamad/ws_offboard_control/install/px4_msgs/include/px4_msgs/px4_msgs/msg/detail/sensor_gyro__struct.h
[586.667s] -- Installing: /home/hamad/ws_offboard_control/install/px4_msgs/include/px4_msgs/px4_msgs/msg/detail/rpm__description.c
[586.667s] -- Installing: /home/hamad/ws_offboard_control/install/px4_msgs/include/px4_msgs/px4_msgs/msg/detail/fixed_wing_longitudinal_setpoint__type_support.h
[586.667s] -- Installing: /home/hamad/ws_offboard_control/install/px4_msgs/include/px4_msgs/px4_msgs/msg/detail/estimator_aid_source1d__type_support.h
[586.667s] -- Installing: /home/hamad/ws_offboard_control/install/px4_msgs/include/px4_msgs/px4_msgs/msg/detail/tiltrotor_extra_controls__type_support.h
[586.667s] -- Installing: /home/hamad/ws_offboard_control/install/px4_msgs/include/px4_msgs/px4_msgs/msg/detail/actuator_motors__type_support.c
[586.667s] -- Installing: /home/hamad/ws_offboard_control/install/px4_msgs/include/px4_msgs/px4_msgs/msg/detail/sensor_gnss_relative__functions.h
[586.667s] -- Installing: /home/hamad/ws_offboard_control/install/px4_msgs/include/px4_msgs/px4_msgs/msg/detail/vehicle_imu__struct.h
[586.667s] -- Installing: /home/hamad/ws_offboard_control/install/px4_msgs/include/px4_msgs/px4_msgs/msg/detail/vehicle_magnetometer__functions.c
[586.667s] -- Installing: /home/hamad/ws_offboard_control/install/px4_msgs/include/px4_msgs/px4_msgs/msg/detail/vehicle_attitude__type_support.c
[586.667s] -- Installing: /home/hamad/ws_offboard_control/install/px4_msgs/include/px4_msgs/px4_msgs/msg/detail/orb_test_large__struct.h
[586.667s] -- Installing: /home/hamad/ws_offboard_control/install/px4_msgs/include/px4_msgs/px4_msgs/msg/detail/vtol_vehicle_status__type_support.c
[586.667s] -- Installing: /home/hamad/ws_offboard_control/install/px4_msgs/include/px4_msgs/px4_msgs/msg/detail/fixed_wing_longitudinal_setpoint__description.c
[586.668s] -- Installing: /home/hamad/ws_offboard_control/install/px4_msgs/include/px4_msgs/px4_msgs/msg/detail/flight_phase_estimation__description.c
[586.668s] -- Installing: /home/hamad/ws_offboard_control/install/px4_msgs/include/px4_msgs/px4_msgs/msg/detail/px4io_status__type_support.h
[586.668s] -- Installing: /home/hamad/ws_offboard_control/install/px4_msgs/include/px4_msgs/px4_msgs/msg/detail/vehicle_angular_acceleration_setpoint__description.c
[586.668s] -- Installing: /home/hamad/ws_offboard_control/install/px4_msgs/include/px4_msgs/px4_msgs/msg/detail/orb_test__functions.h
[586.668s] -- Installing: /home/hamad/ws_offboard_control/install/px4_msgs/include/px4_msgs/px4_msgs/msg/detail/gps_inject_data__functions.c
[586.668s] -- Installing: /home/hamad/ws_offboard_control/install/px4_msgs/include/px4_msgs/px4_msgs/msg/detail/normalized_unsigned_setpoint__functions.c
[586.668s] -- Installing: /home/hamad/ws_offboard_control/install/px4_msgs/include/px4_msgs/px4_msgs/msg/detail/follow_target_status__struct.h
[586.668s] -- Installing: /home/hamad/ws_offboard_control/install/px4_msgs/include/px4_msgs/px4_msgs/msg/detail/sensor_mag__type_support.c
[586.668s] -- Installing: /home/hamad/ws_offboard_control/install/px4_msgs/include/px4_msgs/px4_msgs/msg/detail/logger_status__type_support.c
[586.668s] -- Installing: /home/hamad/ws_offboard_control/install/px4_msgs/include/px4_msgs/px4_msgs/msg/detail/manual_control_setpoint__description.c
[586.669s] -- Installing: /home/hamad/ws_offboard_control/install/px4_msgs/include/px4_msgs/px4_msgs/msg/detail/offboard_control_mode__functions.c
[586.669s] -- Installing: /home/hamad/ws_offboard_control/install/px4_msgs/include/px4_msgs/px4_msgs/msg/detail/ulog_stream__struct.h
[586.669s] -- Installing: /home/hamad/ws_offboard_control/install/px4_msgs/include/px4_msgs/px4_msgs/msg/detail/gimbal_manager_status__type_support.h
[586.669s] -- Installing: /home/hamad/ws_offboard_control/install/px4_msgs/include/px4_msgs/px4_msgs/msg/detail/internal_combustion_engine_control__functions.c
[586.669s] -- Installing: /home/hamad/ws_offboard_control/install/px4_msgs/include/px4_msgs/px4_msgs/msg/detail/can_interface_status__type_support.h
[586.669s] -- Installing: /home/hamad/ws_offboard_control/install/px4_msgs/include/px4_msgs/px4_msgs/msg/detail/estimator_status_flags__description.c
[586.669s] -- Installing: /home/hamad/ws_offboard_control/install/px4_msgs/include/px4_msgs/px4_msgs/msg/detail/vehicle_constraints__type_support.c
[586.669s] -- Installing: /home/hamad/ws_offboard_control/install/px4_msgs/include/px4_msgs/px4_msgs/msg/detail/sensor_hygrometer__type_support.c
[586.669s] -- Installing: /home/hamad/ws_offboard_control/install/px4_msgs/include/px4_msgs/px4_msgs/msg/detail/estimator_status__description.c
[586.669s] -- Installing: /home/hamad/ws_offboard_control/install/px4_msgs/include/px4_msgs/px4_msgs/msg/detail/camera_capture__type_support.h
[586.669s] -- Installing: /home/hamad/ws_offboard_control/install/px4_msgs/include/px4_msgs/px4_msgs/msg/detail/battery_status__struct.h
[586.669s] -- Installing: /home/hamad/ws_offboard_control/install/px4_msgs/include/px4_msgs/px4_msgs/msg/detail/lateral_control_configuration__type_support.c
[586.669s] -- Installing: /home/hamad/ws_offboard_control/install/px4_msgs/include/px4_msgs/px4_msgs/msg/detail/cellular_status__struct.h
[586.669s] -- Installing: /home/hamad/ws_offboard_control/install/px4_msgs/include/px4_msgs/px4_msgs/msg/detail/vehicle_odometry__type_support.c
[586.670s] -- Installing: /home/hamad/ws_offboard_control/install/px4_msgs/include/px4_msgs/px4_msgs/msg/detail/rover_attitude_status__type_support.c
[586.670s] -- Installing: /home/hamad/ws_offboard_control/install/px4_msgs/include/px4_msgs/px4_msgs/msg/detail/register_ext_component_reply__struct.h
[586.670s] -- Installing: /home/hamad/ws_offboard_control/install/px4_msgs/include/px4_msgs/px4_msgs/msg/detail/debug_vect__functions.h
[586.670s] -- Installing: /home/hamad/ws_offboard_control/install/px4_msgs/include/px4_msgs/px4_msgs/msg/detail/geofence_result__functions.h
[586.670s] -- Installing: /home/hamad/ws_offboard_control/install/px4_msgs/include/px4_msgs/px4_msgs/msg/detail/uavcan_parameter_request__description.c
[586.670s] -- Installing: /home/hamad/ws_offboard_control/install/px4_msgs/include/px4_msgs/px4_msgs/msg/detail/event__struct.h
[586.670s] -- Installing: /home/hamad/ws_offboard_control/install/px4_msgs/include/px4_msgs/px4_msgs/msg/detail/trajectory_setpoint6dof__struct.h
[586.670s] -- Installing: /home/hamad/ws_offboard_control/install/px4_msgs/include/px4_msgs/px4_msgs/msg/detail/gimbal_manager_set_manual_control__functions.h
[586.670s] -- Installing: /home/hamad/ws_offboard_control/install/px4_msgs/include/px4_msgs/px4_msgs/msg/detail/sensor_gps__type_support.h
[586.670s] -- Installing: /home/hamad/ws_offboard_control/install/px4_msgs/include/px4_msgs/px4_msgs/msg/detail/vehicle_torque_setpoint__description.c
[586.670s] -- Installing: /home/hamad/ws_offboard_control/install/px4_msgs/include/px4_msgs/px4_msgs/msg/detail/camera_trigger__struct.h
[586.671s] -- Installing: /home/hamad/ws_offboard_control/install/px4_msgs/include/px4_msgs/px4_msgs/msg/detail/magnetometer_bias_estimate__type_support.c
[586.671s] -- Installing: /home/hamad/ws_offboard_control/install/px4_msgs/include/px4_msgs/px4_msgs/msg/detail/estimator_innovations__functions.h
[586.671s] -- Installing: /home/hamad/ws_offboard_control/install/px4_msgs/include/px4_msgs/px4_msgs/msg/detail/geofence_result__description.c
[586.671s] -- Installing: /home/hamad/ws_offboard_control/install/px4_msgs/include/px4_msgs/px4_msgs/msg/detail/battery_status__functions.c
[586.671s] -- Installing: /home/hamad/ws_offboard_control/install/px4_msgs/include/px4_msgs/px4_msgs/msg/detail/transponder_report__functions.c
[586.671s] -- Installing: /home/hamad/ws_offboard_control/install/px4_msgs/include/px4_msgs/px4_msgs/msg/detail/rover_speed_status__type_support.c
[586.671s] -- Installing: /home/hamad/ws_offboard_control/install/px4_msgs/include/px4_msgs/px4_msgs/msg/detail/follow_target_estimator__functions.c
[586.671s] -- Installing: /home/hamad/ws_offboard_control/install/px4_msgs/include/px4_msgs/px4_msgs/msg/detail/vehicle_attitude__type_support.h
[586.671s] -- Installing: /home/hamad/ws_offboard_control/install/px4_msgs/include/px4_msgs/px4_msgs/msg/detail/irlock_report__struct.h
[586.671s] -- Installing: /home/hamad/ws_offboard_control/install/px4_msgs/include/px4_msgs/px4_msgs/msg/detail/debug_key_value__type_support.c
[586.671s] -- Installing: /home/hamad/ws_offboard_control/install/px4_msgs/include/px4_msgs/px4_msgs/msg/detail/follow_target_status__type_support.c
[586.671s] -- Installing: /home/hamad/ws_offboard_control/install/px4_msgs/include/px4_msgs/px4_msgs/msg/detail/qshell_retval__struct.h
[586.671s] -- Installing: /home/hamad/ws_offboard_control/install/px4_msgs/include/px4_msgs/px4_msgs/msg/detail/wind__functions.c
[586.672s] -- Installing: /home/hamad/ws_offboard_control/install/px4_msgs/include/px4_msgs/px4_msgs/msg/detail/sensor_correction__struct.h
[586.672s] -- Installing: /home/hamad/ws_offboard_control/install/px4_msgs/include/px4_msgs/px4_msgs/msg/detail/fixed_wing_lateral_status__struct.h
[586.672s] -- Installing: /home/hamad/ws_offboard_control/install/px4_msgs/include/px4_msgs/px4_msgs/msg/detail/fixed_wing_lateral_status__functions.c
[586.672s] -- Installing: /home/hamad/ws_offboard_control/install/px4_msgs/include/px4_msgs/px4_msgs/msg/detail/vehicle_control_mode__type_support.h
[586.672s] -- Installing: /home/hamad/ws_offboard_control/install/px4_msgs/include/px4_msgs/px4_msgs/msg/detail/dataman_response__description.c
[586.672s] -- Installing: /home/hamad/ws_offboard_control/install/px4_msgs/include/px4_msgs/px4_msgs/msg/detail/dronecan_node_status__type_support.c
[586.672s] -- Installing: /home/hamad/ws_offboard_control/install/px4_msgs/include/px4_msgs/px4_msgs/msg/detail/battery_status__type_support.c
[586.672s] -- Installing: /home/hamad/ws_offboard_control/install/px4_msgs/include/px4_msgs/px4_msgs/msg/detail/debug_array__functions.h
[586.672s] -- Installing: /home/hamad/ws_offboard_control/install/px4_msgs/include/px4_msgs/px4_msgs/msg/detail/actuator_armed__functions.h
[586.672s] -- Installing: /home/hamad/ws_offboard_control/install/px4_msgs/include/px4_msgs/px4_msgs/msg/detail/takeoff_status__struct.h
[586.672s] -- Installing: /home/hamad/ws_offboard_control/install/px4_msgs/include/px4_msgs/px4_msgs/msg/detail/sensor_uwb__functions.h
[586.672s] -- Installing: /home/hamad/ws_offboard_control/install/px4_msgs/include/px4_msgs/px4_msgs/msg/detail/gpio_out__type_support.h
[586.673s] -- Installing: /home/hamad/ws_offboard_control/install/px4_msgs/include/px4_msgs/px4_msgs/msg/detail/estimator_status_flags__functions.c
[586.673s] -- Installing: /home/hamad/ws_offboard_control/install/px4_msgs/include/px4_msgs/px4_msgs/msg/detail/actuator_armed__type_support.h
[586.673s] -- Installing: /home/hamad/ws_offboard_control/install/px4_msgs/include/px4_msgs/px4_msgs/msg/detail/vehicle_optical_flow__struct.h
[586.673s] -- Installing: /home/hamad/ws_offboard_control/install/px4_msgs/include/px4_msgs/px4_msgs/msg/detail/rc_parameter_map__type_support.c
[586.673s] -- Installing: /home/hamad/ws_offboard_control/install/px4_msgs/include/px4_msgs/px4_msgs/msg/detail/sensor_optical_flow__description.c
[586.673s] -- Installing: /home/hamad/ws_offboard_control/install/px4_msgs/include/px4_msgs/px4_msgs/msg/detail/vehicle_command_ack__description.c
[586.673s] -- Installing: /home/hamad/ws_offboard_control/install/px4_msgs/include/px4_msgs/px4_msgs/msg/detail/estimator_bias__functions.h
[586.673s] -- Installing: /home/hamad/ws_offboard_control/install/px4_msgs/include/px4_msgs/px4_msgs/msg/detail/input_rc__type_support.h
[586.673s] -- Installing: /home/hamad/ws_offboard_control/install/px4_msgs/include/px4_msgs/px4_msgs/msg/detail/vehicle_global_position__struct.h
[586.673s] -- Installing: /home/hamad/ws_offboard_control/install/px4_msgs/include/px4_msgs/px4_msgs/msg/detail/config_overrides__functions.c
[586.673s] -- Installing: /home/hamad/ws_offboard_control/install/px4_msgs/include/px4_msgs/px4_msgs/msg/detail/fuel_tank_status__functions.c
[586.673s] -- Installing: /home/hamad/ws_offboard_control/install/px4_msgs/include/px4_msgs/px4_msgs/msg/detail/geofence_status__description.c
[586.673s] -- Installing: /home/hamad/ws_offboard_control/install/px4_msgs/include/px4_msgs/px4_msgs/msg/detail/gimbal_manager_set_attitude__functions.c
[586.674s] -- Installing: /home/hamad/ws_offboard_control/install/px4_msgs/include/px4_msgs/px4_msgs/msg/detail/geofence_result__type_support.h
[586.674s] -- Installing: /home/hamad/ws_offboard_control/install/px4_msgs/include/px4_msgs/px4_msgs/msg/detail/generator_status__type_support.c
[586.674s] -- Installing: /home/hamad/ws_offboard_control/install/px4_msgs/include/px4_msgs/px4_msgs/msg/detail/transponder_report__type_support.c
[586.674s] -- Installing: /home/hamad/ws_offboard_control/install/px4_msgs/include/px4_msgs/px4_msgs/msg/detail/hover_thrust_estimate__type_support.c
[586.674s] -- Installing: /home/hamad/ws_offboard_control/install/px4_msgs/include/px4_msgs/px4_msgs/msg/detail/rtl_status__type_support.c
[586.674s] -- Installing: /home/hamad/ws_offboard_control/install/px4_msgs/include/px4_msgs/px4_msgs/msg/detail/orbit_status__functions.c
[586.674s] -- Installing: /home/hamad/ws_offboard_control/install/px4_msgs/include/px4_msgs/px4_msgs/msg/detail/camera_capture__struct.h
[586.674s] -- Installing: /home/hamad/ws_offboard_control/install/px4_msgs/include/px4_msgs/px4_msgs/msg/detail/arming_check_request__functions.h
[586.674s] -- Installing: /home/hamad/ws_offboard_control/install/px4_msgs/include/px4_msgs/px4_msgs/msg/detail/navigator_status__functions.c
[586.674s] -- Installing: /home/hamad/ws_offboard_control/install/px4_msgs/include/px4_msgs/px4_msgs/msg/detail/wheel_encoders__struct.h
[586.674s] -- Installing: /home/hamad/ws_offboard_control/install/px4_msgs/include/px4_msgs/px4_msgs/msg/detail/airspeed_wind__struct.h
[586.674s] -- Installing: /home/hamad/ws_offboard_control/install/px4_msgs/include/px4_msgs/px4_msgs/msg/detail/navigator_status__type_support.c
[586.674s] -- Installing: /home/hamad/ws_offboard_control/install/px4_msgs/include/px4_msgs/px4_msgs/msg/detail/cpuload__description.c
[586.675s] -- Installing: /home/hamad/ws_offboard_control/install/px4_msgs/include/px4_msgs/px4_msgs/msg/detail/button_event__type_support.c
[586.675s] -- Installing: /home/hamad/ws_offboard_control/install/px4_msgs/include/px4_msgs/px4_msgs/msg/detail/airspeed_validated__functions.h
[586.675s] -- Installing: /home/hamad/ws_offboard_control/install/px4_msgs/include/px4_msgs/px4_msgs/msg/detail/dataman_response__struct.h
[586.675s] -- Installing: /home/hamad/ws_offboard_control/install/px4_msgs/include/px4_msgs/px4_msgs/msg/detail/sensor_uwb__functions.c
[586.675s] -- Installing: /home/hamad/ws_offboard_control/install/px4_msgs/include/px4_msgs/px4_msgs/msg/detail/pwm_input__struct.h
[586.675s] -- Installing: /home/hamad/ws_offboard_control/install/px4_msgs/include/px4_msgs/px4_msgs/msg/detail/vehicle_land_detected__type_support.c
[586.675s] -- Installing: /home/hamad/ws_offboard_control/install/px4_msgs/include/px4_msgs/px4_msgs/msg/detail/gripper__functions.h
[586.675s] -- Installing: /home/hamad/ws_offboard_control/install/px4_msgs/include/px4_msgs/px4_msgs/msg/detail/message_format_request__struct.h
[586.675s] -- Installing: /home/hamad/ws_offboard_control/install/px4_msgs/include/px4_msgs/px4_msgs/msg/detail/collision_constraints__struct.h
[586.675s] -- Installing: /home/hamad/ws_offboard_control/install/px4_msgs/include/px4_msgs/px4_msgs/msg/detail/sensor_airflow__type_support.h
[586.675s] -- Installing: /home/hamad/ws_offboard_control/install/px4_msgs/include/px4_msgs/px4_msgs/msg/detail/sensor_gyro_fifo__functions.h
[586.676s] -- Installing: /home/hamad/ws_offboard_control/install/px4_msgs/include/px4_msgs/px4_msgs/msg/detail/sensor_preflight_mag__type_support.c
[586.676s] -- Installing: /home/hamad/ws_offboard_control/install/px4_msgs/include/px4_msgs/px4_msgs/msg/detail/rover_rate_status__type_support.h
[586.676s] -- Installing: /home/hamad/ws_offboard_control/install/px4_msgs/include/px4_msgs/px4_msgs/msg/detail/mavlink_log__description.c
[586.676s] -- Installing: /home/hamad/ws_offboard_control/install/px4_msgs/include/px4_msgs/px4_msgs/msg/detail/uavcan_parameter_value__functions.c
[586.676s] -- Installing: /home/hamad/ws_offboard_control/install/px4_msgs/include/px4_msgs/px4_msgs/msg/detail/battery_status__description.c
[586.676s] -- Installing: /home/hamad/ws_offboard_control/install/px4_msgs/include/px4_msgs/px4_msgs/msg/detail/rover_steering_setpoint__functions.c
[586.676s] -- Installing: /home/hamad/ws_offboard_control/install/px4_msgs/include/px4_msgs/px4_msgs/msg/detail/button_event__struct.h
[586.676s] -- Installing: /home/hamad/ws_offboard_control/install/px4_msgs/include/px4_msgs/px4_msgs/msg/detail/gpio_out__struct.h
[586.676s] -- Installing: /home/hamad/ws_offboard_control/install/px4_msgs/include/px4_msgs/px4_msgs/msg/detail/mag_worker_data__functions.c
[586.676s] -- Installing: /home/hamad/ws_offboard_control/install/px4_msgs/include/px4_msgs/px4_msgs/msg/detail/task_stack_info__type_support.h
[586.676s] -- Installing: /home/hamad/ws_offboard_control/install/px4_msgs/include/px4_msgs/px4_msgs/msg/detail/navigator_status__struct.h
[586.676s] -- Installing: /home/hamad/ws_offboard_control/install/px4_msgs/include/px4_msgs/px4_msgs/msg/detail/dataman_request__description.c
[586.677s] -- Installing: /home/hamad/ws_offboard_control/install/px4_msgs/include/px4_msgs/px4_msgs/msg/detail/timesync_status__type_support.h
[586.677s] -- Installing: /home/hamad/ws_offboard_control/install/px4_msgs/include/px4_msgs/px4_msgs/msg/detail/vehicle_status__description.c
[586.677s] -- Installing: /home/hamad/ws_offboard_control/install/px4_msgs/include/px4_msgs/px4_msgs/msg/detail/button_event__functions.c
[586.677s] -- Installing: /home/hamad/ws_offboard_control/install/px4_msgs/include/px4_msgs/px4_msgs/msg/detail/rover_speed_setpoint__type_support.h
[586.677s] -- Installing: /home/hamad/ws_offboard_control/install/px4_msgs/include/px4_msgs/px4_msgs/msg/detail/irlock_report__type_support.h
[586.677s] -- Installing: /home/hamad/ws_offboard_control/install/px4_msgs/include/px4_msgs/px4_msgs/msg/detail/telemetry_status__description.c
[586.677s] -- Installing: /home/hamad/ws_offboard_control/install/px4_msgs/include/px4_msgs/px4_msgs/msg/detail/estimator_innovations__functions.c
[586.677s] -- Installing: /home/hamad/ws_offboard_control/install/px4_msgs/include/px4_msgs/px4_msgs/msg/detail/wheel_encoders__type_support.h
[586.677s] -- Installing: /home/hamad/ws_offboard_control/install/px4_msgs/include/px4_msgs/px4_msgs/msg/detail/rover_speed_setpoint__struct.h
[586.677s] -- Installing: /home/hamad/ws_offboard_control/install/px4_msgs/include/px4_msgs/px4_msgs/msg/detail/fixed_wing_lateral_setpoint__description.c
[586.677s] -- Installing: /home/hamad/ws_offboard_control/install/px4_msgs/include/px4_msgs/px4_msgs/msg/detail/vehicle_magnetometer__functions.h
[586.677s] -- Installing: /home/hamad/ws_offboard_control/install/px4_msgs/include/px4_msgs/px4_msgs/msg/detail/log_message__functions.c
[586.677s] -- Installing: /home/hamad/ws_offboard_control/install/px4_msgs/include/px4_msgs/px4_msgs/msg/detail/sensor_accel__description.c
[586.678s] -- Installing: /home/hamad/ws_offboard_control/install/px4_msgs/include/px4_msgs/px4_msgs/msg/detail/message_format_response__type_support.c
[586.678s] -- Installing: /home/hamad/ws_offboard_control/install/px4_msgs/include/px4_msgs/px4_msgs/msg/detail/ping__struct.h
[586.678s] -- Installing: /home/hamad/ws_offboard_control/install/px4_msgs/include/px4_msgs/px4_msgs/msg/detail/tune_control__type_support.c
[586.678s] -- Installing: /home/hamad/ws_offboard_control/install/px4_msgs/include/px4_msgs/px4_msgs/msg/detail/lateral_control_configuration__functions.c
[586.678s] -- Installing: /home/hamad/ws_offboard_control/install/px4_msgs/include/px4_msgs/px4_msgs/msg/detail/orb_test_large__type_support.h
[586.678s] -- Installing: /home/hamad/ws_offboard_control/install/px4_msgs/include/px4_msgs/px4_msgs/msg/detail/sensor_gnss_status__struct.h
[586.678s] -- Installing: /home/hamad/ws_offboard_control/install/px4_msgs/include/px4_msgs/px4_msgs/msg/detail/ekf2_timestamps__functions.h
[586.678s] -- Installing: /home/hamad/ws_offboard_control/install/px4_msgs/include/px4_msgs/px4_msgs/msg/detail/longitudinal_control_configuration__functions.c
[586.678s] -- Installing: /home/hamad/ws_offboard_control/install/px4_msgs/include/px4_msgs/px4_msgs/msg/detail/rover_position_setpoint__description.c
[586.678s] -- Installing: /home/hamad/ws_offboard_control/install/px4_msgs/include/px4_msgs/px4_msgs/msg/detail/ekf2_timestamps__struct.h
[586.678s] -- Installing: /home/hamad/ws_offboard_control/install/px4_msgs/include/px4_msgs/px4_msgs/msg/detail/estimator_bias3d__type_support.h
[586.679s] -- Installing: /home/hamad/ws_offboard_control/install/px4_msgs/include/px4_msgs/px4_msgs/msg/detail/power_button_state__type_support.c
[586.679s] -- Installing: /home/hamad/ws_offboard_control/install/px4_msgs/include/px4_msgs/px4_msgs/msg/detail/sensor_selection__type_support.h
[586.679s] -- Installing: /home/hamad/ws_offboard_control/install/px4_msgs/include/px4_msgs/px4_msgs/msg/detail/event__functions.c
[586.679s] -- Installing: /home/hamad/ws_offboard_control/install/px4_msgs/include/px4_msgs/px4_msgs/msg/detail/neural_control__type_support.h
[586.679s] -- Installing: /home/hamad/ws_offboard_control/install/px4_msgs/include/px4_msgs/px4_msgs/msg/detail/action_request__functions.c
[586.679s] -- Installing: /home/hamad/ws_offboard_control/install/px4_msgs/include/px4_msgs/px4_msgs/msg/detail/dronecan_node_status__description.c
[586.679s] -- Installing: /home/hamad/ws_offboard_control/install/px4_msgs/include/px4_msgs/px4_msgs/msg/detail/follow_target_status__type_support.h
[586.679s] -- Installing: /home/hamad/ws_offboard_control/install/px4_msgs/include/px4_msgs/px4_msgs/msg/detail/offboard_control_mode__struct.h
[586.679s] -- Installing: /home/hamad/ws_offboard_control/install/px4_msgs/include/px4_msgs/px4_msgs/msg/detail/vehicle_roi__functions.h
[586.679s] -- Installing: /home/hamad/ws_offboard_control/install/px4_msgs/include/px4_msgs/px4_msgs/msg/detail/satellite_info__functions.h
[586.679s] -- Installing: /home/hamad/ws_offboard_control/install/px4_msgs/include/px4_msgs/px4_msgs/msg/detail/register_ext_component_request__functions.c
[586.679s] -- Installing: /home/hamad/ws_offboard_control/install/px4_msgs/include/px4_msgs/px4_msgs/msg/detail/sensor_accel__functions.h
[586.680s] -- Installing: /home/hamad/ws_offboard_control/install/px4_msgs/include/px4_msgs/px4_msgs/msg/detail/estimator_selector_status__type_support.h
[586.680s] -- Installing: /home/hamad/ws_offboard_control/install/px4_msgs/include/px4_msgs/px4_msgs/msg/detail/distance_sensor__description.c
[586.680s] -- Installing: /home/hamad/ws_offboard_control/install/px4_msgs/include/px4_msgs/px4_msgs/msg/detail/gps_inject_data__type_support.c
[586.680s] -- Installing: /home/hamad/ws_offboard_control/install/px4_msgs/include/px4_msgs/px4_msgs/msg/detail/gimbal_manager_information__description.c
[586.680s] -- Installing: /home/hamad/ws_offboard_control/install/px4_msgs/include/px4_msgs/px4_msgs/msg/detail/sensor_airflow__functions.h
[586.680s] -- Installing: /home/hamad/ws_offboard_control/install/px4_msgs/include/px4_msgs/px4_msgs/msg/detail/input_rc__description.c
[586.680s] -- Installing: /home/hamad/ws_offboard_control/install/px4_msgs/include/px4_msgs/px4_msgs/msg/detail/obstacle_distance__functions.c
[586.680s] -- Installing: /home/hamad/ws_offboard_control/install/px4_msgs/include/px4_msgs/px4_msgs/msg/detail/config_overrides__type_support.h
[586.680s] -- Installing: /home/hamad/ws_offboard_control/install/px4_msgs/include/px4_msgs/px4_msgs/msg/detail/heater_status__functions.c
[586.680s] -- Installing: /home/hamad/ws_offboard_control/install/px4_msgs/include/px4_msgs/px4_msgs/msg/detail/sensor_gyro__description.c
[586.680s] -- Installing: /home/hamad/ws_offboard_control/install/px4_msgs/include/px4_msgs/px4_msgs/msg/detail/vehicle_angular_velocity__description.c
[586.680s] -- Installing: /home/hamad/ws_offboard_control/install/px4_msgs/include/px4_msgs/px4_msgs/msg/detail/position_setpoint__functions.h
[586.681s] -- Installing: /home/hamad/ws_offboard_control/install/px4_msgs/include/px4_msgs/px4_msgs/msg/detail/vehicle_constraints__description.c
[586.681s] -- Installing: /home/hamad/ws_offboard_control/install/px4_msgs/include/px4_msgs/px4_msgs/msg/detail/dataman_response__type_support.c
[586.681s] -- Installing: /home/hamad/ws_offboard_control/install/px4_msgs/include/px4_msgs/px4_msgs/msg/detail/magnetometer_bias_estimate__struct.h
[586.681s] -- Installing: /home/hamad/ws_offboard_control/install/px4_msgs/include/px4_msgs/px4_msgs/msg/detail/sensor_correction__type_support.c
[586.681s] -- Installing: /home/hamad/ws_offboard_control/install/px4_msgs/include/px4_msgs/px4_msgs/msg/detail/sensor_selection__struct.h
[586.681s] -- Installing: /home/hamad/ws_offboard_control/install/px4_msgs/include/px4_msgs/px4_msgs/msg/detail/sensor_gyro_fifo__functions.c
[586.681s] -- Installing: /home/hamad/ws_offboard_control/install/px4_msgs/include/px4_msgs/px4_msgs/msg/detail/irlock_report__type_support.c
[586.681s] -- Installing: /home/hamad/ws_offboard_control/install/px4_msgs/include/px4_msgs/px4_msgs/msg/detail/sensor_gnss_relative__description.c
[586.681s] -- Installing: /home/hamad/ws_offboard_control/install/px4_msgs/include/px4_msgs/px4_msgs/msg/detail/offboard_control_mode__description.c
[586.681s] -- Installing: /home/hamad/ws_offboard_control/install/px4_msgs/include/px4_msgs/px4_msgs/msg/detail/onboard_computer_status__struct.h
[586.681s] -- Installing: /home/hamad/ws_offboard_control/install/px4_msgs/include/px4_msgs/px4_msgs/msg/detail/dataman_request__struct.h
[586.681s] -- Installing: /home/hamad/ws_offboard_control/install/px4_msgs/include/px4_msgs/px4_msgs/msg/detail/system_power__functions.c
[586.682s] -- Installing: /home/hamad/ws_offboard_control/install/px4_msgs/include/px4_msgs/px4_msgs/msg/detail/parameter_set_value_response__description.c
[586.682s] -- Installing: /home/hamad/ws_offboard_control/install/px4_msgs/include/px4_msgs/px4_msgs/msg/detail/open_drone_id_system__struct.h
[586.682s] -- Installing: /home/hamad/ws_offboard_control/install/px4_msgs/include/px4_msgs/px4_msgs/msg/detail/fixed_wing_lateral_status__description.c
[586.682s] -- Installing: /home/hamad/ws_offboard_control/install/px4_msgs/include/px4_msgs/px4_msgs/msg/detail/estimator_bias__struct.h
[586.682s] -- Installing: /home/hamad/ws_offboard_control/install/px4_msgs/include/px4_msgs/px4_msgs/msg/detail/control_allocator_status__functions.h
[586.682s] -- Installing: /home/hamad/ws_offboard_control/install/px4_msgs/include/px4_msgs/px4_msgs/msg/detail/actuator_motors__functions.h
[586.682s] -- Installing: /home/hamad/ws_offboard_control/install/px4_msgs/include/px4_msgs/px4_msgs/msg/detail/airspeed__functions.h
[586.682s] -- Installing: /home/hamad/ws_offboard_control/install/px4_msgs/include/px4_msgs/px4_msgs/msg/detail/trajectory_setpoint6dof__type_support.h
[586.682s] -- Installing: /home/hamad/ws_offboard_control/install/px4_msgs/include/px4_msgs/px4_msgs/msg/detail/sensors_status_imu__functions.h
[586.682s] -- Installing: /home/hamad/ws_offboard_control/install/px4_msgs/include/px4_msgs/px4_msgs/msg/detail/airspeed_validated__struct.h
[586.682s] -- Installing: /home/hamad/ws_offboard_control/install/px4_msgs/include/px4_msgs/px4_msgs/msg/detail/vtol_vehicle_status__struct.h
[586.683s] -- Installing: /home/hamad/ws_offboard_control/install/px4_msgs/include/px4_msgs/px4_msgs/msg/detail/orbit_status__type_support.h
[586.683s] -- Installing: /home/hamad/ws_offboard_control/install/px4_msgs/include/px4_msgs/px4_msgs/msg/detail/sensor_selection__functions.c
[586.683s] -- Installing: /home/hamad/ws_offboard_control/install/px4_msgs/include/px4_msgs/px4_msgs/msg/detail/fuel_tank_status__type_support.c
[586.683s] -- Installing: /home/hamad/ws_offboard_control/install/px4_msgs/include/px4_msgs/px4_msgs/msg/detail/onboard_computer_status__type_support.c
[586.683s] -- Installing: /home/hamad/ws_offboard_control/install/px4_msgs/include/px4_msgs/px4_msgs/msg/detail/follow_target_estimator__description.c
[586.683s] -- Installing: /home/hamad/ws_offboard_control/install/px4_msgs/include/px4_msgs/px4_msgs/msg/detail/rover_rate_status__functions.h
[586.683s] -- Installing: /home/hamad/ws_offboard_control/install/px4_msgs/include/px4_msgs/px4_msgs/msg/detail/gripper__type_support.h
[586.683s] -- Installing: /home/hamad/ws_offboard_control/install/px4_msgs/include/px4_msgs/px4_msgs/msg/detail/debug_vect__functions.c
[586.683s] -- Installing: /home/hamad/ws_offboard_control/install/px4_msgs/include/px4_msgs/px4_msgs/msg/detail/fuel_tank_status__functions.h
[586.683s] -- Installing: /home/hamad/ws_offboard_control/install/px4_msgs/include/px4_msgs/px4_msgs/msg/detail/estimator_event_flags__description.c
[586.684s] -- Installing: /home/hamad/ws_offboard_control/install/px4_msgs/include/px4_msgs/px4_msgs/msg/detail/velocity_limits__struct.h
[586.684s] -- Installing: /home/hamad/ws_offboard_control/install/px4_msgs/include/px4_msgs/px4_msgs/msg/detail/distance_sensor_mode_change_request__struct.h
[586.684s] -- Installing: /home/hamad/ws_offboard_control/install/px4_msgs/include/px4_msgs/px4_msgs/msg/detail/uavcan_parameter_value__description.c
[586.684s] -- Installing: /home/hamad/ws_offboard_control/install/px4_msgs/include/px4_msgs/px4_msgs/msg/detail/arming_check_reply__type_support.c
[586.684s] -- Installing: /home/hamad/ws_offboard_control/install/px4_msgs/include/px4_msgs/px4_msgs/msg/detail/sensor_gnss_status__functions.h
[586.684s] -- Installing: /home/hamad/ws_offboard_control/install/px4_msgs/include/px4_msgs/px4_msgs/msg/detail/irlock_report__functions.h
[586.684s] -- Installing: /home/hamad/ws_offboard_control/install/px4_msgs/include/px4_msgs/px4_msgs/msg/detail/control_allocator_status__struct.h
[586.685s] -- Installing: /home/hamad/ws_offboard_control/install/px4_msgs/include/px4_msgs/px4_msgs/msg/detail/sensor_gyro_fft__functions.h
[586.685s] -- Installing: /home/hamad/ws_offboard_control/install/px4_msgs/include/px4_msgs/px4_msgs/msg/detail/takeoff_status__description.c
[586.685s] -- Installing: /home/hamad/ws_offboard_control/install/px4_msgs/include/px4_msgs/px4_msgs/msg/detail/event__description.c
[586.685s] -- Installing: /home/hamad/ws_offboard_control/install/px4_msgs/include/px4_msgs/px4_msgs/msg/detail/sensors_status__description.c
[586.685s] -- Installing: /home/hamad/ws_offboard_control/install/px4_msgs/include/px4_msgs/px4_msgs/msg/detail/rpm__struct.h
[586.686s] -- Installing: /home/hamad/ws_offboard_control/install/px4_msgs/include/px4_msgs/px4_msgs/msg/detail/position_setpoint_triplet__description.c
[586.686s] -- Installing: /home/hamad/ws_offboard_control/install/px4_msgs/include/px4_msgs/px4_msgs/msg/detail/manual_control_setpoint__type_support.c
[586.686s] -- Installing: /home/hamad/ws_offboard_control/install/px4_msgs/include/px4_msgs/px4_msgs/msg/detail/logger_status__functions.h
[586.686s] -- Installing: /home/hamad/ws_offboard_control/install/px4_msgs/include/px4_msgs/px4_msgs/msg/detail/parameter_set_value_response__struct.h
[586.687s] -- Installing: /home/hamad/ws_offboard_control/install/px4_msgs/include/px4_msgs/px4_msgs/msg/detail/gimbal_device_attitude_status__type_support.c
[586.687s] -- Installing: /home/hamad/ws_offboard_control/install/px4_msgs/include/px4_msgs/px4_msgs/msg/detail/rpm__type_support.c
[586.687s] -- Installing: /home/hamad/ws_offboard_control/install/px4_msgs/include/px4_msgs/px4_msgs/msg/detail/mavlink_tunnel__functions.h
[586.687s] -- Installing: /home/hamad/ws_offboard_control/install/px4_msgs/include/px4_msgs/px4_msgs/msg/detail/mag_worker_data__type_support.c
[586.687s] -- Installing: /home/hamad/ws_offboard_control/install/px4_msgs/include/px4_msgs/px4_msgs/msg/detail/position_setpoint_triplet__functions.h
[586.688s] -- Installing: /home/hamad/ws_offboard_control/install/px4_msgs/include/px4_msgs/px4_msgs/msg/detail/sensor_accel_fifo__struct.h
[586.688s] -- Installing: /home/hamad/ws_offboard_control/install/px4_msgs/include/px4_msgs/px4_msgs/msg/detail/follow_target__type_support.c
[586.688s] -- Installing: /home/hamad/ws_offboard_control/install/px4_msgs/include/px4_msgs/px4_msgs/msg/detail/landing_gear__functions.h
[586.688s] -- Installing: /home/hamad/ws_offboard_control/install/px4_msgs/include/px4_msgs/px4_msgs/msg/detail/estimator_states__type_support.c
[586.689s] -- Installing: /home/hamad/ws_offboard_control/install/px4_msgs/include/px4_msgs/px4_msgs/msg/detail/rover_position_setpoint__functions.c
[586.689s] -- Installing: /home/hamad/ws_offboard_control/install/px4_msgs/include/px4_msgs/px4_msgs/msg/detail/rover_attitude_status__description.c
[586.689s] -- Installing: /home/hamad/ws_offboard_control/install/px4_msgs/include/px4_msgs/px4_msgs/msg/detail/mode_completed__type_support.c
[586.689s] -- Installing: /home/hamad/ws_offboard_control/install/px4_msgs/include/px4_msgs/px4_msgs/msg/detail/velocity_limits__type_support.h
[586.689s] -- Installing: /home/hamad/ws_offboard_control/install/px4_msgs/include/px4_msgs/px4_msgs/msg/detail/ulog_stream_ack__type_support.c
[586.690s] -- Installing: /home/hamad/ws_offboard_control/install/px4_msgs/include/px4_msgs/px4_msgs/msg/detail/collision_constraints__type_support.h
[586.690s] -- Installing: /home/hamad/ws_offboard_control/install/px4_msgs/include/px4_msgs/px4_msgs/msg/detail/actuator_servos_trim__functions.c
[586.690s] -- Installing: /home/hamad/ws_offboard_control/install/px4_msgs/include/px4_msgs/px4_msgs/msg/detail/vehicle_attitude_setpoint__struct.h
[586.690s] -- Installing: /home/hamad/ws_offboard_control/install/px4_msgs/include/px4_msgs/px4_msgs/msg/detail/fuel_tank_status__type_support.h
[586.691s] -- Installing: /home/hamad/ws_offboard_control/install/px4_msgs/include/px4_msgs/px4_msgs/msg/detail/qshell_req__type_support.c
[586.691s] -- Installing: /home/hamad/ws_offboard_control/install/px4_msgs/include/px4_msgs/px4_msgs/msg/detail/sensor_selection__description.c
[586.691s] -- Installing: /home/hamad/ws_offboard_control/install/px4_msgs/include/px4_msgs/px4_msgs/msg/detail/vehicle_torque_setpoint__type_support.c
[586.691s] -- Installing: /home/hamad/ws_offboard_control/install/px4_msgs/include/px4_msgs/px4_msgs/msg/detail/sensor_selection__functions.h
[586.691s] -- Installing: /home/hamad/ws_offboard_control/install/px4_msgs/include/px4_msgs/px4_msgs/msg/detail/gimbal_device_attitude_status__type_support.h
[586.691s] -- Installing: /home/hamad/ws_offboard_control/install/px4_msgs/include/px4_msgs/px4_msgs/msg/detail/register_ext_component_reply__functions.h
[586.692s] -- Installing: /home/hamad/ws_offboard_control/install/px4_msgs/include/px4_msgs/px4_msgs/msg/detail/vehicle_imu__type_support.c
[586.692s] -- Installing: /home/hamad/ws_offboard_control/install/px4_msgs/include/px4_msgs/px4_msgs/msg/detail/geofence_result__type_support.c
[586.692s] -- Installing: /home/hamad/ws_offboard_control/install/px4_msgs/include/px4_msgs/px4_msgs/msg/detail/orb_test__functions.c
[586.692s] -- Installing: /home/hamad/ws_offboard_control/install/px4_msgs/include/px4_msgs/px4_msgs/msg/detail/gpio_in__type_support.h
[586.692s] -- Installing: /home/hamad/ws_offboard_control/install/px4_msgs/include/px4_msgs/px4_msgs/msg/detail/rtl_time_estimate__type_support.c
[586.692s] -- Installing: /home/hamad/ws_offboard_control/install/px4_msgs/include/px4_msgs/px4_msgs/msg/detail/ekf2_timestamps__functions.c
[586.692s] -- Installing: /home/hamad/ws_offboard_control/install/px4_msgs/include/px4_msgs/px4_msgs/msg/detail/actuator_servos__type_support.c
[586.693s] -- Installing: /home/hamad/ws_offboard_control/install/px4_msgs/include/px4_msgs/px4_msgs/msg/detail/orb_test__description.c
[586.693s] -- Installing: /home/hamad/ws_offboard_control/install/px4_msgs/include/px4_msgs/px4_msgs/msg/detail/distance_sensor__functions.c
[586.693s] -- Installing: /home/hamad/ws_offboard_control/install/px4_msgs/include/px4_msgs/px4_msgs/msg/detail/orbit_status__type_support.c
[586.693s] -- Installing: /home/hamad/ws_offboard_control/install/px4_msgs/include/px4_msgs/px4_msgs/msg/detail/ekf2_timestamps__type_support.c
[586.693s] -- Installing: /home/hamad/ws_offboard_control/install/px4_msgs/include/px4_msgs/px4_msgs/msg/detail/fixed_wing_lateral_status__type_support.c
[586.693s] -- Installing: /home/hamad/ws_offboard_control/install/px4_msgs/include/px4_msgs/px4_msgs/msg/detail/camera_status__functions.c
[586.693s] -- Installing: /home/hamad/ws_offboard_control/install/px4_msgs/include/px4_msgs/px4_msgs/msg/detail/gimbal_manager_information__type_support.c
[586.694s] -- Installing: /home/hamad/ws_offboard_control/install/px4_msgs/include/px4_msgs/px4_msgs/msg/detail/unregister_ext_component__struct.h
[586.694s] -- Installing: /home/hamad/ws_offboard_control/install/px4_msgs/include/px4_msgs/px4_msgs/msg/detail/rpm__functions.h
[586.694s] -- Installing: /home/hamad/ws_offboard_control/install/px4_msgs/include/px4_msgs/px4_msgs/msg/detail/vehicle_attitude_setpoint__description.c
[586.695s] -- Installing: /home/hamad/ws_offboard_control/install/px4_msgs/include/px4_msgs/px4_msgs/msg/detail/tiltrotor_extra_controls__struct.h
[586.695s] -- Installing: /home/hamad/ws_offboard_control/install/px4_msgs/include/px4_msgs/px4_msgs/msg/detail/vehicle_angular_acceleration_setpoint__struct.h
[586.695s] -- Installing: /home/hamad/ws_offboard_control/install/px4_msgs/include/px4_msgs/px4_msgs/msg/detail/parameter_set_value_response__functions.h
[586.695s] -- Installing: /home/hamad/ws_offboard_control/install/px4_msgs/include/px4_msgs/px4_msgs/msg/detail/estimator_aid_source2d__type_support.h
[586.695s] -- Installing: /home/hamad/ws_offboard_control/install/px4_msgs/include/px4_msgs/px4_msgs/msg/detail/sensor_combined__type_support.h
[586.696s] -- Installing: /home/hamad/ws_offboard_control/install/px4_msgs/include/px4_msgs/px4_msgs/msg/detail/debug_vect__type_support.c
[586.696s] -- Installing: /home/hamad/ws_offboard_control/install/px4_msgs/include/px4_msgs/px4_msgs/msg/detail/sensor_accel__struct.h
[586.696s] -- Installing: /home/hamad/ws_offboard_control/install/px4_msgs/include/px4_msgs/px4_msgs/msg/detail/landing_gear_wheel__functions.c
[586.696s] CMake Error at cmake_install.cmake:994 (file):
[586.697s]   file INSTALL cannot set modification time on
[586.697s]   "/home/hamad/ws_offboard_control/install/px4_msgs/include/px4_msgs/px4_msgs/msg/detail/landing_gear_wheel__functions.c":
[586.697s]   No such file or directory.
[586.697s] 
[586.697s] 
[586.698s] Invoked command in '/home/hamad/ws_offboard_control/build/px4_msgs' returned '1': CMAKE_PREFIX_PATH=${CMAKE_PREFIX_PATH}:/opt/ros/jazzy DEBUGINFOD_URLS=https://debuginfod.ubuntu.com PS1=(.local) ${debian_chroot:+($debian_chroot)}\u@\h:\w\$ VIRTUAL_ENV_PROMPT=(.local) /usr/bin/cmake --install /home/hamad/ws_offboard_control/build/px4_msgs
