[0.000000] (-) TimerEvent: {}
[0.000138] (px4_msgs) JobQueued: {'identifier': 'px4_msgs', 'dependencies': OrderedDict()}
[0.000179] (px4_ros_com) JobQueued: {'identifier': 'px4_ros_com', 'dependencies': OrderedDict({'px4_msgs': '/home/hamad/ws_offboard_control/install/px4_msgs'})}
[0.000610] (px4_msgs) JobStarted: {'identifier': 'px4_msgs'}
[0.010859] (px4_msgs) JobProgress: {'identifier': 'px4_msgs', 'progress': 'cmake'}
[0.011538] (px4_msgs) Command: {'cmd': ['/usr/bin/cmake', '/home/hamad/ws_offboard_control/src/px4_msgs', '-DCMAKE_INSTALL_PREFIX=/home/hamad/ws_offboard_control/install/px4_msgs'], 'cwd': '/home/hamad/ws_offboard_control/build/px4_msgs', 'env': OrderedDict({'GJS_DEBUG_TOPICS': 'JS ERROR;JS LOG', 'LESSOPEN': '| /usr/bin/lesspipe %s', 'VSCODE_CWD': '/home/hamad', 'VSCODE_ESM_ENTRYPOINT': 'vs/workbench/api/node/extensionHostProcess', 'GZ_SIM_RESOURCE_PATH': '/opt/ros/jazzy/share', 'USER': 'hamad', 'VSCODE_NLS_CONFIG': '{"userLocale":"en-us","osLocale":"en-us","resolvedLanguage":"en","defaultMessagesFile":"/usr/share/cursor/resources/app/out/nls.messages.json","locale":"en-us","availableLanguages":{}}', 'GZ_CONFIG_PATH': '/opt/ros/jazzy/opt/gz_sim_vendor/share/gz:/opt/ros/jazzy/opt/sdformat_vendor/share/gz:/opt/ros/jazzy/opt/gz_gui_vendor/share/gz:/opt/ros/jazzy/opt/gz_transport_vendor/share/gz:/opt/ros/jazzy/opt/gz_rendering_vendor/share/gz:/opt/ros/jazzy/opt/gz_plugin_vendor/share/gz:/opt/ros/jazzy/opt/gz_fuel_tools_vendor/share/gz:/opt/ros/jazzy/opt/gz_msgs_vendor/share/gz:/opt/ros/jazzy/opt/gz_common_vendor/share/gz', 'VSCODE_HANDLES_UNCAUGHT_ERRORS': 'true', 'XDG_SESSION_TYPE': 'x11', 'CLUTTER_DISABLE_MIPMAPPED_TEXT': '1', 'SHLVL': '1', 'LD_LIBRARY_PATH': '/opt/ros/jazzy/opt/gz_sim_vendor/lib:/opt/ros/jazzy/opt/gz_sensors_vendor/lib:/opt/ros/jazzy/opt/gz_physics_vendor/lib:/opt/ros/jazzy/opt/sdformat_vendor/lib:/opt/ros/jazzy/opt/rviz_ogre_vendor/lib:/opt/ros/jazzy/lib/x86_64-linux-gnu:/opt/ros/jazzy/opt/gz_gui_vendor/lib:/opt/ros/jazzy/opt/gz_transport_vendor/lib:/opt/ros/jazzy/opt/gz_rendering_vendor/lib:/opt/ros/jazzy/opt/gz_plugin_vendor/lib:/opt/ros/jazzy/opt/gz_fuel_tools_vendor/lib:/opt/ros/jazzy/opt/gz_msgs_vendor/lib:/opt/ros/jazzy/opt/gz_common_vendor/lib:/opt/ros/jazzy/opt/gz_math_vendor/lib:/opt/ros/jazzy/opt/gz_utils_vendor/lib:/opt/ros/jazzy/opt/gz_tools_vendor/lib:/opt/ros/jazzy/opt/gz_ogre_next_vendor/lib:/opt/ros/jazzy/opt/gz_dartsim_vendor/lib:/opt/ros/jazzy/opt/gz_cmake_vendor/lib:/opt/ros/jazzy/lib', 'HOME': '/home/hamad', 'CHROME_DESKTOP': 'cursor.desktop', 'OLDPWD': '/home/hamad/ws_offboard_control', 'DESKTOP_SESSION': 'ubuntu', 'VSCODE_IPC_HOOK': '/run/user/1000/vscode-083de33d-2.0.-main.sock', 'GIO_LAUNCHED_DESKTOP_FILE': '/usr/share/applications/cursor.desktop', 'ROS_PYTHON_VERSION': '3', 'GNOME_SHELL_SESSION_MODE': 'ubuntu', 'GTK_MODULES': 'gail:atk-bridge', 'PS1': '(.local) ${debian_chroot:+($debian_chroot)}\\u@\\h:\\w\\$', 'MANAGERPID': '1366', 'SYSTEMD_EXEC_PID': '1683', 'GSM_SKIP_SSH_AGENT_WORKAROUND': 'true', 'NO_COLOR': '1', 'DBUS_SESSION_BUS_ADDRESS': 'unix:path=/run/user/1000/bus', 'GIO_LAUNCHED_DESKTOP_FILE_PID': '9744', 'VSCODE_CRASH_REPORTER_PROCESS_TYPE': 'extensionHost', 'DEBUGINFOD_URLS': 'https://debuginfod.ubuntu.com', 'ROS_DISTRO': 'jazzy', 'LOGNAME': 'hamad', 'FORCE_COLOR': '0', 'JOURNAL_STREAM': '9:12057', '_': '/usr/bin/colcon', 'ROS_VERSION': '2', 'MEMORY_PRESSURE_WATCH': '/sys/fs/cgroup/user.slice/user-1000.slice/user@1000.service/session.slice/org.gnome.Shell@x11.service/memory.pressure', 'XDG_SESSION_CLASS': 'user', 'USERNAME': 'hamad', 'TERM': 'dumb', 'GNOME_DESKTOP_SESSION_ID': 'this-is-deprecated', 'COMPOSER_NO_INTERACTION': '1', 'WINDOWPATH': '2', 'PATH': '/opt/ros/jazzy/opt/gz_msgs_vendor/bin:/opt/ros/jazzy/opt/gz_tools_vendor/bin:/opt/ros/jazzy/opt/gz_ogre_next_vendor/bin:/opt/ros/jazzy/bin:/home/hamad/.local/bin:/home/hamad/.local/bin:/home/hamad/.local/bin:/home/hamad/.local/bin:/home/hamad/.local/bin:/usr/local/sbin:/usr/local/bin:/usr/sbin:/usr/bin:/sbin:/bin:/usr/games:/usr/local/games:/snap/bin:/snap/bin:/opt/xtensa-esp-elf/bin/:/opt/xtensa-esp-elf/bin/:/opt/xtensa-esp-elf/bin/:/opt/xtensa-esp-elf/bin/', 'SESSION_MANAGER': 'local/SWARM:@/tmp/.ICE-unix/1654,unix/SWARM:/tmp/.ICE-unix/1654', 'INVOCATION_ID': 'b1d4b60504904a00b6acfc3ddbd1a85f', 'GTK3_MODULES': 'xapp-gtk3-module', 'XDG_MENU_PREFIX': 'gnome-', 'VSCODE_PROCESS_TITLE': 'extension-host  [2-3]', 'XDG_RUNTIME_DIR': '/run/user/1000', 'GDK_BACKEND': 'x11', 'CURSOR_AGENT': '1', 'DISPLAY': ':0', 'LANG': 'en_US.UTF-8', 'XDG_CURRENT_DESKTOP': 'Unity', 'VIRTUAL_ENV_PROMPT': '(.local)', 'XMODIFIERS': '@im=ibus', 'XDG_SESSION_DESKTOP': 'ubuntu', 'XAUTHORITY': '/run/user/1000/gdm/Xauthority', 'LS_COLORS': '', 'SBX_CHROME_API_RQ': '1', 'CURSOR_TRACE_ID': 'a7249a84a9d448249f434958b396e20d', 'SSH_AUTH_SOCK': '/run/user/1000/keyring/ssh', 'AMENT_PREFIX_PATH': '/opt/ros/jazzy', 'ORIGINAL_XDG_CURRENT_DESKTOP': 'ubuntu:GNOME', 'SHELL': '/bin/bash', 'QT_ACCESSIBILITY': '1', 'GDMSESSION': 'ubuntu', 'LESSCLOSE': '/usr/bin/lesspipe %s %s', 'GPG_AGENT_INFO': '/run/user/1000/gnupg/S.gpg-agent:0:1', 'GJS_DEBUG_OUTPUT': 'stderr', 'VIRTUAL_ENV': '/home/hamad/.local', 'ROS_AUTOMATIC_DISCOVERY_RANGE': 'SUBNET', 'QT_IM_MODULE': 'ibus', 'PWD': '/home/hamad/ws_offboard_control/build/px4_msgs', 'LC_ALL': 'en_US.UTF-8', 'XDG_CONFIG_DIRS': '/etc/xdg/xdg-ubuntu:/etc/xdg', 'VSCODE_CODE_CACHE_PATH': '/home/hamad/.config/Cursor/CachedData/ba90f2f88e4911312761abab9492c42442117cf0', 'XDG_DATA_DIRS': '/usr/share/ubuntu:/usr/share/gnome:/usr/local/share/:/usr/share/:/var/lib/snapd/desktop', 'PYTHONPATH': '/opt/ros/jazzy/lib/python3.12/site-packages', 'COLCON': '1', 'MEMORY_PRESSURE_WRITE': 'c29tZSAyMDAwMDAgMjAwMDAwMAA=', 'CMAKE_PREFIX_PATH': '/opt/ros/jazzy/opt/gz_sim_vendor:/opt/ros/jazzy/opt/gz_sensors_vendor:/opt/ros/jazzy/opt/gz_physics_vendor:/opt/ros/jazzy/opt/sdformat_vendor:/opt/ros/jazzy/opt/gz_gui_vendor:/opt/ros/jazzy/opt/gz_transport_vendor:/opt/ros/jazzy/opt/gz_rendering_vendor:/opt/ros/jazzy/opt/gz_plugin_vendor:/opt/ros/jazzy/opt/gz_fuel_tools_vendor:/opt/ros/jazzy/opt/gz_msgs_vendor:/opt/ros/jazzy/opt/gz_common_vendor:/opt/ros/jazzy/opt/gz_math_vendor:/opt/ros/jazzy/opt/gz_utils_vendor:/opt/ros/jazzy/opt/gz_tools_vendor:/opt/ros/jazzy/opt/gz_ogre_next_vendor:/opt/ros/jazzy/opt/gz_dartsim_vendor:/opt/ros/jazzy/opt/gz_cmake_vendor:/opt/ros/jazzy', 'VSCODE_PID': '9744'}), 'shell': False}
[0.041842] (px4_msgs) StdoutLine: {'line': b'-- Found ament_cmake: 2.5.4 (/opt/ros/jazzy/share/ament_cmake/cmake)\n'}
[0.099730] (-) TimerEvent: {}
[0.199892] (-) TimerEvent: {}
[0.204780] (px4_msgs) StdoutLine: {'line': b'-- Found Python3: /home/hamad/.local/bin/python3 (found version "3.12.3") found components: Interpreter \n'}
[0.300014] (-) TimerEvent: {}
[0.388183] (px4_msgs) StdoutLine: {'line': b'-- Found builtin_interfaces: 2.0.3 (/opt/ros/jazzy/share/builtin_interfaces/cmake)\n'}
[0.400109] (-) TimerEvent: {}
[0.468956] (px4_msgs) StdoutLine: {'line': b'-- Found rosidl_generator_c: 4.6.6 (/opt/ros/jazzy/share/rosidl_generator_c/cmake)\n'}
[0.499207] (px4_msgs) StdoutLine: {'line': b'-- Found rosidl_generator_cpp: 4.6.6 (/opt/ros/jazzy/share/rosidl_generator_cpp/cmake)\n'}
[0.500172] (-) TimerEvent: {}
[0.534797] (px4_msgs) StdoutLine: {'line': b'-- Using all available rosidl_typesupport_c: rosidl_typesupport_fastrtps_c;rosidl_typesupport_introspection_c\n'}
[0.574612] (px4_msgs) StdoutLine: {'line': b'-- Using all available rosidl_typesupport_cpp: rosidl_typesupport_fastrtps_cpp;rosidl_typesupport_introspection_cpp\n'}
[0.600255] (-) TimerEvent: {}
[0.610609] (px4_msgs) StdoutLine: {'line': b'-- Found rosidl_default_generators: 1.6.0 (/opt/ros/jazzy/share/rosidl_default_generators/cmake)\n'}
[0.642620] (px4_msgs) StdoutLine: {'line': b'-- Found rosidl_adapter: 4.6.6 (/opt/ros/jazzy/share/rosidl_adapter/cmake)\n'}
[0.700346] (-) TimerEvent: {}
[0.800484] (-) TimerEvent: {}
[0.900621] (-) TimerEvent: {}
[1.000782] (-) TimerEvent: {}
[1.100939] (-) TimerEvent: {}
[1.201098] (-) TimerEvent: {}
[1.301250] (-) TimerEvent: {}
[1.401502] (-) TimerEvent: {}
[1.501662] (-) TimerEvent: {}
[1.601853] (-) TimerEvent: {}
[1.701996] (-) TimerEvent: {}
[1.802150] (-) TimerEvent: {}
[1.902294] (-) TimerEvent: {}
[2.002458] (-) TimerEvent: {}
[2.102602] (-) TimerEvent: {}
[2.202746] (-) TimerEvent: {}
[2.302910] (-) TimerEvent: {}
[2.403081] (-) TimerEvent: {}
[2.503879] (-) TimerEvent: {}
[2.604214] (-) TimerEvent: {}
[2.705371] (-) TimerEvent: {}
[2.806154] (-) TimerEvent: {}
[2.906596] (-) TimerEvent: {}
[3.007312] (-) TimerEvent: {}
[3.107571] (-) TimerEvent: {}
[3.207708] (-) TimerEvent: {}
[3.307858] (-) TimerEvent: {}
[3.408028] (-) TimerEvent: {}
[3.509058] (-) TimerEvent: {}
[3.609327] (-) TimerEvent: {}
[3.709529] (-) TimerEvent: {}
[3.714077] (px4_msgs) StdoutLine: {'line': b'-- Found ament_cmake_ros: 0.12.0 (/opt/ros/jazzy/share/ament_cmake_ros/cmake)\n'}
[3.809622] (-) TimerEvent: {}
[3.909813] (-) TimerEvent: {}
[4.009973] (-) TimerEvent: {}
[4.110108] (-) TimerEvent: {}
[4.210267] (-) TimerEvent: {}
[4.310423] (-) TimerEvent: {}
[4.410572] (-) TimerEvent: {}
[4.510718] (-) TimerEvent: {}
[4.610870] (-) TimerEvent: {}
[4.697785] (px4_msgs) StdoutLine: {'line': b'-- Using all available rosidl_typesupport_c: rosidl_typesupport_fastrtps_c;rosidl_typesupport_introspection_c\n'}
[4.710956] (-) TimerEvent: {}
[4.811110] (-) TimerEvent: {}
[4.911253] (-) TimerEvent: {}
[5.011401] (-) TimerEvent: {}
[5.073875] (px4_msgs) StdoutLine: {'line': b'-- Using all available rosidl_typesupport_cpp: rosidl_typesupport_fastrtps_cpp;rosidl_typesupport_introspection_cpp\n'}
[5.083943] (px4_msgs) StdoutLine: {'line': b'-- Found python_cmake_module: 0.11.1 (/opt/ros/jazzy/share/python_cmake_module/cmake)\n'}
[5.111490] (-) TimerEvent: {}
[5.211680] (-) TimerEvent: {}
[5.229906] (px4_msgs) StdoutLine: {'line': b'-- Found PythonExtra: /home/hamad/.local/bin/python3  \n'}
[5.311708] (-) TimerEvent: {}
[5.411856] (-) TimerEvent: {}
[5.511997] (-) TimerEvent: {}
[5.612143] (-) TimerEvent: {}
[5.712878] (-) TimerEvent: {}
[5.769078] (px4_msgs) StdoutLine: {'line': b'-- Found Python3: /home/hamad/.local/bin/python3 (found version "3.12.3") found components: Interpreter Development NumPy Development.Module Development.Embed \n'}
[5.813015] (-) TimerEvent: {}
[5.897280] (px4_msgs) StdoutLine: {'line': b'-- Configuring done (5.9s)\n'}
[5.913098] (-) TimerEvent: {}
[6.013260] (-) TimerEvent: {}
[6.113416] (-) TimerEvent: {}
[6.213563] (-) TimerEvent: {}
[6.313721] (-) TimerEvent: {}
[6.413885] (-) TimerEvent: {}
[6.514055] (-) TimerEvent: {}
[6.614235] (-) TimerEvent: {}
[6.714415] (-) TimerEvent: {}
[6.773876] (px4_msgs) StdoutLine: {'line': b'-- Generating done (0.7s)\n'}
[6.814505] (-) TimerEvent: {}
[6.852596] (px4_msgs) StdoutLine: {'line': b'-- Build files have been written to: /home/hamad/ws_offboard_control/build/px4_msgs\n'}
[6.879919] (px4_msgs) CommandEnded: {'returncode': 0}
[6.880604] (px4_msgs) JobProgress: {'identifier': 'px4_msgs', 'progress': 'build'}
[6.881462] (px4_msgs) Command: {'cmd': ['/usr/bin/cmake', '--build', '/home/hamad/ws_offboard_control/build/px4_msgs', '--', '-j8', '-l8'], 'cwd': '/home/hamad/ws_offboard_control/build/px4_msgs', 'env': OrderedDict({'GJS_DEBUG_TOPICS': 'JS ERROR;JS LOG', 'LESSOPEN': '| /usr/bin/lesspipe %s', 'VSCODE_CWD': '/home/hamad', 'VSCODE_ESM_ENTRYPOINT': 'vs/workbench/api/node/extensionHostProcess', 'GZ_SIM_RESOURCE_PATH': '/opt/ros/jazzy/share', 'USER': 'hamad', 'VSCODE_NLS_CONFIG': '{"userLocale":"en-us","osLocale":"en-us","resolvedLanguage":"en","defaultMessagesFile":"/usr/share/cursor/resources/app/out/nls.messages.json","locale":"en-us","availableLanguages":{}}', 'GZ_CONFIG_PATH': '/opt/ros/jazzy/opt/gz_sim_vendor/share/gz:/opt/ros/jazzy/opt/sdformat_vendor/share/gz:/opt/ros/jazzy/opt/gz_gui_vendor/share/gz:/opt/ros/jazzy/opt/gz_transport_vendor/share/gz:/opt/ros/jazzy/opt/gz_rendering_vendor/share/gz:/opt/ros/jazzy/opt/gz_plugin_vendor/share/gz:/opt/ros/jazzy/opt/gz_fuel_tools_vendor/share/gz:/opt/ros/jazzy/opt/gz_msgs_vendor/share/gz:/opt/ros/jazzy/opt/gz_common_vendor/share/gz', 'VSCODE_HANDLES_UNCAUGHT_ERRORS': 'true', 'XDG_SESSION_TYPE': 'x11', 'CLUTTER_DISABLE_MIPMAPPED_TEXT': '1', 'SHLVL': '1', 'LD_LIBRARY_PATH': '/opt/ros/jazzy/opt/gz_sim_vendor/lib:/opt/ros/jazzy/opt/gz_sensors_vendor/lib:/opt/ros/jazzy/opt/gz_physics_vendor/lib:/opt/ros/jazzy/opt/sdformat_vendor/lib:/opt/ros/jazzy/opt/rviz_ogre_vendor/lib:/opt/ros/jazzy/lib/x86_64-linux-gnu:/opt/ros/jazzy/opt/gz_gui_vendor/lib:/opt/ros/jazzy/opt/gz_transport_vendor/lib:/opt/ros/jazzy/opt/gz_rendering_vendor/lib:/opt/ros/jazzy/opt/gz_plugin_vendor/lib:/opt/ros/jazzy/opt/gz_fuel_tools_vendor/lib:/opt/ros/jazzy/opt/gz_msgs_vendor/lib:/opt/ros/jazzy/opt/gz_common_vendor/lib:/opt/ros/jazzy/opt/gz_math_vendor/lib:/opt/ros/jazzy/opt/gz_utils_vendor/lib:/opt/ros/jazzy/opt/gz_tools_vendor/lib:/opt/ros/jazzy/opt/gz_ogre_next_vendor/lib:/opt/ros/jazzy/opt/gz_dartsim_vendor/lib:/opt/ros/jazzy/opt/gz_cmake_vendor/lib:/opt/ros/jazzy/lib', 'HOME': '/home/hamad', 'CHROME_DESKTOP': 'cursor.desktop', 'OLDPWD': '/home/hamad/ws_offboard_control', 'DESKTOP_SESSION': 'ubuntu', 'VSCODE_IPC_HOOK': '/run/user/1000/vscode-083de33d-2.0.-main.sock', 'GIO_LAUNCHED_DESKTOP_FILE': '/usr/share/applications/cursor.desktop', 'ROS_PYTHON_VERSION': '3', 'GNOME_SHELL_SESSION_MODE': 'ubuntu', 'GTK_MODULES': 'gail:atk-bridge', 'PS1': '(.local) ${debian_chroot:+($debian_chroot)}\\u@\\h:\\w\\$', 'MANAGERPID': '1366', 'SYSTEMD_EXEC_PID': '1683', 'GSM_SKIP_SSH_AGENT_WORKAROUND': 'true', 'NO_COLOR': '1', 'DBUS_SESSION_BUS_ADDRESS': 'unix:path=/run/user/1000/bus', 'GIO_LAUNCHED_DESKTOP_FILE_PID': '9744', 'VSCODE_CRASH_REPORTER_PROCESS_TYPE': 'extensionHost', 'DEBUGINFOD_URLS': 'https://debuginfod.ubuntu.com', 'ROS_DISTRO': 'jazzy', 'LOGNAME': 'hamad', 'FORCE_COLOR': '0', 'JOURNAL_STREAM': '9:12057', '_': '/usr/bin/colcon', 'ROS_VERSION': '2', 'MEMORY_PRESSURE_WATCH': '/sys/fs/cgroup/user.slice/user-1000.slice/user@1000.service/session.slice/org.gnome.Shell@x11.service/memory.pressure', 'XDG_SESSION_CLASS': 'user', 'USERNAME': 'hamad', 'TERM': 'dumb', 'GNOME_DESKTOP_SESSION_ID': 'this-is-deprecated', 'COMPOSER_NO_INTERACTION': '1', 'WINDOWPATH': '2', 'PATH': '/opt/ros/jazzy/opt/gz_msgs_vendor/bin:/opt/ros/jazzy/opt/gz_tools_vendor/bin:/opt/ros/jazzy/opt/gz_ogre_next_vendor/bin:/opt/ros/jazzy/bin:/home/hamad/.local/bin:/home/hamad/.local/bin:/home/hamad/.local/bin:/home/hamad/.local/bin:/home/hamad/.local/bin:/usr/local/sbin:/usr/local/bin:/usr/sbin:/usr/bin:/sbin:/bin:/usr/games:/usr/local/games:/snap/bin:/snap/bin:/opt/xtensa-esp-elf/bin/:/opt/xtensa-esp-elf/bin/:/opt/xtensa-esp-elf/bin/:/opt/xtensa-esp-elf/bin/', 'SESSION_MANAGER': 'local/SWARM:@/tmp/.ICE-unix/1654,unix/SWARM:/tmp/.ICE-unix/1654', 'INVOCATION_ID': 'b1d4b60504904a00b6acfc3ddbd1a85f', 'GTK3_MODULES': 'xapp-gtk3-module', 'XDG_MENU_PREFIX': 'gnome-', 'VSCODE_PROCESS_TITLE': 'extension-host  [2-3]', 'XDG_RUNTIME_DIR': '/run/user/1000', 'GDK_BACKEND': 'x11', 'CURSOR_AGENT': '1', 'DISPLAY': ':0', 'LANG': 'en_US.UTF-8', 'XDG_CURRENT_DESKTOP': 'Unity', 'VIRTUAL_ENV_PROMPT': '(.local)', 'XMODIFIERS': '@im=ibus', 'XDG_SESSION_DESKTOP': 'ubuntu', 'XAUTHORITY': '/run/user/1000/gdm/Xauthority', 'LS_COLORS': '', 'SBX_CHROME_API_RQ': '1', 'CURSOR_TRACE_ID': 'a7249a84a9d448249f434958b396e20d', 'SSH_AUTH_SOCK': '/run/user/1000/keyring/ssh', 'AMENT_PREFIX_PATH': '/opt/ros/jazzy', 'ORIGINAL_XDG_CURRENT_DESKTOP': 'ubuntu:GNOME', 'SHELL': '/bin/bash', 'QT_ACCESSIBILITY': '1', 'GDMSESSION': 'ubuntu', 'LESSCLOSE': '/usr/bin/lesspipe %s %s', 'GPG_AGENT_INFO': '/run/user/1000/gnupg/S.gpg-agent:0:1', 'GJS_DEBUG_OUTPUT': 'stderr', 'VIRTUAL_ENV': '/home/hamad/.local', 'ROS_AUTOMATIC_DISCOVERY_RANGE': 'SUBNET', 'QT_IM_MODULE': 'ibus', 'PWD': '/home/hamad/ws_offboard_control/build/px4_msgs', 'LC_ALL': 'en_US.UTF-8', 'XDG_CONFIG_DIRS': '/etc/xdg/xdg-ubuntu:/etc/xdg', 'VSCODE_CODE_CACHE_PATH': '/home/hamad/.config/Cursor/CachedData/ba90f2f88e4911312761abab9492c42442117cf0', 'XDG_DATA_DIRS': '/usr/share/ubuntu:/usr/share/gnome:/usr/local/share/:/usr/share/:/var/lib/snapd/desktop', 'PYTHONPATH': '/opt/ros/jazzy/lib/python3.12/site-packages', 'COLCON': '1', 'MEMORY_PRESSURE_WRITE': 'c29tZSAyMDAwMDAgMjAwMDAwMAA=', 'CMAKE_PREFIX_PATH': '/opt/ros/jazzy/opt/gz_sim_vendor:/opt/ros/jazzy/opt/gz_sensors_vendor:/opt/ros/jazzy/opt/gz_physics_vendor:/opt/ros/jazzy/opt/sdformat_vendor:/opt/ros/jazzy/opt/gz_gui_vendor:/opt/ros/jazzy/opt/gz_transport_vendor:/opt/ros/jazzy/opt/gz_rendering_vendor:/opt/ros/jazzy/opt/gz_plugin_vendor:/opt/ros/jazzy/opt/gz_fuel_tools_vendor:/opt/ros/jazzy/opt/gz_msgs_vendor:/opt/ros/jazzy/opt/gz_common_vendor:/opt/ros/jazzy/opt/gz_math_vendor:/opt/ros/jazzy/opt/gz_utils_vendor:/opt/ros/jazzy/opt/gz_tools_vendor:/opt/ros/jazzy/opt/gz_ogre_next_vendor:/opt/ros/jazzy/opt/gz_dartsim_vendor:/opt/ros/jazzy/opt/gz_cmake_vendor:/opt/ros/jazzy', 'VSCODE_PID': '9744'}), 'shell': False}
[6.914598] (-) TimerEvent: {}
[7.014717] (-) TimerEvent: {}
[7.114909] (-) TimerEvent: {}
[7.215070] (-) TimerEvent: {}
[7.315234] (-) TimerEvent: {}
[7.415433] (-) TimerEvent: {}
[7.515614] (-) TimerEvent: {}
[7.615969] (-) TimerEvent: {}
[7.716255] (-) TimerEvent: {}
[7.816395] (-) TimerEvent: {}
[7.916545] (-) TimerEvent: {}
[8.016720] (-) TimerEvent: {}
[8.095595] (px4_msgs) StdoutLine: {'line': b'[  0%] Generating type hashes for ROS interfaces\n'}
[8.116771] (-) TimerEvent: {}
[8.216936] (-) TimerEvent: {}
[8.317075] (-) TimerEvent: {}
[8.417250] (-) TimerEvent: {}
[8.517405] (-) TimerEvent: {}
[8.617575] (-) TimerEvent: {}
[8.717711] (-) TimerEvent: {}
[8.817868] (-) TimerEvent: {}
[8.918009] (-) TimerEvent: {}
[9.018146] (-) TimerEvent: {}
[9.118303] (-) TimerEvent: {}
[9.218460] (-) TimerEvent: {}
[9.318628] (-) TimerEvent: {}
[9.419107] (-) TimerEvent: {}
[9.519275] (-) TimerEvent: {}
[9.619417] (-) TimerEvent: {}
[9.719792] (-) TimerEvent: {}
[9.819993] (-) TimerEvent: {}
[9.920195] (-) TimerEvent: {}
[10.020391] (-) TimerEvent: {}
[10.120555] (-) TimerEvent: {}
[10.220881] (-) TimerEvent: {}
[10.321056] (-) TimerEvent: {}
[10.421212] (-) TimerEvent: {}
[10.521437] (-) TimerEvent: {}
[10.621757] (-) TimerEvent: {}
[10.721942] (-) TimerEvent: {}
[10.822114] (-) TimerEvent: {}
[10.922290] (-) TimerEvent: {}
[11.022460] (-) TimerEvent: {}
[11.122625] (-) TimerEvent: {}
[11.222811] (-) TimerEvent: {}
[11.323054] (-) TimerEvent: {}
[11.423223] (-) TimerEvent: {}
[11.523393] (-) TimerEvent: {}
[11.623559] (-) TimerEvent: {}
[11.723850] (-) TimerEvent: {}
[11.824017] (-) TimerEvent: {}
[11.924183] (-) TimerEvent: {}
[12.024332] (-) TimerEvent: {}
[12.124482] (-) TimerEvent: {}
[12.224762] (-) TimerEvent: {}
[12.325461] (-) TimerEvent: {}
[12.426030] (-) TimerEvent: {}
[12.526335] (-) TimerEvent: {}
[12.626575] (-) TimerEvent: {}
[12.726734] (-) TimerEvent: {}
[12.826900] (-) TimerEvent: {}
[12.927058] (-) TimerEvent: {}
[13.027236] (-) TimerEvent: {}
[13.127387] (-) TimerEvent: {}
[13.227525] (-) TimerEvent: {}
[13.327887] (-) TimerEvent: {}
[13.428069] (-) TimerEvent: {}
[13.528226] (-) TimerEvent: {}
[13.628586] (-) TimerEvent: {}
[13.728787] (-) TimerEvent: {}
[13.828964] (-) TimerEvent: {}
[13.929157] (-) TimerEvent: {}
[14.029294] (-) TimerEvent: {}
[14.129442] (-) TimerEvent: {}
[14.229595] (-) TimerEvent: {}
[14.329720] (-) TimerEvent: {}
[14.429887] (-) TimerEvent: {}
[14.530030] (-) TimerEvent: {}
[14.630171] (-) TimerEvent: {}
[14.730307] (-) TimerEvent: {}
[14.830465] (-) TimerEvent: {}
[14.930606] (-) TimerEvent: {}
[15.030721] (-) TimerEvent: {}
[15.130979] (-) TimerEvent: {}
[15.231148] (-) TimerEvent: {}
[15.331299] (-) TimerEvent: {}
[15.431464] (-) TimerEvent: {}
[15.531636] (-) TimerEvent: {}
[15.631811] (-) TimerEvent: {}
[15.732068] (-) TimerEvent: {}
[15.832184] (-) TimerEvent: {}
[15.932338] (-) TimerEvent: {}
[16.032511] (-) TimerEvent: {}
[16.132649] (-) TimerEvent: {}
[16.232803] (-) TimerEvent: {}
[16.332948] (-) TimerEvent: {}
[16.433095] (-) TimerEvent: {}
[16.533246] (-) TimerEvent: {}
[16.633402] (-) TimerEvent: {}
[16.733571] (-) TimerEvent: {}
[16.833716] (-) TimerEvent: {}
[16.933899] (-) TimerEvent: {}
[17.034090] (-) TimerEvent: {}
[17.134245] (-) TimerEvent: {}
[17.234399] (-) TimerEvent: {}
[17.334540] (-) TimerEvent: {}
[17.434679] (-) TimerEvent: {}
[17.534818] (-) TimerEvent: {}
[17.634970] (-) TimerEvent: {}
[17.735111] (-) TimerEvent: {}
[17.835254] (-) TimerEvent: {}
[17.935413] (-) TimerEvent: {}
[18.035564] (-) TimerEvent: {}
[18.135700] (-) TimerEvent: {}
[18.235835] (-) TimerEvent: {}
[18.335982] (-) TimerEvent: {}
[18.436150] (-) TimerEvent: {}
[18.536387] (-) TimerEvent: {}
[18.636555] (-) TimerEvent: {}
[18.736715] (-) TimerEvent: {}
[18.836875] (-) TimerEvent: {}
[18.938143] (-) TimerEvent: {}
[19.038477] (-) TimerEvent: {}
[19.138831] (-) TimerEvent: {}
[19.239006] (-) TimerEvent: {}
[19.339248] (-) TimerEvent: {}
[19.439406] (-) TimerEvent: {}
[19.539645] (-) TimerEvent: {}
[19.640001] (-) TimerEvent: {}
[19.740166] (-) TimerEvent: {}
[19.840323] (-) TimerEvent: {}
[19.940483] (-) TimerEvent: {}
[20.040651] (-) TimerEvent: {}
[20.140926] (-) TimerEvent: {}
[20.241093] (-) TimerEvent: {}
[20.341240] (-) TimerEvent: {}
[20.441433] (-) TimerEvent: {}
[20.541589] (-) TimerEvent: {}
[20.641706] (-) TimerEvent: {}
[20.741852] (-) TimerEvent: {}
[20.841995] (-) TimerEvent: {}
[20.942142] (-) TimerEvent: {}
[21.042344] (-) TimerEvent: {}
[21.142556] (-) TimerEvent: {}
[21.242736] (-) TimerEvent: {}
[21.342931] (-) TimerEvent: {}
[21.443299] (-) TimerEvent: {}
[21.543478] (-) TimerEvent: {}
[21.643630] (-) TimerEvent: {}
[21.743791] (-) TimerEvent: {}
[21.843980] (-) TimerEvent: {}
[21.944138] (-) TimerEvent: {}
[22.044285] (-) TimerEvent: {}
[22.144460] (-) TimerEvent: {}
[22.244603] (-) TimerEvent: {}
[22.344775] (-) TimerEvent: {}
[22.445173] (-) TimerEvent: {}
[22.545349] (-) TimerEvent: {}
[22.645490] (-) TimerEvent: {}
[22.745640] (-) TimerEvent: {}
[22.845808] (-) TimerEvent: {}
[22.945954] (-) TimerEvent: {}
[23.046207] (-) TimerEvent: {}
[23.146367] (-) TimerEvent: {}
[23.246510] (-) TimerEvent: {}
[23.346705] (-) TimerEvent: {}
[23.446920] (-) TimerEvent: {}
[23.547073] (-) TimerEvent: {}
[23.647368] (-) TimerEvent: {}
[23.747536] (-) TimerEvent: {}
[23.847676] (-) TimerEvent: {}
[23.947819] (-) TimerEvent: {}
[24.047960] (-) TimerEvent: {}
[24.148269] (-) TimerEvent: {}
[24.248705] (-) TimerEvent: {}
[24.348812] (-) TimerEvent: {}
[24.448981] (-) TimerEvent: {}
[24.549136] (-) TimerEvent: {}
[24.649271] (-) TimerEvent: {}
[24.749426] (-) TimerEvent: {}
[24.849564] (-) TimerEvent: {}
[24.949716] (-) TimerEvent: {}
[25.049888] (-) TimerEvent: {}
[25.150060] (-) TimerEvent: {}
[25.250269] (-) TimerEvent: {}
[25.350409] (-) TimerEvent: {}
[25.450614] (-) TimerEvent: {}
[25.550829] (-) TimerEvent: {}
[25.651004] (-) TimerEvent: {}
[25.751152] (-) TimerEvent: {}
[25.851307] (-) TimerEvent: {}
[25.951462] (-) TimerEvent: {}
[26.051675] (-) TimerEvent: {}
[26.151840] (-) TimerEvent: {}
[26.251983] (-) TimerEvent: {}
[26.352135] (-) TimerEvent: {}
[26.452271] (-) TimerEvent: {}
[26.552432] (-) TimerEvent: {}
[26.652598] (-) TimerEvent: {}
[26.752776] (-) TimerEvent: {}
[26.852961] (-) TimerEvent: {}
[26.953130] (-) TimerEvent: {}
[27.053309] (-) TimerEvent: {}
[27.153510] (-) TimerEvent: {}
[27.253766] (-) TimerEvent: {}
[27.354229] (-) TimerEvent: {}
[27.454537] (-) TimerEvent: {}
[27.555146] (-) TimerEvent: {}
[27.655386] (-) TimerEvent: {}
[27.755593] (-) TimerEvent: {}
[27.855776] (-) TimerEvent: {}
[27.956346] (-) TimerEvent: {}
[28.056533] (-) TimerEvent: {}
[28.156691] (-) TimerEvent: {}
[28.256919] (-) TimerEvent: {}
[28.357082] (-) TimerEvent: {}
[28.457271] (-) TimerEvent: {}
[28.557418] (-) TimerEvent: {}
[28.657555] (-) TimerEvent: {}
[28.757701] (-) TimerEvent: {}
[28.857849] (-) TimerEvent: {}
[28.958063] (-) TimerEvent: {}
[29.058233] (-) TimerEvent: {}
[29.158401] (-) TimerEvent: {}
[29.258693] (-) TimerEvent: {}
[29.358869] (-) TimerEvent: {}
[29.459054] (-) TimerEvent: {}
[29.559263] (-) TimerEvent: {}
[29.659467] (-) TimerEvent: {}
[29.759689] (-) TimerEvent: {}
[29.859842] (-) TimerEvent: {}
[29.960011] (-) TimerEvent: {}
[30.060169] (-) TimerEvent: {}
[30.160327] (-) TimerEvent: {}
[30.260517] (-) TimerEvent: {}
[30.360753] (-) TimerEvent: {}
[30.461249] (-) TimerEvent: {}
[30.561438] (-) TimerEvent: {}
[30.661577] (-) TimerEvent: {}
[30.761709] (-) TimerEvent: {}
[30.861851] (-) TimerEvent: {}
[30.962020] (-) TimerEvent: {}
[31.062774] (-) TimerEvent: {}
[31.162938] (-) TimerEvent: {}
[31.263109] (-) TimerEvent: {}
[31.363325] (-) TimerEvent: {}
[31.463482] (-) TimerEvent: {}
[31.563631] (-) TimerEvent: {}
[31.663772] (-) TimerEvent: {}
[31.763910] (-) TimerEvent: {}
[31.864264] (-) TimerEvent: {}
[31.964425] (-) TimerEvent: {}
[32.064567] (-) TimerEvent: {}
[32.164712] (-) TimerEvent: {}
[32.264870] (-) TimerEvent: {}
[32.365166] (-) TimerEvent: {}
[32.465306] (-) TimerEvent: {}
[32.565459] (-) TimerEvent: {}
[32.665610] (-) TimerEvent: {}
[32.765744] (-) TimerEvent: {}
[32.865903] (-) TimerEvent: {}
[32.966048] (-) TimerEvent: {}
[33.066205] (-) TimerEvent: {}
[33.166378] (-) TimerEvent: {}
[33.266562] (-) TimerEvent: {}
[33.366717] (-) TimerEvent: {}
[33.466896] (-) TimerEvent: {}
[33.567053] (-) TimerEvent: {}
[33.667225] (-) TimerEvent: {}
[33.767381] (-) TimerEvent: {}
[33.867539] (-) TimerEvent: {}
[33.967678] (-) TimerEvent: {}
[34.067827] (-) TimerEvent: {}
[34.167961] (-) TimerEvent: {}
[34.268099] (-) TimerEvent: {}
[34.368252] (-) TimerEvent: {}
[34.468415] (-) TimerEvent: {}
[34.568601] (-) TimerEvent: {}
[34.668786] (-) TimerEvent: {}
[34.769098] (-) TimerEvent: {}
[34.869266] (-) TimerEvent: {}
[34.969468] (-) TimerEvent: {}
[35.069660] (-) TimerEvent: {}
[35.169847] (-) TimerEvent: {}
[35.270449] (-) TimerEvent: {}
[35.370613] (-) TimerEvent: {}
[35.470799] (-) TimerEvent: {}
[35.570972] (-) TimerEvent: {}
[35.671137] (-) TimerEvent: {}
[35.771743] (-) TimerEvent: {}
[35.872018] (-) TimerEvent: {}
[35.972176] (-) TimerEvent: {}
[36.072425] (-) TimerEvent: {}
[36.172593] (-) TimerEvent: {}
[36.272796] (-) TimerEvent: {}
[36.373012] (-) TimerEvent: {}
[36.473210] (-) TimerEvent: {}
[36.573654] (-) TimerEvent: {}
[36.673810] (-) TimerEvent: {}
[36.773952] (-) TimerEvent: {}
[36.874099] (-) TimerEvent: {}
[36.974346] (-) TimerEvent: {}
[37.074557] (-) TimerEvent: {}
[37.174724] (-) TimerEvent: {}
[37.274878] (-) TimerEvent: {}
[37.375035] (-) TimerEvent: {}
[37.475190] (-) TimerEvent: {}
[37.575337] (-) TimerEvent: {}
[37.675689] (-) TimerEvent: {}
[37.776158] (-) TimerEvent: {}
[37.876333] (-) TimerEvent: {}
[37.976549] (-) TimerEvent: {}
[38.076710] (-) TimerEvent: {}
[38.176865] (-) TimerEvent: {}
[38.277105] (-) TimerEvent: {}
[38.377289] (-) TimerEvent: {}
[38.477450] (-) TimerEvent: {}
[38.577608] (-) TimerEvent: {}
[38.677758] (-) TimerEvent: {}
[38.777997] (-) TimerEvent: {}
[38.878163] (-) TimerEvent: {}
[38.978334] (-) TimerEvent: {}
[39.078471] (-) TimerEvent: {}
[39.178610] (-) TimerEvent: {}
[39.278711] (-) TimerEvent: {}
[39.379252] (-) TimerEvent: {}
[39.479416] (-) TimerEvent: {}
[39.579559] (-) TimerEvent: {}
[39.679710] (-) TimerEvent: {}
[39.779857] (-) TimerEvent: {}
[39.880014] (-) TimerEvent: {}
[39.980159] (-) TimerEvent: {}
[40.080310] (-) TimerEvent: {}
[40.180469] (-) TimerEvent: {}
[40.280605] (-) TimerEvent: {}
[40.380711] (-) TimerEvent: {}
[40.480957] (-) TimerEvent: {}
[40.581117] (-) TimerEvent: {}
[40.681261] (-) TimerEvent: {}
[40.781406] (-) TimerEvent: {}
[40.881549] (-) TimerEvent: {}
[40.981700] (-) TimerEvent: {}
[41.081877] (-) TimerEvent: {}
[41.182040] (-) TimerEvent: {}
[41.282206] (-) TimerEvent: {}
[41.382370] (-) TimerEvent: {}
[41.482574] (-) TimerEvent: {}
[41.582708] (-) TimerEvent: {}
[41.682851] (-) TimerEvent: {}
[41.783036] (-) TimerEvent: {}
[41.883269] (-) TimerEvent: {}
[41.983492] (-) TimerEvent: {}
[42.083678] (-) TimerEvent: {}
[42.183843] (-) TimerEvent: {}
[42.283995] (-) TimerEvent: {}
[42.384156] (-) TimerEvent: {}
[42.484333] (-) TimerEvent: {}
[42.584474] (-) TimerEvent: {}
[42.684689] (-) TimerEvent: {}
[42.784829] (-) TimerEvent: {}
[42.884966] (-) TimerEvent: {}
[42.985114] (-) TimerEvent: {}
[43.085267] (-) TimerEvent: {}
[43.185716] (-) TimerEvent: {}
[43.285962] (-) TimerEvent: {}
[43.386146] (-) TimerEvent: {}
[43.486333] (-) TimerEvent: {}
[43.586629] (-) TimerEvent: {}
[43.686802] (-) TimerEvent: {}
[43.787029] (-) TimerEvent: {}
[43.887206] (-) TimerEvent: {}
[43.987376] (-) TimerEvent: {}
[44.087533] (-) TimerEvent: {}
[44.187695] (-) TimerEvent: {}
[44.287865] (-) TimerEvent: {}
[44.388016] (-) TimerEvent: {}
[44.488597] (-) TimerEvent: {}
[44.588787] (-) TimerEvent: {}
[44.688948] (-) TimerEvent: {}
[44.789112] (-) TimerEvent: {}
[44.889283] (-) TimerEvent: {}
[44.989467] (-) TimerEvent: {}
[45.089631] (-) TimerEvent: {}
[45.189827] (-) TimerEvent: {}
[45.289990] (-) TimerEvent: {}
[45.390144] (-) TimerEvent: {}
[45.490434] (-) TimerEvent: {}
[45.590616] (-) TimerEvent: {}
[45.690849] (-) TimerEvent: {}
[45.791017] (-) TimerEvent: {}
[45.891178] (-) TimerEvent: {}
[45.991323] (-) TimerEvent: {}
[46.091603] (-) TimerEvent: {}
[46.191931] (-) TimerEvent: {}
[46.292108] (-) TimerEvent: {}
[46.392307] (-) TimerEvent: {}
[46.492459] (-) TimerEvent: {}
[46.592607] (-) TimerEvent: {}
[46.692730] (-) TimerEvent: {}
[46.792883] (-) TimerEvent: {}
[46.893049] (-) TimerEvent: {}
[46.993221] (-) TimerEvent: {}
[47.093409] (-) TimerEvent: {}
[47.193580] (-) TimerEvent: {}
[47.293724] (-) TimerEvent: {}
[47.393906] (-) TimerEvent: {}
[47.494046] (-) TimerEvent: {}
[47.594245] (-) TimerEvent: {}
[47.694413] (-) TimerEvent: {}
[47.794556] (-) TimerEvent: {}
[47.894696] (-) TimerEvent: {}
[47.994865] (-) TimerEvent: {}
[48.095310] (-) TimerEvent: {}
[48.195457] (-) TimerEvent: {}
[48.295608] (-) TimerEvent: {}
[48.395944] (-) TimerEvent: {}
[48.496119] (-) TimerEvent: {}
[48.596342] (-) TimerEvent: {}
[48.696550] (-) TimerEvent: {}
[48.796830] (-) TimerEvent: {}
[48.897121] (-) TimerEvent: {}
[48.997294] (-) TimerEvent: {}
[49.097534] (-) TimerEvent: {}
[49.197698] (-) TimerEvent: {}
[49.297828] (-) TimerEvent: {}
[49.397959] (-) TimerEvent: {}
[49.498092] (-) TimerEvent: {}
[49.598273] (-) TimerEvent: {}
[49.698541] (-) TimerEvent: {}
[49.798711] (-) TimerEvent: {}
[49.898877] (-) TimerEvent: {}
[49.999140] (-) TimerEvent: {}
[50.099318] (-) TimerEvent: {}
[50.199509] (-) TimerEvent: {}
[50.299662] (-) TimerEvent: {}
[50.399978] (-) TimerEvent: {}
[50.500182] (-) TimerEvent: {}
[50.600338] (-) TimerEvent: {}
[50.700485] (-) TimerEvent: {}
[50.800651] (-) TimerEvent: {}
[50.901111] (-) TimerEvent: {}
[51.001267] (-) TimerEvent: {}
[51.101404] (-) TimerEvent: {}
[51.201555] (-) TimerEvent: {}
[51.301714] (-) TimerEvent: {}
[51.401874] (-) TimerEvent: {}
[51.502044] (-) TimerEvent: {}
[51.602307] (-) TimerEvent: {}
[51.702653] (-) TimerEvent: {}
[51.802888] (-) TimerEvent: {}
[51.903043] (-) TimerEvent: {}
[52.003193] (-) TimerEvent: {}
[52.103346] (-) TimerEvent: {}
[52.203575] (-) TimerEvent: {}
[52.303725] (-) TimerEvent: {}
[52.403886] (-) TimerEvent: {}
[52.504077] (-) TimerEvent: {}
[52.604435] (-) TimerEvent: {}
[52.704648] (-) TimerEvent: {}
[52.805039] (-) TimerEvent: {}
[52.905199] (-) TimerEvent: {}
[53.005350] (-) TimerEvent: {}
[53.105499] (-) TimerEvent: {}
[53.205694] (-) TimerEvent: {}
[53.305876] (-) TimerEvent: {}
[53.406219] (-) TimerEvent: {}
[53.506389] (-) TimerEvent: {}
[53.606607] (-) TimerEvent: {}
[53.706875] (-) TimerEvent: {}
[53.807064] (-) TimerEvent: {}
[53.907219] (-) TimerEvent: {}
[54.007399] (-) TimerEvent: {}
[54.107755] (-) TimerEvent: {}
[54.207963] (-) TimerEvent: {}
[54.308178] (-) TimerEvent: {}
[54.408977] (-) TimerEvent: {}
[54.509131] (-) TimerEvent: {}
[54.609431] (-) TimerEvent: {}
[54.709791] (-) TimerEvent: {}
[54.810190] (-) TimerEvent: {}
[54.910346] (-) TimerEvent: {}
[55.010526] (-) TimerEvent: {}
[55.110724] (-) TimerEvent: {}
[55.210881] (-) TimerEvent: {}
[55.311022] (-) TimerEvent: {}
[55.411163] (-) TimerEvent: {}
[55.511330] (-) TimerEvent: {}
[55.611463] (-) TimerEvent: {}
[55.711602] (-) TimerEvent: {}
[55.811732] (-) TimerEvent: {}
[55.911861] (-) TimerEvent: {}
[56.012000] (-) TimerEvent: {}
[56.112168] (-) TimerEvent: {}
[56.212646] (-) TimerEvent: {}
[56.313074] (-) TimerEvent: {}
[56.413243] (-) TimerEvent: {}
[56.513396] (-) TimerEvent: {}
[56.613549] (-) TimerEvent: {}
[56.713687] (-) TimerEvent: {}
[56.813822] (-) TimerEvent: {}
[56.913967] (-) TimerEvent: {}
[57.014094] (-) TimerEvent: {}
[57.114231] (-) TimerEvent: {}
[57.214394] (-) TimerEvent: {}
[57.314575] (-) TimerEvent: {}
[57.414704] (-) TimerEvent: {}
[57.514841] (-) TimerEvent: {}
[57.614978] (-) TimerEvent: {}
[57.715132] (-) TimerEvent: {}
[57.815300] (-) TimerEvent: {}
[57.915436] (-) TimerEvent: {}
[58.015579] (-) TimerEvent: {}
[58.115704] (-) TimerEvent: {}
[58.215978] (-) TimerEvent: {}
[58.316146] (-) TimerEvent: {}
[58.416304] (-) TimerEvent: {}
[58.516468] (-) TimerEvent: {}
[58.616622] (-) TimerEvent: {}
[58.716776] (-) TimerEvent: {}
[58.816949] (-) TimerEvent: {}
[58.917105] (-) TimerEvent: {}
[59.017282] (-) TimerEvent: {}
[59.117415] (-) TimerEvent: {}
[59.217566] (-) TimerEvent: {}
[59.317701] (-) TimerEvent: {}
[59.417854] (-) TimerEvent: {}
[59.518044] (-) TimerEvent: {}
[59.618237] (-) TimerEvent: {}
[59.718417] (-) TimerEvent: {}
[59.818566] (-) TimerEvent: {}
[59.918710] (-) TimerEvent: {}
[60.018926] (-) TimerEvent: {}
[60.120119] (-) TimerEvent: {}
[60.220665] (-) TimerEvent: {}
[60.320844] (-) TimerEvent: {}
[60.421023] (-) TimerEvent: {}
[60.521180] (-) TimerEvent: {}
[60.621415] (-) TimerEvent: {}
[60.721582] (-) TimerEvent: {}
[60.821725] (-) TimerEvent: {}
[60.921924] (-) TimerEvent: {}
[61.022212] (-) TimerEvent: {}
[61.122387] (-) TimerEvent: {}
[61.222536] (-) TimerEvent: {}
[61.322739] (-) TimerEvent: {}
[61.422985] (-) TimerEvent: {}
[61.523158] (-) TimerEvent: {}
[61.623315] (-) TimerEvent: {}
[61.723510] (-) TimerEvent: {}
[61.823747] (-) TimerEvent: {}
[61.923943] (-) TimerEvent: {}
[62.024563] (-) TimerEvent: {}
[62.124704] (-) TimerEvent: {}
[62.224845] (-) TimerEvent: {}
[62.324986] (-) TimerEvent: {}
[62.425133] (-) TimerEvent: {}
[62.525267] (-) TimerEvent: {}
[62.625413] (-) TimerEvent: {}
[62.725644] (-) TimerEvent: {}
[62.825826] (-) TimerEvent: {}
[62.925990] (-) TimerEvent: {}
[63.026199] (-) TimerEvent: {}
[63.126458] (-) TimerEvent: {}
[63.226933] (-) TimerEvent: {}
[63.327138] (-) TimerEvent: {}
[63.427286] (-) TimerEvent: {}
[63.527421] (-) TimerEvent: {}
[63.627586] (-) TimerEvent: {}
[63.727706] (-) TimerEvent: {}
[63.827947] (-) TimerEvent: {}
[63.928096] (-) TimerEvent: {}
[64.028252] (-) TimerEvent: {}
[64.128410] (-) TimerEvent: {}
[64.229071] (-) TimerEvent: {}
[64.329242] (-) TimerEvent: {}
[64.429402] (-) TimerEvent: {}
[64.529549] (-) TimerEvent: {}
[64.629695] (-) TimerEvent: {}
[64.729831] (-) TimerEvent: {}
[64.829971] (-) TimerEvent: {}
[64.930135] (-) TimerEvent: {}
[65.030304] (-) TimerEvent: {}
[65.130453] (-) TimerEvent: {}
[65.230617] (-) TimerEvent: {}
[65.330774] (-) TimerEvent: {}
[65.431033] (-) TimerEvent: {}
[65.531318] (-) TimerEvent: {}
[65.631547] (-) TimerEvent: {}
[65.731713] (-) TimerEvent: {}
[65.831854] (-) TimerEvent: {}
[65.931999] (-) TimerEvent: {}
[66.032135] (-) TimerEvent: {}
[66.132333] (-) TimerEvent: {}
[66.232514] (-) TimerEvent: {}
[66.332708] (-) TimerEvent: {}
[66.432864] (-) TimerEvent: {}
[66.533015] (-) TimerEvent: {}
[66.633186] (-) TimerEvent: {}
[66.733350] (-) TimerEvent: {}
[66.833500] (-) TimerEvent: {}
[66.933756] (-) TimerEvent: {}
[67.033916] (-) TimerEvent: {}
[67.134055] (-) TimerEvent: {}
[67.234186] (-) TimerEvent: {}
[67.334495] (-) TimerEvent: {}
[67.434701] (-) TimerEvent: {}
[67.534853] (-) TimerEvent: {}
[67.635004] (-) TimerEvent: {}
[67.735428] (-) TimerEvent: {}
[67.835623] (-) TimerEvent: {}
[67.935791] (-) TimerEvent: {}
[68.035952] (-) TimerEvent: {}
[68.136208] (-) TimerEvent: {}
[68.236364] (-) TimerEvent: {}
[68.336831] (-) TimerEvent: {}
[68.437026] (-) TimerEvent: {}
[68.537203] (-) TimerEvent: {}
[68.637444] (-) TimerEvent: {}
[68.737698] (-) TimerEvent: {}
[68.838029] (-) TimerEvent: {}
[68.938260] (-) TimerEvent: {}
[69.038723] (-) TimerEvent: {}
[69.138951] (-) TimerEvent: {}
[69.239169] (-) TimerEvent: {}
[69.339526] (-) TimerEvent: {}
[69.439726] (-) TimerEvent: {}
[69.539958] (-) TimerEvent: {}
[69.640138] (-) TimerEvent: {}
[69.740386] (-) TimerEvent: {}
[69.840593] (-) TimerEvent: {}
[69.940844] (-) TimerEvent: {}
[70.041029] (-) TimerEvent: {}
[70.141371] (-) TimerEvent: {}
[70.241545] (-) TimerEvent: {}
[70.341779] (-) TimerEvent: {}
[70.442007] (-) TimerEvent: {}
[70.542257] (-) TimerEvent: {}
[70.642466] (-) TimerEvent: {}
[70.742652] (-) TimerEvent: {}
[70.842802] (-) TimerEvent: {}
[70.942980] (-) TimerEvent: {}
[71.043136] (-) TimerEvent: {}
[71.143319] (-) TimerEvent: {}
[71.162715] (px4_msgs) StdoutLine: {'line': b'[  0%] Built target px4_msgs__rosidl_generator_type_description\n'}
[71.198876] (px4_msgs) StdoutLine: {'line': b'[  0%] Built target ament_cmake_python_copy_px4_msgs\n'}
[71.243416] (-) TimerEvent: {}
[71.248120] (px4_msgs) StdoutLine: {'line': b'[  0%] Generating C code for ROS interfaces\n'}
[71.343714] (-) TimerEvent: {}
[71.443883] (-) TimerEvent: {}
[71.544045] (-) TimerEvent: {}
[71.644740] (-) TimerEvent: {}
[71.744911] (-) TimerEvent: {}
[71.845045] (-) TimerEvent: {}
[71.945169] (-) TimerEvent: {}
[72.045301] (-) TimerEvent: {}
[72.145429] (-) TimerEvent: {}
[72.245580] (-) TimerEvent: {}
[72.345707] (-) TimerEvent: {}
[72.445850] (-) TimerEvent: {}
[72.545981] (-) TimerEvent: {}
[72.646120] (-) TimerEvent: {}
[72.746264] (-) TimerEvent: {}
[72.846405] (-) TimerEvent: {}
[72.946539] (-) TimerEvent: {}
[73.046679] (-) TimerEvent: {}
[73.146823] (-) TimerEvent: {}
[73.246994] (-) TimerEvent: {}
[73.347146] (-) TimerEvent: {}
[73.447279] (-) TimerEvent: {}
[73.547449] (-) TimerEvent: {}
[73.647839] (-) TimerEvent: {}
[73.747980] (-) TimerEvent: {}
[73.848125] (-) TimerEvent: {}
[73.948348] (-) TimerEvent: {}
[74.048506] (-) TimerEvent: {}
[74.148680] (-) TimerEvent: {}
[74.248831] (-) TimerEvent: {}
[74.348995] (-) TimerEvent: {}
[74.449132] (-) TimerEvent: {}
[74.549281] (-) TimerEvent: {}
[74.649468] (-) TimerEvent: {}
[74.749620] (-) TimerEvent: {}
[74.849727] (-) TimerEvent: {}
[74.949852] (-) TimerEvent: {}
[75.050028] (-) TimerEvent: {}
[75.150194] (-) TimerEvent: {}
[75.250332] (-) TimerEvent: {}
[75.350497] (-) TimerEvent: {}
[75.450691] (-) TimerEvent: {}
[75.550872] (-) TimerEvent: {}
[75.651055] (-) TimerEvent: {}
[75.751270] (-) TimerEvent: {}
[75.851438] (-) TimerEvent: {}
[75.951588] (-) TimerEvent: {}
[76.051794] (-) TimerEvent: {}
[76.151953] (-) TimerEvent: {}
[76.252086] (-) TimerEvent: {}
[76.352238] (-) TimerEvent: {}
[76.452402] (-) TimerEvent: {}
[76.552638] (-) TimerEvent: {}
[76.652821] (-) TimerEvent: {}
[76.753008] (-) TimerEvent: {}
[76.853448] (-) TimerEvent: {}
[76.953614] (-) TimerEvent: {}
[77.053834] (-) TimerEvent: {}
[77.154019] (-) TimerEvent: {}
[77.255713] (-) TimerEvent: {}
[77.356045] (-) TimerEvent: {}
[77.456325] (-) TimerEvent: {}
[77.556555] (-) TimerEvent: {}
[77.656714] (-) TimerEvent: {}
[77.756885] (-) TimerEvent: {}
[77.857298] (-) TimerEvent: {}
[77.957467] (-) TimerEvent: {}
[78.057622] (-) TimerEvent: {}
[78.157835] (-) TimerEvent: {}
[78.258054] (-) TimerEvent: {}
[78.358219] (-) TimerEvent: {}
[78.458377] (-) TimerEvent: {}
[78.558782] (-) TimerEvent: {}
[78.658964] (-) TimerEvent: {}
[78.759106] (-) TimerEvent: {}
[78.859240] (-) TimerEvent: {}
[78.959378] (-) TimerEvent: {}
[79.059521] (-) TimerEvent: {}
[79.159744] (-) TimerEvent: {}
[79.259892] (-) TimerEvent: {}
[79.360040] (-) TimerEvent: {}
[79.460252] (-) TimerEvent: {}
[79.560417] (-) TimerEvent: {}
[79.660608] (-) TimerEvent: {}
[79.760787] (-) TimerEvent: {}
[79.860935] (-) TimerEvent: {}
[79.961090] (-) TimerEvent: {}
[80.061252] (-) TimerEvent: {}
[80.161396] (-) TimerEvent: {}
[80.261707] (-) TimerEvent: {}
[80.361845] (-) TimerEvent: {}
[80.462040] (-) TimerEvent: {}
[80.562340] (-) TimerEvent: {}
[80.662519] (-) TimerEvent: {}
[80.762698] (-) TimerEvent: {}
[80.862850] (-) TimerEvent: {}
[80.962986] (-) TimerEvent: {}
[81.063129] (-) TimerEvent: {}
[81.163274] (-) TimerEvent: {}
[81.263423] (-) TimerEvent: {}
[81.363602] (-) TimerEvent: {}
[81.463790] (-) TimerEvent: {}
[81.563943] (-) TimerEvent: {}
[81.664097] (-) TimerEvent: {}
[81.764266] (-) TimerEvent: {}
[81.864595] (-) TimerEvent: {}
[81.964729] (-) TimerEvent: {}
[82.064906] (-) TimerEvent: {}
[82.165077] (-) TimerEvent: {}
[82.265235] (-) TimerEvent: {}
[82.365377] (-) TimerEvent: {}
[82.465525] (-) TimerEvent: {}
[82.565708] (-) TimerEvent: {}
[82.665864] (-) TimerEvent: {}
[82.766022] (-) TimerEvent: {}
[82.866205] (-) TimerEvent: {}
[82.966349] (-) TimerEvent: {}
[83.066680] (-) TimerEvent: {}
[83.166971] (-) TimerEvent: {}
[83.267132] (-) TimerEvent: {}
[83.367300] (-) TimerEvent: {}
[83.467508] (-) TimerEvent: {}
[83.567683] (-) TimerEvent: {}
[83.667820] (-) TimerEvent: {}
[83.767973] (-) TimerEvent: {}
[83.868105] (-) TimerEvent: {}
[83.968254] (-) TimerEvent: {}
[84.068415] (-) TimerEvent: {}
[84.168558] (-) TimerEvent: {}
[84.268713] (-) TimerEvent: {}
[84.368882] (-) TimerEvent: {}
[84.469044] (-) TimerEvent: {}
[84.569202] (-) TimerEvent: {}
[84.669362] (-) TimerEvent: {}
[84.769569] (-) TimerEvent: {}
[84.869715] (-) TimerEvent: {}
[84.969907] (-) TimerEvent: {}
[85.070088] (-) TimerEvent: {}
[85.170314] (-) TimerEvent: {}
[85.270478] (-) TimerEvent: {}
[85.370717] (-) TimerEvent: {}
[85.470918] (-) TimerEvent: {}
[85.571147] (-) TimerEvent: {}
[85.671311] (-) TimerEvent: {}
[85.771513] (-) TimerEvent: {}
[85.871735] (-) TimerEvent: {}
[85.971919] (-) TimerEvent: {}
[86.072085] (-) TimerEvent: {}
[86.172251] (-) TimerEvent: {}
[86.272411] (-) TimerEvent: {}
[86.372576] (-) TimerEvent: {}
[86.472714] (-) TimerEvent: {}
[86.572875] (-) TimerEvent: {}
[86.673034] (-) TimerEvent: {}
[86.773227] (-) TimerEvent: {}
[86.873381] (-) TimerEvent: {}
[86.973526] (-) TimerEvent: {}
[87.073693] (-) TimerEvent: {}
[87.173848] (-) TimerEvent: {}
[87.274010] (-) TimerEvent: {}
[87.374393] (-) TimerEvent: {}
[87.474648] (-) TimerEvent: {}
[87.574810] (-) TimerEvent: {}
[87.674979] (-) TimerEvent: {}
[87.775139] (-) TimerEvent: {}
[87.875305] (-) TimerEvent: {}
[87.975514] (-) TimerEvent: {}
[88.075692] (-) TimerEvent: {}
[88.175819] (-) TimerEvent: {}
[88.275961] (-) TimerEvent: {}
[88.376133] (-) TimerEvent: {}
[88.476375] (-) TimerEvent: {}
[88.576543] (-) TimerEvent: {}
[88.676714] (-) TimerEvent: {}
[88.776892] (-) TimerEvent: {}
[88.877046] (-) TimerEvent: {}
[88.977196] (-) TimerEvent: {}
[89.077335] (-) TimerEvent: {}
[89.177526] (-) TimerEvent: {}
[89.277688] (-) TimerEvent: {}
[89.377828] (-) TimerEvent: {}
[89.477972] (-) TimerEvent: {}
[89.578127] (-) TimerEvent: {}
[89.678258] (-) TimerEvent: {}
[89.778389] (-) TimerEvent: {}
[89.878524] (-) TimerEvent: {}
[89.978665] (-) TimerEvent: {}
[90.078822] (-) TimerEvent: {}
[90.178977] (-) TimerEvent: {}
[90.279134] (-) TimerEvent: {}
[90.379302] (-) TimerEvent: {}
[90.479450] (-) TimerEvent: {}
[90.579663] (-) TimerEvent: {}
[90.679831] (-) TimerEvent: {}
[90.780009] (-) TimerEvent: {}
[90.880170] (-) TimerEvent: {}
[90.980326] (-) TimerEvent: {}
[91.080481] (-) TimerEvent: {}
[91.180625] (-) TimerEvent: {}
[91.280787] (-) TimerEvent: {}
[91.380959] (-) TimerEvent: {}
[91.481136] (-) TimerEvent: {}
[91.581277] (-) TimerEvent: {}
[91.681448] (-) TimerEvent: {}
[91.781607] (-) TimerEvent: {}
[91.881701] (-) TimerEvent: {}
[91.981839] (-) TimerEvent: {}
[92.081997] (-) TimerEvent: {}
[92.182142] (-) TimerEvent: {}
[92.282294] (-) TimerEvent: {}
[92.382450] (-) TimerEvent: {}
[92.482601] (-) TimerEvent: {}
[92.582767] (-) TimerEvent: {}
[92.682909] (-) TimerEvent: {}
[92.783046] (-) TimerEvent: {}
[92.883193] (-) TimerEvent: {}
[92.983483] (-) TimerEvent: {}
[93.083718] (-) TimerEvent: {}
[93.183935] (-) TimerEvent: {}
[93.284461] (-) TimerEvent: {}
[93.384635] (-) TimerEvent: {}
[93.484800] (-) TimerEvent: {}
[93.584974] (-) TimerEvent: {}
[93.685139] (-) TimerEvent: {}
[93.785284] (-) TimerEvent: {}
[93.885445] (-) TimerEvent: {}
[93.985633] (-) TimerEvent: {}
[94.085834] (-) TimerEvent: {}
[94.186011] (-) TimerEvent: {}
[94.286179] (-) TimerEvent: {}
[94.386340] (-) TimerEvent: {}
[94.486506] (-) TimerEvent: {}
[94.586697] (-) TimerEvent: {}
[94.686853] (-) TimerEvent: {}
[94.787028] (-) TimerEvent: {}
[94.887195] (-) TimerEvent: {}
[94.987377] (-) TimerEvent: {}
[95.087538] (-) TimerEvent: {}
[95.187701] (-) TimerEvent: {}
[95.287852] (-) TimerEvent: {}
[95.388020] (-) TimerEvent: {}
[95.488265] (-) TimerEvent: {}
[95.588452] (-) TimerEvent: {}
[95.688620] (-) TimerEvent: {}
[95.788802] (-) TimerEvent: {}
[95.888986] (-) TimerEvent: {}
[95.989164] (-) TimerEvent: {}
[96.089526] (-) TimerEvent: {}
[96.189698] (-) TimerEvent: {}
[96.289855] (-) TimerEvent: {}
[96.390087] (-) TimerEvent: {}
[96.490307] (-) TimerEvent: {}
[96.590471] (-) TimerEvent: {}
[96.690703] (-) TimerEvent: {}
[96.790921] (-) TimerEvent: {}
[96.891093] (-) TimerEvent: {}
[96.991370] (-) TimerEvent: {}
[97.091524] (-) TimerEvent: {}
[97.191679] (-) TimerEvent: {}
[97.291822] (-) TimerEvent: {}
[97.392069] (-) TimerEvent: {}
[97.492390] (-) TimerEvent: {}
[97.592566] (-) TimerEvent: {}
[97.692736] (-) TimerEvent: {}
[97.792899] (-) TimerEvent: {}
[97.893049] (-) TimerEvent: {}
[97.993324] (-) TimerEvent: {}
[98.093478] (-) TimerEvent: {}
[98.193634] (-) TimerEvent: {}
[98.293792] (-) TimerEvent: {}
[98.393943] (-) TimerEvent: {}
[98.494097] (-) TimerEvent: {}
[98.594272] (-) TimerEvent: {}
[98.694424] (-) TimerEvent: {}
[98.794554] (-) TimerEvent: {}
[98.894704] (-) TimerEvent: {}
[98.994859] (-) TimerEvent: {}
[99.095041] (-) TimerEvent: {}
[99.195204] (-) TimerEvent: {}
[99.295349] (-) TimerEvent: {}
[99.395503] (-) TimerEvent: {}
[99.495660] (-) TimerEvent: {}
[99.595955] (-) TimerEvent: {}
[99.696159] (-) TimerEvent: {}
[99.796308] (-) TimerEvent: {}
[99.896442] (-) TimerEvent: {}
[99.996573] (-) TimerEvent: {}
[100.096713] (-) TimerEvent: {}
[100.196979] (-) TimerEvent: {}
[100.297141] (-) TimerEvent: {}
[100.397294] (-) TimerEvent: {}
[100.497445] (-) TimerEvent: {}
[100.597582] (-) TimerEvent: {}
[100.697735] (-) TimerEvent: {}
[100.797904] (-) TimerEvent: {}
[100.898047] (-) TimerEvent: {}
[100.998210] (-) TimerEvent: {}
[101.098352] (-) TimerEvent: {}
[101.198489] (-) TimerEvent: {}
[101.298645] (-) TimerEvent: {}
[101.398781] (-) TimerEvent: {}
[101.498919] (-) TimerEvent: {}
[101.599110] (-) TimerEvent: {}
[101.699295] (-) TimerEvent: {}
[101.799457] (-) TimerEvent: {}
[101.899605] (-) TimerEvent: {}
[101.999826] (-) TimerEvent: {}
[102.100166] (-) TimerEvent: {}
[102.200312] (-) TimerEvent: {}
[102.300476] (-) TimerEvent: {}
[102.400633] (-) TimerEvent: {}
[102.500804] (-) TimerEvent: {}
[102.600954] (-) TimerEvent: {}
[102.701132] (-) TimerEvent: {}
[102.801341] (-) TimerEvent: {}
[102.901537] (-) TimerEvent: {}
[103.001689] (-) TimerEvent: {}
[103.101847] (-) TimerEvent: {}
[103.201998] (-) TimerEvent: {}
[103.302150] (-) TimerEvent: {}
[103.402299] (-) TimerEvent: {}
[103.502451] (-) TimerEvent: {}
[103.602595] (-) TimerEvent: {}
[103.702717] (-) TimerEvent: {}
[103.802867] (-) TimerEvent: {}
[103.903026] (-) TimerEvent: {}
[104.003185] (-) TimerEvent: {}
[104.103388] (-) TimerEvent: {}
[104.203546] (-) TimerEvent: {}
[104.303710] (-) TimerEvent: {}
[104.403894] (-) TimerEvent: {}
[104.504052] (-) TimerEvent: {}
[104.604216] (-) TimerEvent: {}
[104.704387] (-) TimerEvent: {}
[104.804558] (-) TimerEvent: {}
[104.904739] (-) TimerEvent: {}
[105.004888] (-) TimerEvent: {}
[105.105034] (-) TimerEvent: {}
[105.205194] (-) TimerEvent: {}
[105.305370] (-) TimerEvent: {}
[105.405624] (-) TimerEvent: {}
[105.505919] (-) TimerEvent: {}
[105.606159] (-) TimerEvent: {}
[105.706334] (-) TimerEvent: {}
[105.806564] (-) TimerEvent: {}
[105.906724] (-) TimerEvent: {}
[106.006882] (-) TimerEvent: {}
[106.107020] (-) TimerEvent: {}
[106.207164] (-) TimerEvent: {}
[106.307352] (-) TimerEvent: {}
[106.407527] (-) TimerEvent: {}
[106.507689] (-) TimerEvent: {}
[106.607841] (-) TimerEvent: {}
[106.708067] (-) TimerEvent: {}
[106.808211] (-) TimerEvent: {}
[106.908524] (-) TimerEvent: {}
[107.008694] (-) TimerEvent: {}
[107.108850] (-) TimerEvent: {}
[107.209005] (-) TimerEvent: {}
[107.309153] (-) TimerEvent: {}
[107.409301] (-) TimerEvent: {}
[107.509493] (-) TimerEvent: {}
[107.609664] (-) TimerEvent: {}
[107.709840] (-) TimerEvent: {}
[107.810009] (-) TimerEvent: {}
[107.910164] (-) TimerEvent: {}
[108.010310] (-) TimerEvent: {}
[108.110498] (-) TimerEvent: {}
[108.210645] (-) TimerEvent: {}
[108.310814] (-) TimerEvent: {}
[108.411006] (-) TimerEvent: {}
[108.511189] (-) TimerEvent: {}
[108.611359] (-) TimerEvent: {}
[108.711531] (-) TimerEvent: {}
[108.811688] (-) TimerEvent: {}
[108.911829] (-) TimerEvent: {}
[109.011962] (-) TimerEvent: {}
[109.112111] (-) TimerEvent: {}
[109.212269] (-) TimerEvent: {}
[109.312415] (-) TimerEvent: {}
[109.412582] (-) TimerEvent: {}
[109.512705] (-) TimerEvent: {}
[109.612886] (-) TimerEvent: {}
[109.713055] (-) TimerEvent: {}
[109.813248] (-) TimerEvent: {}
[109.913468] (-) TimerEvent: {}
[110.013619] (-) TimerEvent: {}
[110.113792] (-) TimerEvent: {}
[110.214037] (-) TimerEvent: {}
[110.314199] (-) TimerEvent: {}
[110.414367] (-) TimerEvent: {}
[110.514513] (-) TimerEvent: {}
[110.614655] (-) TimerEvent: {}
[110.714820] (-) TimerEvent: {}
[110.814958] (-) TimerEvent: {}
[110.915092] (-) TimerEvent: {}
[111.015231] (-) TimerEvent: {}
[111.115399] (-) TimerEvent: {}
[111.215544] (-) TimerEvent: {}
[111.315705] (-) TimerEvent: {}
[111.415862] (-) TimerEvent: {}
[111.516026] (-) TimerEvent: {}
[111.616195] (-) TimerEvent: {}
[111.716384] (-) TimerEvent: {}
[111.816561] (-) TimerEvent: {}
[111.916810] (-) TimerEvent: {}
[112.016978] (-) TimerEvent: {}
[112.117363] (-) TimerEvent: {}
[112.217538] (-) TimerEvent: {}
[112.317811] (-) TimerEvent: {}
[112.417993] (-) TimerEvent: {}
[112.518201] (-) TimerEvent: {}
[112.618365] (-) TimerEvent: {}
[112.718558] (-) TimerEvent: {}
[112.818785] (-) TimerEvent: {}
[112.918949] (-) TimerEvent: {}
[113.019107] (-) TimerEvent: {}
[113.119312] (-) TimerEvent: {}
[113.219756] (-) TimerEvent: {}
[113.319960] (-) TimerEvent: {}
[113.420147] (-) TimerEvent: {}
[113.520334] (-) TimerEvent: {}
[113.620506] (-) TimerEvent: {}
[113.720795] (-) TimerEvent: {}
[113.820980] (-) TimerEvent: {}
[113.921150] (-) TimerEvent: {}
[114.021335] (-) TimerEvent: {}
[114.121601] (-) TimerEvent: {}
[114.221907] (-) TimerEvent: {}
[114.322198] (-) TimerEvent: {}
[114.422439] (-) TimerEvent: {}
[114.522625] (-) TimerEvent: {}
[114.623161] (-) TimerEvent: {}
[114.723321] (-) TimerEvent: {}
[114.823478] (-) TimerEvent: {}
[114.923723] (-) TimerEvent: {}
[115.024146] (-) TimerEvent: {}
[115.124403] (-) TimerEvent: {}
[115.224569] (-) TimerEvent: {}
[115.324741] (-) TimerEvent: {}
[115.424911] (-) TimerEvent: {}
[115.525055] (-) TimerEvent: {}
[115.625249] (-) TimerEvent: {}
[115.725427] (-) TimerEvent: {}
[115.825554] (-) TimerEvent: {}
[115.925707] (-) TimerEvent: {}
[116.025867] (-) TimerEvent: {}
[116.126045] (-) TimerEvent: {}
[116.226200] (-) TimerEvent: {}
[116.326341] (-) TimerEvent: {}
[116.426480] (-) TimerEvent: {}
[116.526611] (-) TimerEvent: {}
[116.626729] (-) TimerEvent: {}
[116.727023] (-) TimerEvent: {}
[116.827206] (-) TimerEvent: {}
[116.927371] (-) TimerEvent: {}
[117.027565] (-) TimerEvent: {}
[117.127700] (-) TimerEvent: {}
[117.227826] (-) TimerEvent: {}
[117.328011] (-) TimerEvent: {}
[117.428162] (-) TimerEvent: {}
[117.528292] (-) TimerEvent: {}
[117.628446] (-) TimerEvent: {}
[117.728662] (-) TimerEvent: {}
[117.828821] (-) TimerEvent: {}
[117.928982] (-) TimerEvent: {}
[118.029143] (-) TimerEvent: {}
[118.129292] (-) TimerEvent: {}
[118.229439] (-) TimerEvent: {}
[118.329573] (-) TimerEvent: {}
[118.429704] (-) TimerEvent: {}
[118.529875] (-) TimerEvent: {}
[118.630027] (-) TimerEvent: {}
[118.730192] (-) TimerEvent: {}
[118.830345] (-) TimerEvent: {}
[118.930503] (-) TimerEvent: {}
[119.030778] (-) TimerEvent: {}
[119.130905] (-) TimerEvent: {}
[119.231033] (-) TimerEvent: {}
[119.331161] (-) TimerEvent: {}
[119.431448] (-) TimerEvent: {}
[119.531599] (-) TimerEvent: {}
[119.631709] (-) TimerEvent: {}
[119.731939] (-) TimerEvent: {}
[119.832105] (-) TimerEvent: {}
[119.932265] (-) TimerEvent: {}
[120.032433] (-) TimerEvent: {}
[120.132582] (-) TimerEvent: {}
[120.232704] (-) TimerEvent: {}
[120.332842] (-) TimerEvent: {}
[120.432979] (-) TimerEvent: {}
[120.533121] (-) TimerEvent: {}
[120.633257] (-) TimerEvent: {}
[120.733423] (-) TimerEvent: {}
[120.833584] (-) TimerEvent: {}
[120.933708] (-) TimerEvent: {}
[121.033861] (-) TimerEvent: {}
[121.134017] (-) TimerEvent: {}
[121.234158] (-) TimerEvent: {}
[121.334371] (-) TimerEvent: {}
[121.434541] (-) TimerEvent: {}
[121.534692] (-) TimerEvent: {}
[121.634836] (-) TimerEvent: {}
[121.735004] (-) TimerEvent: {}
[121.835166] (-) TimerEvent: {}
[121.935313] (-) TimerEvent: {}
[122.035466] (-) TimerEvent: {}
[122.135614] (-) TimerEvent: {}
[122.235777] (-) TimerEvent: {}
[122.335986] (-) TimerEvent: {}
[122.436235] (-) TimerEvent: {}
[122.536485] (-) TimerEvent: {}
[122.636790] (-) TimerEvent: {}
[122.737024] (-) TimerEvent: {}
[122.837179] (-) TimerEvent: {}
[122.937332] (-) TimerEvent: {}
[123.037712] (-) TimerEvent: {}
[123.137869] (-) TimerEvent: {}
[123.238039] (-) TimerEvent: {}
[123.338203] (-) TimerEvent: {}
[123.438414] (-) TimerEvent: {}
[123.538575] (-) TimerEvent: {}
[123.638718] (-) TimerEvent: {}
[123.738922] (-) TimerEvent: {}
[123.839082] (-) TimerEvent: {}
[123.939472] (-) TimerEvent: {}
[124.039658] (-) TimerEvent: {}
[124.139843] (-) TimerEvent: {}
[124.240013] (-) TimerEvent: {}
[124.340344] (-) TimerEvent: {}
[124.440521] (-) TimerEvent: {}
[124.540717] (-) TimerEvent: {}
[124.640921] (-) TimerEvent: {}
[124.741274] (-) TimerEvent: {}
[124.841471] (-) TimerEvent: {}
[124.941626] (-) TimerEvent: {}
[125.041797] (-) TimerEvent: {}
[125.141960] (-) TimerEvent: {}
[125.242115] (-) TimerEvent: {}
[125.342306] (-) TimerEvent: {}
[125.442489] (-) TimerEvent: {}
[125.542751] (-) TimerEvent: {}
[125.642921] (-) TimerEvent: {}
[125.743184] (-) TimerEvent: {}
[125.843339] (-) TimerEvent: {}
[125.944139] (-) TimerEvent: {}
[126.044293] (-) TimerEvent: {}
[126.144464] (-) TimerEvent: {}
[126.244708] (-) TimerEvent: {}
[126.344845] (-) TimerEvent: {}
[126.444983] (-) TimerEvent: {}
[126.545132] (-) TimerEvent: {}
[126.645275] (-) TimerEvent: {}
[126.745417] (-) TimerEvent: {}
[126.845682] (-) TimerEvent: {}
[126.945891] (-) TimerEvent: {}
[127.046033] (-) TimerEvent: {}
[127.146222] (-) TimerEvent: {}
[127.246379] (-) TimerEvent: {}
[127.346507] (-) TimerEvent: {}
[127.446637] (-) TimerEvent: {}
[127.546980] (-) TimerEvent: {}
[127.647140] (-) TimerEvent: {}
[127.747298] (-) TimerEvent: {}
[127.847465] (-) TimerEvent: {}
[127.947628] (-) TimerEvent: {}
[128.047777] (-) TimerEvent: {}
[128.147923] (-) TimerEvent: {}
[128.248062] (-) TimerEvent: {}
[128.348219] (-) TimerEvent: {}
[128.448407] (-) TimerEvent: {}
[128.548569] (-) TimerEvent: {}
[128.648716] (-) TimerEvent: {}
[128.748867] (-) TimerEvent: {}
[128.849027] (-) TimerEvent: {}
[128.949194] (-) TimerEvent: {}
[129.049344] (-) TimerEvent: {}
[129.149509] (-) TimerEvent: {}
[129.249696] (-) TimerEvent: {}
[129.349899] (-) TimerEvent: {}
[129.450070] (-) TimerEvent: {}
[129.550222] (-) TimerEvent: {}
[129.650393] (-) TimerEvent: {}
[129.750557] (-) TimerEvent: {}
[129.850756] (-) TimerEvent: {}
[129.950944] (-) TimerEvent: {}
[130.052321] (-) TimerEvent: {}
[130.152476] (-) TimerEvent: {}
[130.252636] (-) TimerEvent: {}
[130.352798] (-) TimerEvent: {}
[130.452986] (-) TimerEvent: {}
[130.553166] (-) TimerEvent: {}
[130.653511] (-) TimerEvent: {}
[130.753785] (-) TimerEvent: {}
[130.854084] (-) TimerEvent: {}
[130.954261] (-) TimerEvent: {}
[131.054424] (-) TimerEvent: {}
[131.154588] (-) TimerEvent: {}
[131.254765] (-) TimerEvent: {}
[131.354919] (-) TimerEvent: {}
[131.455109] (-) TimerEvent: {}
[131.555302] (-) TimerEvent: {}
[131.655518] (-) TimerEvent: {}
[131.755739] (-) TimerEvent: {}
[131.856126] (-) TimerEvent: {}
[131.956292] (-) TimerEvent: {}
[132.056508] (-) TimerEvent: {}
[132.156697] (-) TimerEvent: {}
[132.257152] (-) TimerEvent: {}
[132.357318] (-) TimerEvent: {}
[132.457464] (-) TimerEvent: {}
[132.557720] (-) TimerEvent: {}
[132.657900] (-) TimerEvent: {}
[132.758060] (-) TimerEvent: {}
[132.858211] (-) TimerEvent: {}
[132.958407] (-) TimerEvent: {}
[133.058585] (-) TimerEvent: {}
[133.158724] (-) TimerEvent: {}
[133.258887] (-) TimerEvent: {}
[133.359071] (-) TimerEvent: {}
[133.459285] (-) TimerEvent: {}
[133.559455] (-) TimerEvent: {}
[133.659640] (-) TimerEvent: {}
[133.759808] (-) TimerEvent: {}
[133.859953] (-) TimerEvent: {}
[133.960163] (-) TimerEvent: {}
[134.060318] (-) TimerEvent: {}
[134.160527] (-) TimerEvent: {}
[134.260697] (-) TimerEvent: {}
[134.360836] (-) TimerEvent: {}
[134.461012] (-) TimerEvent: {}
[134.561148] (-) TimerEvent: {}
[134.661394] (-) TimerEvent: {}
[134.761564] (-) TimerEvent: {}
[134.861728] (-) TimerEvent: {}
[134.961919] (-) TimerEvent: {}
[135.062113] (-) TimerEvent: {}
[135.162479] (-) TimerEvent: {}
[135.262651] (-) TimerEvent: {}
[135.362815] (-) TimerEvent: {}
[135.462964] (-) TimerEvent: {}
[135.563131] (-) TimerEvent: {}
[135.663307] (-) TimerEvent: {}
[135.763471] (-) TimerEvent: {}
[135.863692] (-) TimerEvent: {}
[135.963863] (-) TimerEvent: {}
[136.064003] (-) TimerEvent: {}
[136.164146] (-) TimerEvent: {}
[136.264319] (-) TimerEvent: {}
[136.364506] (-) TimerEvent: {}
[136.464676] (-) TimerEvent: {}
[136.564830] (-) TimerEvent: {}
[136.665018] (-) TimerEvent: {}
[136.765176] (-) TimerEvent: {}
[136.865378] (-) TimerEvent: {}
[136.965545] (-) TimerEvent: {}
[137.065760] (-) TimerEvent: {}
[137.165893] (-) TimerEvent: {}
[137.266029] (-) TimerEvent: {}
[137.366170] (-) TimerEvent: {}
[137.466338] (-) TimerEvent: {}
[137.566457] (-) TimerEvent: {}
[137.666862] (-) TimerEvent: {}
[137.767015] (-) TimerEvent: {}
[137.867164] (-) TimerEvent: {}
[137.967330] (-) TimerEvent: {}
[138.067488] (-) TimerEvent: {}
[138.167639] (-) TimerEvent: {}
[138.267815] (-) TimerEvent: {}
[138.367969] (-) TimerEvent: {}
[138.468111] (-) TimerEvent: {}
[138.568282] (-) TimerEvent: {}
[138.668426] (-) TimerEvent: {}
[138.768567] (-) TimerEvent: {}
[138.868707] (-) TimerEvent: {}
[138.968852] (-) TimerEvent: {}
[139.068987] (-) TimerEvent: {}
[139.169159] (-) TimerEvent: {}
[139.269341] (-) TimerEvent: {}
[139.369516] (-) TimerEvent: {}
[139.469693] (-) TimerEvent: {}
[139.569865] (-) TimerEvent: {}
[139.670023] (-) TimerEvent: {}
[139.770194] (-) TimerEvent: {}
[139.870395] (-) TimerEvent: {}
[139.970741] (-) TimerEvent: {}
[140.070935] (-) TimerEvent: {}
[140.171300] (-) TimerEvent: {}
[140.271465] (-) TimerEvent: {}
[140.371658] (-) TimerEvent: {}
[140.471835] (-) TimerEvent: {}
[140.571990] (-) TimerEvent: {}
[140.672360] (-) TimerEvent: {}
[140.772721] (-) TimerEvent: {}
[140.872892] (-) TimerEvent: {}
[140.973058] (-) TimerEvent: {}
[141.073288] (-) TimerEvent: {}
[141.173483] (-) TimerEvent: {}
[141.273687] (-) TimerEvent: {}
[141.373839] (-) TimerEvent: {}
[141.474005] (-) TimerEvent: {}
[141.574167] (-) TimerEvent: {}
[141.674320] (-) TimerEvent: {}
[141.774466] (-) TimerEvent: {}
[141.874612] (-) TimerEvent: {}
[141.974784] (-) TimerEvent: {}
[142.074946] (-) TimerEvent: {}
[142.175126] (-) TimerEvent: {}
[142.275355] (-) TimerEvent: {}
[142.375518] (-) TimerEvent: {}
[142.475677] (-) TimerEvent: {}
[142.575897] (-) TimerEvent: {}
[142.676053] (-) TimerEvent: {}
[142.776241] (-) TimerEvent: {}
[142.876396] (-) TimerEvent: {}
[142.976531] (-) TimerEvent: {}
[143.076701] (-) TimerEvent: {}
[143.176848] (-) TimerEvent: {}
[143.276977] (-) TimerEvent: {}
[143.377148] (-) TimerEvent: {}
[143.477309] (-) TimerEvent: {}
[143.577513] (-) TimerEvent: {}
[143.677654] (-) TimerEvent: {}
[143.777805] (-) TimerEvent: {}
[143.877963] (-) TimerEvent: {}
[143.978142] (-) TimerEvent: {}
[144.078315] (-) TimerEvent: {}
[144.178495] (-) TimerEvent: {}
[144.278681] (-) TimerEvent: {}
[144.378890] (-) TimerEvent: {}
[144.479042] (-) TimerEvent: {}
[144.579190] (-) TimerEvent: {}
[144.679370] (-) TimerEvent: {}
[144.779509] (-) TimerEvent: {}
[144.879650] (-) TimerEvent: {}
[144.979806] (-) TimerEvent: {}
[145.079964] (-) TimerEvent: {}
[145.180121] (-) TimerEvent: {}
[145.280262] (-) TimerEvent: {}
[145.380390] (-) TimerEvent: {}
[145.480588] (-) TimerEvent: {}
[145.580790] (-) TimerEvent: {}
[145.680966] (-) TimerEvent: {}
[145.781122] (-) TimerEvent: {}
[145.881369] (-) TimerEvent: {}
[145.981549] (-) TimerEvent: {}
[146.081765] (-) TimerEvent: {}
[146.182003] (-) TimerEvent: {}
[146.282146] (-) TimerEvent: {}
[146.382287] (-) TimerEvent: {}
[146.482432] (-) TimerEvent: {}
[146.582599] (-) TimerEvent: {}
[146.682705] (-) TimerEvent: {}
[146.782854] (-) TimerEvent: {}
[146.883047] (-) TimerEvent: {}
[146.983207] (-) TimerEvent: {}
[147.083371] (-) TimerEvent: {}
[147.183508] (-) TimerEvent: {}
[147.283689] (-) TimerEvent: {}
[147.383840] (-) TimerEvent: {}
[147.484285] (-) TimerEvent: {}
[147.584809] (-) TimerEvent: {}
[147.685158] (-) TimerEvent: {}
[147.785298] (-) TimerEvent: {}
[147.885466] (-) TimerEvent: {}
[147.985609] (-) TimerEvent: {}
[148.085713] (-) TimerEvent: {}
[148.185881] (-) TimerEvent: {}
[148.286037] (-) TimerEvent: {}
[148.386230] (-) TimerEvent: {}
[148.486374] (-) TimerEvent: {}
[148.586585] (-) TimerEvent: {}
[148.686723] (-) TimerEvent: {}
[148.786903] (-) TimerEvent: {}
[148.887077] (-) TimerEvent: {}
[148.987290] (-) TimerEvent: {}
[149.087737] (-) TimerEvent: {}
[149.187920] (-) TimerEvent: {}
[149.288205] (-) TimerEvent: {}
[149.388846] (-) TimerEvent: {}
[149.489040] (-) TimerEvent: {}
[149.589216] (-) TimerEvent: {}
[149.689373] (-) TimerEvent: {}
[149.789558] (-) TimerEvent: {}
[149.889796] (-) TimerEvent: {}
[149.989982] (-) TimerEvent: {}
[150.090163] (-) TimerEvent: {}
[150.190434] (-) TimerEvent: {}
[150.290749] (-) TimerEvent: {}
[150.390984] (-) TimerEvent: {}
[150.491140] (-) TimerEvent: {}
[150.591316] (-) TimerEvent: {}
[150.691513] (-) TimerEvent: {}
[150.791692] (-) TimerEvent: {}
[150.892122] (-) TimerEvent: {}
[150.992376] (-) TimerEvent: {}
[151.093091] (-) TimerEvent: {}
[151.193304] (-) TimerEvent: {}
[151.293452] (-) TimerEvent: {}
[151.393600] (-) TimerEvent: {}
[151.493775] (-) TimerEvent: {}
[151.593928] (-) TimerEvent: {}
[151.694080] (-) TimerEvent: {}
[151.794223] (-) TimerEvent: {}
[151.894458] (-) TimerEvent: {}
[151.994681] (-) TimerEvent: {}
[152.094853] (-) TimerEvent: {}
[152.195022] (-) TimerEvent: {}
[152.295230] (-) TimerEvent: {}
[152.395399] (-) TimerEvent: {}
[152.495593] (-) TimerEvent: {}
[152.595727] (-) TimerEvent: {}
[152.695892] (-) TimerEvent: {}
[152.796073] (-) TimerEvent: {}
[152.896232] (-) TimerEvent: {}
[152.996378] (-) TimerEvent: {}
[153.096580] (-) TimerEvent: {}
[153.196718] (-) TimerEvent: {}
[153.296873] (-) TimerEvent: {}
[153.397177] (-) TimerEvent: {}
[153.497376] (-) TimerEvent: {}
[153.597572] (-) TimerEvent: {}
[153.697724] (-) TimerEvent: {}
[153.798773] (-) TimerEvent: {}
[153.898952] (-) TimerEvent: {}
[153.999131] (-) TimerEvent: {}
[154.099322] (-) TimerEvent: {}
[154.199472] (-) TimerEvent: {}
[154.299625] (-) TimerEvent: {}
[154.399807] (-) TimerEvent: {}
[154.499977] (-) TimerEvent: {}
[154.600152] (-) TimerEvent: {}
[154.700758] (-) TimerEvent: {}
[154.800948] (-) TimerEvent: {}
[154.901135] (-) TimerEvent: {}
[155.001390] (-) TimerEvent: {}
[155.101723] (-) TimerEvent: {}
[155.201962] (-) TimerEvent: {}
[155.302133] (-) TimerEvent: {}
[155.402303] (-) TimerEvent: {}
[155.502496] (-) TimerEvent: {}
[155.602870] (-) TimerEvent: {}
[155.703089] (-) TimerEvent: {}
[155.803296] (-) TimerEvent: {}
[155.903871] (-) TimerEvent: {}
[156.004785] (-) TimerEvent: {}
[156.104970] (-) TimerEvent: {}
[156.205165] (-) TimerEvent: {}
[156.305460] (-) TimerEvent: {}
[156.405755] (-) TimerEvent: {}
[156.506120] (-) TimerEvent: {}
[156.606286] (-) TimerEvent: {}
[156.706637] (-) TimerEvent: {}
[156.806809] (-) TimerEvent: {}
[156.907085] (-) TimerEvent: {}
[157.007310] (-) TimerEvent: {}
[157.107551] (-) TimerEvent: {}
[157.207720] (-) TimerEvent: {}
[157.307915] (-) TimerEvent: {}
[157.408130] (-) TimerEvent: {}
[157.508304] (-) TimerEvent: {}
[157.608533] (-) TimerEvent: {}
[157.708704] (-) TimerEvent: {}
[157.809001] (-) TimerEvent: {}
[157.909181] (-) TimerEvent: {}
[158.009356] (-) TimerEvent: {}
[158.109510] (-) TimerEvent: {}
[158.209679] (-) TimerEvent: {}
[158.309841] (-) TimerEvent: {}
[158.410007] (-) TimerEvent: {}
[158.510168] (-) TimerEvent: {}
[158.610360] (-) TimerEvent: {}
[158.710647] (-) TimerEvent: {}
[158.810828] (-) TimerEvent: {}
[158.911123] (-) TimerEvent: {}
[159.011309] (-) TimerEvent: {}
[159.111501] (-) TimerEvent: {}
[159.211653] (-) TimerEvent: {}
[159.311847] (-) TimerEvent: {}
[159.412026] (-) TimerEvent: {}
[159.512397] (-) TimerEvent: {}
[159.612651] (-) TimerEvent: {}
[159.712806] (-) TimerEvent: {}
[159.812995] (-) TimerEvent: {}
[159.913161] (-) TimerEvent: {}
[160.013347] (-) TimerEvent: {}
[160.113647] (-) TimerEvent: {}
[160.214217] (-) TimerEvent: {}
[160.315042] (-) TimerEvent: {}
[160.415278] (-) TimerEvent: {}
[160.515555] (-) TimerEvent: {}
[160.615731] (-) TimerEvent: {}
[160.715998] (-) TimerEvent: {}
[160.816235] (-) TimerEvent: {}
[160.916405] (-) TimerEvent: {}
[161.016573] (-) TimerEvent: {}
[161.116729] (-) TimerEvent: {}
[161.216918] (-) TimerEvent: {}
[161.317277] (-) TimerEvent: {}
[161.417795] (-) TimerEvent: {}
[161.517985] (-) TimerEvent: {}
[161.618149] (-) TimerEvent: {}
[161.718380] (-) TimerEvent: {}
[161.818635] (-) TimerEvent: {}
[161.918875] (-) TimerEvent: {}
[162.019644] (-) TimerEvent: {}
[162.119887] (-) TimerEvent: {}
[162.220114] (-) TimerEvent: {}
[162.320328] (-) TimerEvent: {}
[162.420648] (-) TimerEvent: {}
[162.520871] (-) TimerEvent: {}
[162.621279] (-) TimerEvent: {}
[162.721451] (-) TimerEvent: {}
[162.821623] (-) TimerEvent: {}
[162.921843] (-) TimerEvent: {}
[163.022062] (-) TimerEvent: {}
[163.122273] (-) TimerEvent: {}
[163.222508] (-) TimerEvent: {}
[163.322803] (-) TimerEvent: {}
[163.422970] (-) TimerEvent: {}
[163.523215] (-) TimerEvent: {}
[163.623387] (-) TimerEvent: {}
[163.723554] (-) TimerEvent: {}
[163.823801] (-) TimerEvent: {}
[163.924051] (-) TimerEvent: {}
[164.024436] (-) TimerEvent: {}
[164.124606] (-) TimerEvent: {}
[164.224824] (-) TimerEvent: {}
[164.325014] (-) TimerEvent: {}
[164.425187] (-) TimerEvent: {}
[164.525358] (-) TimerEvent: {}
[164.625504] (-) TimerEvent: {}
[164.725690] (-) TimerEvent: {}
[164.825865] (-) TimerEvent: {}
[164.926071] (-) TimerEvent: {}
[165.026246] (-) TimerEvent: {}
[165.126429] (-) TimerEvent: {}
[165.226610] (-) TimerEvent: {}
[165.326804] (-) TimerEvent: {}
[165.426944] (-) TimerEvent: {}
[165.527092] (-) TimerEvent: {}
[165.627255] (-) TimerEvent: {}
[165.727400] (-) TimerEvent: {}
[165.827677] (-) TimerEvent: {}
[165.927843] (-) TimerEvent: {}
[166.028024] (-) TimerEvent: {}
[166.128198] (-) TimerEvent: {}
[166.228385] (-) TimerEvent: {}
[166.328576] (-) TimerEvent: {}
[166.428801] (-) TimerEvent: {}
[166.529373] (-) TimerEvent: {}
[166.594944] (px4_msgs) StdoutLine: {'line': b'[  0%] Building C object CMakeFiles/px4_msgs__rosidl_generator_c.dir/rosidl_generator_c/px4_msgs/msg/detail/action_request__description.c.o\n'}
[166.629497] (-) TimerEvent: {}
[166.659245] (px4_msgs) StdoutLine: {'line': b'[  0%] Building C object CMakeFiles/px4_msgs__rosidl_generator_c.dir/rosidl_generator_c/px4_msgs/msg/detail/actuator_armed__type_support.c.o\n'}
[166.701615] (px4_msgs) StdoutLine: {'line': b'[  0%] Building C object CMakeFiles/px4_msgs__rosidl_generator_c.dir/rosidl_generator_c/px4_msgs/msg/detail/actuator_controls_status__description.c.o\n'}
[166.729576] (-) TimerEvent: {}
[166.754902] (px4_msgs) StdoutLine: {'line': b'[  0%] Building C object CMakeFiles/px4_msgs__rosidl_generator_c.dir/rosidl_generator_c/px4_msgs/msg/detail/actuator_controls_status__functions.c.o\n'}
[166.823986] (px4_msgs) StdoutLine: {'line': b'[  0%] Building C object CMakeFiles/px4_msgs__rosidl_generator_c.dir/rosidl_generator_c/px4_msgs/msg/detail/actuator_controls_status__type_support.c.o\n'}
[166.829707] (-) TimerEvent: {}
[166.863699] (px4_msgs) StdoutLine: {'line': b'[  0%] Building C object CMakeFiles/px4_msgs__rosidl_generator_c.dir/rosidl_generator_c/px4_msgs/msg/detail/actuator_motors__description.c.o\n'}
[166.915470] (px4_msgs) StdoutLine: {'line': b'[  0%] Building C object CMakeFiles/px4_msgs__rosidl_generator_c.dir/rosidl_generator_c/px4_msgs/msg/detail/actuator_motors__functions.c.o\n'}
[166.929794] (-) TimerEvent: {}
[166.978276] (px4_msgs) StdoutLine: {'line': b'[  0%] Building C object CMakeFiles/px4_msgs__rosidl_generator_c.dir/rosidl_generator_c/px4_msgs/msg/detail/actuator_motors__type_support.c.o\n'}
[167.019521] (px4_msgs) StdoutLine: {'line': b'[  0%] Building C object CMakeFiles/px4_msgs__rosidl_generator_c.dir/rosidl_generator_c/px4_msgs/msg/detail/actuator_outputs__description.c.o\n'}
[167.029902] (-) TimerEvent: {}
[167.076542] (px4_msgs) StdoutLine: {'line': b'[  0%] Building C object CMakeFiles/px4_msgs__rosidl_generator_c.dir/rosidl_generator_c/px4_msgs/msg/detail/actuator_outputs__functions.c.o\n'}
[167.129994] (-) TimerEvent: {}
[167.140831] (px4_msgs) StdoutLine: {'line': b'[  0%] Building C object CMakeFiles/px4_msgs__rosidl_generator_c.dir/rosidl_generator_c/px4_msgs/msg/detail/actuator_outputs__type_support.c.o\n'}
[167.182369] (px4_msgs) StdoutLine: {'line': b'[  0%] Building C object CMakeFiles/px4_msgs__rosidl_generator_c.dir/rosidl_generator_c/px4_msgs/msg/detail/actuator_servos__description.c.o\n'}
[167.230087] (-) TimerEvent: {}
[167.234541] (px4_msgs) StdoutLine: {'line': b'[  0%] Building C object CMakeFiles/px4_msgs__rosidl_generator_c.dir/rosidl_generator_c/px4_msgs/msg/detail/actuator_servos__functions.c.o\n'}
[167.294396] (px4_msgs) StdoutLine: {'line': b'[  0%] Building C object CMakeFiles/px4_msgs__rosidl_generator_c.dir/rosidl_generator_c/px4_msgs/msg/detail/actuator_servos__type_support.c.o\n'}
[167.330252] (-) TimerEvent: {}
[167.333186] (px4_msgs) StdoutLine: {'line': b'[  0%] Building C object CMakeFiles/px4_msgs__rosidl_generator_c.dir/rosidl_generator_c/px4_msgs/msg/detail/actuator_servos_trim__description.c.o\n'}
[167.381723] (px4_msgs) StdoutLine: {'line': b'[  0%] Building C object CMakeFiles/px4_msgs__rosidl_generator_c.dir/rosidl_generator_c/px4_msgs/msg/detail/actuator_servos_trim__functions.c.o\n'}
[167.430349] (-) TimerEvent: {}
[167.447741] (px4_msgs) StdoutLine: {'line': b'[  1%] Building C object CMakeFiles/px4_msgs__rosidl_generator_c.dir/rosidl_generator_c/px4_msgs/msg/detail/actuator_servos_trim__type_support.c.o\n'}
[167.487617] (px4_msgs) StdoutLine: {'line': b'[  1%] Building C object CMakeFiles/px4_msgs__rosidl_generator_c.dir/rosidl_generator_c/px4_msgs/msg/detail/actuator_test__description.c.o\n'}
[167.530471] (-) TimerEvent: {}
[167.535579] (px4_msgs) StdoutLine: {'line': b'[  1%] Building C object CMakeFiles/px4_msgs__rosidl_generator_c.dir/rosidl_generator_c/px4_msgs/msg/detail/actuator_test__functions.c.o\n'}
[167.595700] (px4_msgs) StdoutLine: {'line': b'[  1%] Building C object CMakeFiles/px4_msgs__rosidl_generator_c.dir/rosidl_generator_c/px4_msgs/msg/detail/actuator_test__type_support.c.o\n'}
[167.630571] (-) TimerEvent: {}
[167.634017] (px4_msgs) StdoutLine: {'line': b'[  1%] Building C object CMakeFiles/px4_msgs__rosidl_generator_c.dir/rosidl_generator_c/px4_msgs/msg/detail/adc_report__description.c.o\n'}
[167.683577] (px4_msgs) StdoutLine: {'line': b'[  1%] Building C object CMakeFiles/px4_msgs__rosidl_generator_c.dir/rosidl_generator_c/px4_msgs/msg/detail/adc_report__functions.c.o\n'}
[167.730662] (-) TimerEvent: {}
[167.750029] (px4_msgs) StdoutLine: {'line': b'[  1%] Building C object CMakeFiles/px4_msgs__rosidl_generator_c.dir/rosidl_generator_c/px4_msgs/msg/detail/adc_report__type_support.c.o\n'}
[167.790710] (px4_msgs) StdoutLine: {'line': b'[  1%] Building C object CMakeFiles/px4_msgs__rosidl_generator_c.dir/rosidl_generator_c/px4_msgs/msg/detail/airspeed__description.c.o\n'}
[167.830723] (-) TimerEvent: {}
[167.840085] (px4_msgs) StdoutLine: {'line': b'[  1%] Building C object CMakeFiles/px4_msgs__rosidl_generator_c.dir/rosidl_generator_c/px4_msgs/msg/detail/airspeed__functions.c.o\n'}
[167.902713] (px4_msgs) StdoutLine: {'line': b'[  1%] Building C object CMakeFiles/px4_msgs__rosidl_generator_c.dir/rosidl_generator_c/px4_msgs/msg/detail/airspeed__type_support.c.o\n'}
[167.930814] (-) TimerEvent: {}
[167.942159] (px4_msgs) StdoutLine: {'line': b'[  1%] Building C object CMakeFiles/px4_msgs__rosidl_generator_c.dir/rosidl_generator_c/px4_msgs/msg/detail/airspeed_validated__description.c.o\n'}
[167.991766] (px4_msgs) StdoutLine: {'line': b'[  1%] Building C object CMakeFiles/px4_msgs__rosidl_generator_c.dir/rosidl_generator_c/px4_msgs/msg/detail/airspeed_validated__functions.c.o\n'}
[168.030916] (-) TimerEvent: {}
[168.055853] (px4_msgs) StdoutLine: {'line': b'[  1%] Building C object CMakeFiles/px4_msgs__rosidl_generator_c.dir/rosidl_generator_c/px4_msgs/msg/detail/airspeed_validated__type_support.c.o\n'}
[168.096176] (px4_msgs) StdoutLine: {'line': b'[  1%] Building C object CMakeFiles/px4_msgs__rosidl_generator_c.dir/rosidl_generator_c/px4_msgs/msg/detail/airspeed_wind__description.c.o\n'}
[168.131002] (-) TimerEvent: {}
[168.144054] (px4_msgs) StdoutLine: {'line': b'[  1%] Building C object CMakeFiles/px4_msgs__rosidl_generator_c.dir/rosidl_generator_c/px4_msgs/msg/detail/airspeed_wind__functions.c.o\n'}
[168.209641] (px4_msgs) StdoutLine: {'line': b'[  1%] Building C object CMakeFiles/px4_msgs__rosidl_generator_c.dir/rosidl_generator_c/px4_msgs/msg/detail/airspeed_wind__type_support.c.o\n'}
[168.231102] (-) TimerEvent: {}
[168.247620] (px4_msgs) StdoutLine: {'line': b'[  1%] Building C object CMakeFiles/px4_msgs__rosidl_generator_c.dir/rosidl_generator_c/px4_msgs/msg/detail/arming_check_reply__description.c.o\n'}
[168.298167] (px4_msgs) StdoutLine: {'line': b'[  1%] Building C object CMakeFiles/px4_msgs__rosidl_generator_c.dir/rosidl_generator_c/px4_msgs/msg/detail/arming_check_reply__functions.c.o\n'}
[168.331189] (-) TimerEvent: {}
[168.364156] (px4_msgs) StdoutLine: {'line': b'[  1%] Building C object CMakeFiles/px4_msgs__rosidl_generator_c.dir/rosidl_generator_c/px4_msgs/msg/detail/arming_check_reply__type_support.c.o\n'}
[168.402005] (px4_msgs) StdoutLine: {'line': b'[  1%] Building C object CMakeFiles/px4_msgs__rosidl_generator_c.dir/rosidl_generator_c/px4_msgs/msg/detail/arming_check_request__description.c.o\n'}
[168.431380] (-) TimerEvent: {}
[168.450267] (px4_msgs) StdoutLine: {'line': b'[  1%] Building C object CMakeFiles/px4_msgs__rosidl_generator_c.dir/rosidl_generator_c/px4_msgs/msg/detail/arming_check_request__functions.c.o\n'}
[168.513467] (px4_msgs) StdoutLine: {'line': b'[  1%] Building C object CMakeFiles/px4_msgs__rosidl_generator_c.dir/rosidl_generator_c/px4_msgs/msg/detail/arming_check_request__type_support.c.o\n'}
[168.531477] (-) TimerEvent: {}
[168.551694] (px4_msgs) StdoutLine: {'line': b'[  1%] Building C object CMakeFiles/px4_msgs__rosidl_generator_c.dir/rosidl_generator_c/px4_msgs/msg/detail/autotune_attitude_control_status__description.c.o\n'}
[168.603518] (px4_msgs) StdoutLine: {'line': b'[  1%] Building C object CMakeFiles/px4_msgs__rosidl_generator_c.dir/rosidl_generator_c/px4_msgs/msg/detail/autotune_attitude_control_status__functions.c.o\n'}
[168.631569] (-) TimerEvent: {}
[168.674506] (px4_msgs) StdoutLine: {'line': b'[  2%] Building C object CMakeFiles/px4_msgs__rosidl_generator_c.dir/rosidl_generator_c/px4_msgs/msg/detail/autotune_attitude_control_status__type_support.c.o\n'}
[168.715911] (px4_msgs) StdoutLine: {'line': b'[  2%] Building C object CMakeFiles/px4_msgs__rosidl_generator_c.dir/rosidl_generator_c/px4_msgs/msg/detail/battery_info__description.c.o\n'}
[168.731693] (-) TimerEvent: {}
[168.765019] (px4_msgs) StdoutLine: {'line': b'[  2%] Building C object CMakeFiles/px4_msgs__rosidl_generator_c.dir/rosidl_generator_c/px4_msgs/msg/detail/battery_info__functions.c.o\n'}
[168.830300] (px4_msgs) StdoutLine: {'line': b'[  2%] Building C object CMakeFiles/px4_msgs__rosidl_generator_c.dir/rosidl_generator_c/px4_msgs/msg/detail/battery_info__type_support.c.o\n'}
[168.831778] (-) TimerEvent: {}
[168.871514] (px4_msgs) StdoutLine: {'line': b'[  2%] Building C object CMakeFiles/px4_msgs__rosidl_generator_c.dir/rosidl_generator_c/px4_msgs/msg/detail/battery_status__description.c.o\n'}
[168.924567] (px4_msgs) StdoutLine: {'line': b'[  2%] Building C object CMakeFiles/px4_msgs__rosidl_generator_c.dir/rosidl_generator_c/px4_msgs/msg/detail/battery_status__functions.c.o\n'}
[168.931901] (-) TimerEvent: {}
[168.996673] (px4_msgs) StdoutLine: {'line': b'[  2%] Building C object CMakeFiles/px4_msgs__rosidl_generator_c.dir/rosidl_generator_c/px4_msgs/msg/detail/battery_status__type_support.c.o\n'}
[169.031989] (-) TimerEvent: {}
[169.038771] (px4_msgs) StdoutLine: {'line': b'[  2%] Building C object CMakeFiles/px4_msgs__rosidl_generator_c.dir/rosidl_generator_c/px4_msgs/msg/detail/button_event__description.c.o\n'}
[169.087071] (px4_msgs) StdoutLine: {'line': b'[  2%] Building C object CMakeFiles/px4_msgs__rosidl_generator_c.dir/rosidl_generator_c/px4_msgs/msg/detail/button_event__functions.c.o\n'}
[169.132066] (-) TimerEvent: {}
[169.153678] (px4_msgs) StdoutLine: {'line': b'[  2%] Building C object CMakeFiles/px4_msgs__rosidl_generator_c.dir/rosidl_generator_c/px4_msgs/msg/detail/button_event__type_support.c.o\n'}
[169.194589] (px4_msgs) StdoutLine: {'line': b'[  2%] Building C object CMakeFiles/px4_msgs__rosidl_generator_c.dir/rosidl_generator_c/px4_msgs/msg/detail/camera_capture__description.c.o\n'}
[169.232414] (-) TimerEvent: {}
[169.244309] (px4_msgs) StdoutLine: {'line': b'[  2%] Building C object CMakeFiles/px4_msgs__rosidl_generator_c.dir/rosidl_generator_c/px4_msgs/msg/detail/camera_capture__functions.c.o\n'}
[169.309469] (px4_msgs) StdoutLine: {'line': b'[  2%] Building C object CMakeFiles/px4_msgs__rosidl_generator_c.dir/rosidl_generator_c/px4_msgs/msg/detail/camera_capture__type_support.c.o\n'}
[169.332704] (-) TimerEvent: {}
[169.351986] (px4_msgs) StdoutLine: {'line': b'[  2%] Building C object CMakeFiles/px4_msgs__rosidl_generator_c.dir/rosidl_generator_c/px4_msgs/msg/detail/camera_status__description.c.o\n'}
[169.399639] (px4_msgs) StdoutLine: {'line': b'[  2%] Building C object CMakeFiles/px4_msgs__rosidl_generator_c.dir/rosidl_generator_c/px4_msgs/msg/detail/camera_status__functions.c.o\n'}
[169.432822] (-) TimerEvent: {}
[169.460878] (px4_msgs) StdoutLine: {'line': b'[  2%] Building C object CMakeFiles/px4_msgs__rosidl_generator_c.dir/rosidl_generator_c/px4_msgs/msg/detail/camera_status__type_support.c.o\n'}
[169.500014] (px4_msgs) StdoutLine: {'line': b'[  2%] Building C object CMakeFiles/px4_msgs__rosidl_generator_c.dir/rosidl_generator_c/px4_msgs/msg/detail/camera_trigger__description.c.o\n'}
[169.532931] (-) TimerEvent: {}
[169.552464] (px4_msgs) StdoutLine: {'line': b'[  2%] Building C object CMakeFiles/px4_msgs__rosidl_generator_c.dir/rosidl_generator_c/px4_msgs/msg/detail/camera_trigger__functions.c.o\n'}
[169.615741] (px4_msgs) StdoutLine: {'line': b'[  2%] Building C object CMakeFiles/px4_msgs__rosidl_generator_c.dir/rosidl_generator_c/px4_msgs/msg/detail/camera_trigger__type_support.c.o\n'}
[169.633067] (-) TimerEvent: {}
[169.657224] (px4_msgs) StdoutLine: {'line': b'[  2%] Building C object CMakeFiles/px4_msgs__rosidl_generator_c.dir/rosidl_generator_c/px4_msgs/msg/detail/can_interface_status__description.c.o\n'}
[169.703523] (px4_msgs) StdoutLine: {'line': b'[  2%] Building C object CMakeFiles/px4_msgs__rosidl_generator_c.dir/rosidl_generator_c/px4_msgs/msg/detail/can_interface_status__functions.c.o\n'}
[169.733160] (-) TimerEvent: {}
[169.763737] (px4_msgs) StdoutLine: {'line': b'[  2%] Building C object CMakeFiles/px4_msgs__rosidl_generator_c.dir/rosidl_generator_c/px4_msgs/msg/detail/can_interface_status__type_support.c.o\n'}
[169.806613] (px4_msgs) StdoutLine: {'line': b'[  2%] Building C object CMakeFiles/px4_msgs__rosidl_generator_c.dir/rosidl_generator_c/px4_msgs/msg/detail/cellular_status__description.c.o\n'}
[169.833282] (-) TimerEvent: {}
[169.857493] (px4_msgs) StdoutLine: {'line': b'[  2%] Building C object CMakeFiles/px4_msgs__rosidl_generator_c.dir/rosidl_generator_c/px4_msgs/msg/detail/cellular_status__functions.c.o\n'}
[169.920928] (px4_msgs) StdoutLine: {'line': b'[  3%] Building C object CMakeFiles/px4_msgs__rosidl_generator_c.dir/rosidl_generator_c/px4_msgs/msg/detail/cellular_status__type_support.c.o\n'}
[169.933367] (-) TimerEvent: {}
[169.958689] (px4_msgs) StdoutLine: {'line': b'[  3%] Building C object CMakeFiles/px4_msgs__rosidl_generator_c.dir/rosidl_generator_c/px4_msgs/msg/detail/collision_constraints__description.c.o\n'}
[170.007739] (px4_msgs) StdoutLine: {'line': b'[  3%] Building C object CMakeFiles/px4_msgs__rosidl_generator_c.dir/rosidl_generator_c/px4_msgs/msg/detail/collision_constraints__functions.c.o\n'}
[170.033484] (-) TimerEvent: {}
[170.075031] (px4_msgs) StdoutLine: {'line': b'[  3%] Building C object CMakeFiles/px4_msgs__rosidl_generator_c.dir/rosidl_generator_c/px4_msgs/msg/detail/collision_constraints__type_support.c.o\n'}
[170.119302] (px4_msgs) StdoutLine: {'line': b'[  3%] Building C object CMakeFiles/px4_msgs__rosidl_generator_c.dir/rosidl_generator_c/px4_msgs/msg/detail/config_overrides__description.c.o\n'}
[170.133662] (-) TimerEvent: {}
[170.168468] (px4_msgs) StdoutLine: {'line': b'[  3%] Building C object CMakeFiles/px4_msgs__rosidl_generator_c.dir/rosidl_generator_c/px4_msgs/msg/detail/config_overrides__functions.c.o\n'}
[170.230122] (px4_msgs) StdoutLine: {'line': b'[  3%] Building C object CMakeFiles/px4_msgs__rosidl_generator_c.dir/rosidl_generator_c/px4_msgs/msg/detail/config_overrides__type_support.c.o\n'}
[170.233710] (-) TimerEvent: {}
[170.268299] (px4_msgs) StdoutLine: {'line': b'[  3%] Building C object CMakeFiles/px4_msgs__rosidl_generator_c.dir/rosidl_generator_c/px4_msgs/msg/detail/control_allocator_status__description.c.o\n'}
[170.317417] (px4_msgs) StdoutLine: {'line': b'[  3%] Building C object CMakeFiles/px4_msgs__rosidl_generator_c.dir/rosidl_generator_c/px4_msgs/msg/detail/control_allocator_status__functions.c.o\n'}
[170.333798] (-) TimerEvent: {}
[170.380929] (px4_msgs) StdoutLine: {'line': b'[  3%] Building C object CMakeFiles/px4_msgs__rosidl_generator_c.dir/rosidl_generator_c/px4_msgs/msg/detail/control_allocator_status__type_support.c.o\n'}
[170.420217] (px4_msgs) StdoutLine: {'line': b'[  3%] Building C object CMakeFiles/px4_msgs__rosidl_generator_c.dir/rosidl_generator_c/px4_msgs/msg/detail/cpuload__description.c.o\n'}
[170.433898] (-) TimerEvent: {}
[170.469148] (px4_msgs) StdoutLine: {'line': b'[  3%] Building C object CMakeFiles/px4_msgs__rosidl_generator_c.dir/rosidl_generator_c/px4_msgs/msg/detail/cpuload__functions.c.o\n'}
[170.533217] (px4_msgs) StdoutLine: {'line': b'[  3%] Building C object CMakeFiles/px4_msgs__rosidl_generator_c.dir/rosidl_generator_c/px4_msgs/msg/detail/cpuload__type_support.c.o\n'}
[170.533967] (-) TimerEvent: {}
[170.573333] (px4_msgs) StdoutLine: {'line': b'[  3%] Building C object CMakeFiles/px4_msgs__rosidl_generator_c.dir/rosidl_generator_c/px4_msgs/msg/detail/dataman_request__description.c.o\n'}
[170.622030] (px4_msgs) StdoutLine: {'line': b'[  3%] Building C object CMakeFiles/px4_msgs__rosidl_generator_c.dir/rosidl_generator_c/px4_msgs/msg/detail/dataman_request__functions.c.o\n'}
[170.634201] (-) TimerEvent: {}
[170.687641] (px4_msgs) StdoutLine: {'line': b'[  3%] Building C object CMakeFiles/px4_msgs__rosidl_generator_c.dir/rosidl_generator_c/px4_msgs/msg/detail/dataman_request__type_support.c.o\n'}
[170.729108] (px4_msgs) StdoutLine: {'line': b'[  3%] Building C object CMakeFiles/px4_msgs__rosidl_generator_c.dir/rosidl_generator_c/px4_msgs/msg/detail/dataman_response__description.c.o\n'}
[170.734302] (-) TimerEvent: {}
[170.780249] (px4_msgs) StdoutLine: {'line': b'[  3%] Building C object CMakeFiles/px4_msgs__rosidl_generator_c.dir/rosidl_generator_c/px4_msgs/msg/detail/dataman_response__functions.c.o\n'}
[170.834517] (-) TimerEvent: {}
[170.843375] (px4_msgs) StdoutLine: {'line': b'[  3%] Building C object CMakeFiles/px4_msgs__rosidl_generator_c.dir/rosidl_generator_c/px4_msgs/msg/detail/dataman_response__type_support.c.o\n'}
[170.884005] (px4_msgs) StdoutLine: {'line': b'[  3%] Building C object CMakeFiles/px4_msgs__rosidl_generator_c.dir/rosidl_generator_c/px4_msgs/msg/detail/debug_array__description.c.o\n'}
[170.934641] (-) TimerEvent: {}
[170.935471] (px4_msgs) StdoutLine: {'line': b'[  3%] Building C object CMakeFiles/px4_msgs__rosidl_generator_c.dir/rosidl_generator_c/px4_msgs/msg/detail/debug_array__functions.c.o\n'}
[170.998238] (px4_msgs) StdoutLine: {'line': b'[  3%] Building C object CMakeFiles/px4_msgs__rosidl_generator_c.dir/rosidl_generator_c/px4_msgs/msg/detail/debug_array__type_support.c.o\n'}
[171.034722] (-) TimerEvent: {}
[171.041843] (px4_msgs) StdoutLine: {'line': b'[  3%] Building C object CMakeFiles/px4_msgs__rosidl_generator_c.dir/rosidl_generator_c/px4_msgs/msg/detail/debug_key_value__description.c.o\n'}
[171.091201] (px4_msgs) StdoutLine: {'line': b'[  3%] Building C object CMakeFiles/px4_msgs__rosidl_generator_c.dir/rosidl_generator_c/px4_msgs/msg/detail/debug_key_value__functions.c.o\n'}
[171.134900] (-) TimerEvent: {}
[171.156004] (px4_msgs) StdoutLine: {'line': b'[  4%] Building C object CMakeFiles/px4_msgs__rosidl_generator_c.dir/rosidl_generator_c/px4_msgs/msg/detail/debug_key_value__type_support.c.o\n'}
[171.197632] (px4_msgs) StdoutLine: {'line': b'[  4%] Building C object CMakeFiles/px4_msgs__rosidl_generator_c.dir/rosidl_generator_c/px4_msgs/msg/detail/debug_value__description.c.o\n'}
[171.234976] (-) TimerEvent: {}
[171.246222] (px4_msgs) StdoutLine: {'line': b'[  4%] Building C object CMakeFiles/px4_msgs__rosidl_generator_c.dir/rosidl_generator_c/px4_msgs/msg/detail/debug_value__functions.c.o\n'}
[171.308681] (px4_msgs) StdoutLine: {'line': b'[  4%] Building C object CMakeFiles/px4_msgs__rosidl_generator_c.dir/rosidl_generator_c/px4_msgs/msg/detail/debug_value__type_support.c.o\n'}
[171.335402] (-) TimerEvent: {}
[171.349809] (px4_msgs) StdoutLine: {'line': b'[  4%] Building C object CMakeFiles/px4_msgs__rosidl_generator_c.dir/rosidl_generator_c/px4_msgs/msg/detail/debug_vect__description.c.o\n'}
[171.398484] (px4_msgs) StdoutLine: {'line': b'[  4%] Building C object CMakeFiles/px4_msgs__rosidl_generator_c.dir/rosidl_generator_c/px4_msgs/msg/detail/debug_vect__functions.c.o\n'}
[171.435485] (-) TimerEvent: {}
[171.462398] (px4_msgs) StdoutLine: {'line': b'[  4%] Building C object CMakeFiles/px4_msgs__rosidl_generator_c.dir/rosidl_generator_c/px4_msgs/msg/detail/debug_vect__type_support.c.o\n'}
[171.502385] (px4_msgs) StdoutLine: {'line': b'[  4%] Building C object CMakeFiles/px4_msgs__rosidl_generator_c.dir/rosidl_generator_c/px4_msgs/msg/detail/differential_pressure__description.c.o\n'}
[171.535575] (-) TimerEvent: {}
[171.551295] (px4_msgs) StdoutLine: {'line': b'[  4%] Building C object CMakeFiles/px4_msgs__rosidl_generator_c.dir/rosidl_generator_c/px4_msgs/msg/detail/differential_pressure__functions.c.o\n'}
[171.615907] (px4_msgs) StdoutLine: {'line': b'[  4%] Building C object CMakeFiles/px4_msgs__rosidl_generator_c.dir/rosidl_generator_c/px4_msgs/msg/detail/differential_pressure__type_support.c.o\n'}
[171.635673] (-) TimerEvent: {}
[171.656377] (px4_msgs) StdoutLine: {'line': b'[  4%] Building C object CMakeFiles/px4_msgs__rosidl_generator_c.dir/rosidl_generator_c/px4_msgs/msg/detail/distance_sensor__description.c.o\n'}
[171.704803] (px4_msgs) StdoutLine: {'line': b'[  4%] Building C object CMakeFiles/px4_msgs__rosidl_generator_c.dir/rosidl_generator_c/px4_msgs/msg/detail/distance_sensor__functions.c.o\n'}
[171.735722] (-) TimerEvent: {}
[171.771145] (px4_msgs) StdoutLine: {'line': b'[  4%] Building C object CMakeFiles/px4_msgs__rosidl_generator_c.dir/rosidl_generator_c/px4_msgs/msg/detail/distance_sensor__type_support.c.o\n'}
[171.810610] (px4_msgs) StdoutLine: {'line': b'[  4%] Building C object CMakeFiles/px4_msgs__rosidl_generator_c.dir/rosidl_generator_c/px4_msgs/msg/detail/distance_sensor_mode_change_request__description.c.o\n'}
[171.835840] (-) TimerEvent: {}
[171.859377] (px4_msgs) StdoutLine: {'line': b'[  4%] Building C object CMakeFiles/px4_msgs__rosidl_generator_c.dir/rosidl_generator_c/px4_msgs/msg/detail/distance_sensor_mode_change_request__functions.c.o\n'}
[171.917774] (px4_msgs) StdoutLine: {'line': b'[  4%] Building C object CMakeFiles/px4_msgs__rosidl_generator_c.dir/rosidl_generator_c/px4_msgs/msg/detail/distance_sensor_mode_change_request__type_support.c.o\n'}
[171.936189] (-) TimerEvent: {}
[171.958233] (px4_msgs) StdoutLine: {'line': b'[  4%] Building C object CMakeFiles/px4_msgs__rosidl_generator_c.dir/rosidl_generator_c/px4_msgs/msg/detail/dronecan_node_status__description.c.o\n'}
[172.009480] (px4_msgs) StdoutLine: {'line': b'[  4%] Building C object CMakeFiles/px4_msgs__rosidl_generator_c.dir/rosidl_generator_c/px4_msgs/msg/detail/dronecan_node_status__functions.c.o\n'}
[172.036287] (-) TimerEvent: {}
[172.075621] (px4_msgs) StdoutLine: {'line': b'[  4%] Building C object CMakeFiles/px4_msgs__rosidl_generator_c.dir/rosidl_generator_c/px4_msgs/msg/detail/dronecan_node_status__type_support.c.o\n'}
[172.115211] (px4_msgs) StdoutLine: {'line': b'[  4%] Building C object CMakeFiles/px4_msgs__rosidl_generator_c.dir/rosidl_generator_c/px4_msgs/msg/detail/ekf2_timestamps__description.c.o\n'}
[172.136403] (-) TimerEvent: {}
[172.164466] (px4_msgs) StdoutLine: {'line': b'[  4%] Building C object CMakeFiles/px4_msgs__rosidl_generator_c.dir/rosidl_generator_c/px4_msgs/msg/detail/ekf2_timestamps__functions.c.o\n'}
[172.228507] (px4_msgs) StdoutLine: {'line': b'[  4%] Building C object CMakeFiles/px4_msgs__rosidl_generator_c.dir/rosidl_generator_c/px4_msgs/msg/detail/ekf2_timestamps__type_support.c.o\n'}
[172.236563] (-) TimerEvent: {}
[172.269400] (px4_msgs) StdoutLine: {'line': b'[  4%] Building C object CMakeFiles/px4_msgs__rosidl_generator_c.dir/rosidl_generator_c/px4_msgs/msg/detail/esc_report__description.c.o\n'}
[172.318512] (px4_msgs) StdoutLine: {'line': b'[  4%] Building C object CMakeFiles/px4_msgs__rosidl_generator_c.dir/rosidl_generator_c/px4_msgs/msg/detail/esc_report__functions.c.o\n'}
[172.336722] (-) TimerEvent: {}
[172.380759] (px4_msgs) StdoutLine: {'line': b'[  5%] Building C object CMakeFiles/px4_msgs__rosidl_generator_c.dir/rosidl_generator_c/px4_msgs/msg/detail/esc_report__type_support.c.o\n'}
[172.417899] (px4_msgs) StdoutLine: {'line': b'[  5%] Building C object CMakeFiles/px4_msgs__rosidl_generator_c.dir/rosidl_generator_c/px4_msgs/msg/detail/esc_status__description.c.o\n'}
[172.437728] (-) TimerEvent: {}
[172.465644] (px4_msgs) StdoutLine: {'line': b'[  5%] Building C object CMakeFiles/px4_msgs__rosidl_generator_c.dir/rosidl_generator_c/px4_msgs/msg/detail/esc_status__functions.c.o\n'}
[172.528345] (px4_msgs) StdoutLine: {'line': b'[  5%] Building C object CMakeFiles/px4_msgs__rosidl_generator_c.dir/rosidl_generator_c/px4_msgs/msg/detail/esc_status__type_support.c.o\n'}
[172.537822] (-) TimerEvent: {}
[172.566656] (px4_msgs) StdoutLine: {'line': b'[  5%] Building C object CMakeFiles/px4_msgs__rosidl_generator_c.dir/rosidl_generator_c/px4_msgs/msg/detail/estimator_aid_source1d__description.c.o\n'}
[172.614246] (px4_msgs) StdoutLine: {'line': b'[  5%] Building C object CMakeFiles/px4_msgs__rosidl_generator_c.dir/rosidl_generator_c/px4_msgs/msg/detail/estimator_aid_source1d__functions.c.o\n'}
[172.638033] (-) TimerEvent: {}
[172.679346] (px4_msgs) StdoutLine: {'line': b'[  5%] Building C object CMakeFiles/px4_msgs__rosidl_generator_c.dir/rosidl_generator_c/px4_msgs/msg/detail/estimator_aid_source1d__type_support.c.o\n'}
[172.724351] (px4_msgs) StdoutLine: {'line': b'[  5%] Building C object CMakeFiles/px4_msgs__rosidl_generator_c.dir/rosidl_generator_c/px4_msgs/msg/detail/estimator_aid_source2d__description.c.o\n'}
[172.738121] (-) TimerEvent: {}
[172.776325] (px4_msgs) StdoutLine: {'line': b'[  5%] Building C object CMakeFiles/px4_msgs__rosidl_generator_c.dir/rosidl_generator_c/px4_msgs/msg/detail/estimator_aid_source2d__functions.c.o\n'}
[172.838223] (-) TimerEvent: {}
[172.845270] (px4_msgs) StdoutLine: {'line': b'[  5%] Building C object CMakeFiles/px4_msgs__rosidl_generator_c.dir/rosidl_generator_c/px4_msgs/msg/detail/estimator_aid_source2d__type_support.c.o\n'}
[172.885161] (px4_msgs) StdoutLine: {'line': b'[  5%] Building C object CMakeFiles/px4_msgs__rosidl_generator_c.dir/rosidl_generator_c/px4_msgs/msg/detail/estimator_aid_source3d__description.c.o\n'}
[172.935823] (px4_msgs) StdoutLine: {'line': b'[  5%] Building C object CMakeFiles/px4_msgs__rosidl_generator_c.dir/rosidl_generator_c/px4_msgs/msg/detail/estimator_aid_source3d__functions.c.o\n'}
[172.938598] (-) TimerEvent: {}
[172.999231] (px4_msgs) StdoutLine: {'line': b'[  5%] Building C object CMakeFiles/px4_msgs__rosidl_generator_c.dir/rosidl_generator_c/px4_msgs/msg/detail/estimator_aid_source3d__type_support.c.o\n'}
[173.038745] (-) TimerEvent: {}
[173.038870] (px4_msgs) StdoutLine: {'line': b'[  5%] Building C object CMakeFiles/px4_msgs__rosidl_generator_c.dir/rosidl_generator_c/px4_msgs/msg/detail/estimator_bias__description.c.o\n'}
[173.090555] (px4_msgs) StdoutLine: {'line': b'[  5%] Building C object CMakeFiles/px4_msgs__rosidl_generator_c.dir/rosidl_generator_c/px4_msgs/msg/detail/estimator_bias__functions.c.o\n'}
[173.138859] (-) TimerEvent: {}
[173.157612] (px4_msgs) StdoutLine: {'line': b'[  5%] Building C object CMakeFiles/px4_msgs__rosidl_generator_c.dir/rosidl_generator_c/px4_msgs/msg/detail/estimator_bias__type_support.c.o\n'}
[173.197397] (px4_msgs) StdoutLine: {'line': b'[  5%] Building C object CMakeFiles/px4_msgs__rosidl_generator_c.dir/rosidl_generator_c/px4_msgs/msg/detail/estimator_bias3d__description.c.o\n'}
[173.238970] (-) TimerEvent: {}
[173.245014] (px4_msgs) StdoutLine: {'line': b'[  5%] Building C object CMakeFiles/px4_msgs__rosidl_generator_c.dir/rosidl_generator_c/px4_msgs/msg/detail/estimator_bias3d__functions.c.o\n'}
[173.310914] (px4_msgs) StdoutLine: {'line': b'[  5%] Building C object CMakeFiles/px4_msgs__rosidl_generator_c.dir/rosidl_generator_c/px4_msgs/msg/detail/estimator_bias3d__type_support.c.o\n'}
[173.339042] (-) TimerEvent: {}
[173.352311] (px4_msgs) StdoutLine: {'line': b'[  5%] Building C object CMakeFiles/px4_msgs__rosidl_generator_c.dir/rosidl_generator_c/px4_msgs/msg/detail/estimator_event_flags__description.c.o\n'}
[173.403078] (px4_msgs) StdoutLine: {'line': b'[  5%] Building C object CMakeFiles/px4_msgs__rosidl_generator_c.dir/rosidl_generator_c/px4_msgs/msg/detail/estimator_event_flags__functions.c.o\n'}
[173.439296] (-) TimerEvent: {}
[173.465354] (px4_msgs) StdoutLine: {'line': b'[  5%] Building C object CMakeFiles/px4_msgs__rosidl_generator_c.dir/rosidl_generator_c/px4_msgs/msg/detail/estimator_event_flags__type_support.c.o\n'}
[173.503470] (px4_msgs) StdoutLine: {'line': b'[  5%] Building C object CMakeFiles/px4_msgs__rosidl_generator_c.dir/rosidl_generator_c/px4_msgs/msg/detail/estimator_gps_status__description.c.o\n'}
[173.539381] (-) TimerEvent: {}
[173.553218] (px4_msgs) StdoutLine: {'line': b'[  5%] Building C object CMakeFiles/px4_msgs__rosidl_generator_c.dir/rosidl_generator_c/px4_msgs/msg/detail/estimator_gps_status__functions.c.o\n'}
[173.620034] (px4_msgs) StdoutLine: {'line': b'[  6%] Building C object CMakeFiles/px4_msgs__rosidl_generator_c.dir/rosidl_generator_c/px4_msgs/msg/detail/estimator_gps_status__type_support.c.o\n'}
[173.639508] (-) TimerEvent: {}
[173.661267] (px4_msgs) StdoutLine: {'line': b'[  6%] Building C object CMakeFiles/px4_msgs__rosidl_generator_c.dir/rosidl_generator_c/px4_msgs/msg/detail/estimator_innovations__description.c.o\n'}
[173.712275] (px4_msgs) StdoutLine: {'line': b'[  6%] Building C object CMakeFiles/px4_msgs__rosidl_generator_c.dir/rosidl_generator_c/px4_msgs/msg/detail/estimator_innovations__functions.c.o\n'}
[173.739595] (-) TimerEvent: {}
[173.780132] (px4_msgs) StdoutLine: {'line': b'[  6%] Building C object CMakeFiles/px4_msgs__rosidl_generator_c.dir/rosidl_generator_c/px4_msgs/msg/detail/estimator_innovations__type_support.c.o\n'}
[173.820506] (px4_msgs) StdoutLine: {'line': b'[  6%] Building C object CMakeFiles/px4_msgs__rosidl_generator_c.dir/rosidl_generator_c/px4_msgs/msg/detail/estimator_selector_status__description.c.o\n'}
[173.839704] (-) TimerEvent: {}
[173.869086] (px4_msgs) StdoutLine: {'line': b'[  6%] Building C object CMakeFiles/px4_msgs__rosidl_generator_c.dir/rosidl_generator_c/px4_msgs/msg/detail/estimator_selector_status__functions.c.o\n'}
[173.936443] (px4_msgs) StdoutLine: {'line': b'[  6%] Building C object CMakeFiles/px4_msgs__rosidl_generator_c.dir/rosidl_generator_c/px4_msgs/msg/detail/estimator_selector_status__type_support.c.o\n'}
[173.939797] (-) TimerEvent: {}
[173.976182] (px4_msgs) StdoutLine: {'line': b'[  6%] Building C object CMakeFiles/px4_msgs__rosidl_generator_c.dir/rosidl_generator_c/px4_msgs/msg/detail/estimator_sensor_bias__description.c.o\n'}
[174.028156] (px4_msgs) StdoutLine: {'line': b'[  6%] Building C object CMakeFiles/px4_msgs__rosidl_generator_c.dir/rosidl_generator_c/px4_msgs/msg/detail/estimator_sensor_bias__functions.c.o\n'}
[174.039867] (-) TimerEvent: {}
[174.097663] (px4_msgs) StdoutLine: {'line': b'[  6%] Building C object CMakeFiles/px4_msgs__rosidl_generator_c.dir/rosidl_generator_c/px4_msgs/msg/detail/estimator_sensor_bias__type_support.c.o\n'}
[174.139995] (-) TimerEvent: {}
[174.140476] (px4_msgs) StdoutLine: {'line': b'[  6%] Building C object CMakeFiles/px4_msgs__rosidl_generator_c.dir/rosidl_generator_c/px4_msgs/msg/detail/estimator_states__description.c.o\n'}
[174.189901] (px4_msgs) StdoutLine: {'line': b'[  6%] Building C object CMakeFiles/px4_msgs__rosidl_generator_c.dir/rosidl_generator_c/px4_msgs/msg/detail/estimator_states__functions.c.o\n'}
[174.240089] (-) TimerEvent: {}
[174.251526] (px4_msgs) StdoutLine: {'line': b'[  6%] Building C object CMakeFiles/px4_msgs__rosidl_generator_c.dir/rosidl_generator_c/px4_msgs/msg/detail/estimator_states__type_support.c.o\n'}
[174.294241] (px4_msgs) StdoutLine: {'line': b'[  6%] Building C object CMakeFiles/px4_msgs__rosidl_generator_c.dir/rosidl_generator_c/px4_msgs/msg/detail/estimator_status__description.c.o\n'}
[174.340189] (-) TimerEvent: {}
[174.343355] (px4_msgs) StdoutLine: {'line': b'[  6%] Building C object CMakeFiles/px4_msgs__rosidl_generator_c.dir/rosidl_generator_c/px4_msgs/msg/detail/estimator_status__functions.c.o\n'}
[174.413365] (px4_msgs) StdoutLine: {'line': b'[  6%] Building C object CMakeFiles/px4_msgs__rosidl_generator_c.dir/rosidl_generator_c/px4_msgs/msg/detail/estimator_status__type_support.c.o\n'}
[174.440295] (-) TimerEvent: {}
[174.452438] (px4_msgs) StdoutLine: {'line': b'[  6%] Building C object CMakeFiles/px4_msgs__rosidl_generator_c.dir/rosidl_generator_c/px4_msgs/msg/detail/estimator_status_flags__description.c.o\n'}
[174.504821] (px4_msgs) StdoutLine: {'line': b'[  6%] Building C object CMakeFiles/px4_msgs__rosidl_generator_c.dir/rosidl_generator_c/px4_msgs/msg/detail/estimator_status_flags__functions.c.o\n'}
[174.540391] (-) TimerEvent: {}
[174.579788] (px4_msgs) StdoutLine: {'line': b'[  6%] Building C object CMakeFiles/px4_msgs__rosidl_generator_c.dir/rosidl_generator_c/px4_msgs/msg/detail/estimator_status_flags__type_support.c.o\n'}
[174.620685] (px4_msgs) StdoutLine: {'line': b'[  6%] Building C object CMakeFiles/px4_msgs__rosidl_generator_c.dir/rosidl_generator_c/px4_msgs/msg/detail/event__description.c.o\n'}
[174.640489] (-) TimerEvent: {}
[174.671525] (px4_msgs) StdoutLine: {'line': b'[  6%] Building C object CMakeFiles/px4_msgs__rosidl_generator_c.dir/rosidl_generator_c/px4_msgs/msg/detail/event__functions.c.o\n'}
[174.737627] (px4_msgs) StdoutLine: {'line': b'[  6%] Building C object CMakeFiles/px4_msgs__rosidl_generator_c.dir/rosidl_generator_c/px4_msgs/msg/detail/event__type_support.c.o\n'}
[174.740590] (-) TimerEvent: {}
[174.778166] (px4_msgs) StdoutLine: {'line': b'[  6%] Building C object CMakeFiles/px4_msgs__rosidl_generator_c.dir/rosidl_generator_c/px4_msgs/msg/detail/failsafe_flags__description.c.o\n'}
[174.831939] (px4_msgs) StdoutLine: {'line': b'[  7%] Building C object CMakeFiles/px4_msgs__rosidl_generator_c.dir/rosidl_generator_c/px4_msgs/msg/detail/failsafe_flags__functions.c.o\n'}
[174.840759] (-) TimerEvent: {}
[174.907097] (px4_msgs) StdoutLine: {'line': b'[  7%] Building C object CMakeFiles/px4_msgs__rosidl_generator_c.dir/rosidl_generator_c/px4_msgs/msg/detail/failsafe_flags__type_support.c.o\n'}
[174.940846] (-) TimerEvent: {}
[174.946560] (px4_msgs) StdoutLine: {'line': b'[  7%] Building C object CMakeFiles/px4_msgs__rosidl_generator_c.dir/rosidl_generator_c/px4_msgs/msg/detail/failure_detector_status__description.c.o\n'}
[174.995413] (px4_msgs) StdoutLine: {'line': b'[  7%] Building C object CMakeFiles/px4_msgs__rosidl_generator_c.dir/rosidl_generator_c/px4_msgs/msg/detail/failure_detector_status__functions.c.o\n'}
[175.041000] (-) TimerEvent: {}
[175.064184] (px4_msgs) StdoutLine: {'line': b'[  7%] Building C object CMakeFiles/px4_msgs__rosidl_generator_c.dir/rosidl_generator_c/px4_msgs/msg/detail/failure_detector_status__type_support.c.o\n'}
[175.106045] (px4_msgs) StdoutLine: {'line': b'[  7%] Building C object CMakeFiles/px4_msgs__rosidl_generator_c.dir/rosidl_generator_c/px4_msgs/msg/detail/figure_eight_status__description.c.o\n'}
[175.141083] (-) TimerEvent: {}
[175.156266] (px4_msgs) StdoutLine: {'line': b'[  7%] Building C object CMakeFiles/px4_msgs__rosidl_generator_c.dir/rosidl_generator_c/px4_msgs/msg/detail/figure_eight_status__functions.c.o\n'}
[175.217575] (px4_msgs) StdoutLine: {'line': b'[  7%] Building C object CMakeFiles/px4_msgs__rosidl_generator_c.dir/rosidl_generator_c/px4_msgs/msg/detail/figure_eight_status__type_support.c.o\n'}
[175.241180] (-) TimerEvent: {}
[175.258748] (px4_msgs) StdoutLine: {'line': b'[  7%] Building C object CMakeFiles/px4_msgs__rosidl_generator_c.dir/rosidl_generator_c/px4_msgs/msg/detail/fixed_wing_lateral_guidance_status__description.c.o\n'}
[175.308581] (px4_msgs) StdoutLine: {'line': b'[  7%] Building C object CMakeFiles/px4_msgs__rosidl_generator_c.dir/rosidl_generator_c/px4_msgs/msg/detail/fixed_wing_lateral_guidance_status__functions.c.o\n'}
[175.341270] (-) TimerEvent: {}
[175.373566] (px4_msgs) StdoutLine: {'line': b'[  7%] Building C object CMakeFiles/px4_msgs__rosidl_generator_c.dir/rosidl_generator_c/px4_msgs/msg/detail/fixed_wing_lateral_guidance_status__type_support.c.o\n'}
[175.415198] (px4_msgs) StdoutLine: {'line': b'[  7%] Building C object CMakeFiles/px4_msgs__rosidl_generator_c.dir/rosidl_generator_c/px4_msgs/msg/detail/fixed_wing_lateral_setpoint__description.c.o\n'}
[175.441558] (-) TimerEvent: {}
[175.463890] (px4_msgs) StdoutLine: {'line': b'[  7%] Building C object CMakeFiles/px4_msgs__rosidl_generator_c.dir/rosidl_generator_c/px4_msgs/msg/detail/fixed_wing_lateral_setpoint__functions.c.o\n'}
[175.527190] (px4_msgs) StdoutLine: {'line': b'[  7%] Building C object CMakeFiles/px4_msgs__rosidl_generator_c.dir/rosidl_generator_c/px4_msgs/msg/detail/fixed_wing_lateral_setpoint__type_support.c.o\n'}
[175.541855] (-) TimerEvent: {}
[175.566775] (px4_msgs) StdoutLine: {'line': b'[  7%] Building C object CMakeFiles/px4_msgs__rosidl_generator_c.dir/rosidl_generator_c/px4_msgs/msg/detail/fixed_wing_lateral_status__description.c.o\n'}
[175.617963] (px4_msgs) StdoutLine: {'line': b'[  7%] Building C object CMakeFiles/px4_msgs__rosidl_generator_c.dir/rosidl_generator_c/px4_msgs/msg/detail/fixed_wing_lateral_status__functions.c.o\n'}
[175.641939] (-) TimerEvent: {}
[175.680148] (px4_msgs) StdoutLine: {'line': b'[  7%] Building C object CMakeFiles/px4_msgs__rosidl_generator_c.dir/rosidl_generator_c/px4_msgs/msg/detail/fixed_wing_lateral_status__type_support.c.o\n'}
[175.720491] (px4_msgs) StdoutLine: {'line': b'[  7%] Building C object CMakeFiles/px4_msgs__rosidl_generator_c.dir/rosidl_generator_c/px4_msgs/msg/detail/fixed_wing_longitudinal_setpoint__description.c.o\n'}
[175.742038] (-) TimerEvent: {}
[175.769480] (px4_msgs) StdoutLine: {'line': b'[  7%] Building C object CMakeFiles/px4_msgs__rosidl_generator_c.dir/rosidl_generator_c/px4_msgs/msg/detail/fixed_wing_longitudinal_setpoint__functions.c.o\n'}
[175.831047] (px4_msgs) StdoutLine: {'line': b'[  7%] Building C object CMakeFiles/px4_msgs__rosidl_generator_c.dir/rosidl_generator_c/px4_msgs/msg/detail/fixed_wing_longitudinal_setpoint__type_support.c.o\n'}
[175.842127] (-) TimerEvent: {}
[175.869991] (px4_msgs) StdoutLine: {'line': b'[  7%] Building C object CMakeFiles/px4_msgs__rosidl_generator_c.dir/rosidl_generator_c/px4_msgs/msg/detail/fixed_wing_runway_control__description.c.o\n'}
[175.919444] (px4_msgs) StdoutLine: {'line': b'[  7%] Building C object CMakeFiles/px4_msgs__rosidl_generator_c.dir/rosidl_generator_c/px4_msgs/msg/detail/fixed_wing_runway_control__functions.c.o\n'}
[175.942296] (-) TimerEvent: {}
[175.983192] (px4_msgs) StdoutLine: {'line': b'[  7%] Building C object CMakeFiles/px4_msgs__rosidl_generator_c.dir/rosidl_generator_c/px4_msgs/msg/detail/fixed_wing_runway_control__type_support.c.o\n'}
[176.025232] (px4_msgs) StdoutLine: {'line': b'[  7%] Building C object CMakeFiles/px4_msgs__rosidl_generator_c.dir/rosidl_generator_c/px4_msgs/msg/detail/flight_phase_estimation__description.c.o\n'}
[176.042388] (-) TimerEvent: {}
[176.075235] (px4_msgs) StdoutLine: {'line': b'[  8%] Building C object CMakeFiles/px4_msgs__rosidl_generator_c.dir/rosidl_generator_c/px4_msgs/msg/detail/flight_phase_estimation__functions.c.o\n'}
[176.134577] (px4_msgs) StdoutLine: {'line': b'[  8%] Building C object CMakeFiles/px4_msgs__rosidl_generator_c.dir/rosidl_generator_c/px4_msgs/msg/detail/flight_phase_estimation__type_support.c.o\n'}
[176.142489] (-) TimerEvent: {}
[176.176168] (px4_msgs) StdoutLine: {'line': b'[  8%] Building C object CMakeFiles/px4_msgs__rosidl_generator_c.dir/rosidl_generator_c/px4_msgs/msg/detail/follow_target__description.c.o\n'}
[176.227591] (px4_msgs) StdoutLine: {'line': b'[  8%] Building C object CMakeFiles/px4_msgs__rosidl_generator_c.dir/rosidl_generator_c/px4_msgs/msg/detail/follow_target__functions.c.o\n'}
[176.242586] (-) TimerEvent: {}
[176.289822] (px4_msgs) StdoutLine: {'line': b'[  8%] Building C object CMakeFiles/px4_msgs__rosidl_generator_c.dir/rosidl_generator_c/px4_msgs/msg/detail/follow_target__type_support.c.o\n'}
[176.328556] (px4_msgs) StdoutLine: {'line': b'[  8%] Building C object CMakeFiles/px4_msgs__rosidl_generator_c.dir/rosidl_generator_c/px4_msgs/msg/detail/follow_target_estimator__description.c.o\n'}
[176.342693] (-) TimerEvent: {}
[176.380538] (px4_msgs) StdoutLine: {'line': b'[  8%] Building C object CMakeFiles/px4_msgs__rosidl_generator_c.dir/rosidl_generator_c/px4_msgs/msg/detail/follow_target_estimator__functions.c.o\n'}
[176.442800] (-) TimerEvent: {}
[176.443617] (px4_msgs) StdoutLine: {'line': b'[  8%] Building C object CMakeFiles/px4_msgs__rosidl_generator_c.dir/rosidl_generator_c/px4_msgs/msg/detail/follow_target_estimator__type_support.c.o\n'}
[176.481406] (px4_msgs) StdoutLine: {'line': b'[  8%] Building C object CMakeFiles/px4_msgs__rosidl_generator_c.dir/rosidl_generator_c/px4_msgs/msg/detail/follow_target_status__description.c.o\n'}
[176.529930] (px4_msgs) StdoutLine: {'line': b'[  8%] Building C object CMakeFiles/px4_msgs__rosidl_generator_c.dir/rosidl_generator_c/px4_msgs/msg/detail/follow_target_status__functions.c.o\n'}
[176.542886] (-) TimerEvent: {}
[176.591755] (px4_msgs) StdoutLine: {'line': b'[  8%] Building C object CMakeFiles/px4_msgs__rosidl_generator_c.dir/rosidl_generator_c/px4_msgs/msg/detail/follow_target_status__type_support.c.o\n'}
[176.632730] (px4_msgs) StdoutLine: {'line': b'[  8%] Building C object CMakeFiles/px4_msgs__rosidl_generator_c.dir/rosidl_generator_c/px4_msgs/msg/detail/fuel_tank_status__description.c.o\n'}
[176.642974] (-) TimerEvent: {}
[176.684249] (px4_msgs) StdoutLine: {'line': b'[  8%] Building C object CMakeFiles/px4_msgs__rosidl_generator_c.dir/rosidl_generator_c/px4_msgs/msg/detail/fuel_tank_status__functions.c.o\n'}
[176.743074] (-) TimerEvent: {}
[176.747324] (px4_msgs) StdoutLine: {'line': b'[  8%] Building C object CMakeFiles/px4_msgs__rosidl_generator_c.dir/rosidl_generator_c/px4_msgs/msg/detail/fuel_tank_status__type_support.c.o\n'}
[176.786473] (px4_msgs) StdoutLine: {'line': b'[  8%] Building C object CMakeFiles/px4_msgs__rosidl_generator_c.dir/rosidl_generator_c/px4_msgs/msg/detail/generator_status__description.c.o\n'}
[176.837941] (px4_msgs) StdoutLine: {'line': b'[  8%] Building C object CMakeFiles/px4_msgs__rosidl_generator_c.dir/rosidl_generator_c/px4_msgs/msg/detail/generator_status__functions.c.o\n'}
[176.843288] (-) TimerEvent: {}
[176.904420] (px4_msgs) StdoutLine: {'line': b'[  8%] Building C object CMakeFiles/px4_msgs__rosidl_generator_c.dir/rosidl_generator_c/px4_msgs/msg/detail/generator_status__type_support.c.o\n'}
[176.941866] (px4_msgs) StdoutLine: {'line': b'[  8%] Building C object CMakeFiles/px4_msgs__rosidl_generator_c.dir/rosidl_generator_c/px4_msgs/msg/detail/geofence_result__description.c.o\n'}
[176.943342] (-) TimerEvent: {}
[176.986895] (px4_msgs) StdoutLine: {'line': b'[  8%] Building C object CMakeFiles/px4_msgs__rosidl_generator_c.dir/rosidl_generator_c/px4_msgs/msg/detail/geofence_result__functions.c.o\n'}
[177.043460] (-) TimerEvent: {}
[177.049851] (px4_msgs) StdoutLine: {'line': b'[  8%] Building C object CMakeFiles/px4_msgs__rosidl_generator_c.dir/rosidl_generator_c/px4_msgs/msg/detail/geofence_result__type_support.c.o\n'}
[177.092380] (px4_msgs) StdoutLine: {'line': b'[  8%] Building C object CMakeFiles/px4_msgs__rosidl_generator_c.dir/rosidl_generator_c/px4_msgs/msg/detail/geofence_status__description.c.o\n'}
[177.143564] (-) TimerEvent: {}
[177.146838] (px4_msgs) StdoutLine: {'line': b'[  8%] Building C object CMakeFiles/px4_msgs__rosidl_generator_c.dir/rosidl_generator_c/px4_msgs/msg/detail/geofence_status__functions.c.o\n'}
[177.216375] (px4_msgs) StdoutLine: {'line': b'[  8%] Building C object CMakeFiles/px4_msgs__rosidl_generator_c.dir/rosidl_generator_c/px4_msgs/msg/detail/geofence_status__type_support.c.o\n'}
[177.243648] (-) TimerEvent: {}
[177.259155] (px4_msgs) StdoutLine: {'line': b'[  8%] Building C object CMakeFiles/px4_msgs__rosidl_generator_c.dir/rosidl_generator_c/px4_msgs/msg/detail/gimbal_controls__description.c.o\n'}
[177.308030] (px4_msgs) StdoutLine: {'line': b'[  9%] Building C object CMakeFiles/px4_msgs__rosidl_generator_c.dir/rosidl_generator_c/px4_msgs/msg/detail/gimbal_controls__functions.c.o\n'}
[177.343841] (-) TimerEvent: {}
[177.374859] (px4_msgs) StdoutLine: {'line': b'[  9%] Building C object CMakeFiles/px4_msgs__rosidl_generator_c.dir/rosidl_generator_c/px4_msgs/msg/detail/gimbal_controls__type_support.c.o\n'}
[177.418564] (px4_msgs) StdoutLine: {'line': b'[  9%] Building C object CMakeFiles/px4_msgs__rosidl_generator_c.dir/rosidl_generator_c/px4_msgs/msg/detail/gimbal_device_attitude_status__description.c.o\n'}
[177.443991] (-) TimerEvent: {}
[177.474841] (px4_msgs) StdoutLine: {'line': b'[  9%] Building C object CMakeFiles/px4_msgs__rosidl_generator_c.dir/rosidl_generator_c/px4_msgs/msg/detail/gimbal_device_attitude_status__functions.c.o\n'}
[177.544202] (-) TimerEvent: {}
[177.549438] (px4_msgs) StdoutLine: {'line': b'[  9%] Building C object CMakeFiles/px4_msgs__rosidl_generator_c.dir/rosidl_generator_c/px4_msgs/msg/detail/gimbal_device_attitude_status__type_support.c.o\n'}
[177.595997] (px4_msgs) StdoutLine: {'line': b'[  9%] Building C object CMakeFiles/px4_msgs__rosidl_generator_c.dir/rosidl_generator_c/px4_msgs/msg/detail/gimbal_device_information__description.c.o\n'}
[177.644289] (-) TimerEvent: {}
[177.649204] (px4_msgs) StdoutLine: {'line': b'[  9%] Building C object CMakeFiles/px4_msgs__rosidl_generator_c.dir/rosidl_generator_c/px4_msgs/msg/detail/gimbal_device_information__functions.c.o\n'}
[177.722829] (px4_msgs) StdoutLine: {'line': b'[  9%] Building C object CMakeFiles/px4_msgs__rosidl_generator_c.dir/rosidl_generator_c/px4_msgs/msg/detail/gimbal_device_information__type_support.c.o\n'}
[177.744396] (-) TimerEvent: {}
[177.766701] (px4_msgs) StdoutLine: {'line': b'[  9%] Building C object CMakeFiles/px4_msgs__rosidl_generator_c.dir/rosidl_generator_c/px4_msgs/msg/detail/gimbal_device_set_attitude__description.c.o\n'}
[177.822573] (px4_msgs) StdoutLine: {'line': b'[  9%] Building C object CMakeFiles/px4_msgs__rosidl_generator_c.dir/rosidl_generator_c/px4_msgs/msg/detail/gimbal_device_set_attitude__functions.c.o\n'}
[177.844659] (-) TimerEvent: {}
[177.890840] (px4_msgs) StdoutLine: {'line': b'[  9%] Building C object CMakeFiles/px4_msgs__rosidl_generator_c.dir/rosidl_generator_c/px4_msgs/msg/detail/gimbal_device_set_attitude__type_support.c.o\n'}
[177.936330] (px4_msgs) StdoutLine: {'line': b'[  9%] Building C object CMakeFiles/px4_msgs__rosidl_generator_c.dir/rosidl_generator_c/px4_msgs/msg/detail/gimbal_manager_information__description.c.o\n'}
[177.944722] (-) TimerEvent: {}
[177.991648] (px4_msgs) StdoutLine: {'line': b'[  9%] Building C object CMakeFiles/px4_msgs__rosidl_generator_c.dir/rosidl_generator_c/px4_msgs/msg/detail/gimbal_manager_information__functions.c.o\n'}
[178.044900] (-) TimerEvent: {}
[178.060656] (px4_msgs) StdoutLine: {'line': b'[  9%] Building C object CMakeFiles/px4_msgs__rosidl_generator_c.dir/rosidl_generator_c/px4_msgs/msg/detail/gimbal_manager_information__type_support.c.o\n'}
[178.105205] (px4_msgs) StdoutLine: {'line': b'[  9%] Building C object CMakeFiles/px4_msgs__rosidl_generator_c.dir/rosidl_generator_c/px4_msgs/msg/detail/gimbal_manager_set_attitude__description.c.o\n'}
[178.144992] (-) TimerEvent: {}
[178.159411] (px4_msgs) StdoutLine: {'line': b'[  9%] Building C object CMakeFiles/px4_msgs__rosidl_generator_c.dir/rosidl_generator_c/px4_msgs/msg/detail/gimbal_manager_set_attitude__functions.c.o\n'}
[178.228068] (px4_msgs) StdoutLine: {'line': b'[  9%] Building C object CMakeFiles/px4_msgs__rosidl_generator_c.dir/rosidl_generator_c/px4_msgs/msg/detail/gimbal_manager_set_attitude__type_support.c.o\n'}
[178.245086] (-) TimerEvent: {}
[178.266326] (px4_msgs) StdoutLine: {'line': b'[  9%] Building C object CMakeFiles/px4_msgs__rosidl_generator_c.dir/rosidl_generator_c/px4_msgs/msg/detail/gimbal_manager_set_manual_control__description.c.o\n'}
[178.312439] (px4_msgs) StdoutLine: {'line': b'[  9%] Building C object CMakeFiles/px4_msgs__rosidl_generator_c.dir/rosidl_generator_c/px4_msgs/msg/detail/gimbal_manager_set_manual_control__functions.c.o\n'}
[178.345171] (-) TimerEvent: {}
[178.374751] (px4_msgs) StdoutLine: {'line': b'[  9%] Building C object CMakeFiles/px4_msgs__rosidl_generator_c.dir/rosidl_generator_c/px4_msgs/msg/detail/gimbal_manager_set_manual_control__type_support.c.o\n'}
[178.419712] (px4_msgs) StdoutLine: {'line': b'[  9%] Building C object CMakeFiles/px4_msgs__rosidl_generator_c.dir/rosidl_generator_c/px4_msgs/msg/detail/gimbal_manager_status__description.c.o\n'}
[178.445320] (-) TimerEvent: {}
[178.476895] (px4_msgs) StdoutLine: {'line': b'[  9%] Building C object CMakeFiles/px4_msgs__rosidl_generator_c.dir/rosidl_generator_c/px4_msgs/msg/detail/gimbal_manager_status__functions.c.o\n'}
[178.545665] (-) TimerEvent: {}
[178.558783] (px4_msgs) StdoutLine: {'line': b'[  9%] Building C object CMakeFiles/px4_msgs__rosidl_generator_c.dir/rosidl_generator_c/px4_msgs/msg/detail/gimbal_manager_status__type_support.c.o\n'}
[178.602578] (px4_msgs) StdoutLine: {'line': b'[  9%] Building C object CMakeFiles/px4_msgs__rosidl_generator_c.dir/rosidl_generator_c/px4_msgs/msg/detail/goto_setpoint__description.c.o\n'}
[178.645713] (-) TimerEvent: {}
[178.650942] (px4_msgs) StdoutLine: {'line': b'[ 10%] Building C object CMakeFiles/px4_msgs__rosidl_generator_c.dir/rosidl_generator_c/px4_msgs/msg/detail/goto_setpoint__functions.c.o\n'}
[178.716069] (px4_msgs) StdoutLine: {'line': b'[ 10%] Building C object CMakeFiles/px4_msgs__rosidl_generator_c.dir/rosidl_generator_c/px4_msgs/msg/detail/goto_setpoint__type_support.c.o\n'}
[178.745909] (-) TimerEvent: {}
[178.757043] (px4_msgs) StdoutLine: {'line': b'[ 10%] Building C object CMakeFiles/px4_msgs__rosidl_generator_c.dir/rosidl_generator_c/px4_msgs/msg/detail/gpio_config__description.c.o\n'}
[178.806657] (px4_msgs) StdoutLine: {'line': b'[ 10%] Building C object CMakeFiles/px4_msgs__rosidl_generator_c.dir/rosidl_generator_c/px4_msgs/msg/detail/gpio_config__functions.c.o\n'}
[178.846010] (-) TimerEvent: {}
[178.872151] (px4_msgs) StdoutLine: {'line': b'[ 10%] Building C object CMakeFiles/px4_msgs__rosidl_generator_c.dir/rosidl_generator_c/px4_msgs/msg/detail/gpio_config__type_support.c.o\n'}
[178.915253] (px4_msgs) StdoutLine: {'line': b'[ 10%] Building C object CMakeFiles/px4_msgs__rosidl_generator_c.dir/rosidl_generator_c/px4_msgs/msg/detail/gpio_in__description.c.o\n'}
[178.946105] (-) TimerEvent: {}
[178.962948] (px4_msgs) StdoutLine: {'line': b'[ 10%] Building C object CMakeFiles/px4_msgs__rosidl_generator_c.dir/rosidl_generator_c/px4_msgs/msg/detail/gpio_in__functions.c.o\n'}
[179.026978] (px4_msgs) StdoutLine: {'line': b'[ 10%] Building C object CMakeFiles/px4_msgs__rosidl_generator_c.dir/rosidl_generator_c/px4_msgs/msg/detail/gpio_in__type_support.c.o\n'}
[179.046206] (-) TimerEvent: {}
[179.066862] (px4_msgs) StdoutLine: {'line': b'[ 10%] Building C object CMakeFiles/px4_msgs__rosidl_generator_c.dir/rosidl_generator_c/px4_msgs/msg/detail/gpio_out__description.c.o\n'}
[179.119402] (px4_msgs) StdoutLine: {'line': b'[ 10%] Building C object CMakeFiles/px4_msgs__rosidl_generator_c.dir/rosidl_generator_c/px4_msgs/msg/detail/gpio_out__functions.c.o\n'}
[179.146307] (-) TimerEvent: {}
[179.181940] (px4_msgs) StdoutLine: {'line': b'[ 10%] Building C object CMakeFiles/px4_msgs__rosidl_generator_c.dir/rosidl_generator_c/px4_msgs/msg/detail/gpio_out__type_support.c.o\n'}
[179.226697] (px4_msgs) StdoutLine: {'line': b'[ 10%] Building C object CMakeFiles/px4_msgs__rosidl_generator_c.dir/rosidl_generator_c/px4_msgs/msg/detail/gpio_request__description.c.o\n'}
[179.246413] (-) TimerEvent: {}
[179.278120] (px4_msgs) StdoutLine: {'line': b'[ 10%] Building C object CMakeFiles/px4_msgs__rosidl_generator_c.dir/rosidl_generator_c/px4_msgs/msg/detail/gpio_request__functions.c.o\n'}
[179.346565] (-) TimerEvent: {}
[179.360470] (px4_msgs) StdoutLine: {'line': b'[ 10%] Building C object CMakeFiles/px4_msgs__rosidl_generator_c.dir/rosidl_generator_c/px4_msgs/msg/detail/gpio_request__type_support.c.o\n'}
[179.415883] (px4_msgs) StdoutLine: {'line': b'[ 10%] Building C object CMakeFiles/px4_msgs__rosidl_generator_c.dir/rosidl_generator_c/px4_msgs/msg/detail/gps_dump__description.c.o\n'}
[179.446750] (-) TimerEvent: {}
[179.468918] (px4_msgs) StdoutLine: {'line': b'[ 10%] Building C object CMakeFiles/px4_msgs__rosidl_generator_c.dir/rosidl_generator_c/px4_msgs/msg/detail/gps_dump__functions.c.o\n'}
[179.540683] (px4_msgs) StdoutLine: {'line': b'[ 10%] Building C object CMakeFiles/px4_msgs__rosidl_generator_c.dir/rosidl_generator_c/px4_msgs/msg/detail/gps_dump__type_support.c.o\n'}
[179.546855] (-) TimerEvent: {}
[179.584016] (px4_msgs) StdoutLine: {'line': b'[ 10%] Building C object CMakeFiles/px4_msgs__rosidl_generator_c.dir/rosidl_generator_c/px4_msgs/msg/detail/gps_inject_data__description.c.o\n'}
[179.638480] (px4_msgs) StdoutLine: {'line': b'[ 10%] Building C object CMakeFiles/px4_msgs__rosidl_generator_c.dir/rosidl_generator_c/px4_msgs/msg/detail/gps_inject_data__functions.c.o\n'}
[179.646959] (-) TimerEvent: {}
[179.708140] (px4_msgs) StdoutLine: {'line': b'[ 10%] Building C object CMakeFiles/px4_msgs__rosidl_generator_c.dir/rosidl_generator_c/px4_msgs/msg/detail/gps_inject_data__type_support.c.o\n'}
[179.747050] (-) TimerEvent: {}
[179.750274] (px4_msgs) StdoutLine: {'line': b'[ 10%] Building C object CMakeFiles/px4_msgs__rosidl_generator_c.dir/rosidl_generator_c/px4_msgs/msg/detail/gripper__description.c.o\n'}
[179.803856] (px4_msgs) StdoutLine: {'line': b'[ 10%] Building C object CMakeFiles/px4_msgs__rosidl_generator_c.dir/rosidl_generator_c/px4_msgs/msg/detail/gripper__functions.c.o\n'}
[179.847198] (-) TimerEvent: {}
[179.866983] (px4_msgs) StdoutLine: {'line': b'[ 10%] Building C object CMakeFiles/px4_msgs__rosidl_generator_c.dir/rosidl_generator_c/px4_msgs/msg/detail/gripper__type_support.c.o\n'}
[179.910835] (px4_msgs) StdoutLine: {'line': b'[ 10%] Building C object CMakeFiles/px4_msgs__rosidl_generator_c.dir/rosidl_generator_c/px4_msgs/msg/detail/health_report__description.c.o\n'}
[179.947285] (-) TimerEvent: {}
[179.965293] (px4_msgs) StdoutLine: {'line': b'[ 11%] Building C object CMakeFiles/px4_msgs__rosidl_generator_c.dir/rosidl_generator_c/px4_msgs/msg/detail/health_report__functions.c.o\n'}
[180.034086] (px4_msgs) StdoutLine: {'line': b'[ 11%] Building C object CMakeFiles/px4_msgs__rosidl_generator_c.dir/rosidl_generator_c/px4_msgs/msg/detail/health_report__type_support.c.o\n'}
[180.047379] (-) TimerEvent: {}
[180.077991] (px4_msgs) StdoutLine: {'line': b'[ 11%] Building C object CMakeFiles/px4_msgs__rosidl_generator_c.dir/rosidl_generator_c/px4_msgs/msg/detail/heater_status__description.c.o\n'}
[180.127578] (px4_msgs) StdoutLine: {'line': b'[ 11%] Building C object CMakeFiles/px4_msgs__rosidl_generator_c.dir/rosidl_generator_c/px4_msgs/msg/detail/heater_status__functions.c.o\n'}
[180.147456] (-) TimerEvent: {}
[180.198535] (px4_msgs) StdoutLine: {'line': b'[ 11%] Building C object CMakeFiles/px4_msgs__rosidl_generator_c.dir/rosidl_generator_c/px4_msgs/msg/detail/heater_status__type_support.c.o\n'}
[180.244887] (px4_msgs) StdoutLine: {'line': b'[ 11%] Building C object CMakeFiles/px4_msgs__rosidl_generator_c.dir/rosidl_generator_c/px4_msgs/msg/detail/home_position__description.c.o\n'}
[180.248176] (-) TimerEvent: {}
[180.300551] (px4_msgs) StdoutLine: {'line': b'[ 11%] Building C object CMakeFiles/px4_msgs__rosidl_generator_c.dir/rosidl_generator_c/px4_msgs/msg/detail/home_position__functions.c.o\n'}
[180.348272] (-) TimerEvent: {}
[180.366776] (px4_msgs) StdoutLine: {'line': b'[ 11%] Building C object CMakeFiles/px4_msgs__rosidl_generator_c.dir/rosidl_generator_c/px4_msgs/msg/detail/home_position__type_support.c.o\n'}
[180.410535] (px4_msgs) StdoutLine: {'line': b'[ 11%] Building C object CMakeFiles/px4_msgs__rosidl_generator_c.dir/rosidl_generator_c/px4_msgs/msg/detail/hover_thrust_estimate__description.c.o\n'}
[180.448373] (-) TimerEvent: {}
[180.470823] (px4_msgs) StdoutLine: {'line': b'[ 11%] Building C object CMakeFiles/px4_msgs__rosidl_generator_c.dir/rosidl_generator_c/px4_msgs/msg/detail/hover_thrust_estimate__functions.c.o\n'}
[180.546950] (px4_msgs) StdoutLine: {'line': b'[ 11%] Building C object CMakeFiles/px4_msgs__rosidl_generator_c.dir/rosidl_generator_c/px4_msgs/msg/detail/hover_thrust_estimate__type_support.c.o\n'}
[180.548582] (-) TimerEvent: {}
[180.589074] (px4_msgs) StdoutLine: {'line': b'[ 11%] Building C object CMakeFiles/px4_msgs__rosidl_generator_c.dir/rosidl_generator_c/px4_msgs/msg/detail/input_rc__description.c.o\n'}
[180.641030] (px4_msgs) StdoutLine: {'line': b'[ 11%] Building C object CMakeFiles/px4_msgs__rosidl_generator_c.dir/rosidl_generator_c/px4_msgs/msg/detail/input_rc__functions.c.o\n'}
[180.648864] (-) TimerEvent: {}
[180.720602] (px4_msgs) StdoutLine: {'line': b'[ 11%] Building C object CMakeFiles/px4_msgs__rosidl_generator_c.dir/rosidl_generator_c/px4_msgs/msg/detail/input_rc__type_support.c.o\n'}
[180.748957] (-) TimerEvent: {}
[180.775190] (px4_msgs) StdoutLine: {'line': b'[ 11%] Building C object CMakeFiles/px4_msgs__rosidl_generator_c.dir/rosidl_generator_c/px4_msgs/msg/detail/internal_combustion_engine_control__description.c.o\n'}
[180.831686] (px4_msgs) StdoutLine: {'line': b'[ 11%] Building C object CMakeFiles/px4_msgs__rosidl_generator_c.dir/rosidl_generator_c/px4_msgs/msg/detail/internal_combustion_engine_control__functions.c.o\n'}
[180.849096] (-) TimerEvent: {}
[180.910769] (px4_msgs) StdoutLine: {'line': b'[ 11%] Building C object CMakeFiles/px4_msgs__rosidl_generator_c.dir/rosidl_generator_c/px4_msgs/msg/detail/internal_combustion_engine_control__type_support.c.o\n'}
[180.949224] (-) TimerEvent: {}
[180.969488] (px4_msgs) StdoutLine: {'line': b'[ 11%] Building C object CMakeFiles/px4_msgs__rosidl_generator_c.dir/rosidl_generator_c/px4_msgs/msg/detail/internal_combustion_engine_status__description.c.o\n'}
[181.032092] (px4_msgs) StdoutLine: {'line': b'[ 11%] Building C object CMakeFiles/px4_msgs__rosidl_generator_c.dir/rosidl_generator_c/px4_msgs/msg/detail/internal_combustion_engine_status__functions.c.o\n'}
[181.050686] (-) TimerEvent: {}
[181.115308] (px4_msgs) StdoutLine: {'line': b'[ 11%] Building C object CMakeFiles/px4_msgs__rosidl_generator_c.dir/rosidl_generator_c/px4_msgs/msg/detail/internal_combustion_engine_status__type_support.c.o\n'}
[181.150774] (-) TimerEvent: {}
[181.162319] (px4_msgs) StdoutLine: {'line': b'[ 11%] Building C object CMakeFiles/px4_msgs__rosidl_generator_c.dir/rosidl_generator_c/px4_msgs/msg/detail/iridiumsbd_status__description.c.o\n'}
[181.221573] (px4_msgs) StdoutLine: {'line': b'[ 11%] Building C object CMakeFiles/px4_msgs__rosidl_generator_c.dir/rosidl_generator_c/px4_msgs/msg/detail/iridiumsbd_status__functions.c.o\n'}
[181.250861] (-) TimerEvent: {}
[181.295025] (px4_msgs) StdoutLine: {'line': b'[ 11%] Building C object CMakeFiles/px4_msgs__rosidl_generator_c.dir/rosidl_generator_c/px4_msgs/msg/detail/iridiumsbd_status__type_support.c.o\n'}
[181.339426] (px4_msgs) StdoutLine: {'line': b'[ 11%] Building C object CMakeFiles/px4_msgs__rosidl_generator_c.dir/rosidl_generator_c/px4_msgs/msg/detail/irlock_report__description.c.o\n'}
[181.350960] (-) TimerEvent: {}
[181.396870] (px4_msgs) StdoutLine: {'line': b'[ 12%] Building C object CMakeFiles/px4_msgs__rosidl_generator_c.dir/rosidl_generator_c/px4_msgs/msg/detail/irlock_report__functions.c.o\n'}
[181.451183] (-) TimerEvent: {}
[181.466590] (px4_msgs) StdoutLine: {'line': b'[ 12%] Building C object CMakeFiles/px4_msgs__rosidl_generator_c.dir/rosidl_generator_c/px4_msgs/msg/detail/irlock_report__type_support.c.o\n'}
[181.515446] (px4_msgs) StdoutLine: {'line': b'[ 12%] Building C object CMakeFiles/px4_msgs__rosidl_generator_c.dir/rosidl_generator_c/px4_msgs/msg/detail/landing_gear__description.c.o\n'}
[181.551267] (-) TimerEvent: {}
[181.565586] (px4_msgs) StdoutLine: {'line': b'[ 12%] Building C object CMakeFiles/px4_msgs__rosidl_generator_c.dir/rosidl_generator_c/px4_msgs/msg/detail/landing_gear__functions.c.o\n'}
[181.630428] (px4_msgs) StdoutLine: {'line': b'[  0%] Building C object CMakeFiles/px4_msgs__rosidl_generator_c.dir/rosidl_generator_c/px4_msgs/msg/detail/landing_gear__type_support.c.o\n'}
[181.651404] (-) TimerEvent: {}
[181.671988] (px4_msgs) StdoutLine: {'line': b'[  0%] Building C object CMakeFiles/px4_msgs__rosidl_generator_c.dir/rosidl_generator_c/px4_msgs/msg/detail/landing_gear_wheel__description.c.o\n'}
[181.722460] (px4_msgs) StdoutLine: {'line': b'[  0%] Building C object CMakeFiles/px4_msgs__rosidl_generator_c.dir/rosidl_generator_c/px4_msgs/msg/detail/landing_gear_wheel__functions.c.o\n'}
[181.751501] (-) TimerEvent: {}
[181.786316] (px4_msgs) StdoutLine: {'line': b'[  0%] Building C object CMakeFiles/px4_msgs__rosidl_generator_c.dir/rosidl_generator_c/px4_msgs/msg/detail/landing_gear_wheel__type_support.c.o\n'}
[181.831303] (px4_msgs) StdoutLine: {'line': b'[  0%] Building C object CMakeFiles/px4_msgs__rosidl_generator_c.dir/rosidl_generator_c/px4_msgs/msg/detail/landing_target_innovations__description.c.o\n'}
[181.851592] (-) TimerEvent: {}
[181.886956] (px4_msgs) StdoutLine: {'line': b'[  0%] Building C object CMakeFiles/px4_msgs__rosidl_generator_c.dir/rosidl_generator_c/px4_msgs/msg/detail/landing_target_innovations__functions.c.o\n'}
[181.951719] (-) TimerEvent: {}
[181.954166] (px4_msgs) StdoutLine: {'line': b'[  0%] Building C object CMakeFiles/px4_msgs__rosidl_generator_c.dir/rosidl_generator_c/px4_msgs/msg/detail/landing_target_innovations__type_support.c.o\n'}
[181.995983] (px4_msgs) StdoutLine: {'line': b'[  0%] Building C object CMakeFiles/px4_msgs__rosidl_generator_c.dir/rosidl_generator_c/px4_msgs/msg/detail/landing_target_pose__description.c.o\n'}
[182.050620] (px4_msgs) StdoutLine: {'line': b'[  0%] Building C object CMakeFiles/px4_msgs__rosidl_generator_c.dir/rosidl_generator_c/px4_msgs/msg/detail/landing_target_pose__functions.c.o\n'}
[182.051710] (-) TimerEvent: {}
[182.127559] (px4_msgs) StdoutLine: {'line': b'[  0%] Building C object CMakeFiles/px4_msgs__rosidl_generator_c.dir/rosidl_generator_c/px4_msgs/msg/detail/landing_target_pose__type_support.c.o\n'}
[182.151811] (-) TimerEvent: {}
[182.169795] (px4_msgs) StdoutLine: {'line': b'[  0%] Building C object CMakeFiles/px4_msgs__rosidl_generator_c.dir/rosidl_generator_c/px4_msgs/msg/detail/lateral_control_configuration__description.c.o\n'}
[182.218448] (px4_msgs) StdoutLine: {'line': b'[  0%] Building C object CMakeFiles/px4_msgs__rosidl_generator_c.dir/rosidl_generator_c/px4_msgs/msg/detail/lateral_control_configuration__functions.c.o\n'}
[182.252165] (-) TimerEvent: {}
[182.289163] (px4_msgs) StdoutLine: {'line': b'[  0%] Building C object CMakeFiles/px4_msgs__rosidl_generator_c.dir/rosidl_generator_c/px4_msgs/msg/detail/lateral_control_configuration__type_support.c.o\n'}
[182.335236] (px4_msgs) StdoutLine: {'line': b'[  0%] Building C object CMakeFiles/px4_msgs__rosidl_generator_c.dir/rosidl_generator_c/px4_msgs/msg/detail/launch_detection_status__description.c.o\n'}
[182.352328] (-) TimerEvent: {}
[182.387197] (px4_msgs) StdoutLine: {'line': b'[  0%] Building C object CMakeFiles/px4_msgs__rosidl_generator_c.dir/rosidl_generator_c/px4_msgs/msg/detail/launch_detection_status__functions.c.o\n'}
[182.446483] (px4_msgs) StdoutLine: {'line': b'[  0%] Building C object CMakeFiles/px4_msgs__rosidl_generator_c.dir/rosidl_generator_c/px4_msgs/msg/detail/launch_detection_status__type_support.c.o\n'}
[182.452561] (-) TimerEvent: {}
[182.487030] (px4_msgs) StdoutLine: {'line': b'[  0%] Building C object CMakeFiles/px4_msgs__rosidl_generator_c.dir/rosidl_generator_c/px4_msgs/msg/detail/led_control__description.c.o\n'}
[182.543056] (px4_msgs) StdoutLine: {'line': b'[  0%] Building C object CMakeFiles/px4_msgs__rosidl_generator_c.dir/rosidl_generator_c/px4_msgs/msg/detail/led_control__functions.c.o\n'}
[182.552659] (-) TimerEvent: {}
[182.609567] (px4_msgs) StdoutLine: {'line': b'[  0%] Building C object CMakeFiles/px4_msgs__rosidl_generator_c.dir/rosidl_generator_c/px4_msgs/msg/detail/led_control__type_support.c.o\n'}
[182.648478] (px4_msgs) StdoutLine: {'line': b'[  1%] Building C object CMakeFiles/px4_msgs__rosidl_generator_c.dir/rosidl_generator_c/px4_msgs/msg/detail/log_message__description.c.o\n'}
[182.652723] (-) TimerEvent: {}
[182.696372] (px4_msgs) StdoutLine: {'line': b'[  1%] Building C object CMakeFiles/px4_msgs__rosidl_generator_c.dir/rosidl_generator_c/px4_msgs/msg/detail/log_message__functions.c.o\n'}
[182.753048] (-) TimerEvent: {}
[182.763642] (px4_msgs) StdoutLine: {'line': b'[  1%] Building C object CMakeFiles/px4_msgs__rosidl_generator_c.dir/rosidl_generator_c/px4_msgs/msg/detail/log_message__type_support.c.o\n'}
[182.813046] (px4_msgs) StdoutLine: {'line': b'[  1%] Building C object CMakeFiles/px4_msgs__rosidl_generator_c.dir/rosidl_generator_c/px4_msgs/msg/detail/logger_status__description.c.o\n'}
[182.853163] (-) TimerEvent: {}
[182.872429] (px4_msgs) StdoutLine: {'line': b'[  1%] Building C object CMakeFiles/px4_msgs__rosidl_generator_c.dir/rosidl_generator_c/px4_msgs/msg/detail/logger_status__functions.c.o\n'}
[182.946544] (px4_msgs) StdoutLine: {'line': b'[  1%] Building C object CMakeFiles/px4_msgs__rosidl_generator_c.dir/rosidl_generator_c/px4_msgs/msg/detail/logger_status__type_support.c.o\n'}
[182.953290] (-) TimerEvent: {}
[182.993299] (px4_msgs) StdoutLine: {'line': b'[  1%] Building C object CMakeFiles/px4_msgs__rosidl_generator_c.dir/rosidl_generator_c/px4_msgs/msg/detail/longitudinal_control_configuration__description.c.o\n'}
[183.055786] (-) TimerEvent: {}
[183.096125] (px4_msgs) StdoutLine: {'line': b'[  1%] Building C object CMakeFiles/px4_msgs__rosidl_generator_c.dir/rosidl_generator_c/px4_msgs/msg/detail/longitudinal_control_configuration__functions.c.o\n'}
[183.159663] (-) TimerEvent: {}
[183.233676] (px4_msgs) StdoutLine: {'line': b'[  1%] Building C object CMakeFiles/px4_msgs__rosidl_generator_c.dir/rosidl_generator_c/px4_msgs/msg/detail/longitudinal_control_configuration__type_support.c.o\n'}
[183.259715] (-) TimerEvent: {}
[183.284174] (px4_msgs) StdoutLine: {'line': b'[  1%] Building C object CMakeFiles/px4_msgs__rosidl_generator_c.dir/rosidl_generator_c/px4_msgs/msg/detail/mag_worker_data__description.c.o\n'}
[183.342342] (px4_msgs) StdoutLine: {'line': b'[  1%] Building C object CMakeFiles/px4_msgs__rosidl_generator_c.dir/rosidl_generator_c/px4_msgs/msg/detail/mag_worker_data__functions.c.o\n'}
[183.359813] (-) TimerEvent: {}
[183.413495] (px4_msgs) StdoutLine: {'line': b'[  1%] Building C object CMakeFiles/px4_msgs__rosidl_generator_c.dir/rosidl_generator_c/px4_msgs/msg/detail/mag_worker_data__type_support.c.o\n'}
[183.459386] (px4_msgs) StdoutLine: {'line': b'[  1%] Building C object CMakeFiles/px4_msgs__rosidl_generator_c.dir/rosidl_generator_c/px4_msgs/msg/detail/magnetometer_bias_estimate__description.c.o\n'}
[183.460220] (-) TimerEvent: {}
[183.510530] (px4_msgs) StdoutLine: {'line': b'[  1%] Building C object CMakeFiles/px4_msgs__rosidl_generator_c.dir/rosidl_generator_c/px4_msgs/msg/detail/magnetometer_bias_estimate__functions.c.o\n'}
[183.560461] (-) TimerEvent: {}
[183.583985] (px4_msgs) StdoutLine: {'line': b'[  1%] Building C object CMakeFiles/px4_msgs__rosidl_generator_c.dir/rosidl_generator_c/px4_msgs/msg/detail/magnetometer_bias_estimate__type_support.c.o\n'}
[183.629895] (px4_msgs) StdoutLine: {'line': b'[  1%] Building C object CMakeFiles/px4_msgs__rosidl_generator_c.dir/rosidl_generator_c/px4_msgs/msg/detail/manual_control_setpoint__description.c.o\n'}
[183.660609] (-) TimerEvent: {}
[183.694039] (px4_msgs) StdoutLine: {'line': b'[  1%] Building C object CMakeFiles/px4_msgs__rosidl_generator_c.dir/rosidl_generator_c/px4_msgs/msg/detail/manual_control_setpoint__functions.c.o\n'}
[183.760731] (-) TimerEvent: {}
[183.775701] (px4_msgs) StdoutLine: {'line': b'[  1%] Building C object CMakeFiles/px4_msgs__rosidl_generator_c.dir/rosidl_generator_c/px4_msgs/msg/detail/manual_control_setpoint__type_support.c.o\n'}
[183.828147] (px4_msgs) StdoutLine: {'line': b'[  1%] Building C object CMakeFiles/px4_msgs__rosidl_generator_c.dir/rosidl_generator_c/px4_msgs/msg/detail/manual_control_switches__description.c.o\n'}
[183.861093] (-) TimerEvent: {}
[183.883408] (px4_msgs) StdoutLine: {'line': b'[  1%] Building C object CMakeFiles/px4_msgs__rosidl_generator_c.dir/rosidl_generator_c/px4_msgs/msg/detail/manual_control_switches__functions.c.o\n'}
[183.957226] (px4_msgs) StdoutLine: {'line': b'[  1%] Building C object CMakeFiles/px4_msgs__rosidl_generator_c.dir/rosidl_generator_c/px4_msgs/msg/detail/manual_control_switches__type_support.c.o\n'}
[183.961179] (-) TimerEvent: {}
[184.007402] (px4_msgs) StdoutLine: {'line': b'[  1%] Building C object CMakeFiles/px4_msgs__rosidl_generator_c.dir/rosidl_generator_c/px4_msgs/msg/detail/mavlink_log__description.c.o\n'}
[184.060848] (px4_msgs) StdoutLine: {'line': b'[  1%] Building C object CMakeFiles/px4_msgs__rosidl_generator_c.dir/rosidl_generator_c/px4_msgs/msg/detail/mavlink_log__functions.c.o\n'}
[184.061237] (-) TimerEvent: {}
[184.130742] (px4_msgs) StdoutLine: {'line': b'[  1%] Building C object CMakeFiles/px4_msgs__rosidl_generator_c.dir/rosidl_generator_c/px4_msgs/msg/detail/mavlink_log__type_support.c.o\n'}
[184.161353] (-) TimerEvent: {}
[184.177026] (px4_msgs) StdoutLine: {'line': b'[  2%] Building C object CMakeFiles/px4_msgs__rosidl_generator_c.dir/rosidl_generator_c/px4_msgs/msg/detail/mavlink_tunnel__description.c.o\n'}
[184.232405] (px4_msgs) StdoutLine: {'line': b'[  2%] Building C object CMakeFiles/px4_msgs__rosidl_generator_c.dir/rosidl_generator_c/px4_msgs/msg/detail/mavlink_tunnel__functions.c.o\n'}
[184.261452] (-) TimerEvent: {}
[184.298049] (px4_msgs) StdoutLine: {'line': b'[  2%] Building C object CMakeFiles/px4_msgs__rosidl_generator_c.dir/rosidl_generator_c/px4_msgs/msg/detail/mavlink_tunnel__type_support.c.o\n'}
[184.336234] (px4_msgs) StdoutLine: {'line': b'[  2%] Building C object CMakeFiles/px4_msgs__rosidl_generator_c.dir/rosidl_generator_c/px4_msgs/msg/detail/message_format_request__description.c.o\n'}
[184.361791] (-) TimerEvent: {}
[184.389100] (px4_msgs) StdoutLine: {'line': b'[  2%] Building C object CMakeFiles/px4_msgs__rosidl_generator_c.dir/rosidl_generator_c/px4_msgs/msg/detail/message_format_request__functions.c.o\n'}
[184.455754] (px4_msgs) StdoutLine: {'line': b'[  2%] Building C object CMakeFiles/px4_msgs__rosidl_generator_c.dir/rosidl_generator_c/px4_msgs/msg/detail/message_format_request__type_support.c.o\n'}
[184.461916] (-) TimerEvent: {}
[184.501176] (px4_msgs) StdoutLine: {'line': b'[  2%] Building C object CMakeFiles/px4_msgs__rosidl_generator_c.dir/rosidl_generator_c/px4_msgs/msg/detail/message_format_response__description.c.o\n'}
[184.554871] (px4_msgs) StdoutLine: {'line': b'[  2%] Building C object CMakeFiles/px4_msgs__rosidl_generator_c.dir/rosidl_generator_c/px4_msgs/msg/detail/message_format_response__functions.c.o\n'}
[184.562000] (-) TimerEvent: {}
[184.623792] (px4_msgs) StdoutLine: {'line': b'[  2%] Building C object CMakeFiles/px4_msgs__rosidl_generator_c.dir/rosidl_generator_c/px4_msgs/msg/detail/message_format_response__type_support.c.o\n'}
[184.662096] (-) TimerEvent: {}
[184.667373] (px4_msgs) StdoutLine: {'line': b'[  2%] Building C object CMakeFiles/px4_msgs__rosidl_generator_c.dir/rosidl_generator_c/px4_msgs/msg/detail/mission__description.c.o\n'}
[184.719091] (px4_msgs) StdoutLine: {'line': b'[  2%] Building C object CMakeFiles/px4_msgs__rosidl_generator_c.dir/rosidl_generator_c/px4_msgs/msg/detail/mission__functions.c.o\n'}
[184.762204] (-) TimerEvent: {}
[184.784353] (px4_msgs) StdoutLine: {'line': b'[  2%] Building C object CMakeFiles/px4_msgs__rosidl_generator_c.dir/rosidl_generator_c/px4_msgs/msg/detail/mission__type_support.c.o\n'}
[184.825450] (px4_msgs) StdoutLine: {'line': b'[  2%] Building C object CMakeFiles/px4_msgs__rosidl_generator_c.dir/rosidl_generator_c/px4_msgs/msg/detail/mission_result__description.c.o\n'}
[184.862316] (-) TimerEvent: {}
[184.883641] (px4_msgs) StdoutLine: {'line': b'[  2%] Building C object CMakeFiles/px4_msgs__rosidl_generator_c.dir/rosidl_generator_c/px4_msgs/msg/detail/mission_result__functions.c.o\n'}
[184.952220] (px4_msgs) StdoutLine: {'line': b'[  2%] Building C object CMakeFiles/px4_msgs__rosidl_generator_c.dir/rosidl_generator_c/px4_msgs/msg/detail/mission_result__type_support.c.o\n'}
[184.962406] (-) TimerEvent: {}
[184.996114] (px4_msgs) StdoutLine: {'line': b'[  2%] Building C object CMakeFiles/px4_msgs__rosidl_generator_c.dir/rosidl_generator_c/px4_msgs/msg/detail/mode_completed__description.c.o\n'}
[185.045997] (px4_msgs) StdoutLine: {'line': b'[  2%] Building C object CMakeFiles/px4_msgs__rosidl_generator_c.dir/rosidl_generator_c/px4_msgs/msg/detail/mode_completed__functions.c.o\n'}
[185.062503] (-) TimerEvent: {}
[185.117011] (px4_msgs) StdoutLine: {'line': b'[  2%] Building C object CMakeFiles/px4_msgs__rosidl_generator_c.dir/rosidl_generator_c/px4_msgs/msg/detail/mode_completed__type_support.c.o\n'}
[185.162597] (-) TimerEvent: {}
[185.162746] (px4_msgs) StdoutLine: {'line': b'[  2%] Building C object CMakeFiles/px4_msgs__rosidl_generator_c.dir/rosidl_generator_c/px4_msgs/msg/detail/mount_orientation__description.c.o\n'}
[185.217275] (px4_msgs) StdoutLine: {'line': b'[  2%] Building C object CMakeFiles/px4_msgs__rosidl_generator_c.dir/rosidl_generator_c/px4_msgs/msg/detail/mount_orientation__functions.c.o\n'}
[185.262703] (-) TimerEvent: {}
[185.281175] (px4_msgs) StdoutLine: {'line': b'[  2%] Building C object CMakeFiles/px4_msgs__rosidl_generator_c.dir/rosidl_generator_c/px4_msgs/msg/detail/mount_orientation__type_support.c.o\n'}
[185.322072] (px4_msgs) StdoutLine: {'line': b'[  2%] Building C object CMakeFiles/px4_msgs__rosidl_generator_c.dir/rosidl_generator_c/px4_msgs/msg/detail/navigator_mission_item__description.c.o\n'}
[185.362895] (-) TimerEvent: {}
[185.378663] (px4_msgs) StdoutLine: {'line': b'[  2%] Building C object CMakeFiles/px4_msgs__rosidl_generator_c.dir/rosidl_generator_c/px4_msgs/msg/detail/navigator_mission_item__functions.c.o\n'}
[185.452224] (px4_msgs) StdoutLine: {'line': b'[  2%] Building C object CMakeFiles/px4_msgs__rosidl_generator_c.dir/rosidl_generator_c/px4_msgs/msg/detail/navigator_mission_item__type_support.c.o\n'}
[185.463009] (-) TimerEvent: {}
[185.492870] (px4_msgs) StdoutLine: {'line': b'[  3%] Building C object CMakeFiles/px4_msgs__rosidl_generator_c.dir/rosidl_generator_c/px4_msgs/msg/detail/navigator_status__description.c.o\n'}
[185.543944] (px4_msgs) StdoutLine: {'line': b'[  3%] Building C object CMakeFiles/px4_msgs__rosidl_generator_c.dir/rosidl_generator_c/px4_msgs/msg/detail/navigator_status__functions.c.o\n'}
[185.563117] (-) TimerEvent: {}
[185.609320] (px4_msgs) StdoutLine: {'line': b'[  3%] Building C object CMakeFiles/px4_msgs__rosidl_generator_c.dir/rosidl_generator_c/px4_msgs/msg/detail/navigator_status__type_support.c.o\n'}
[185.651116] (px4_msgs) StdoutLine: {'line': b'[  3%] Building C object CMakeFiles/px4_msgs__rosidl_generator_c.dir/rosidl_generator_c/px4_msgs/msg/detail/neural_control__description.c.o\n'}
[185.663212] (-) TimerEvent: {}
[185.699516] (px4_msgs) StdoutLine: {'line': b'[  3%] Building C object CMakeFiles/px4_msgs__rosidl_generator_c.dir/rosidl_generator_c/px4_msgs/msg/detail/neural_control__functions.c.o\n'}
[185.763355] (-) TimerEvent: {}
[185.767170] (px4_msgs) StdoutLine: {'line': b'[  3%] Building C object CMakeFiles/px4_msgs__rosidl_generator_c.dir/rosidl_generator_c/px4_msgs/msg/detail/neural_control__type_support.c.o\n'}
[185.809688] (px4_msgs) StdoutLine: {'line': b'[  3%] Building C object CMakeFiles/px4_msgs__rosidl_generator_c.dir/rosidl_generator_c/px4_msgs/msg/detail/normalized_unsigned_setpoint__description.c.o\n'}
[185.859828] (px4_msgs) StdoutLine: {'line': b'[  3%] Building C object CMakeFiles/px4_msgs__rosidl_generator_c.dir/rosidl_generator_c/px4_msgs/msg/detail/normalized_unsigned_setpoint__functions.c.o\n'}
[185.863599] (-) TimerEvent: {}
[185.921746] (px4_msgs) StdoutLine: {'line': b'[  3%] Building C object CMakeFiles/px4_msgs__rosidl_generator_c.dir/rosidl_generator_c/px4_msgs/msg/detail/normalized_unsigned_setpoint__type_support.c.o\n'}
[185.963735] (px4_msgs) StdoutLine: {'line': b'[  3%] Building C object CMakeFiles/px4_msgs__rosidl_generator_c.dir/rosidl_generator_c/px4_msgs/msg/detail/obstacle_distance__description.c.o\n'}
[185.963967] (-) TimerEvent: {}
[186.015641] (px4_msgs) StdoutLine: {'line': b'[  3%] Building C object CMakeFiles/px4_msgs__rosidl_generator_c.dir/rosidl_generator_c/px4_msgs/msg/detail/obstacle_distance__functions.c.o\n'}
[186.064069] (-) TimerEvent: {}
[186.086151] (px4_msgs) StdoutLine: {'line': b'[  3%] Building C object CMakeFiles/px4_msgs__rosidl_generator_c.dir/rosidl_generator_c/px4_msgs/msg/detail/obstacle_distance__type_support.c.o\n'}
[186.126403] (px4_msgs) StdoutLine: {'line': b'[  3%] Building C object CMakeFiles/px4_msgs__rosidl_generator_c.dir/rosidl_generator_c/px4_msgs/msg/detail/offboard_control_mode__description.c.o\n'}
[186.165029] (-) TimerEvent: {}
[186.181569] (px4_msgs) StdoutLine: {'line': b'[  3%] Building C object CMakeFiles/px4_msgs__rosidl_generator_c.dir/rosidl_generator_c/px4_msgs/msg/detail/offboard_control_mode__functions.c.o\n'}
[186.245543] (px4_msgs) StdoutLine: {'line': b'[  3%] Building C object CMakeFiles/px4_msgs__rosidl_generator_c.dir/rosidl_generator_c/px4_msgs/msg/detail/offboard_control_mode__type_support.c.o\n'}
[186.265115] (-) TimerEvent: {}
[186.290603] (px4_msgs) StdoutLine: {'line': b'[  3%] Building C object CMakeFiles/px4_msgs__rosidl_generator_c.dir/rosidl_generator_c/px4_msgs/msg/detail/onboard_computer_status__description.c.o\n'}
[186.338654] (px4_msgs) StdoutLine: {'line': b'[  3%] Building C object CMakeFiles/px4_msgs__rosidl_generator_c.dir/rosidl_generator_c/px4_msgs/msg/detail/onboard_computer_status__functions.c.o\n'}
[186.365206] (-) TimerEvent: {}
[186.409624] (px4_msgs) StdoutLine: {'line': b'[  3%] Building C object CMakeFiles/px4_msgs__rosidl_generator_c.dir/rosidl_generator_c/px4_msgs/msg/detail/onboard_computer_status__type_support.c.o\n'}
[186.453405] (px4_msgs) StdoutLine: {'line': b'[  3%] Building C object CMakeFiles/px4_msgs__rosidl_generator_c.dir/rosidl_generator_c/px4_msgs/msg/detail/open_drone_id_arm_status__description.c.o\n'}
[186.465328] (-) TimerEvent: {}
[186.506804] (px4_msgs) StdoutLine: {'line': b'[  3%] Building C object CMakeFiles/px4_msgs__rosidl_generator_c.dir/rosidl_generator_c/px4_msgs/msg/detail/open_drone_id_arm_status__functions.c.o\n'}
[186.565428] (-) TimerEvent: {}
[186.571759] (px4_msgs) StdoutLine: {'line': b'[  3%] Building C object CMakeFiles/px4_msgs__rosidl_generator_c.dir/rosidl_generator_c/px4_msgs/msg/detail/open_drone_id_arm_status__type_support.c.o\n'}
[186.614000] (px4_msgs) StdoutLine: {'line': b'[  3%] Building C object CMakeFiles/px4_msgs__rosidl_generator_c.dir/rosidl_generator_c/px4_msgs/msg/detail/open_drone_id_operator_id__description.c.o\n'}
[186.664662] (px4_msgs) StdoutLine: {'line': b'[  3%] Building C object CMakeFiles/px4_msgs__rosidl_generator_c.dir/rosidl_generator_c/px4_msgs/msg/detail/open_drone_id_operator_id__functions.c.o\n'}
[186.666126] (-) TimerEvent: {}
[186.735295] (px4_msgs) StdoutLine: {'line': b'[  3%] Building C object CMakeFiles/px4_msgs__rosidl_generator_c.dir/rosidl_generator_c/px4_msgs/msg/detail/open_drone_id_operator_id__type_support.c.o\n'}
[186.766232] (-) TimerEvent: {}
[186.778571] (px4_msgs) StdoutLine: {'line': b'[  4%] Building C object CMakeFiles/px4_msgs__rosidl_generator_c.dir/rosidl_generator_c/px4_msgs/msg/detail/open_drone_id_self_id__description.c.o\n'}
[186.831875] (px4_msgs) StdoutLine: {'line': b'[  4%] Building C object CMakeFiles/px4_msgs__rosidl_generator_c.dir/rosidl_generator_c/px4_msgs/msg/detail/open_drone_id_self_id__functions.c.o\n'}
[186.866324] (-) TimerEvent: {}
[186.896604] (px4_msgs) StdoutLine: {'line': b'[  4%] Building C object CMakeFiles/px4_msgs__rosidl_generator_c.dir/rosidl_generator_c/px4_msgs/msg/detail/open_drone_id_self_id__type_support.c.o\n'}
[186.939288] (px4_msgs) StdoutLine: {'line': b'[  4%] Building C object CMakeFiles/px4_msgs__rosidl_generator_c.dir/rosidl_generator_c/px4_msgs/msg/detail/open_drone_id_system__description.c.o\n'}
[186.966421] (-) TimerEvent: {}
[186.991535] (px4_msgs) StdoutLine: {'line': b'[  4%] Building C object CMakeFiles/px4_msgs__rosidl_generator_c.dir/rosidl_generator_c/px4_msgs/msg/detail/open_drone_id_system__functions.c.o\n'}
[187.066518] (-) TimerEvent: {}
[187.068520] (px4_msgs) StdoutLine: {'line': b'[  4%] Building C object CMakeFiles/px4_msgs__rosidl_generator_c.dir/rosidl_generator_c/px4_msgs/msg/detail/open_drone_id_system__type_support.c.o\n'}
[187.112448] (px4_msgs) StdoutLine: {'line': b'[  4%] Building C object CMakeFiles/px4_msgs__rosidl_generator_c.dir/rosidl_generator_c/px4_msgs/msg/detail/orb_test__description.c.o\n'}
[187.164711] (px4_msgs) StdoutLine: {'line': b'[  4%] Building C object CMakeFiles/px4_msgs__rosidl_generator_c.dir/rosidl_generator_c/px4_msgs/msg/detail/orb_test__functions.c.o\n'}
[187.166604] (-) TimerEvent: {}
[187.229808] (px4_msgs) StdoutLine: {'line': b'[  4%] Building C object CMakeFiles/px4_msgs__rosidl_generator_c.dir/rosidl_generator_c/px4_msgs/msg/detail/orb_test__type_support.c.o\n'}
[187.266699] (-) TimerEvent: {}
[187.271770] (px4_msgs) StdoutLine: {'line': b'[  4%] Building C object CMakeFiles/px4_msgs__rosidl_generator_c.dir/rosidl_generator_c/px4_msgs/msg/detail/orb_test_large__description.c.o\n'}
[187.325694] (px4_msgs) StdoutLine: {'line': b'[  4%] Building C object CMakeFiles/px4_msgs__rosidl_generator_c.dir/rosidl_generator_c/px4_msgs/msg/detail/orb_test_large__functions.c.o\n'}
[187.366783] (-) TimerEvent: {}
[187.389828] (px4_msgs) StdoutLine: {'line': b'[  4%] Building C object CMakeFiles/px4_msgs__rosidl_generator_c.dir/rosidl_generator_c/px4_msgs/msg/detail/orb_test_large__type_support.c.o\n'}
[187.432204] (px4_msgs) StdoutLine: {'line': b'[  4%] Building C object CMakeFiles/px4_msgs__rosidl_generator_c.dir/rosidl_generator_c/px4_msgs/msg/detail/orb_test_medium__description.c.o\n'}
[187.466873] (-) TimerEvent: {}
[187.481407] (px4_msgs) StdoutLine: {'line': b'[  4%] Building C object CMakeFiles/px4_msgs__rosidl_generator_c.dir/rosidl_generator_c/px4_msgs/msg/detail/orb_test_medium__functions.c.o\n'}
[187.548297] (px4_msgs) StdoutLine: {'line': b'[  4%] Building C object CMakeFiles/px4_msgs__rosidl_generator_c.dir/rosidl_generator_c/px4_msgs/msg/detail/orb_test_medium__type_support.c.o\n'}
[187.566975] (-) TimerEvent: {}
[187.589509] (px4_msgs) StdoutLine: {'line': b'[  4%] Building C object CMakeFiles/px4_msgs__rosidl_generator_c.dir/rosidl_generator_c/px4_msgs/msg/detail/orbit_status__description.c.o\n'}
[187.640979] (px4_msgs) StdoutLine: {'line': b'[  4%] Building C object CMakeFiles/px4_msgs__rosidl_generator_c.dir/rosidl_generator_c/px4_msgs/msg/detail/orbit_status__functions.c.o\n'}
[187.667393] (-) TimerEvent: {}
[187.708772] (px4_msgs) StdoutLine: {'line': b'[  4%] Building C object CMakeFiles/px4_msgs__rosidl_generator_c.dir/rosidl_generator_c/px4_msgs/msg/detail/orbit_status__type_support.c.o\n'}
[187.755350] (px4_msgs) StdoutLine: {'line': b'[  4%] Building C object CMakeFiles/px4_msgs__rosidl_generator_c.dir/rosidl_generator_c/px4_msgs/msg/detail/parameter_reset_request__description.c.o\n'}
[187.767464] (-) TimerEvent: {}
[187.805742] (px4_msgs) StdoutLine: {'line': b'[  4%] Building C object CMakeFiles/px4_msgs__rosidl_generator_c.dir/rosidl_generator_c/px4_msgs/msg/detail/parameter_reset_request__functions.c.o\n'}
[187.867559] (-) TimerEvent: {}
[187.868937] (px4_msgs) StdoutLine: {'line': b'[  4%] Building C object CMakeFiles/px4_msgs__rosidl_generator_c.dir/rosidl_generator_c/px4_msgs/msg/detail/parameter_reset_request__type_support.c.o\n'}
[187.910511] (px4_msgs) StdoutLine: {'line': b'[  4%] Building C object CMakeFiles/px4_msgs__rosidl_generator_c.dir/rosidl_generator_c/px4_msgs/msg/detail/parameter_set_used_request__description.c.o\n'}
[187.961146] (px4_msgs) StdoutLine: {'line': b'[  4%] Building C object CMakeFiles/px4_msgs__rosidl_generator_c.dir/rosidl_generator_c/px4_msgs/msg/detail/parameter_set_used_request__functions.c.o\n'}
[187.967652] (-) TimerEvent: {}
[188.022981] (px4_msgs) StdoutLine: {'line': b'[  4%] Building C object CMakeFiles/px4_msgs__rosidl_generator_c.dir/rosidl_generator_c/px4_msgs/msg/detail/parameter_set_used_request__type_support.c.o\n'}
[188.066129] (px4_msgs) StdoutLine: {'line': b'[  5%] Building C object CMakeFiles/px4_msgs__rosidl_generator_c.dir/rosidl_generator_c/px4_msgs/msg/detail/parameter_set_value_request__description.c.o\n'}
[188.067791] (-) TimerEvent: {}
[188.125509] (px4_msgs) StdoutLine: {'line': b'[  5%] Building C object CMakeFiles/px4_msgs__rosidl_generator_c.dir/rosidl_generator_c/px4_msgs/msg/detail/parameter_set_value_request__functions.c.o\n'}
[188.167871] (-) TimerEvent: {}
[188.189734] (px4_msgs) StdoutLine: {'line': b'[  5%] Building C object CMakeFiles/px4_msgs__rosidl_generator_c.dir/rosidl_generator_c/px4_msgs/msg/detail/parameter_set_value_request__type_support.c.o\n'}
[188.235158] (px4_msgs) StdoutLine: {'line': b'[  5%] Building C object CMakeFiles/px4_msgs__rosidl_generator_c.dir/rosidl_generator_c/px4_msgs/msg/detail/parameter_set_value_response__description.c.o\n'}
[188.267969] (-) TimerEvent: {}
[188.288211] (px4_msgs) StdoutLine: {'line': b'[  5%] Building C object CMakeFiles/px4_msgs__rosidl_generator_c.dir/rosidl_generator_c/px4_msgs/msg/detail/parameter_set_value_response__functions.c.o\n'}
[188.351246] (px4_msgs) StdoutLine: {'line': b'[  5%] Building C object CMakeFiles/px4_msgs__rosidl_generator_c.dir/rosidl_generator_c/px4_msgs/msg/detail/parameter_set_value_response__type_support.c.o\n'}
[188.368432] (-) TimerEvent: {}
[188.395954] (px4_msgs) StdoutLine: {'line': b'[  5%] Building C object CMakeFiles/px4_msgs__rosidl_generator_c.dir/rosidl_generator_c/px4_msgs/msg/detail/parameter_update__description.c.o\n'}
[188.450840] (px4_msgs) StdoutLine: {'line': b'[  5%] Building C object CMakeFiles/px4_msgs__rosidl_generator_c.dir/rosidl_generator_c/px4_msgs/msg/detail/parameter_update__functions.c.o\n'}
[188.468517] (-) TimerEvent: {}
[188.517268] (px4_msgs) StdoutLine: {'line': b'[  5%] Building C object CMakeFiles/px4_msgs__rosidl_generator_c.dir/rosidl_generator_c/px4_msgs/msg/detail/parameter_update__type_support.c.o\n'}
[188.560472] (px4_msgs) StdoutLine: {'line': b'[  5%] Building C object CMakeFiles/px4_msgs__rosidl_generator_c.dir/rosidl_generator_c/px4_msgs/msg/detail/ping__description.c.o\n'}
[188.568604] (-) TimerEvent: {}
[188.608000] (px4_msgs) StdoutLine: {'line': b'[  5%] Building C object CMakeFiles/px4_msgs__rosidl_generator_c.dir/rosidl_generator_c/px4_msgs/msg/detail/ping__functions.c.o\n'}
[188.668703] (-) TimerEvent: {}
[188.670332] (px4_msgs) StdoutLine: {'line': b'[  5%] Building C object CMakeFiles/px4_msgs__rosidl_generator_c.dir/rosidl_generator_c/px4_msgs/msg/detail/ping__type_support.c.o\n'}
[188.716218] (px4_msgs) StdoutLine: {'line': b'[  5%] Building C object CMakeFiles/px4_msgs__rosidl_generator_c.dir/rosidl_generator_c/px4_msgs/msg/detail/position_controller_landing_status__description.c.o\n'}
[188.768575] (px4_msgs) StdoutLine: {'line': b'[  5%] Building C object CMakeFiles/px4_msgs__rosidl_generator_c.dir/rosidl_generator_c/px4_msgs/msg/detail/position_controller_landing_status__functions.c.o\n'}
[188.768784] (-) TimerEvent: {}
[188.828732] (px4_msgs) StdoutLine: {'line': b'[  5%] Building C object CMakeFiles/px4_msgs__rosidl_generator_c.dir/rosidl_generator_c/px4_msgs/msg/detail/position_controller_landing_status__type_support.c.o\n'}
[188.868979] (-) TimerEvent: {}
[188.869254] (px4_msgs) StdoutLine: {'line': b'[  5%] Building C object CMakeFiles/px4_msgs__rosidl_generator_c.dir/rosidl_generator_c/px4_msgs/msg/detail/position_controller_status__description.c.o\n'}
[188.921766] (px4_msgs) StdoutLine: {'line': b'[  5%] Building C object CMakeFiles/px4_msgs__rosidl_generator_c.dir/rosidl_generator_c/px4_msgs/msg/detail/position_controller_status__functions.c.o\n'}
[188.969080] (-) TimerEvent: {}
[188.988538] (px4_msgs) StdoutLine: {'line': b'[  5%] Building C object CMakeFiles/px4_msgs__rosidl_generator_c.dir/rosidl_generator_c/px4_msgs/msg/detail/position_controller_status__type_support.c.o\n'}
[189.029899] (px4_msgs) StdoutLine: {'line': b'[  5%] Building C object CMakeFiles/px4_msgs__rosidl_generator_c.dir/rosidl_generator_c/px4_msgs/msg/detail/position_setpoint__description.c.o\n'}
[189.069215] (-) TimerEvent: {}
[189.082232] (px4_msgs) StdoutLine: {'line': b'[  5%] Building C object CMakeFiles/px4_msgs__rosidl_generator_c.dir/rosidl_generator_c/px4_msgs/msg/detail/position_setpoint__functions.c.o\n'}
[189.148386] (px4_msgs) StdoutLine: {'line': b'[  5%] Building C object CMakeFiles/px4_msgs__rosidl_generator_c.dir/rosidl_generator_c/px4_msgs/msg/detail/position_setpoint__type_support.c.o\n'}
[189.169307] (-) TimerEvent: {}
[189.192515] (px4_msgs) StdoutLine: {'line': b'[  5%] Building C object CMakeFiles/px4_msgs__rosidl_generator_c.dir/rosidl_generator_c/px4_msgs/msg/detail/position_setpoint_triplet__description.c.o\n'}
[189.245219] (px4_msgs) StdoutLine: {'line': b'[  5%] Building C object CMakeFiles/px4_msgs__rosidl_generator_c.dir/rosidl_generator_c/px4_msgs/msg/detail/position_setpoint_triplet__functions.c.o\n'}
[189.269412] (-) TimerEvent: {}
[189.311776] (px4_msgs) StdoutLine: {'line': b'[  5%] Building C object CMakeFiles/px4_msgs__rosidl_generator_c.dir/rosidl_generator_c/px4_msgs/msg/detail/position_setpoint_triplet__type_support.c.o\n'}
[189.355972] (px4_msgs) StdoutLine: {'line': b'[  6%] Building C object CMakeFiles/px4_msgs__rosidl_generator_c.dir/rosidl_generator_c/px4_msgs/msg/detail/power_button_state__description.c.o\n'}
[189.369519] (-) TimerEvent: {}
[189.407125] (px4_msgs) StdoutLine: {'line': b'[  6%] Building C object CMakeFiles/px4_msgs__rosidl_generator_c.dir/rosidl_generator_c/px4_msgs/msg/detail/power_button_state__functions.c.o\n'}
[189.469621] (-) TimerEvent: {}
[189.472566] (px4_msgs) StdoutLine: {'line': b'[  6%] Building C object CMakeFiles/px4_msgs__rosidl_generator_c.dir/rosidl_generator_c/px4_msgs/msg/detail/power_button_state__type_support.c.o\n'}
[189.516536] (px4_msgs) StdoutLine: {'line': b'[  6%] Building C object CMakeFiles/px4_msgs__rosidl_generator_c.dir/rosidl_generator_c/px4_msgs/msg/detail/power_monitor__description.c.o\n'}
[189.569580] (px4_msgs) StdoutLine: {'line': b'[  6%] Building C object CMakeFiles/px4_msgs__rosidl_generator_c.dir/rosidl_generator_c/px4_msgs/msg/detail/power_monitor__functions.c.o\n'}
[189.569835] (-) TimerEvent: {}
[189.634311] (px4_msgs) StdoutLine: {'line': b'[  6%] Building C object CMakeFiles/px4_msgs__rosidl_generator_c.dir/rosidl_generator_c/px4_msgs/msg/detail/power_monitor__type_support.c.o\n'}
[189.669946] (-) TimerEvent: {}
[189.677966] (px4_msgs) StdoutLine: {'line': b'[  6%] Building C object CMakeFiles/px4_msgs__rosidl_generator_c.dir/rosidl_generator_c/px4_msgs/msg/detail/pps_capture__description.c.o\n'}
[189.731883] (px4_msgs) StdoutLine: {'line': b'[  6%] Building C object CMakeFiles/px4_msgs__rosidl_generator_c.dir/rosidl_generator_c/px4_msgs/msg/detail/pps_capture__functions.c.o\n'}
[189.770623] (-) TimerEvent: {}
[189.798110] (px4_msgs) StdoutLine: {'line': b'[  6%] Building C object CMakeFiles/px4_msgs__rosidl_generator_c.dir/rosidl_generator_c/px4_msgs/msg/detail/pps_capture__type_support.c.o\n'}
[189.838558] (px4_msgs) StdoutLine: {'line': b'[  6%] Building C object CMakeFiles/px4_msgs__rosidl_generator_c.dir/rosidl_generator_c/px4_msgs/msg/detail/pure_pursuit_status__description.c.o\n'}
[189.870730] (-) TimerEvent: {}
[189.885470] (px4_msgs) StdoutLine: {'line': b'[  6%] Building C object CMakeFiles/px4_msgs__rosidl_generator_c.dir/rosidl_generator_c/px4_msgs/msg/detail/pure_pursuit_status__functions.c.o\n'}
[189.947533] (px4_msgs) StdoutLine: {'line': b'[  6%] Building C object CMakeFiles/px4_msgs__rosidl_generator_c.dir/rosidl_generator_c/px4_msgs/msg/detail/pure_pursuit_status__type_support.c.o\n'}
[189.970831] (-) TimerEvent: {}
[189.987716] (px4_msgs) StdoutLine: {'line': b'[  6%] Building C object CMakeFiles/px4_msgs__rosidl_generator_c.dir/rosidl_generator_c/px4_msgs/msg/detail/pwm_input__description.c.o\n'}
[190.046935] (px4_msgs) StdoutLine: {'line': b'[  6%] Building C object CMakeFiles/px4_msgs__rosidl_generator_c.dir/rosidl_generator_c/px4_msgs/msg/detail/pwm_input__functions.c.o\n'}
[190.070922] (-) TimerEvent: {}
[190.111277] (px4_msgs) StdoutLine: {'line': b'[  6%] Building C object CMakeFiles/px4_msgs__rosidl_generator_c.dir/rosidl_generator_c/px4_msgs/msg/detail/pwm_input__type_support.c.o\n'}
[190.154059] (px4_msgs) StdoutLine: {'line': b'[  6%] Building C object CMakeFiles/px4_msgs__rosidl_generator_c.dir/rosidl_generator_c/px4_msgs/msg/detail/px4io_status__description.c.o\n'}
[190.171019] (-) TimerEvent: {}
[190.206866] (px4_msgs) StdoutLine: {'line': b'[  6%] Building C object CMakeFiles/px4_msgs__rosidl_generator_c.dir/rosidl_generator_c/px4_msgs/msg/detail/px4io_status__functions.c.o\n'}
[190.271118] (-) TimerEvent: {}
[190.282048] (px4_msgs) StdoutLine: {'line': b'[  6%] Building C object CMakeFiles/px4_msgs__rosidl_generator_c.dir/rosidl_generator_c/px4_msgs/msg/detail/px4io_status__type_support.c.o\n'}
[190.323801] (px4_msgs) StdoutLine: {'line': b'[  6%] Building C object CMakeFiles/px4_msgs__rosidl_generator_c.dir/rosidl_generator_c/px4_msgs/msg/detail/qshell_req__description.c.o\n'}
[190.371295] (-) TimerEvent: {}
[190.374088] (px4_msgs) StdoutLine: {'line': b'[  6%] Building C object CMakeFiles/px4_msgs__rosidl_generator_c.dir/rosidl_generator_c/px4_msgs/msg/detail/qshell_req__functions.c.o\n'}
[190.441643] (px4_msgs) StdoutLine: {'line': b'[  6%] Building C object CMakeFiles/px4_msgs__rosidl_generator_c.dir/rosidl_generator_c/px4_msgs/msg/detail/qshell_req__type_support.c.o\n'}
[190.471314] (-) TimerEvent: {}
[190.483948] (px4_msgs) StdoutLine: {'line': b'[  6%] Building C object CMakeFiles/px4_msgs__rosidl_generator_c.dir/rosidl_generator_c/px4_msgs/msg/detail/qshell_retval__description.c.o\n'}
[190.538403] (px4_msgs) StdoutLine: {'line': b'[  6%] Building C object CMakeFiles/px4_msgs__rosidl_generator_c.dir/rosidl_generator_c/px4_msgs/msg/detail/qshell_retval__functions.c.o\n'}
[190.571427] (-) TimerEvent: {}
[190.599213] (px4_msgs) StdoutLine: {'line': b'[  7%] Building C object CMakeFiles/px4_msgs__rosidl_generator_c.dir/rosidl_generator_c/px4_msgs/msg/detail/qshell_retval__type_support.c.o\n'}
[190.639162] (px4_msgs) StdoutLine: {'line': b'[  7%] Building C object CMakeFiles/px4_msgs__rosidl_generator_c.dir/rosidl_generator_c/px4_msgs/msg/detail/radio_status__description.c.o\n'}
[190.672002] (-) TimerEvent: {}
[190.694970] (px4_msgs) StdoutLine: {'line': b'[  7%] Building C object CMakeFiles/px4_msgs__rosidl_generator_c.dir/rosidl_generator_c/px4_msgs/msg/detail/radio_status__functions.c.o\n'}
[190.761764] (px4_msgs) StdoutLine: {'line': b'[  7%] Building C object CMakeFiles/px4_msgs__rosidl_generator_c.dir/rosidl_generator_c/px4_msgs/msg/detail/radio_status__type_support.c.o\n'}
[190.771984] (-) TimerEvent: {}
[190.802069] (px4_msgs) StdoutLine: {'line': b'[  7%] Building C object CMakeFiles/px4_msgs__rosidl_generator_c.dir/rosidl_generator_c/px4_msgs/msg/detail/rate_ctrl_status__description.c.o\n'}
[190.852844] (px4_msgs) StdoutLine: {'line': b'[  7%] Building C object CMakeFiles/px4_msgs__rosidl_generator_c.dir/rosidl_generator_c/px4_msgs/msg/detail/rate_ctrl_status__functions.c.o\n'}
[190.872108] (-) TimerEvent: {}
[190.918293] (px4_msgs) StdoutLine: {'line': b'[  7%] Building C object CMakeFiles/px4_msgs__rosidl_generator_c.dir/rosidl_generator_c/px4_msgs/msg/detail/rate_ctrl_status__type_support.c.o\n'}
[190.962955] (px4_msgs) StdoutLine: {'line': b'[  7%] Building C object CMakeFiles/px4_msgs__rosidl_generator_c.dir/rosidl_generator_c/px4_msgs/msg/detail/rc_channels__description.c.o\n'}
[190.972212] (-) TimerEvent: {}
[191.018864] (px4_msgs) StdoutLine: {'line': b'[  7%] Building C object CMakeFiles/px4_msgs__rosidl_generator_c.dir/rosidl_generator_c/px4_msgs/msg/detail/rc_channels__functions.c.o\n'}
[191.072304] (-) TimerEvent: {}
[191.089003] (px4_msgs) StdoutLine: {'line': b'[  7%] Building C object CMakeFiles/px4_msgs__rosidl_generator_c.dir/rosidl_generator_c/px4_msgs/msg/detail/rc_channels__type_support.c.o\n'}
[191.132602] (px4_msgs) StdoutLine: {'line': b'[  7%] Building C object CMakeFiles/px4_msgs__rosidl_generator_c.dir/rosidl_generator_c/px4_msgs/msg/detail/rc_parameter_map__description.c.o\n'}
[191.172430] (-) TimerEvent: {}
[191.190683] (px4_msgs) StdoutLine: {'line': b'[  7%] Building C object CMakeFiles/px4_msgs__rosidl_generator_c.dir/rosidl_generator_c/px4_msgs/msg/detail/rc_parameter_map__functions.c.o\n'}
[191.260744] (px4_msgs) StdoutLine: {'line': b'[  7%] Building C object CMakeFiles/px4_msgs__rosidl_generator_c.dir/rosidl_generator_c/px4_msgs/msg/detail/rc_parameter_map__type_support.c.o\n'}
[191.272595] (-) TimerEvent: {}
[191.303003] (px4_msgs) StdoutLine: {'line': b'[  7%] Building C object CMakeFiles/px4_msgs__rosidl_generator_c.dir/rosidl_generator_c/px4_msgs/msg/detail/register_ext_component_reply__description.c.o\n'}
[191.355771] (px4_msgs) StdoutLine: {'line': b'[  7%] Building C object CMakeFiles/px4_msgs__rosidl_generator_c.dir/rosidl_generator_c/px4_msgs/msg/detail/register_ext_component_reply__functions.c.o\n'}
[191.372693] (-) TimerEvent: {}
[191.424084] (px4_msgs) StdoutLine: {'line': b'[  7%] Building C object CMakeFiles/px4_msgs__rosidl_generator_c.dir/rosidl_generator_c/px4_msgs/msg/detail/register_ext_component_reply__type_support.c.o\n'}
[191.466287] (px4_msgs) StdoutLine: {'line': b'[  7%] Building C object CMakeFiles/px4_msgs__rosidl_generator_c.dir/rosidl_generator_c/px4_msgs/msg/detail/register_ext_component_request__description.c.o\n'}
[191.472790] (-) TimerEvent: {}
[191.516407] (px4_msgs) StdoutLine: {'line': b'[  7%] Building C object CMakeFiles/px4_msgs__rosidl_generator_c.dir/rosidl_generator_c/px4_msgs/msg/detail/register_ext_component_request__functions.c.o\n'}
[191.572856] (-) TimerEvent: {}
[191.586425] (px4_msgs) StdoutLine: {'line': b'[  7%] Building C object CMakeFiles/px4_msgs__rosidl_generator_c.dir/rosidl_generator_c/px4_msgs/msg/detail/register_ext_component_request__type_support.c.o\n'}
[191.629892] (px4_msgs) StdoutLine: {'line': b'[  7%] Building C object CMakeFiles/px4_msgs__rosidl_generator_c.dir/rosidl_generator_c/px4_msgs/msg/detail/rover_attitude_setpoint__description.c.o\n'}
[191.673078] (-) TimerEvent: {}
[191.679550] (px4_msgs) StdoutLine: {'line': b'[  7%] Building C object CMakeFiles/px4_msgs__rosidl_generator_c.dir/rosidl_generator_c/px4_msgs/msg/detail/rover_attitude_setpoint__functions.c.o\n'}
[191.749707] (px4_msgs) StdoutLine: {'line': b'[  7%] Building C object CMakeFiles/px4_msgs__rosidl_generator_c.dir/rosidl_generator_c/px4_msgs/msg/detail/rover_attitude_setpoint__type_support.c.o\n'}
[191.773065] (-) TimerEvent: {}
[191.793485] (px4_msgs) StdoutLine: {'line': b'[  7%] Building C object CMakeFiles/px4_msgs__rosidl_generator_c.dir/rosidl_generator_c/px4_msgs/msg/detail/rover_attitude_status__description.c.o\n'}
[191.844261] (px4_msgs) StdoutLine: {'line': b'[  7%] Building C object CMakeFiles/px4_msgs__rosidl_generator_c.dir/rosidl_generator_c/px4_msgs/msg/detail/rover_attitude_status__functions.c.o\n'}
[191.873189] (-) TimerEvent: {}
[191.909044] (px4_msgs) StdoutLine: {'line': b'[  8%] Building C object CMakeFiles/px4_msgs__rosidl_generator_c.dir/rosidl_generator_c/px4_msgs/msg/detail/rover_attitude_status__type_support.c.o\n'}
[191.955385] (px4_msgs) StdoutLine: {'line': b'[  8%] Building C object CMakeFiles/px4_msgs__rosidl_generator_c.dir/rosidl_generator_c/px4_msgs/msg/detail/rover_position_setpoint__description.c.o\n'}
[191.973342] (-) TimerEvent: {}
[192.005303] (px4_msgs) StdoutLine: {'line': b'[  8%] Building C object CMakeFiles/px4_msgs__rosidl_generator_c.dir/rosidl_generator_c/px4_msgs/msg/detail/rover_position_setpoint__functions.c.o\n'}
[192.073453] (-) TimerEvent: {}
[192.074815] (px4_msgs) StdoutLine: {'line': b'[  8%] Building C object CMakeFiles/px4_msgs__rosidl_generator_c.dir/rosidl_generator_c/px4_msgs/msg/detail/rover_position_setpoint__type_support.c.o\n'}
[192.116078] (px4_msgs) StdoutLine: {'line': b'[  8%] Building C object CMakeFiles/px4_msgs__rosidl_generator_c.dir/rosidl_generator_c/px4_msgs/msg/detail/rover_rate_setpoint__description.c.o\n'}
[192.169909] (px4_msgs) StdoutLine: {'line': b'[  8%] Building C object CMakeFiles/px4_msgs__rosidl_generator_c.dir/rosidl_generator_c/px4_msgs/msg/detail/rover_rate_setpoint__functions.c.o\n'}
[192.173543] (-) TimerEvent: {}
[192.233802] (px4_msgs) StdoutLine: {'line': b'[  8%] Building C object CMakeFiles/px4_msgs__rosidl_generator_c.dir/rosidl_generator_c/px4_msgs/msg/detail/rover_rate_setpoint__type_support.c.o\n'}
[192.273642] (-) TimerEvent: {}
[192.276265] (px4_msgs) StdoutLine: {'line': b'[  8%] Building C object CMakeFiles/px4_msgs__rosidl_generator_c.dir/rosidl_generator_c/px4_msgs/msg/detail/rover_rate_status__description.c.o\n'}
[192.328365] (px4_msgs) StdoutLine: {'line': b'[  8%] Building C object CMakeFiles/px4_msgs__rosidl_generator_c.dir/rosidl_generator_c/px4_msgs/msg/detail/rover_rate_status__functions.c.o\n'}
[192.374210] (-) TimerEvent: {}
[192.394905] (px4_msgs) StdoutLine: {'line': b'[  8%] Building C object CMakeFiles/px4_msgs__rosidl_generator_c.dir/rosidl_generator_c/px4_msgs/msg/detail/rover_rate_status__type_support.c.o\n'}
[192.439677] (px4_msgs) StdoutLine: {'line': b'[  8%] Building C object CMakeFiles/px4_msgs__rosidl_generator_c.dir/rosidl_generator_c/px4_msgs/msg/detail/rover_speed_setpoint__description.c.o\n'}
[192.474306] (-) TimerEvent: {}
[192.493065] (px4_msgs) StdoutLine: {'line': b'[  8%] Building C object CMakeFiles/px4_msgs__rosidl_generator_c.dir/rosidl_generator_c/px4_msgs/msg/detail/rover_speed_setpoint__functions.c.o\n'}
[192.563960] (px4_msgs) StdoutLine: {'line': b'[  8%] Building C object CMakeFiles/px4_msgs__rosidl_generator_c.dir/rosidl_generator_c/px4_msgs/msg/detail/rover_speed_setpoint__type_support.c.o\n'}
[192.574452] (-) TimerEvent: {}
[192.606246] (px4_msgs) StdoutLine: {'line': b'[  8%] Building C object CMakeFiles/px4_msgs__rosidl_generator_c.dir/rosidl_generator_c/px4_msgs/msg/detail/rover_speed_status__description.c.o\n'}
[192.655132] (px4_msgs) StdoutLine: {'line': b'[  8%] Building C object CMakeFiles/px4_msgs__rosidl_generator_c.dir/rosidl_generator_c/px4_msgs/msg/detail/rover_speed_status__functions.c.o\n'}
[192.674565] (-) TimerEvent: {}
[192.720559] (px4_msgs) StdoutLine: {'line': b'[  8%] Building C object CMakeFiles/px4_msgs__rosidl_generator_c.dir/rosidl_generator_c/px4_msgs/msg/detail/rover_speed_status__type_support.c.o\n'}
[192.763347] (px4_msgs) StdoutLine: {'line': b'[  8%] Building C object CMakeFiles/px4_msgs__rosidl_generator_c.dir/rosidl_generator_c/px4_msgs/msg/detail/rover_steering_setpoint__description.c.o\n'}
[192.774746] (-) TimerEvent: {}
[192.815457] (px4_msgs) StdoutLine: {'line': b'[  8%] Building C object CMakeFiles/px4_msgs__rosidl_generator_c.dir/rosidl_generator_c/px4_msgs/msg/detail/rover_steering_setpoint__functions.c.o\n'}
[192.875111] (px4_msgs) StdoutLine: {'line': b'[  8%] Building C object CMakeFiles/px4_msgs__rosidl_generator_c.dir/rosidl_generator_c/px4_msgs/msg/detail/rover_steering_setpoint__type_support.c.o\n'}
[192.875359] (-) TimerEvent: {}
[192.917743] (px4_msgs) StdoutLine: {'line': b'[  8%] Building C object CMakeFiles/px4_msgs__rosidl_generator_c.dir/rosidl_generator_c/px4_msgs/msg/detail/rover_throttle_setpoint__description.c.o\n'}
[192.970527] (px4_msgs) StdoutLine: {'line': b'[  8%] Building C object CMakeFiles/px4_msgs__rosidl_generator_c.dir/rosidl_generator_c/px4_msgs/msg/detail/rover_throttle_setpoint__functions.c.o\n'}
[192.975455] (-) TimerEvent: {}
[193.038164] (px4_msgs) StdoutLine: {'line': b'[  8%] Building C object CMakeFiles/px4_msgs__rosidl_generator_c.dir/rosidl_generator_c/px4_msgs/msg/detail/rover_throttle_setpoint__type_support.c.o\n'}
[193.075543] (-) TimerEvent: {}
[193.081882] (px4_msgs) StdoutLine: {'line': b'[  8%] Building C object CMakeFiles/px4_msgs__rosidl_generator_c.dir/rosidl_generator_c/px4_msgs/msg/detail/rpm__description.c.o\n'}
[193.137375] (px4_msgs) StdoutLine: {'line': b'[  8%] Building C object CMakeFiles/px4_msgs__rosidl_generator_c.dir/rosidl_generator_c/px4_msgs/msg/detail/rpm__functions.c.o\n'}
[193.175630] (-) TimerEvent: {}
[193.201286] (px4_msgs) StdoutLine: {'line': b'[  9%] Building C object CMakeFiles/px4_msgs__rosidl_generator_c.dir/rosidl_generator_c/px4_msgs/msg/detail/rpm__type_support.c.o\n'}
[193.242255] (px4_msgs) StdoutLine: {'line': b'[  9%] Building C object CMakeFiles/px4_msgs__rosidl_generator_c.dir/rosidl_generator_c/px4_msgs/msg/detail/rtl_status__description.c.o\n'}
[193.275713] (-) TimerEvent: {}
[193.294748] (px4_msgs) StdoutLine: {'line': b'[  9%] Building C object CMakeFiles/px4_msgs__rosidl_generator_c.dir/rosidl_generator_c/px4_msgs/msg/detail/rtl_status__functions.c.o\n'}
[193.359142] (px4_msgs) StdoutLine: {'line': b'[  9%] Building C object CMakeFiles/px4_msgs__rosidl_generator_c.dir/rosidl_generator_c/px4_msgs/msg/detail/rtl_status__type_support.c.o\n'}
[193.376129] (-) TimerEvent: {}
[193.400868] (px4_msgs) StdoutLine: {'line': b'[  9%] Building C object CMakeFiles/px4_msgs__rosidl_generator_c.dir/rosidl_generator_c/px4_msgs/msg/detail/rtl_time_estimate__description.c.o\n'}
[193.454794] (px4_msgs) StdoutLine: {'line': b'[  9%] Building C object CMakeFiles/px4_msgs__rosidl_generator_c.dir/rosidl_generator_c/px4_msgs/msg/detail/rtl_time_estimate__functions.c.o\n'}
[193.476214] (-) TimerEvent: {}
[193.516769] (px4_msgs) StdoutLine: {'line': b'[  9%] Building C object CMakeFiles/px4_msgs__rosidl_generator_c.dir/rosidl_generator_c/px4_msgs/msg/detail/rtl_time_estimate__type_support.c.o\n'}
[193.560081] (px4_msgs) StdoutLine: {'line': b'[  9%] Building C object CMakeFiles/px4_msgs__rosidl_generator_c.dir/rosidl_generator_c/px4_msgs/msg/detail/satellite_info__description.c.o\n'}
[193.576350] (-) TimerEvent: {}
[193.616242] (px4_msgs) StdoutLine: {'line': b'[  9%] Building C object CMakeFiles/px4_msgs__rosidl_generator_c.dir/rosidl_generator_c/px4_msgs/msg/detail/satellite_info__functions.c.o\n'}
[193.676464] (-) TimerEvent: {}
[193.692994] (px4_msgs) StdoutLine: {'line': b'[  9%] Building C object CMakeFiles/px4_msgs__rosidl_generator_c.dir/rosidl_generator_c/px4_msgs/msg/detail/satellite_info__type_support.c.o\n'}
[193.734823] (px4_msgs) StdoutLine: {'line': b'[  9%] Building C object CMakeFiles/px4_msgs__rosidl_generator_c.dir/rosidl_generator_c/px4_msgs/msg/detail/sensor_accel__description.c.o\n'}
[193.776533] (-) TimerEvent: {}
[193.789441] (px4_msgs) StdoutLine: {'line': b'[  9%] Building C object CMakeFiles/px4_msgs__rosidl_generator_c.dir/rosidl_generator_c/px4_msgs/msg/detail/sensor_accel__functions.c.o\n'}
[193.857307] (px4_msgs) StdoutLine: {'line': b'[  9%] Building C object CMakeFiles/px4_msgs__rosidl_generator_c.dir/rosidl_generator_c/px4_msgs/msg/detail/sensor_accel__type_support.c.o\n'}
[193.876629] (-) TimerEvent: {}
[193.898717] (px4_msgs) StdoutLine: {'line': b'[  9%] Building C object CMakeFiles/px4_msgs__rosidl_generator_c.dir/rosidl_generator_c/px4_msgs/msg/detail/sensor_accel_fifo__description.c.o\n'}
[193.952321] (px4_msgs) StdoutLine: {'line': b'[  9%] Building C object CMakeFiles/px4_msgs__rosidl_generator_c.dir/rosidl_generator_c/px4_msgs/msg/detail/sensor_accel_fifo__functions.c.o\n'}
[193.976732] (-) TimerEvent: {}
[194.024341] (px4_msgs) StdoutLine: {'line': b'[  9%] Building C object CMakeFiles/px4_msgs__rosidl_generator_c.dir/rosidl_generator_c/px4_msgs/msg/detail/sensor_accel_fifo__type_support.c.o\n'}
[194.068249] (px4_msgs) StdoutLine: {'line': b'[  9%] Building C object CMakeFiles/px4_msgs__rosidl_generator_c.dir/rosidl_generator_c/px4_msgs/msg/detail/sensor_airflow__description.c.o\n'}
[194.076837] (-) TimerEvent: {}
[194.123422] (px4_msgs) StdoutLine: {'line': b'[  9%] Building C object CMakeFiles/px4_msgs__rosidl_generator_c.dir/rosidl_generator_c/px4_msgs/msg/detail/sensor_airflow__functions.c.o\n'}
[194.176931] (-) TimerEvent: {}
[194.188981] (px4_msgs) StdoutLine: {'line': b'[  9%] Building C object CMakeFiles/px4_msgs__rosidl_generator_c.dir/rosidl_generator_c/px4_msgs/msg/detail/sensor_airflow__type_support.c.o\n'}
[194.229687] (px4_msgs) StdoutLine: {'line': b'[  9%] Building C object CMakeFiles/px4_msgs__rosidl_generator_c.dir/rosidl_generator_c/px4_msgs/msg/detail/sensor_baro__description.c.o\n'}
[194.277306] (-) TimerEvent: {}
[194.282119] (px4_msgs) StdoutLine: {'line': b'[  9%] Building C object CMakeFiles/px4_msgs__rosidl_generator_c.dir/rosidl_generator_c/px4_msgs/msg/detail/sensor_baro__functions.c.o\n'}
[194.345163] (px4_msgs) StdoutLine: {'line': b'[  9%] Building C object CMakeFiles/px4_msgs__rosidl_generator_c.dir/rosidl_generator_c/px4_msgs/msg/detail/sensor_baro__type_support.c.o\n'}
[194.377426] (-) TimerEvent: {}
[194.389294] (px4_msgs) StdoutLine: {'line': b'[  9%] Building C object CMakeFiles/px4_msgs__rosidl_generator_c.dir/rosidl_generator_c/px4_msgs/msg/detail/sensor_combined__description.c.o\n'}
[194.438023] (px4_msgs) StdoutLine: {'line': b'[  9%] Building C object CMakeFiles/px4_msgs__rosidl_generator_c.dir/rosidl_generator_c/px4_msgs/msg/detail/sensor_combined__functions.c.o\n'}
[194.477514] (-) TimerEvent: {}
[194.506755] (px4_msgs) StdoutLine: {'line': b'[ 10%] Building C object CMakeFiles/px4_msgs__rosidl_generator_c.dir/rosidl_generator_c/px4_msgs/msg/detail/sensor_combined__type_support.c.o\n'}
[194.548031] (px4_msgs) StdoutLine: {'line': b'[ 10%] Building C object CMakeFiles/px4_msgs__rosidl_generator_c.dir/rosidl_generator_c/px4_msgs/msg/detail/sensor_correction__description.c.o\n'}
[194.577655] (-) TimerEvent: {}
[194.601030] (px4_msgs) StdoutLine: {'line': b'[ 10%] Building C object CMakeFiles/px4_msgs__rosidl_generator_c.dir/rosidl_generator_c/px4_msgs/msg/detail/sensor_correction__functions.c.o\n'}
[194.674838] (px4_msgs) StdoutLine: {'line': b'[ 10%] Building C object CMakeFiles/px4_msgs__rosidl_generator_c.dir/rosidl_generator_c/px4_msgs/msg/detail/sensor_correction__type_support.c.o\n'}
[194.677730] (-) TimerEvent: {}
[194.718679] (px4_msgs) StdoutLine: {'line': b'[ 10%] Building C object CMakeFiles/px4_msgs__rosidl_generator_c.dir/rosidl_generator_c/px4_msgs/msg/detail/sensor_gnss_relative__description.c.o\n'}
[194.770814] (px4_msgs) StdoutLine: {'line': b'[ 10%] Building C object CMakeFiles/px4_msgs__rosidl_generator_c.dir/rosidl_generator_c/px4_msgs/msg/detail/sensor_gnss_relative__functions.c.o\n'}
[194.777825] (-) TimerEvent: {}
[194.838799] (px4_msgs) StdoutLine: {'line': b'[ 10%] Building C object CMakeFiles/px4_msgs__rosidl_generator_c.dir/rosidl_generator_c/px4_msgs/msg/detail/sensor_gnss_relative__type_support.c.o\n'}
[194.877935] (-) TimerEvent: {}
[194.879904] (px4_msgs) StdoutLine: {'line': b'[ 10%] Building C object CMakeFiles/px4_msgs__rosidl_generator_c.dir/rosidl_generator_c/px4_msgs/msg/detail/sensor_gnss_status__description.c.o\n'}
[194.932957] (px4_msgs) StdoutLine: {'line': b'[ 10%] Building C object CMakeFiles/px4_msgs__rosidl_generator_c.dir/rosidl_generator_c/px4_msgs/msg/detail/sensor_gnss_status__functions.c.o\n'}
[194.978052] (-) TimerEvent: {}
[195.000496] (px4_msgs) StdoutLine: {'line': b'[ 10%] Building C object CMakeFiles/px4_msgs__rosidl_generator_c.dir/rosidl_generator_c/px4_msgs/msg/detail/sensor_gnss_status__type_support.c.o\n'}
[195.045082] (px4_msgs) StdoutLine: {'line': b'[ 10%] Building C object CMakeFiles/px4_msgs__rosidl_generator_c.dir/rosidl_generator_c/px4_msgs/msg/detail/sensor_gps__description.c.o\n'}
[195.078162] (-) TimerEvent: {}
[195.098900] (px4_msgs) StdoutLine: {'line': b'[ 10%] Building C object CMakeFiles/px4_msgs__rosidl_generator_c.dir/rosidl_generator_c/px4_msgs/msg/detail/sensor_gps__functions.c.o\n'}
[195.174264] (px4_msgs) StdoutLine: {'line': b'[ 10%] Building C object CMakeFiles/px4_msgs__rosidl_generator_c.dir/rosidl_generator_c/px4_msgs/msg/detail/sensor_gps__type_support.c.o\n'}
[195.178246] (-) TimerEvent: {}
[195.215551] (px4_msgs) StdoutLine: {'line': b'[ 10%] Building C object CMakeFiles/px4_msgs__rosidl_generator_c.dir/rosidl_generator_c/px4_msgs/msg/detail/sensor_gyro__description.c.o\n'}
[195.270927] (px4_msgs) StdoutLine: {'line': b'[ 10%] Building C object CMakeFiles/px4_msgs__rosidl_generator_c.dir/rosidl_generator_c/px4_msgs/msg/detail/sensor_gyro__functions.c.o\n'}
[195.278341] (-) TimerEvent: {}
[195.335693] (px4_msgs) StdoutLine: {'line': b'[ 10%] Building C object CMakeFiles/px4_msgs__rosidl_generator_c.dir/rosidl_generator_c/px4_msgs/msg/detail/sensor_gyro__type_support.c.o\n'}
[195.377467] (px4_msgs) StdoutLine: {'line': b'[ 10%] Building C object CMakeFiles/px4_msgs__rosidl_generator_c.dir/rosidl_generator_c/px4_msgs/msg/detail/sensor_gyro_fft__description.c.o\n'}
[195.378413] (-) TimerEvent: {}
[195.430167] (px4_msgs) StdoutLine: {'line': b'[ 10%] Building C object CMakeFiles/px4_msgs__rosidl_generator_c.dir/rosidl_generator_c/px4_msgs/msg/detail/sensor_gyro_fft__functions.c.o\n'}
[195.478512] (-) TimerEvent: {}
[195.498330] (px4_msgs) StdoutLine: {'line': b'[ 10%] Building C object CMakeFiles/px4_msgs__rosidl_generator_c.dir/rosidl_generator_c/px4_msgs/msg/detail/sensor_gyro_fft__type_support.c.o\n'}
[195.543347] (px4_msgs) StdoutLine: {'line': b'[ 10%] Building C object CMakeFiles/px4_msgs__rosidl_generator_c.dir/rosidl_generator_c/px4_msgs/msg/detail/sensor_gyro_fifo__description.c.o\n'}
[195.578613] (-) TimerEvent: {}
[195.594299] (px4_msgs) StdoutLine: {'line': b'[ 10%] Building C object CMakeFiles/px4_msgs__rosidl_generator_c.dir/rosidl_generator_c/px4_msgs/msg/detail/sensor_gyro_fifo__functions.c.o\n'}
[195.660217] (px4_msgs) StdoutLine: {'line': b'[ 10%] Building C object CMakeFiles/px4_msgs__rosidl_generator_c.dir/rosidl_generator_c/px4_msgs/msg/detail/sensor_gyro_fifo__type_support.c.o\n'}
[195.678730] (-) TimerEvent: {}
[195.700775] (px4_msgs) StdoutLine: {'line': b'[ 10%] Building C object CMakeFiles/px4_msgs__rosidl_generator_c.dir/rosidl_generator_c/px4_msgs/msg/detail/sensor_hygrometer__description.c.o\n'}
[195.753617] (px4_msgs) StdoutLine: {'line': b'[ 10%] Building C object CMakeFiles/px4_msgs__rosidl_generator_c.dir/rosidl_generator_c/px4_msgs/msg/detail/sensor_hygrometer__functions.c.o\n'}
[195.778828] (-) TimerEvent: {}
[195.818980] (px4_msgs) StdoutLine: {'line': b'[ 11%] Building C object CMakeFiles/px4_msgs__rosidl_generator_c.dir/rosidl_generator_c/px4_msgs/msg/detail/sensor_hygrometer__type_support.c.o\n'}
[195.861947] (px4_msgs) StdoutLine: {'line': b'[ 11%] Building C object CMakeFiles/px4_msgs__rosidl_generator_c.dir/rosidl_generator_c/px4_msgs/msg/detail/sensor_mag__description.c.o\n'}
[195.878921] (-) TimerEvent: {}
[195.913427] (px4_msgs) StdoutLine: {'line': b'[ 11%] Building C object CMakeFiles/px4_msgs__rosidl_generator_c.dir/rosidl_generator_c/px4_msgs/msg/detail/sensor_mag__functions.c.o\n'}
[195.979026] (-) TimerEvent: {}
[195.980189] (px4_msgs) StdoutLine: {'line': b'[ 11%] Building C object CMakeFiles/px4_msgs__rosidl_generator_c.dir/rosidl_generator_c/px4_msgs/msg/detail/sensor_mag__type_support.c.o\n'}
[196.022094] (px4_msgs) StdoutLine: {'line': b'[ 11%] Building C object CMakeFiles/px4_msgs__rosidl_generator_c.dir/rosidl_generator_c/px4_msgs/msg/detail/sensor_optical_flow__description.c.o\n'}
[196.072433] (px4_msgs) StdoutLine: {'line': b'[ 11%] Building C object CMakeFiles/px4_msgs__rosidl_generator_c.dir/rosidl_generator_c/px4_msgs/msg/detail/sensor_optical_flow__functions.c.o\n'}
[196.079118] (-) TimerEvent: {}
[196.141062] (px4_msgs) StdoutLine: {'line': b'[ 11%] Building C object CMakeFiles/px4_msgs__rosidl_generator_c.dir/rosidl_generator_c/px4_msgs/msg/detail/sensor_optical_flow__type_support.c.o\n'}
[196.179211] (-) TimerEvent: {}
[196.183905] (px4_msgs) StdoutLine: {'line': b'[ 11%] Building C object CMakeFiles/px4_msgs__rosidl_generator_c.dir/rosidl_generator_c/px4_msgs/msg/detail/sensor_preflight_mag__description.c.o\n'}
[196.235662] (px4_msgs) StdoutLine: {'line': b'[ 11%] Building C object CMakeFiles/px4_msgs__rosidl_generator_c.dir/rosidl_generator_c/px4_msgs/msg/detail/sensor_preflight_mag__functions.c.o\n'}
[196.279306] (-) TimerEvent: {}
[196.296945] (px4_msgs) StdoutLine: {'line': b'[ 11%] Building C object CMakeFiles/px4_msgs__rosidl_generator_c.dir/rosidl_generator_c/px4_msgs/msg/detail/sensor_preflight_mag__type_support.c.o\n'}
[196.337784] (px4_msgs) StdoutLine: {'line': b'[ 11%] Building C object CMakeFiles/px4_msgs__rosidl_generator_c.dir/rosidl_generator_c/px4_msgs/msg/detail/sensor_selection__description.c.o\n'}
[196.379430] (-) TimerEvent: {}
[196.389536] (px4_msgs) StdoutLine: {'line': b'[ 11%] Building C object CMakeFiles/px4_msgs__rosidl_generator_c.dir/rosidl_generator_c/px4_msgs/msg/detail/sensor_selection__functions.c.o\n'}
[196.452853] (px4_msgs) StdoutLine: {'line': b'[ 11%] Building C object CMakeFiles/px4_msgs__rosidl_generator_c.dir/rosidl_generator_c/px4_msgs/msg/detail/sensor_selection__type_support.c.o\n'}
[196.479523] (-) TimerEvent: {}
[196.492995] (px4_msgs) StdoutLine: {'line': b'[ 11%] Building C object CMakeFiles/px4_msgs__rosidl_generator_c.dir/rosidl_generator_c/px4_msgs/msg/detail/sensor_uwb__description.c.o\n'}
[196.544347] (px4_msgs) StdoutLine: {'line': b'[ 11%] Building C object CMakeFiles/px4_msgs__rosidl_generator_c.dir/rosidl_generator_c/px4_msgs/msg/detail/sensor_uwb__functions.c.o\n'}
[196.579631] (-) TimerEvent: {}
[196.613637] (px4_msgs) StdoutLine: {'line': b'[ 11%] Building C object CMakeFiles/px4_msgs__rosidl_generator_c.dir/rosidl_generator_c/px4_msgs/msg/detail/sensor_uwb__type_support.c.o\n'}
[196.653908] (px4_msgs) StdoutLine: {'line': b'[ 11%] Building C object CMakeFiles/px4_msgs__rosidl_generator_c.dir/rosidl_generator_c/px4_msgs/msg/detail/sensors_status__description.c.o\n'}
[196.679885] (-) TimerEvent: {}
[196.704733] (px4_msgs) StdoutLine: {'line': b'[ 11%] Building C object CMakeFiles/px4_msgs__rosidl_generator_c.dir/rosidl_generator_c/px4_msgs/msg/detail/sensors_status__functions.c.o\n'}
[196.773011] (px4_msgs) StdoutLine: {'line': b'[ 11%] Building C object CMakeFiles/px4_msgs__rosidl_generator_c.dir/rosidl_generator_c/px4_msgs/msg/detail/sensors_status__type_support.c.o\n'}
[196.779978] (-) TimerEvent: {}
[196.816026] (px4_msgs) StdoutLine: {'line': b'[ 11%] Building C object CMakeFiles/px4_msgs__rosidl_generator_c.dir/rosidl_generator_c/px4_msgs/msg/detail/sensors_status_imu__description.c.o\n'}
[196.866185] (px4_msgs) StdoutLine: {'line': b'[ 11%] Building C object CMakeFiles/px4_msgs__rosidl_generator_c.dir/rosidl_generator_c/px4_msgs/msg/detail/sensors_status_imu__functions.c.o\n'}
[196.880084] (-) TimerEvent: {}
[196.935619] (px4_msgs) StdoutLine: {'line': b'[ 11%] Building C object CMakeFiles/px4_msgs__rosidl_generator_c.dir/rosidl_generator_c/px4_msgs/msg/detail/sensors_status_imu__type_support.c.o\n'}
[196.977109] (px4_msgs) StdoutLine: {'line': b'[ 11%] Building C object CMakeFiles/px4_msgs__rosidl_generator_c.dir/rosidl_generator_c/px4_msgs/msg/detail/system_power__description.c.o\n'}
[196.980184] (-) TimerEvent: {}
[197.029948] (px4_msgs) StdoutLine: {'line': b'[ 11%] Building C object CMakeFiles/px4_msgs__rosidl_generator_c.dir/rosidl_generator_c/px4_msgs/msg/detail/system_power__functions.c.o\n'}
[197.080263] (-) TimerEvent: {}
[197.095364] (px4_msgs) StdoutLine: {'line': b'[ 12%] Building C object CMakeFiles/px4_msgs__rosidl_generator_c.dir/rosidl_generator_c/px4_msgs/msg/detail/system_power__type_support.c.o\n'}
[197.137053] (px4_msgs) StdoutLine: {'line': b'[ 12%] Building C object CMakeFiles/px4_msgs__rosidl_generator_c.dir/rosidl_generator_c/px4_msgs/msg/detail/takeoff_status__description.c.o\n'}
[197.180564] (-) TimerEvent: {}
[197.190919] (px4_msgs) StdoutLine: {'line': b'[ 12%] Building C object CMakeFiles/px4_msgs__rosidl_generator_c.dir/rosidl_generator_c/px4_msgs/msg/detail/takeoff_status__functions.c.o\n'}
[197.258142] (px4_msgs) StdoutLine: {'line': b'[ 12%] Building C object CMakeFiles/px4_msgs__rosidl_generator_c.dir/rosidl_generator_c/px4_msgs/msg/detail/takeoff_status__type_support.c.o\n'}
[197.280941] (-) TimerEvent: {}
[197.300041] (px4_msgs) StdoutLine: {'line': b'[ 12%] Building C object CMakeFiles/px4_msgs__rosidl_generator_c.dir/rosidl_generator_c/px4_msgs/msg/detail/task_stack_info__description.c.o\n'}
[197.350140] (px4_msgs) StdoutLine: {'line': b'[ 12%] Building C object CMakeFiles/px4_msgs__rosidl_generator_c.dir/rosidl_generator_c/px4_msgs/msg/detail/task_stack_info__functions.c.o\n'}
[197.381028] (-) TimerEvent: {}
[197.418237] (px4_msgs) StdoutLine: {'line': b'[ 12%] Building C object CMakeFiles/px4_msgs__rosidl_generator_c.dir/rosidl_generator_c/px4_msgs/msg/detail/task_stack_info__type_support.c.o\n'}
[197.463096] (px4_msgs) StdoutLine: {'line': b'[ 12%] Building C object CMakeFiles/px4_msgs__rosidl_generator_c.dir/rosidl_generator_c/px4_msgs/msg/detail/tecs_status__description.c.o\n'}
[197.481176] (-) TimerEvent: {}
[197.512747] (px4_msgs) StdoutLine: {'line': b'[ 12%] Building C object CMakeFiles/px4_msgs__rosidl_generator_c.dir/rosidl_generator_c/px4_msgs/msg/detail/tecs_status__functions.c.o\n'}
[197.581265] (-) TimerEvent: {}
[197.582311] (px4_msgs) StdoutLine: {'line': b'[ 12%] Building C object CMakeFiles/px4_msgs__rosidl_generator_c.dir/rosidl_generator_c/px4_msgs/msg/detail/tecs_status__type_support.c.o\n'}
[197.620551] (px4_msgs) StdoutLine: {'line': b'[ 12%] Building C object CMakeFiles/px4_msgs__rosidl_generator_c.dir/rosidl_generator_c/px4_msgs/msg/detail/telemetry_status__description.c.o\n'}
[197.677238] (px4_msgs) StdoutLine: {'line': b'[ 12%] Building C object CMakeFiles/px4_msgs__rosidl_generator_c.dir/rosidl_generator_c/px4_msgs/msg/detail/telemetry_status__functions.c.o\n'}
[197.681351] (-) TimerEvent: {}
[197.750231] (px4_msgs) StdoutLine: {'line': b'[ 12%] Building C object CMakeFiles/px4_msgs__rosidl_generator_c.dir/rosidl_generator_c/px4_msgs/msg/detail/telemetry_status__type_support.c.o\n'}
[197.781464] (-) TimerEvent: {}
[197.793072] (px4_msgs) StdoutLine: {'line': b'[ 12%] Building C object CMakeFiles/px4_msgs__rosidl_generator_c.dir/rosidl_generator_c/px4_msgs/msg/detail/tiltrotor_extra_controls__description.c.o\n'}
[197.842262] (px4_msgs) StdoutLine: {'line': b'[ 12%] Building C object CMakeFiles/px4_msgs__rosidl_generator_c.dir/rosidl_generator_c/px4_msgs/msg/detail/tiltrotor_extra_controls__functions.c.o\n'}
[197.881624] (-) TimerEvent: {}
[197.904523] (px4_msgs) StdoutLine: {'line': b'[ 12%] Building C object CMakeFiles/px4_msgs__rosidl_generator_c.dir/rosidl_generator_c/px4_msgs/msg/detail/tiltrotor_extra_controls__type_support.c.o\n'}
[197.944681] (px4_msgs) StdoutLine: {'line': b'[ 12%] Building C object CMakeFiles/px4_msgs__rosidl_generator_c.dir/rosidl_generator_c/px4_msgs/msg/detail/timesync_status__description.c.o\n'}
[197.981738] (-) TimerEvent: {}
[197.996401] (px4_msgs) StdoutLine: {'line': b'[ 12%] Building C object CMakeFiles/px4_msgs__rosidl_generator_c.dir/rosidl_generator_c/px4_msgs/msg/detail/timesync_status__functions.c.o\n'}
[198.063789] (px4_msgs) StdoutLine: {'line': b'[ 12%] Building C object CMakeFiles/px4_msgs__rosidl_generator_c.dir/rosidl_generator_c/px4_msgs/msg/detail/timesync_status__type_support.c.o\n'}
[198.081822] (-) TimerEvent: {}
[198.106010] (px4_msgs) StdoutLine: {'line': b'[ 12%] Building C object CMakeFiles/px4_msgs__rosidl_generator_c.dir/rosidl_generator_c/px4_msgs/msg/detail/trajectory_setpoint__description.c.o\n'}
[198.158478] (px4_msgs) StdoutLine: {'line': b'[ 12%] Building C object CMakeFiles/px4_msgs__rosidl_generator_c.dir/rosidl_generator_c/px4_msgs/msg/detail/trajectory_setpoint__functions.c.o\n'}
[198.181958] (-) TimerEvent: {}
[198.226201] (px4_msgs) StdoutLine: {'line': b'[ 12%] Building C object CMakeFiles/px4_msgs__rosidl_generator_c.dir/rosidl_generator_c/px4_msgs/msg/detail/trajectory_setpoint__type_support.c.o\n'}
[198.270352] (px4_msgs) StdoutLine: {'line': b'[ 12%] Building C object CMakeFiles/px4_msgs__rosidl_generator_c.dir/rosidl_generator_c/px4_msgs/msg/detail/trajectory_setpoint6dof__description.c.o\n'}
[198.282128] (-) TimerEvent: {}
[198.325802] (px4_msgs) StdoutLine: {'line': b'[ 13%] Building C object CMakeFiles/px4_msgs__rosidl_generator_c.dir/rosidl_generator_c/px4_msgs/msg/detail/trajectory_setpoint6dof__functions.c.o\n'}
[198.382623] (-) TimerEvent: {}
[198.396306] (px4_msgs) StdoutLine: {'line': b'[ 13%] Building C object CMakeFiles/px4_msgs__rosidl_generator_c.dir/rosidl_generator_c/px4_msgs/msg/detail/trajectory_setpoint6dof__type_support.c.o\n'}
[198.438121] (px4_msgs) StdoutLine: {'line': b'[ 13%] Building C object CMakeFiles/px4_msgs__rosidl_generator_c.dir/rosidl_generator_c/px4_msgs/msg/detail/transponder_report__description.c.o\n'}
[198.482729] (-) TimerEvent: {}
[198.486435] (px4_msgs) StdoutLine: {'line': b'[ 13%] Building C object CMakeFiles/px4_msgs__rosidl_generator_c.dir/rosidl_generator_c/px4_msgs/msg/detail/transponder_report__functions.c.o\n'}
[198.554547] (px4_msgs) StdoutLine: {'line': b'[ 13%] Building C object CMakeFiles/px4_msgs__rosidl_generator_c.dir/rosidl_generator_c/px4_msgs/msg/detail/transponder_report__type_support.c.o\n'}
[198.582816] (-) TimerEvent: {}
[198.597922] (px4_msgs) StdoutLine: {'line': b'[ 13%] Building C object CMakeFiles/px4_msgs__rosidl_generator_c.dir/rosidl_generator_c/px4_msgs/msg/detail/tune_control__description.c.o\n'}
[198.651136] (px4_msgs) StdoutLine: {'line': b'[ 13%] Building C object CMakeFiles/px4_msgs__rosidl_generator_c.dir/rosidl_generator_c/px4_msgs/msg/detail/tune_control__functions.c.o\n'}
[198.682912] (-) TimerEvent: {}
[198.713435] (px4_msgs) StdoutLine: {'line': b'[ 13%] Building C object CMakeFiles/px4_msgs__rosidl_generator_c.dir/rosidl_generator_c/px4_msgs/msg/detail/tune_control__type_support.c.o\n'}
[198.753137] (px4_msgs) StdoutLine: {'line': b'[ 13%] Building C object CMakeFiles/px4_msgs__rosidl_generator_c.dir/rosidl_generator_c/px4_msgs/msg/detail/uavcan_parameter_request__description.c.o\n'}
[198.783093] (-) TimerEvent: {}
[198.803384] (px4_msgs) StdoutLine: {'line': b'[ 13%] Building C object CMakeFiles/px4_msgs__rosidl_generator_c.dir/rosidl_generator_c/px4_msgs/msg/detail/uavcan_parameter_request__functions.c.o\n'}
[198.878246] (px4_msgs) StdoutLine: {'line': b'[ 13%] Building C object CMakeFiles/px4_msgs__rosidl_generator_c.dir/rosidl_generator_c/px4_msgs/msg/detail/uavcan_parameter_request__type_support.c.o\n'}
[198.883177] (-) TimerEvent: {}
[198.921861] (px4_msgs) StdoutLine: {'line': b'[ 13%] Building C object CMakeFiles/px4_msgs__rosidl_generator_c.dir/rosidl_generator_c/px4_msgs/msg/detail/uavcan_parameter_value__description.c.o\n'}
[198.972812] (px4_msgs) StdoutLine: {'line': b'[ 13%] Building C object CMakeFiles/px4_msgs__rosidl_generator_c.dir/rosidl_generator_c/px4_msgs/msg/detail/uavcan_parameter_value__functions.c.o\n'}
[198.983305] (-) TimerEvent: {}
[199.042542] (px4_msgs) StdoutLine: {'line': b'[ 13%] Building C object CMakeFiles/px4_msgs__rosidl_generator_c.dir/rosidl_generator_c/px4_msgs/msg/detail/uavcan_parameter_value__type_support.c.o\n'}
[199.083420] (-) TimerEvent: {}
[199.086691] (px4_msgs) StdoutLine: {'line': b'[ 13%] Building C object CMakeFiles/px4_msgs__rosidl_generator_c.dir/rosidl_generator_c/px4_msgs/msg/detail/ulog_stream__description.c.o\n'}
[199.142695] (px4_msgs) StdoutLine: {'line': b'[ 13%] Building C object CMakeFiles/px4_msgs__rosidl_generator_c.dir/rosidl_generator_c/px4_msgs/msg/detail/ulog_stream__functions.c.o\n'}
[199.183506] (-) TimerEvent: {}
[199.208424] (px4_msgs) StdoutLine: {'line': b'[ 13%] Building C object CMakeFiles/px4_msgs__rosidl_generator_c.dir/rosidl_generator_c/px4_msgs/msg/detail/ulog_stream__type_support.c.o\n'}
[199.250217] (px4_msgs) StdoutLine: {'line': b'[ 13%] Building C object CMakeFiles/px4_msgs__rosidl_generator_c.dir/rosidl_generator_c/px4_msgs/msg/detail/ulog_stream_ack__description.c.o\n'}
[199.283603] (-) TimerEvent: {}
[199.300433] (px4_msgs) StdoutLine: {'line': b'[ 13%] Building C object CMakeFiles/px4_msgs__rosidl_generator_c.dir/rosidl_generator_c/px4_msgs/msg/detail/ulog_stream_ack__functions.c.o\n'}
[199.369875] (px4_msgs) StdoutLine: {'line': b'[ 13%] Building C object CMakeFiles/px4_msgs__rosidl_generator_c.dir/rosidl_generator_c/px4_msgs/msg/detail/ulog_stream_ack__type_support.c.o\n'}
[199.383709] (-) TimerEvent: {}
[199.410387] (px4_msgs) StdoutLine: {'line': b'[ 13%] Building C object CMakeFiles/px4_msgs__rosidl_generator_c.dir/rosidl_generator_c/px4_msgs/msg/detail/unregister_ext_component__description.c.o\n'}
[199.464846] (px4_msgs) StdoutLine: {'line': b'[ 13%] Building C object CMakeFiles/px4_msgs__rosidl_generator_c.dir/rosidl_generator_c/px4_msgs/msg/detail/unregister_ext_component__functions.c.o\n'}
[199.483805] (-) TimerEvent: {}
[199.529448] (px4_msgs) StdoutLine: {'line': b'[ 13%] Building C object CMakeFiles/px4_msgs__rosidl_generator_c.dir/rosidl_generator_c/px4_msgs/msg/detail/unregister_ext_component__type_support.c.o\n'}
[199.572458] (px4_msgs) StdoutLine: {'line': b'[ 13%] Building C object CMakeFiles/px4_msgs__rosidl_generator_c.dir/rosidl_generator_c/px4_msgs/msg/detail/vehicle_acceleration__description.c.o\n'}
[199.583910] (-) TimerEvent: {}
[199.621033] (px4_msgs) StdoutLine: {'line': b'[ 14%] Building C object CMakeFiles/px4_msgs__rosidl_generator_c.dir/rosidl_generator_c/px4_msgs/msg/detail/vehicle_acceleration__functions.c.o\n'}
[199.684003] (-) TimerEvent: {}
[199.689977] (px4_msgs) StdoutLine: {'line': b'[ 14%] Building C object CMakeFiles/px4_msgs__rosidl_generator_c.dir/rosidl_generator_c/px4_msgs/msg/detail/vehicle_acceleration__type_support.c.o\n'}
[199.732405] (px4_msgs) StdoutLine: {'line': b'[ 14%] Building C object CMakeFiles/px4_msgs__rosidl_generator_c.dir/rosidl_generator_c/px4_msgs/msg/detail/vehicle_air_data__description.c.o\n'}
[199.783155] (px4_msgs) StdoutLine: {'line': b'[ 14%] Building C object CMakeFiles/px4_msgs__rosidl_generator_c.dir/rosidl_generator_c/px4_msgs/msg/detail/vehicle_air_data__functions.c.o\n'}
[199.784161] (-) TimerEvent: {}
[199.849425] (px4_msgs) StdoutLine: {'line': b'[ 14%] Building C object CMakeFiles/px4_msgs__rosidl_generator_c.dir/rosidl_generator_c/px4_msgs/msg/detail/vehicle_air_data__type_support.c.o\n'}
[199.884256] (-) TimerEvent: {}
[199.892783] (px4_msgs) StdoutLine: {'line': b'[ 14%] Building C object CMakeFiles/px4_msgs__rosidl_generator_c.dir/rosidl_generator_c/px4_msgs/msg/detail/vehicle_angular_acceleration_setpoint__description.c.o\n'}
[199.946954] (px4_msgs) StdoutLine: {'line': b'[ 14%] Building C object CMakeFiles/px4_msgs__rosidl_generator_c.dir/rosidl_generator_c/px4_msgs/msg/detail/vehicle_angular_acceleration_setpoint__functions.c.o\n'}
[199.984344] (-) TimerEvent: {}
[200.011261] (px4_msgs) StdoutLine: {'line': b'[ 14%] Building C object CMakeFiles/px4_msgs__rosidl_generator_c.dir/rosidl_generator_c/px4_msgs/msg/detail/vehicle_angular_acceleration_setpoint__type_support.c.o\n'}
[200.050529] (px4_msgs) StdoutLine: {'line': b'[ 14%] Building C object CMakeFiles/px4_msgs__rosidl_generator_c.dir/rosidl_generator_c/px4_msgs/msg/detail/vehicle_angular_velocity__description.c.o\n'}
[200.084450] (-) TimerEvent: {}
[200.100410] (px4_msgs) StdoutLine: {'line': b'[ 14%] Building C object CMakeFiles/px4_msgs__rosidl_generator_c.dir/rosidl_generator_c/px4_msgs/msg/detail/vehicle_angular_velocity__functions.c.o\n'}
[200.165966] (px4_msgs) StdoutLine: {'line': b'[ 14%] Building C object CMakeFiles/px4_msgs__rosidl_generator_c.dir/rosidl_generator_c/px4_msgs/msg/detail/vehicle_angular_velocity__type_support.c.o\n'}
[200.184552] (-) TimerEvent: {}
[200.209385] (px4_msgs) StdoutLine: {'line': b'[ 14%] Building C object CMakeFiles/px4_msgs__rosidl_generator_c.dir/rosidl_generator_c/px4_msgs/msg/detail/vehicle_attitude__description.c.o\n'}
[200.260452] (px4_msgs) StdoutLine: {'line': b'[ 14%] Building C object CMakeFiles/px4_msgs__rosidl_generator_c.dir/rosidl_generator_c/px4_msgs/msg/detail/vehicle_attitude__functions.c.o\n'}
[200.284705] (-) TimerEvent: {}
[200.329283] (px4_msgs) StdoutLine: {'line': b'[ 14%] Building C object CMakeFiles/px4_msgs__rosidl_generator_c.dir/rosidl_generator_c/px4_msgs/msg/detail/vehicle_attitude__type_support.c.o\n'}
[200.373387] (px4_msgs) StdoutLine: {'line': b'[ 14%] Building C object CMakeFiles/px4_msgs__rosidl_generator_c.dir/rosidl_generator_c/px4_msgs/msg/detail/vehicle_attitude_setpoint__description.c.o\n'}
[200.384783] (-) TimerEvent: {}
[200.426514] (px4_msgs) StdoutLine: {'line': b'[ 14%] Building C object CMakeFiles/px4_msgs__rosidl_generator_c.dir/rosidl_generator_c/px4_msgs/msg/detail/vehicle_attitude_setpoint__functions.c.o\n'}
[200.484899] (-) TimerEvent: {}
[200.488587] (px4_msgs) StdoutLine: {'line': b'[ 14%] Building C object CMakeFiles/px4_msgs__rosidl_generator_c.dir/rosidl_generator_c/px4_msgs/msg/detail/vehicle_attitude_setpoint__type_support.c.o\n'}
[200.531352] (px4_msgs) StdoutLine: {'line': b'[ 14%] Building C object CMakeFiles/px4_msgs__rosidl_generator_c.dir/rosidl_generator_c/px4_msgs/msg/detail/vehicle_command__description.c.o\n'}
[200.585068] (-) TimerEvent: {}
[200.586973] (px4_msgs) StdoutLine: {'line': b'[ 14%] Building C object CMakeFiles/px4_msgs__rosidl_generator_c.dir/rosidl_generator_c/px4_msgs/msg/detail/vehicle_command__functions.c.o\n'}
[200.660021] (px4_msgs) StdoutLine: {'line': b'[ 14%] Building C object CMakeFiles/px4_msgs__rosidl_generator_c.dir/rosidl_generator_c/px4_msgs/msg/detail/vehicle_command__type_support.c.o\n'}
[200.685176] (-) TimerEvent: {}
[200.697997] (px4_msgs) StdoutLine: {'line': b'[ 14%] Building C object CMakeFiles/px4_msgs__rosidl_generator_c.dir/rosidl_generator_c/px4_msgs/msg/detail/vehicle_command_ack__description.c.o\n'}
[200.748330] (px4_msgs) StdoutLine: {'line': b'[ 14%] Building C object CMakeFiles/px4_msgs__rosidl_generator_c.dir/rosidl_generator_c/px4_msgs/msg/detail/vehicle_command_ack__functions.c.o\n'}
[200.785273] (-) TimerEvent: {}
[200.816406] (px4_msgs) StdoutLine: {'line': b'[ 14%] Building C object CMakeFiles/px4_msgs__rosidl_generator_c.dir/rosidl_generator_c/px4_msgs/msg/detail/vehicle_command_ack__type_support.c.o\n'}
[200.861251] (px4_msgs) StdoutLine: {'line': b'[ 14%] Building C object CMakeFiles/px4_msgs__rosidl_generator_c.dir/rosidl_generator_c/px4_msgs/msg/detail/vehicle_constraints__description.c.o\n'}
[200.885380] (-) TimerEvent: {}
[200.915484] (px4_msgs) StdoutLine: {'line': b'[ 15%] Building C object CMakeFiles/px4_msgs__rosidl_generator_c.dir/rosidl_generator_c/px4_msgs/msg/detail/vehicle_constraints__functions.c.o\n'}
[200.985161] (px4_msgs) StdoutLine: {'line': b'[ 15%] Building C object CMakeFiles/px4_msgs__rosidl_generator_c.dir/rosidl_generator_c/px4_msgs/msg/detail/vehicle_constraints__type_support.c.o\n'}
[200.985446] (-) TimerEvent: {}
[201.027858] (px4_msgs) StdoutLine: {'line': b'[ 15%] Building C object CMakeFiles/px4_msgs__rosidl_generator_c.dir/rosidl_generator_c/px4_msgs/msg/detail/vehicle_control_mode__description.c.o\n'}
[201.085546] (-) TimerEvent: {}
[201.086653] (px4_msgs) StdoutLine: {'line': b'[ 15%] Building C object CMakeFiles/px4_msgs__rosidl_generator_c.dir/rosidl_generator_c/px4_msgs/msg/detail/vehicle_control_mode__functions.c.o\n'}
[201.155556] (px4_msgs) StdoutLine: {'line': b'[ 15%] Building C object CMakeFiles/px4_msgs__rosidl_generator_c.dir/rosidl_generator_c/px4_msgs/msg/detail/vehicle_control_mode__type_support.c.o\n'}
[201.185647] (-) TimerEvent: {}
[201.199176] (px4_msgs) StdoutLine: {'line': b'[ 15%] Building C object CMakeFiles/px4_msgs__rosidl_generator_c.dir/rosidl_generator_c/px4_msgs/msg/detail/vehicle_global_position__description.c.o\n'}
[201.251021] (px4_msgs) StdoutLine: {'line': b'[ 15%] Building C object CMakeFiles/px4_msgs__rosidl_generator_c.dir/rosidl_generator_c/px4_msgs/msg/detail/vehicle_global_position__functions.c.o\n'}
[201.285722] (-) TimerEvent: {}
[201.320645] (px4_msgs) StdoutLine: {'line': b'[ 15%] Building C object CMakeFiles/px4_msgs__rosidl_generator_c.dir/rosidl_generator_c/px4_msgs/msg/detail/vehicle_global_position__type_support.c.o\n'}
[201.364641] (px4_msgs) StdoutLine: {'line': b'[ 15%] Building C object CMakeFiles/px4_msgs__rosidl_generator_c.dir/rosidl_generator_c/px4_msgs/msg/detail/vehicle_imu__description.c.o\n'}
[201.385807] (-) TimerEvent: {}
[201.416698] (px4_msgs) StdoutLine: {'line': b'[ 15%] Building C object CMakeFiles/px4_msgs__rosidl_generator_c.dir/rosidl_generator_c/px4_msgs/msg/detail/vehicle_imu__functions.c.o\n'}
[201.485529] (px4_msgs) StdoutLine: {'line': b'[ 15%] Building C object CMakeFiles/px4_msgs__rosidl_generator_c.dir/rosidl_generator_c/px4_msgs/msg/detail/vehicle_imu__type_support.c.o\n'}
[201.485890] (-) TimerEvent: {}
[201.526727] (px4_msgs) StdoutLine: {'line': b'[ 15%] Building C object CMakeFiles/px4_msgs__rosidl_generator_c.dir/rosidl_generator_c/px4_msgs/msg/detail/vehicle_imu_status__description.c.o\n'}
[201.579405] (px4_msgs) StdoutLine: {'line': b'[ 15%] Building C object CMakeFiles/px4_msgs__rosidl_generator_c.dir/rosidl_generator_c/px4_msgs/msg/detail/vehicle_imu_status__functions.c.o\n'}
[201.586015] (-) TimerEvent: {}
[201.647370] (px4_msgs) StdoutLine: {'line': b'[ 15%] Building C object CMakeFiles/px4_msgs__rosidl_generator_c.dir/rosidl_generator_c/px4_msgs/msg/detail/vehicle_imu_status__type_support.c.o\n'}
[201.686134] (-) TimerEvent: {}
[201.690446] (px4_msgs) StdoutLine: {'line': b'[ 15%] Building C object CMakeFiles/px4_msgs__rosidl_generator_c.dir/rosidl_generator_c/px4_msgs/msg/detail/vehicle_land_detected__description.c.o\n'}
[201.743208] (px4_msgs) StdoutLine: {'line': b'[ 15%] Building C object CMakeFiles/px4_msgs__rosidl_generator_c.dir/rosidl_generator_c/px4_msgs/msg/detail/vehicle_land_detected__functions.c.o\n'}
[201.786968] (-) TimerEvent: {}
[201.809603] (px4_msgs) StdoutLine: {'line': b'[ 15%] Building C object CMakeFiles/px4_msgs__rosidl_generator_c.dir/rosidl_generator_c/px4_msgs/msg/detail/vehicle_land_detected__type_support.c.o\n'}
[201.848877] (px4_msgs) StdoutLine: {'line': b'[ 15%] Building C object CMakeFiles/px4_msgs__rosidl_generator_c.dir/rosidl_generator_c/px4_msgs/msg/detail/vehicle_local_position__description.c.o\n'}
[201.887061] (-) TimerEvent: {}
[201.901374] (px4_msgs) StdoutLine: {'line': b'[ 15%] Building C object CMakeFiles/px4_msgs__rosidl_generator_c.dir/rosidl_generator_c/px4_msgs/msg/detail/vehicle_local_position__functions.c.o\n'}
[201.982304] (px4_msgs) StdoutLine: {'line': b'[ 15%] Building C object CMakeFiles/px4_msgs__rosidl_generator_c.dir/rosidl_generator_c/px4_msgs/msg/detail/vehicle_local_position__type_support.c.o\n'}
[201.987309] (-) TimerEvent: {}
[202.025008] (px4_msgs) StdoutLine: {'line': b'[ 15%] Building C object CMakeFiles/px4_msgs__rosidl_generator_c.dir/rosidl_generator_c/px4_msgs/msg/detail/vehicle_local_position_setpoint__description.c.o\n'}
[202.078338] (px4_msgs) StdoutLine: {'line': b'[ 15%] Building C object CMakeFiles/px4_msgs__rosidl_generator_c.dir/rosidl_generator_c/px4_msgs/msg/detail/vehicle_local_position_setpoint__functions.c.o\n'}
[202.087411] (-) TimerEvent: {}
[202.145264] (px4_msgs) StdoutLine: {'line': b'[ 15%] Building C object CMakeFiles/px4_msgs__rosidl_generator_c.dir/rosidl_generator_c/px4_msgs/msg/detail/vehicle_local_position_setpoint__type_support.c.o\n'}
[202.187514] (-) TimerEvent: {}
[202.190400] (px4_msgs) StdoutLine: {'line': b'[ 15%] Building C object CMakeFiles/px4_msgs__rosidl_generator_c.dir/rosidl_generator_c/px4_msgs/msg/detail/vehicle_magnetometer__description.c.o\n'}
[202.244368] (px4_msgs) StdoutLine: {'line': b'[ 16%] Building C object CMakeFiles/px4_msgs__rosidl_generator_c.dir/rosidl_generator_c/px4_msgs/msg/detail/vehicle_magnetometer__functions.c.o\n'}
[202.287723] (-) TimerEvent: {}
[202.306956] (px4_msgs) StdoutLine: {'line': b'[ 16%] Building C object CMakeFiles/px4_msgs__rosidl_generator_c.dir/rosidl_generator_c/px4_msgs/msg/detail/vehicle_magnetometer__type_support.c.o\n'}
[202.347941] (px4_msgs) StdoutLine: {'line': b'[ 16%] Building C object CMakeFiles/px4_msgs__rosidl_generator_c.dir/rosidl_generator_c/px4_msgs/msg/detail/vehicle_odometry__description.c.o\n'}
[202.387975] (-) TimerEvent: {}
[202.398421] (px4_msgs) StdoutLine: {'line': b'[ 16%] Building C object CMakeFiles/px4_msgs__rosidl_generator_c.dir/rosidl_generator_c/px4_msgs/msg/detail/vehicle_odometry__functions.c.o\n'}
[202.472220] (px4_msgs) StdoutLine: {'line': b'[ 16%] Building C object CMakeFiles/px4_msgs__rosidl_generator_c.dir/rosidl_generator_c/px4_msgs/msg/detail/vehicle_odometry__type_support.c.o\n'}
[202.488095] (-) TimerEvent: {}
[202.514046] (px4_msgs) StdoutLine: {'line': b'[ 16%] Building C object CMakeFiles/px4_msgs__rosidl_generator_c.dir/rosidl_generator_c/px4_msgs/msg/detail/vehicle_optical_flow__description.c.o\n'}
[202.564618] (px4_msgs) StdoutLine: {'line': b'[ 16%] Building C object CMakeFiles/px4_msgs__rosidl_generator_c.dir/rosidl_generator_c/px4_msgs/msg/detail/vehicle_optical_flow__functions.c.o\n'}
[202.588215] (-) TimerEvent: {}
[202.630946] (px4_msgs) StdoutLine: {'line': b'[ 16%] Building C object CMakeFiles/px4_msgs__rosidl_generator_c.dir/rosidl_generator_c/px4_msgs/msg/detail/vehicle_optical_flow__type_support.c.o\n'}
[202.670681] (px4_msgs) StdoutLine: {'line': b'[ 16%] Building C object CMakeFiles/px4_msgs__rosidl_generator_c.dir/rosidl_generator_c/px4_msgs/msg/detail/vehicle_optical_flow_vel__description.c.o\n'}
[202.688349] (-) TimerEvent: {}
[202.720912] (px4_msgs) StdoutLine: {'line': b'[ 16%] Building C object CMakeFiles/px4_msgs__rosidl_generator_c.dir/rosidl_generator_c/px4_msgs/msg/detail/vehicle_optical_flow_vel__functions.c.o\n'}
[202.788432] (-) TimerEvent: {}
[202.794045] (px4_msgs) StdoutLine: {'line': b'[ 16%] Building C object CMakeFiles/px4_msgs__rosidl_generator_c.dir/rosidl_generator_c/px4_msgs/msg/detail/vehicle_optical_flow_vel__type_support.c.o\n'}
[202.835715] (px4_msgs) StdoutLine: {'line': b'[ 16%] Building C object CMakeFiles/px4_msgs__rosidl_generator_c.dir/rosidl_generator_c/px4_msgs/msg/detail/vehicle_rates_setpoint__description.c.o\n'}
[202.886207] (px4_msgs) StdoutLine: {'line': b'[ 16%] Building C object CMakeFiles/px4_msgs__rosidl_generator_c.dir/rosidl_generator_c/px4_msgs/msg/detail/vehicle_rates_setpoint__functions.c.o\n'}
[202.888641] (-) TimerEvent: {}
[202.955704] (px4_msgs) StdoutLine: {'line': b'[ 16%] Building C object CMakeFiles/px4_msgs__rosidl_generator_c.dir/rosidl_generator_c/px4_msgs/msg/detail/vehicle_rates_setpoint__type_support.c.o\n'}
[202.988749] (-) TimerEvent: {}
[202.997125] (px4_msgs) StdoutLine: {'line': b'[ 16%] Building C object CMakeFiles/px4_msgs__rosidl_generator_c.dir/rosidl_generator_c/px4_msgs/msg/detail/vehicle_roi__description.c.o\n'}
[203.053156] (px4_msgs) StdoutLine: {'line': b'[ 16%] Building C object CMakeFiles/px4_msgs__rosidl_generator_c.dir/rosidl_generator_c/px4_msgs/msg/detail/vehicle_roi__functions.c.o\n'}
[203.089005] (-) TimerEvent: {}
[203.120154] (px4_msgs) StdoutLine: {'line': b'[ 16%] Building C object CMakeFiles/px4_msgs__rosidl_generator_c.dir/rosidl_generator_c/px4_msgs/msg/detail/vehicle_roi__type_support.c.o\n'}
[203.160170] (px4_msgs) StdoutLine: {'line': b'[ 16%] Building C object CMakeFiles/px4_msgs__rosidl_generator_c.dir/rosidl_generator_c/px4_msgs/msg/detail/vehicle_status__description.c.o\n'}
[203.189096] (-) TimerEvent: {}
[203.211736] (px4_msgs) StdoutLine: {'line': b'[ 16%] Building C object CMakeFiles/px4_msgs__rosidl_generator_c.dir/rosidl_generator_c/px4_msgs/msg/detail/vehicle_status__functions.c.o\n'}
[203.284058] (px4_msgs) StdoutLine: {'line': b'[ 16%] Building C object CMakeFiles/px4_msgs__rosidl_generator_c.dir/rosidl_generator_c/px4_msgs/msg/detail/vehicle_status__type_support.c.o\n'}
[203.289256] (-) TimerEvent: {}
[203.329301] (px4_msgs) StdoutLine: {'line': b'[ 16%] Building C object CMakeFiles/px4_msgs__rosidl_generator_c.dir/rosidl_generator_c/px4_msgs/msg/detail/vehicle_thrust_setpoint__description.c.o\n'}
[203.383224] (px4_msgs) StdoutLine: {'line': b'[ 16%] Building C object CMakeFiles/px4_msgs__rosidl_generator_c.dir/rosidl_generator_c/px4_msgs/msg/detail/vehicle_thrust_setpoint__functions.c.o\n'}
[203.389550] (-) TimerEvent: {}
[203.450642] (px4_msgs) StdoutLine: {'line': b'[ 16%] Building C object CMakeFiles/px4_msgs__rosidl_generator_c.dir/rosidl_generator_c/px4_msgs/msg/detail/vehicle_thrust_setpoint__type_support.c.o\n'}
[203.489776] (-) TimerEvent: {}
[203.491359] (px4_msgs) StdoutLine: {'line': b'[ 16%] Building C object CMakeFiles/px4_msgs__rosidl_generator_c.dir/rosidl_generator_c/px4_msgs/msg/detail/vehicle_torque_setpoint__description.c.o\n'}
[203.543833] (px4_msgs) StdoutLine: {'line': b'[ 17%] Building C object CMakeFiles/px4_msgs__rosidl_generator_c.dir/rosidl_generator_c/px4_msgs/msg/detail/vehicle_torque_setpoint__functions.c.o\n'}
[203.589871] (-) TimerEvent: {}
[203.608395] (px4_msgs) StdoutLine: {'line': b'[ 17%] Building C object CMakeFiles/px4_msgs__rosidl_generator_c.dir/rosidl_generator_c/px4_msgs/msg/detail/vehicle_torque_setpoint__type_support.c.o\n'}
[203.649482] (px4_msgs) StdoutLine: {'line': b'[ 17%] Building C object CMakeFiles/px4_msgs__rosidl_generator_c.dir/rosidl_generator_c/px4_msgs/msg/detail/velocity_limits__description.c.o\n'}
[203.689971] (-) TimerEvent: {}
[203.702208] (px4_msgs) StdoutLine: {'line': b'[ 17%] Building C object CMakeFiles/px4_msgs__rosidl_generator_c.dir/rosidl_generator_c/px4_msgs/msg/detail/velocity_limits__functions.c.o\n'}
[203.766118] (px4_msgs) StdoutLine: {'line': b'[ 17%] Building C object CMakeFiles/px4_msgs__rosidl_generator_c.dir/rosidl_generator_c/px4_msgs/msg/detail/velocity_limits__type_support.c.o\n'}
[203.790189] (-) TimerEvent: {}
[203.804662] (px4_msgs) StdoutLine: {'line': b'[ 17%] Building C object CMakeFiles/px4_msgs__rosidl_generator_c.dir/rosidl_generator_c/px4_msgs/msg/detail/vtol_vehicle_status__description.c.o\n'}
[203.855425] (px4_msgs) StdoutLine: {'line': b'[ 17%] Building C object CMakeFiles/px4_msgs__rosidl_generator_c.dir/rosidl_generator_c/px4_msgs/msg/detail/vtol_vehicle_status__functions.c.o\n'}
[203.890300] (-) TimerEvent: {}
[203.921987] (px4_msgs) StdoutLine: {'line': b'[ 17%] Building C object CMakeFiles/px4_msgs__rosidl_generator_c.dir/rosidl_generator_c/px4_msgs/msg/detail/vtol_vehicle_status__type_support.c.o\n'}
[203.963849] (px4_msgs) StdoutLine: {'line': b'[ 17%] Building C object CMakeFiles/px4_msgs__rosidl_generator_c.dir/rosidl_generator_c/px4_msgs/msg/detail/wheel_encoders__description.c.o\n'}
[203.990406] (-) TimerEvent: {}
[204.013188] (px4_msgs) StdoutLine: {'line': b'[ 17%] Building C object CMakeFiles/px4_msgs__rosidl_generator_c.dir/rosidl_generator_c/px4_msgs/msg/detail/wheel_encoders__functions.c.o\n'}
[204.077645] (px4_msgs) StdoutLine: {'line': b'[ 17%] Building C object CMakeFiles/px4_msgs__rosidl_generator_c.dir/rosidl_generator_c/px4_msgs/msg/detail/wheel_encoders__type_support.c.o\n'}
[204.090494] (-) TimerEvent: {}
[204.119787] (px4_msgs) StdoutLine: {'line': b'[ 17%] Building C object CMakeFiles/px4_msgs__rosidl_generator_c.dir/rosidl_generator_c/px4_msgs/msg/detail/wind__description.c.o\n'}
[204.173409] (px4_msgs) StdoutLine: {'line': b'[ 17%] Building C object CMakeFiles/px4_msgs__rosidl_generator_c.dir/rosidl_generator_c/px4_msgs/msg/detail/wind__functions.c.o\n'}
[204.190589] (-) TimerEvent: {}
[204.243122] (px4_msgs) StdoutLine: {'line': b'[ 17%] Building C object CMakeFiles/px4_msgs__rosidl_generator_c.dir/rosidl_generator_c/px4_msgs/msg/detail/wind__type_support.c.o\n'}
[204.282608] (px4_msgs) StdoutLine: {'line': b'[ 17%] Building C object CMakeFiles/px4_msgs__rosidl_generator_c.dir/rosidl_generator_c/px4_msgs/msg/detail/yaw_estimator_status__description.c.o\n'}
[204.290708] (-) TimerEvent: {}
[204.336822] (px4_msgs) StdoutLine: {'line': b'[ 17%] Building C object CMakeFiles/px4_msgs__rosidl_generator_c.dir/rosidl_generator_c/px4_msgs/msg/detail/yaw_estimator_status__functions.c.o\n'}
[204.391245] (-) TimerEvent: {}
[204.404894] (px4_msgs) StdoutLine: {'line': b'[ 17%] Building C object CMakeFiles/px4_msgs__rosidl_generator_c.dir/rosidl_generator_c/px4_msgs/msg/detail/yaw_estimator_status__type_support.c.o\n'}
[204.448472] (px4_msgs) StdoutLine: {'line': b'[ 17%] Building C object CMakeFiles/px4_msgs__rosidl_generator_c.dir/rosidl_generator_c/px4_msgs/srv/detail/vehicle_command__description.c.o\n'}
[204.491332] (-) TimerEvent: {}
[204.522749] (px4_msgs) StdoutLine: {'line': b'[ 17%] Building C object CMakeFiles/px4_msgs__rosidl_generator_c.dir/rosidl_generator_c/px4_msgs/srv/detail/vehicle_command__functions.c.o\n'}
[204.591474] (-) TimerEvent: {}
[204.632120] (px4_msgs) StdoutLine: {'line': b'[ 17%] Building C object CMakeFiles/px4_msgs__rosidl_generator_c.dir/rosidl_generator_c/px4_msgs/srv/detail/vehicle_command__type_support.c.o\n'}
[204.689292] (px4_msgs) StdoutLine: {'line': b'[ 17%] Building C object CMakeFiles/px4_msgs__rosidl_generator_c.dir/rosidl_generator_c/px4_msgs/msg/detail/actuator_armed__functions.c.o\n'}
[204.691559] (-) TimerEvent: {}
[204.750687] (px4_msgs) StdoutLine: {'line': b'[ 17%] Building C object CMakeFiles/px4_msgs__rosidl_generator_c.dir/rosidl_generator_c/px4_msgs/msg/detail/actuator_armed__description.c.o\n'}
[204.791832] (-) TimerEvent: {}
[204.799777] (px4_msgs) StdoutLine: {'line': b'[ 17%] Building C object CMakeFiles/px4_msgs__rosidl_generator_c.dir/rosidl_generator_c/px4_msgs/msg/detail/action_request__type_support.c.o\n'}
[204.842833] (px4_msgs) StdoutLine: {'line': b'[ 17%] Building C object CMakeFiles/px4_msgs__rosidl_generator_c.dir/rosidl_generator_c/px4_msgs/msg/detail/action_request__functions.c.o\n'}
[204.891932] (-) TimerEvent: {}
[204.917705] (px4_msgs) StdoutLine: {'line': b'[ 17%] Linking C shared library libpx4_msgs__rosidl_generator_c.so\n'}
[204.992075] (-) TimerEvent: {}
[205.092261] (-) TimerEvent: {}
[205.140093] (px4_msgs) StdoutLine: {'line': b'[ 29%] Built target px4_msgs__rosidl_generator_c\n'}
[205.192336] (-) TimerEvent: {}
[205.292490] (-) TimerEvent: {}
[205.392722] (-) TimerEvent: {}
[205.430766] (px4_msgs) StdoutLine: {'line': b'running egg_info\n'}
[205.455485] (px4_msgs) StdoutLine: {'line': b'writing px4_msgs.egg-info/PKG-INFO\n'}
[205.456055] (px4_msgs) StdoutLine: {'line': b'writing dependency_links to px4_msgs.egg-info/dependency_links.txt\n'}
[205.456504] (px4_msgs) StdoutLine: {'line': b'writing top-level names to px4_msgs.egg-info/top_level.txt\n'}
[205.492813] (-) TimerEvent: {}
[205.526712] (px4_msgs) StdoutLine: {'line': b"reading manifest file 'px4_msgs.egg-info/SOURCES.txt'\n"}
[205.527833] (px4_msgs) StdoutLine: {'line': b"writing manifest file 'px4_msgs.egg-info/SOURCES.txt'\n"}
[205.580255] (px4_msgs) StdoutLine: {'line': b'[ 29%] Built target ament_cmake_python_build_px4_msgs_egg\n'}
[205.592900] (-) TimerEvent: {}
[205.605431] (px4_msgs) StdoutLine: {'line': b'[ 29%] Generating C type support dispatch for ROS interfaces\n'}
[205.692975] (-) TimerEvent: {}
[205.793106] (-) TimerEvent: {}
[205.893269] (-) TimerEvent: {}
[205.993423] (-) TimerEvent: {}
[206.093623] (-) TimerEvent: {}
[206.193802] (-) TimerEvent: {}
[206.294532] (-) TimerEvent: {}
[206.394756] (-) TimerEvent: {}
[206.494913] (-) TimerEvent: {}
[206.595395] (-) TimerEvent: {}
[206.695568] (-) TimerEvent: {}
[206.795720] (-) TimerEvent: {}
[206.895898] (-) TimerEvent: {}
[206.996718] (-) TimerEvent: {}
[207.096881] (-) TimerEvent: {}
[207.197050] (-) TimerEvent: {}
[207.297291] (-) TimerEvent: {}
[207.397728] (-) TimerEvent: {}
[207.497927] (-) TimerEvent: {}
[207.598106] (-) TimerEvent: {}
[207.698263] (-) TimerEvent: {}
[207.798427] (-) TimerEvent: {}
[207.898616] (-) TimerEvent: {}
[207.998808] (-) TimerEvent: {}
[208.098968] (-) TimerEvent: {}
[208.199122] (-) TimerEvent: {}
[208.299330] (-) TimerEvent: {}
[208.399484] (-) TimerEvent: {}
[208.499698] (-) TimerEvent: {}
[208.599873] (-) TimerEvent: {}
[208.700288] (-) TimerEvent: {}
[208.800537] (-) TimerEvent: {}
[208.900688] (-) TimerEvent: {}
[209.001001] (-) TimerEvent: {}
[209.101198] (-) TimerEvent: {}
[209.201389] (-) TimerEvent: {}
[209.301535] (-) TimerEvent: {}
[209.401840] (-) TimerEvent: {}
[209.502093] (-) TimerEvent: {}
[209.602250] (-) TimerEvent: {}
[209.702407] (-) TimerEvent: {}
[209.802571] (-) TimerEvent: {}
[209.903092] (-) TimerEvent: {}
[210.003276] (-) TimerEvent: {}
[210.103552] (-) TimerEvent: {}
[210.203839] (-) TimerEvent: {}
[210.304060] (-) TimerEvent: {}
[210.404412] (-) TimerEvent: {}
[210.504579] (-) TimerEvent: {}
[210.605685] (-) TimerEvent: {}
[210.705851] (-) TimerEvent: {}
[210.806008] (-) TimerEvent: {}
[210.906329] (-) TimerEvent: {}
[211.006498] (-) TimerEvent: {}
[211.106658] (-) TimerEvent: {}
[211.207632] (-) TimerEvent: {}
[211.308388] (-) TimerEvent: {}
[211.408662] (-) TimerEvent: {}
[211.508886] (-) TimerEvent: {}
[211.609050] (-) TimerEvent: {}
[211.709257] (-) TimerEvent: {}
[211.809432] (-) TimerEvent: {}
[211.909580] (-) TimerEvent: {}
[212.009765] (-) TimerEvent: {}
[212.109922] (-) TimerEvent: {}
[212.210077] (-) TimerEvent: {}
[212.310224] (-) TimerEvent: {}
[212.410368] (-) TimerEvent: {}
[212.510555] (-) TimerEvent: {}
[212.610861] (-) TimerEvent: {}
[212.711073] (-) TimerEvent: {}
[212.811376] (-) TimerEvent: {}
[212.911558] (-) TimerEvent: {}
[213.012318] (-) TimerEvent: {}
[213.112504] (-) TimerEvent: {}
[213.213088] (-) TimerEvent: {}
[213.313263] (-) TimerEvent: {}
[213.413583] (-) TimerEvent: {}
[213.513784] (-) TimerEvent: {}
[213.613907] (-) TimerEvent: {}
[213.714049] (-) TimerEvent: {}
[213.814415] (-) TimerEvent: {}
[213.915112] (-) TimerEvent: {}
[214.015403] (-) TimerEvent: {}
[214.115561] (-) TimerEvent: {}
[214.215738] (-) TimerEvent: {}
[214.315890] (-) TimerEvent: {}
[214.416198] (-) TimerEvent: {}
[214.516372] (-) TimerEvent: {}
[214.616521] (-) TimerEvent: {}
[214.716706] (-) TimerEvent: {}
[214.816948] (-) TimerEvent: {}
[214.917100] (-) TimerEvent: {}
[215.017209] (-) TimerEvent: {}
[215.117626] (-) TimerEvent: {}
[215.217986] (-) TimerEvent: {}
[215.318243] (-) TimerEvent: {}
[215.418712] (-) TimerEvent: {}
[215.519481] (-) TimerEvent: {}
[215.619652] (-) TimerEvent: {}
[215.719913] (-) TimerEvent: {}
[215.820594] (-) TimerEvent: {}
[215.920882] (-) TimerEvent: {}
[216.021728] (-) TimerEvent: {}
[216.121913] (-) TimerEvent: {}
[216.223442] (-) TimerEvent: {}
[216.323650] (-) TimerEvent: {}
[216.424410] (-) TimerEvent: {}
[216.524603] (-) TimerEvent: {}
[216.624962] (-) TimerEvent: {}
[216.725140] (-) TimerEvent: {}
[216.825296] (-) TimerEvent: {}
[216.925512] (-) TimerEvent: {}
[217.025715] (-) TimerEvent: {}
[217.126423] (-) TimerEvent: {}
[217.226897] (-) TimerEvent: {}
[217.327056] (-) TimerEvent: {}
[217.427210] (-) TimerEvent: {}
[217.527380] (-) TimerEvent: {}
[217.627528] (-) TimerEvent: {}
[217.727694] (-) TimerEvent: {}
[217.827886] (-) TimerEvent: {}
[217.928165] (-) TimerEvent: {}
[218.028344] (-) TimerEvent: {}
[218.128607] (-) TimerEvent: {}
[218.228758] (-) TimerEvent: {}
[218.328998] (-) TimerEvent: {}
[218.429185] (-) TimerEvent: {}
[218.529373] (-) TimerEvent: {}
[218.629544] (-) TimerEvent: {}
[218.729801] (-) TimerEvent: {}
[218.829960] (-) TimerEvent: {}
[218.930114] (-) TimerEvent: {}
[219.030321] (-) TimerEvent: {}
[219.130478] (-) TimerEvent: {}
[219.230737] (-) TimerEvent: {}
[219.330949] (-) TimerEvent: {}
[219.431154] (-) TimerEvent: {}
[219.531374] (-) TimerEvent: {}
[219.631566] (-) TimerEvent: {}
[219.734805] (-) TimerEvent: {}
[219.834981] (-) TimerEvent: {}
[219.935128] (-) TimerEvent: {}
[220.035284] (-) TimerEvent: {}
[220.135440] (-) TimerEvent: {}
[220.235587] (-) TimerEvent: {}
[220.335720] (-) TimerEvent: {}
[220.435906] (-) TimerEvent: {}
[220.536065] (-) TimerEvent: {}
[220.636259] (-) TimerEvent: {}
[220.736930] (-) TimerEvent: {}
[220.837235] (-) TimerEvent: {}
[220.937425] (-) TimerEvent: {}
[221.037626] (-) TimerEvent: {}
[221.137843] (-) TimerEvent: {}
[221.238256] (-) TimerEvent: {}
[221.339158] (-) TimerEvent: {}
[221.439968] (-) TimerEvent: {}
[221.540211] (-) TimerEvent: {}
[221.640594] (-) TimerEvent: {}
[221.740771] (-) TimerEvent: {}
[221.841318] (-) TimerEvent: {}
[221.941657] (-) TimerEvent: {}
[222.041848] (-) TimerEvent: {}
[222.142013] (-) TimerEvent: {}
[222.242326] (-) TimerEvent: {}
[222.342487] (-) TimerEvent: {}
[222.442824] (-) TimerEvent: {}
[222.543041] (-) TimerEvent: {}
[222.643199] (-) TimerEvent: {}
[222.744536] (-) TimerEvent: {}
[222.844693] (-) TimerEvent: {}
[222.944836] (-) TimerEvent: {}
[223.045205] (-) TimerEvent: {}
[223.145363] (-) TimerEvent: {}
[223.245528] (-) TimerEvent: {}
[223.345678] (-) TimerEvent: {}
[223.445856] (-) TimerEvent: {}
[223.546024] (-) TimerEvent: {}
[223.646187] (-) TimerEvent: {}
[223.746359] (-) TimerEvent: {}
[223.846523] (-) TimerEvent: {}
[223.946704] (-) TimerEvent: {}
[224.046923] (-) TimerEvent: {}
[224.147273] (-) TimerEvent: {}
[224.247428] (-) TimerEvent: {}
[224.347721] (-) TimerEvent: {}
[224.447984] (-) TimerEvent: {}
[224.548150] (-) TimerEvent: {}
[224.648333] (-) TimerEvent: {}
[224.748519] (-) TimerEvent: {}
[224.848701] (-) TimerEvent: {}
[224.948875] (-) TimerEvent: {}
[225.049062] (-) TimerEvent: {}
[225.149302] (-) TimerEvent: {}
[225.249451] (-) TimerEvent: {}
[225.349595] (-) TimerEvent: {}
[225.449711] (-) TimerEvent: {}
[225.549871] (-) TimerEvent: {}
[225.650022] (-) TimerEvent: {}
[225.750214] (-) TimerEvent: {}
[225.850371] (-) TimerEvent: {}
[225.950521] (-) TimerEvent: {}
[226.050665] (-) TimerEvent: {}
[226.150825] (-) TimerEvent: {}
[226.250973] (-) TimerEvent: {}
[226.351157] (-) TimerEvent: {}
[226.451390] (-) TimerEvent: {}
[226.551575] (-) TimerEvent: {}
[226.651767] (-) TimerEvent: {}
[226.751920] (-) TimerEvent: {}
[226.852075] (-) TimerEvent: {}
[226.952232] (-) TimerEvent: {}
[227.052381] (-) TimerEvent: {}
[227.152530] (-) TimerEvent: {}
[227.252778] (-) TimerEvent: {}
[227.352945] (-) TimerEvent: {}
[227.453170] (-) TimerEvent: {}
[227.553351] (-) TimerEvent: {}
[227.653545] (-) TimerEvent: {}
[227.753928] (-) TimerEvent: {}
[227.854088] (-) TimerEvent: {}
[227.954252] (-) TimerEvent: {}
[228.054464] (-) TimerEvent: {}
[228.154625] (-) TimerEvent: {}
[228.254837] (-) TimerEvent: {}
[228.355010] (-) TimerEvent: {}
[228.455144] (-) TimerEvent: {}
[228.555332] (-) TimerEvent: {}
[228.656205] (-) TimerEvent: {}
[228.756385] (-) TimerEvent: {}
[228.856589] (-) TimerEvent: {}
[228.956713] (-) TimerEvent: {}
[229.057344] (-) TimerEvent: {}
[229.157526] (-) TimerEvent: {}
[229.257733] (-) TimerEvent: {}
[229.358233] (-) TimerEvent: {}
[229.458448] (-) TimerEvent: {}
[229.558606] (-) TimerEvent: {}
[229.658706] (-) TimerEvent: {}
[229.758811] (-) TimerEvent: {}
[229.858962] (-) TimerEvent: {}
[229.959106] (-) TimerEvent: {}
[230.059272] (-) TimerEvent: {}
[230.159463] (-) TimerEvent: {}
[230.259797] (-) TimerEvent: {}
[230.359943] (-) TimerEvent: {}
[230.460253] (-) TimerEvent: {}
[230.560453] (-) TimerEvent: {}
[230.660611] (-) TimerEvent: {}
[230.760784] (-) TimerEvent: {}
[230.860921] (-) TimerEvent: {}
[230.961058] (-) TimerEvent: {}
[231.061195] (-) TimerEvent: {}
[231.161612] (-) TimerEvent: {}
[231.261781] (-) TimerEvent: {}
[231.361931] (-) TimerEvent: {}
[231.462072] (-) TimerEvent: {}
[231.562288] (-) TimerEvent: {}
[231.662571] (-) TimerEvent: {}
[231.762702] (-) TimerEvent: {}
[231.862840] (-) TimerEvent: {}
[231.962985] (-) TimerEvent: {}
[232.063148] (-) TimerEvent: {}
[232.163297] (-) TimerEvent: {}
[232.263431] (-) TimerEvent: {}
[232.363568] (-) TimerEvent: {}
[232.463702] (-) TimerEvent: {}
[232.563829] (-) TimerEvent: {}
[232.663994] (-) TimerEvent: {}
[232.764132] (-) TimerEvent: {}
[232.864249] (-) TimerEvent: {}
[232.964400] (-) TimerEvent: {}
[233.064562] (-) TimerEvent: {}
[233.164711] (-) TimerEvent: {}
[233.264845] (-) TimerEvent: {}
[233.364972] (-) TimerEvent: {}
[233.465103] (-) TimerEvent: {}
[233.565258] (-) TimerEvent: {}
[233.665386] (-) TimerEvent: {}
[233.765553] (-) TimerEvent: {}
[233.865721] (-) TimerEvent: {}
[233.965855] (-) TimerEvent: {}
[234.066003] (-) TimerEvent: {}
[234.166157] (-) TimerEvent: {}
[234.266297] (-) TimerEvent: {}
[234.366458] (-) TimerEvent: {}
[234.466591] (-) TimerEvent: {}
[234.566763] (-) TimerEvent: {}
[234.666909] (-) TimerEvent: {}
[234.767077] (-) TimerEvent: {}
[234.867240] (-) TimerEvent: {}
[234.967368] (-) TimerEvent: {}
[235.067533] (-) TimerEvent: {}
[235.167663] (-) TimerEvent: {}
[235.267805] (-) TimerEvent: {}
[235.367968] (-) TimerEvent: {}
[235.468128] (-) TimerEvent: {}
[235.568283] (-) TimerEvent: {}
[235.668418] (-) TimerEvent: {}
[235.768597] (-) TimerEvent: {}
[235.868701] (-) TimerEvent: {}
[235.968843] (-) TimerEvent: {}
[236.068992] (-) TimerEvent: {}
[236.169158] (-) TimerEvent: {}
[236.269298] (-) TimerEvent: {}
[236.369445] (-) TimerEvent: {}
[236.469586] (-) TimerEvent: {}
[236.569707] (-) TimerEvent: {}
[236.669915] (-) TimerEvent: {}
[236.775231] (-) TimerEvent: {}
[236.875400] (-) TimerEvent: {}
[236.975676] (-) TimerEvent: {}
[237.075813] (-) TimerEvent: {}
[237.175953] (-) TimerEvent: {}
[237.276117] (-) TimerEvent: {}
[237.376274] (-) TimerEvent: {}
[237.476429] (-) TimerEvent: {}
[237.576590] (-) TimerEvent: {}
[237.676709] (-) TimerEvent: {}
[237.776856] (-) TimerEvent: {}
[237.876993] (-) TimerEvent: {}
[237.977139] (-) TimerEvent: {}
[238.077246] (-) TimerEvent: {}
[238.177414] (-) TimerEvent: {}
[238.277563] (-) TimerEvent: {}
[238.377714] (-) TimerEvent: {}
[238.477869] (-) TimerEvent: {}
[238.578020] (-) TimerEvent: {}
[238.678149] (-) TimerEvent: {}
[238.778291] (-) TimerEvent: {}
[238.878423] (-) TimerEvent: {}
[238.978584] (-) TimerEvent: {}
[239.078720] (-) TimerEvent: {}
[239.178884] (-) TimerEvent: {}
[239.279036] (-) TimerEvent: {}
[239.379191] (-) TimerEvent: {}
[239.479348] (-) TimerEvent: {}
[239.579506] (-) TimerEvent: {}
[239.679658] (-) TimerEvent: {}
[239.779792] (-) TimerEvent: {}
[239.879920] (-) TimerEvent: {}
[239.980080] (-) TimerEvent: {}
[240.080255] (-) TimerEvent: {}
[240.180408] (-) TimerEvent: {}
[240.280560] (-) TimerEvent: {}
[240.380718] (-) TimerEvent: {}
[240.480844] (-) TimerEvent: {}
[240.581001] (-) TimerEvent: {}
[240.681155] (-) TimerEvent: {}
[240.781310] (-) TimerEvent: {}
[240.881463] (-) TimerEvent: {}
[240.981603] (-) TimerEvent: {}
[241.081736] (-) TimerEvent: {}
[241.181892] (-) TimerEvent: {}
[241.282044] (-) TimerEvent: {}
[241.382203] (-) TimerEvent: {}
[241.482335] (-) TimerEvent: {}
[241.582490] (-) TimerEvent: {}
[241.682644] (-) TimerEvent: {}
[241.782812] (-) TimerEvent: {}
[241.883406] (-) TimerEvent: {}
[241.983592] (-) TimerEvent: {}
[242.083732] (-) TimerEvent: {}
[242.183863] (-) TimerEvent: {}
[242.284020] (-) TimerEvent: {}
[242.384176] (-) TimerEvent: {}
[242.484305] (-) TimerEvent: {}
[242.584458] (-) TimerEvent: {}
[242.684608] (-) TimerEvent: {}
[242.784730] (-) TimerEvent: {}
[242.884891] (-) TimerEvent: {}
[242.985054] (-) TimerEvent: {}
[243.085210] (-) TimerEvent: {}
[243.185375] (-) TimerEvent: {}
[243.285512] (-) TimerEvent: {}
[243.385684] (-) TimerEvent: {}
[243.485811] (-) TimerEvent: {}
[243.585964] (-) TimerEvent: {}
[243.686116] (-) TimerEvent: {}
[243.786238] (-) TimerEvent: {}
[243.886396] (-) TimerEvent: {}
[243.986552] (-) TimerEvent: {}
[244.086705] (-) TimerEvent: {}
[244.186869] (-) TimerEvent: {}
[244.287019] (-) TimerEvent: {}
[244.387176] (-) TimerEvent: {}
[244.487334] (-) TimerEvent: {}
[244.587490] (-) TimerEvent: {}
[244.687647] (-) TimerEvent: {}
[244.787812] (-) TimerEvent: {}
[244.887966] (-) TimerEvent: {}
[244.988104] (-) TimerEvent: {}
[245.088248] (-) TimerEvent: {}
[245.188397] (-) TimerEvent: {}
[245.288541] (-) TimerEvent: {}
[245.388693] (-) TimerEvent: {}
[245.488839] (-) TimerEvent: {}
[245.588983] (-) TimerEvent: {}
[245.689122] (-) TimerEvent: {}
[245.789297] (-) TimerEvent: {}
[245.889429] (-) TimerEvent: {}
[245.989580] (-) TimerEvent: {}
[246.089727] (-) TimerEvent: {}
[246.189897] (-) TimerEvent: {}
[246.290048] (-) TimerEvent: {}
[246.390200] (-) TimerEvent: {}
[246.490411] (-) TimerEvent: {}
[246.590589] (-) TimerEvent: {}
[246.690714] (-) TimerEvent: {}
[246.790860] (-) TimerEvent: {}
[246.892396] (-) TimerEvent: {}
[246.992565] (-) TimerEvent: {}
[247.092706] (-) TimerEvent: {}
[247.192846] (-) TimerEvent: {}
[247.292998] (-) TimerEvent: {}
[247.393156] (-) TimerEvent: {}
[247.493318] (-) TimerEvent: {}
[247.593456] (-) TimerEvent: {}
[247.693602] (-) TimerEvent: {}
[247.793715] (-) TimerEvent: {}
[247.893877] (-) TimerEvent: {}
[247.994040] (-) TimerEvent: {}
[248.094202] (-) TimerEvent: {}
[248.194512] (-) TimerEvent: {}
[248.294675] (-) TimerEvent: {}
[248.394822] (-) TimerEvent: {}
[248.494970] (-) TimerEvent: {}
[248.595139] (-) TimerEvent: {}
[248.695296] (-) TimerEvent: {}
[248.795451] (-) TimerEvent: {}
[248.895609] (-) TimerEvent: {}
[248.995719] (-) TimerEvent: {}
[249.095876] (-) TimerEvent: {}
[249.196036] (-) TimerEvent: {}
[249.296199] (-) TimerEvent: {}
[249.396366] (-) TimerEvent: {}
[249.496528] (-) TimerEvent: {}
[249.596693] (-) TimerEvent: {}
[249.696831] (-) TimerEvent: {}
[249.796993] (-) TimerEvent: {}
[249.897154] (-) TimerEvent: {}
[249.997302] (-) TimerEvent: {}
[250.097470] (-) TimerEvent: {}
[250.197622] (-) TimerEvent: {}
[250.297736] (-) TimerEvent: {}
[250.397892] (-) TimerEvent: {}
[250.498039] (-) TimerEvent: {}
[250.598196] (-) TimerEvent: {}
[250.698340] (-) TimerEvent: {}
[250.798496] (-) TimerEvent: {}
[250.898652] (-) TimerEvent: {}
[250.998807] (-) TimerEvent: {}
[251.098955] (-) TimerEvent: {}
[251.199112] (-) TimerEvent: {}
[251.299261] (-) TimerEvent: {}
[251.399416] (-) TimerEvent: {}
[251.499577] (-) TimerEvent: {}
[251.599736] (-) TimerEvent: {}
[251.699864] (-) TimerEvent: {}
[251.800018] (-) TimerEvent: {}
[251.900184] (-) TimerEvent: {}
[252.000361] (-) TimerEvent: {}
[252.100535] (-) TimerEvent: {}
[252.200700] (-) TimerEvent: {}
[252.300839] (-) TimerEvent: {}
[252.401008] (-) TimerEvent: {}
[252.501169] (-) TimerEvent: {}
[252.601332] (-) TimerEvent: {}
[252.701508] (-) TimerEvent: {}
[252.801680] (-) TimerEvent: {}
[252.901821] (-) TimerEvent: {}
[253.001976] (-) TimerEvent: {}
[253.102141] (-) TimerEvent: {}
[253.202293] (-) TimerEvent: {}
[253.302445] (-) TimerEvent: {}
[253.402623] (-) TimerEvent: {}
[253.502782] (-) TimerEvent: {}
[253.602957] (-) TimerEvent: {}
[253.703096] (-) TimerEvent: {}
[253.803270] (-) TimerEvent: {}
[253.903437] (-) TimerEvent: {}
[254.003597] (-) TimerEvent: {}
[254.103725] (-) TimerEvent: {}
[254.203882] (-) TimerEvent: {}
[254.304049] (-) TimerEvent: {}
[254.404185] (-) TimerEvent: {}
[254.504316] (-) TimerEvent: {}
[254.589283] (px4_msgs) StdoutLine: {'line': b'[ 29%] Building CXX object CMakeFiles/px4_msgs__rosidl_typesupport_c.dir/rosidl_typesupport_c/px4_msgs/msg/actuator_armed__type_support.cpp.o\n'}
[254.604432] (-) TimerEvent: {}
[254.630758] (px4_msgs) StdoutLine: {'line': b'[ 29%] Building CXX object CMakeFiles/px4_msgs__rosidl_typesupport_c.dir/rosidl_typesupport_c/px4_msgs/msg/battery_info__type_support.cpp.o\n'}
[254.671732] (px4_msgs) StdoutLine: {'line': b'[ 29%] Building CXX object CMakeFiles/px4_msgs__rosidl_typesupport_c.dir/rosidl_typesupport_c/px4_msgs/msg/battery_status__type_support.cpp.o\n'}
[254.704538] (-) TimerEvent: {}
[254.714543] (px4_msgs) StdoutLine: {'line': b'[ 29%] Building CXX object CMakeFiles/px4_msgs__rosidl_typesupport_c.dir/rosidl_typesupport_c/px4_msgs/msg/button_event__type_support.cpp.o\n'}
[254.753295] (px4_msgs) StdoutLine: {'line': b'[ 29%] Building CXX object CMakeFiles/px4_msgs__rosidl_typesupport_c.dir/rosidl_typesupport_c/px4_msgs/msg/camera_capture__type_support.cpp.o\n'}
[254.792990] (px4_msgs) StdoutLine: {'line': b'[ 29%] Building CXX object CMakeFiles/px4_msgs__rosidl_typesupport_c.dir/rosidl_typesupport_c/px4_msgs/msg/camera_status__type_support.cpp.o\n'}
[254.804611] (-) TimerEvent: {}
[254.833821] (px4_msgs) StdoutLine: {'line': b'[ 29%] Building CXX object CMakeFiles/px4_msgs__rosidl_typesupport_c.dir/rosidl_typesupport_c/px4_msgs/msg/camera_trigger__type_support.cpp.o\n'}
[254.873728] (px4_msgs) StdoutLine: {'line': b'[ 29%] Building CXX object CMakeFiles/px4_msgs__rosidl_typesupport_c.dir/rosidl_typesupport_c/px4_msgs/msg/can_interface_status__type_support.cpp.o\n'}
[254.904705] (-) TimerEvent: {}
[254.914293] (px4_msgs) StdoutLine: {'line': b'[ 29%] Building CXX object CMakeFiles/px4_msgs__rosidl_typesupport_c.dir/rosidl_typesupport_c/px4_msgs/msg/cellular_status__type_support.cpp.o\n'}
[254.954139] (px4_msgs) StdoutLine: {'line': b'[ 29%] Building CXX object CMakeFiles/px4_msgs__rosidl_typesupport_c.dir/rosidl_typesupport_c/px4_msgs/msg/collision_constraints__type_support.cpp.o\n'}
[254.996629] (px4_msgs) StdoutLine: {'line': b'[ 29%] Building CXX object CMakeFiles/px4_msgs__rosidl_typesupport_c.dir/rosidl_typesupport_c/px4_msgs/msg/config_overrides__type_support.cpp.o\n'}
[255.004780] (-) TimerEvent: {}
[255.036579] (px4_msgs) StdoutLine: {'line': b'[ 29%] Building CXX object CMakeFiles/px4_msgs__rosidl_typesupport_c.dir/rosidl_typesupport_c/px4_msgs/msg/control_allocator_status__type_support.cpp.o\n'}
[255.079028] (px4_msgs) StdoutLine: {'line': b'[ 30%] Building CXX object CMakeFiles/px4_msgs__rosidl_typesupport_c.dir/rosidl_typesupport_c/px4_msgs/msg/cpuload__type_support.cpp.o\n'}
[255.104870] (-) TimerEvent: {}
[255.119407] (px4_msgs) StdoutLine: {'line': b'[ 30%] Building CXX object CMakeFiles/px4_msgs__rosidl_typesupport_c.dir/rosidl_typesupport_c/px4_msgs/msg/dataman_request__type_support.cpp.o\n'}
[255.158681] (px4_msgs) StdoutLine: {'line': b'[ 30%] Building CXX object CMakeFiles/px4_msgs__rosidl_typesupport_c.dir/rosidl_typesupport_c/px4_msgs/msg/dataman_response__type_support.cpp.o\n'}
[255.199773] (px4_msgs) StdoutLine: {'line': b'[ 30%] Building CXX object CMakeFiles/px4_msgs__rosidl_typesupport_c.dir/rosidl_typesupport_c/px4_msgs/msg/debug_array__type_support.cpp.o\n'}
[255.204966] (-) TimerEvent: {}
[255.241460] (px4_msgs) StdoutLine: {'line': b'[ 30%] Building CXX object CMakeFiles/px4_msgs__rosidl_typesupport_c.dir/rosidl_typesupport_c/px4_msgs/msg/debug_key_value__type_support.cpp.o\n'}
[255.281203] (px4_msgs) StdoutLine: {'line': b'[ 30%] Building CXX object CMakeFiles/px4_msgs__rosidl_typesupport_c.dir/rosidl_typesupport_c/px4_msgs/msg/debug_value__type_support.cpp.o\n'}
[255.305058] (-) TimerEvent: {}
[255.321300] (px4_msgs) StdoutLine: {'line': b'[ 30%] Building CXX object CMakeFiles/px4_msgs__rosidl_typesupport_c.dir/rosidl_typesupport_c/px4_msgs/msg/debug_vect__type_support.cpp.o\n'}
[255.361647] (px4_msgs) StdoutLine: {'line': b'[ 30%] Building CXX object CMakeFiles/px4_msgs__rosidl_typesupport_c.dir/rosidl_typesupport_c/px4_msgs/msg/differential_pressure__type_support.cpp.o\n'}
[255.401204] (px4_msgs) StdoutLine: {'line': b'[ 30%] Building CXX object CMakeFiles/px4_msgs__rosidl_typesupport_c.dir/rosidl_typesupport_c/px4_msgs/msg/distance_sensor__type_support.cpp.o\n'}
[255.405176] (-) TimerEvent: {}
[255.440387] (px4_msgs) StdoutLine: {'line': b'[ 30%] Building CXX object CMakeFiles/px4_msgs__rosidl_typesupport_c.dir/rosidl_typesupport_c/px4_msgs/msg/distance_sensor_mode_change_request__type_support.cpp.o\n'}
[255.481154] (px4_msgs) StdoutLine: {'line': b'[ 30%] Building CXX object CMakeFiles/px4_msgs__rosidl_typesupport_c.dir/rosidl_typesupport_c/px4_msgs/msg/dronecan_node_status__type_support.cpp.o\n'}
[255.505250] (-) TimerEvent: {}
[255.520693] (px4_msgs) StdoutLine: {'line': b'[ 30%] Building CXX object CMakeFiles/px4_msgs__rosidl_typesupport_c.dir/rosidl_typesupport_c/px4_msgs/msg/ekf2_timestamps__type_support.cpp.o\n'}
[255.558825] (px4_msgs) StdoutLine: {'line': b'[ 30%] Building CXX object CMakeFiles/px4_msgs__rosidl_typesupport_c.dir/rosidl_typesupport_c/px4_msgs/msg/esc_report__type_support.cpp.o\n'}
[255.598549] (px4_msgs) StdoutLine: {'line': b'[ 30%] Building CXX object CMakeFiles/px4_msgs__rosidl_typesupport_c.dir/rosidl_typesupport_c/px4_msgs/msg/esc_status__type_support.cpp.o\n'}
[255.605329] (-) TimerEvent: {}
[255.639093] (px4_msgs) StdoutLine: {'line': b'[ 30%] Building CXX object CMakeFiles/px4_msgs__rosidl_typesupport_c.dir/rosidl_typesupport_c/px4_msgs/msg/estimator_aid_source1d__type_support.cpp.o\n'}
[255.679606] (px4_msgs) StdoutLine: {'line': b'[ 30%] Building CXX object CMakeFiles/px4_msgs__rosidl_typesupport_c.dir/rosidl_typesupport_c/px4_msgs/msg/estimator_aid_source2d__type_support.cpp.o\n'}
[255.705407] (-) TimerEvent: {}
[255.718870] (px4_msgs) StdoutLine: {'line': b'[ 30%] Building CXX object CMakeFiles/px4_msgs__rosidl_typesupport_c.dir/rosidl_typesupport_c/px4_msgs/msg/estimator_aid_source3d__type_support.cpp.o\n'}
[255.758919] (px4_msgs) StdoutLine: {'line': b'[ 30%] Building CXX object CMakeFiles/px4_msgs__rosidl_typesupport_c.dir/rosidl_typesupport_c/px4_msgs/msg/estimator_bias__type_support.cpp.o\n'}
[255.799073] (px4_msgs) StdoutLine: {'line': b'[ 30%] Building CXX object CMakeFiles/px4_msgs__rosidl_typesupport_c.dir/rosidl_typesupport_c/px4_msgs/msg/estimator_bias3d__type_support.cpp.o\n'}
[255.805524] (-) TimerEvent: {}
[255.837715] (px4_msgs) StdoutLine: {'line': b'[ 30%] Building CXX object CMakeFiles/px4_msgs__rosidl_typesupport_c.dir/rosidl_typesupport_c/px4_msgs/msg/estimator_event_flags__type_support.cpp.o\n'}
[255.876405] (px4_msgs) StdoutLine: {'line': b'[ 30%] Building CXX object CMakeFiles/px4_msgs__rosidl_typesupport_c.dir/rosidl_typesupport_c/px4_msgs/msg/estimator_gps_status__type_support.cpp.o\n'}
[255.905673] (-) TimerEvent: {}
[255.915930] (px4_msgs) StdoutLine: {'line': b'[ 30%] Building CXX object CMakeFiles/px4_msgs__rosidl_typesupport_c.dir/rosidl_typesupport_c/px4_msgs/msg/estimator_innovations__type_support.cpp.o\n'}
[255.954912] (px4_msgs) StdoutLine: {'line': b'[ 30%] Building CXX object CMakeFiles/px4_msgs__rosidl_typesupport_c.dir/rosidl_typesupport_c/px4_msgs/msg/estimator_selector_status__type_support.cpp.o\n'}
[255.995178] (px4_msgs) StdoutLine: {'line': b'[ 31%] Building CXX object CMakeFiles/px4_msgs__rosidl_typesupport_c.dir/rosidl_typesupport_c/px4_msgs/msg/estimator_sensor_bias__type_support.cpp.o\n'}
[256.005724] (-) TimerEvent: {}
[256.033453] (px4_msgs) StdoutLine: {'line': b'[ 31%] Building CXX object CMakeFiles/px4_msgs__rosidl_typesupport_c.dir/rosidl_typesupport_c/px4_msgs/msg/estimator_states__type_support.cpp.o\n'}
[256.073472] (px4_msgs) StdoutLine: {'line': b'[ 31%] Building CXX object CMakeFiles/px4_msgs__rosidl_typesupport_c.dir/rosidl_typesupport_c/px4_msgs/msg/estimator_status__type_support.cpp.o\n'}
[256.105814] (-) TimerEvent: {}
[256.115498] (px4_msgs) StdoutLine: {'line': b'[ 31%] Building CXX object CMakeFiles/px4_msgs__rosidl_typesupport_c.dir/rosidl_typesupport_c/px4_msgs/msg/estimator_status_flags__type_support.cpp.o\n'}
[256.155287] (px4_msgs) StdoutLine: {'line': b'[ 31%] Building CXX object CMakeFiles/px4_msgs__rosidl_typesupport_c.dir/rosidl_typesupport_c/px4_msgs/msg/event__type_support.cpp.o\n'}
[256.193800] (px4_msgs) StdoutLine: {'line': b'[ 31%] Building CXX object CMakeFiles/px4_msgs__rosidl_typesupport_c.dir/rosidl_typesupport_c/px4_msgs/msg/failsafe_flags__type_support.cpp.o\n'}
[256.205912] (-) TimerEvent: {}
[256.232225] (px4_msgs) StdoutLine: {'line': b'[ 31%] Building CXX object CMakeFiles/px4_msgs__rosidl_typesupport_c.dir/rosidl_typesupport_c/px4_msgs/msg/failure_detector_status__type_support.cpp.o\n'}
[256.271056] (px4_msgs) StdoutLine: {'line': b'[ 31%] Building CXX object CMakeFiles/px4_msgs__rosidl_typesupport_c.dir/rosidl_typesupport_c/px4_msgs/msg/figure_eight_status__type_support.cpp.o\n'}
[256.306006] (-) TimerEvent: {}
[256.310721] (px4_msgs) StdoutLine: {'line': b'[ 31%] Building CXX object CMakeFiles/px4_msgs__rosidl_typesupport_c.dir/rosidl_typesupport_c/px4_msgs/msg/fixed_wing_lateral_guidance_status__type_support.cpp.o\n'}
[256.349696] (px4_msgs) StdoutLine: {'line': b'[ 31%] Building CXX object CMakeFiles/px4_msgs__rosidl_typesupport_c.dir/rosidl_typesupport_c/px4_msgs/msg/fixed_wing_lateral_setpoint__type_support.cpp.o\n'}
[256.388564] (px4_msgs) StdoutLine: {'line': b'[ 31%] Building CXX object CMakeFiles/px4_msgs__rosidl_typesupport_c.dir/rosidl_typesupport_c/px4_msgs/msg/fixed_wing_lateral_status__type_support.cpp.o\n'}
[256.406119] (-) TimerEvent: {}
[256.427568] (px4_msgs) StdoutLine: {'line': b'[ 31%] Building CXX object CMakeFiles/px4_msgs__rosidl_typesupport_c.dir/rosidl_typesupport_c/px4_msgs/msg/fixed_wing_longitudinal_setpoint__type_support.cpp.o\n'}
[256.466017] (px4_msgs) StdoutLine: {'line': b'[ 31%] Building CXX object CMakeFiles/px4_msgs__rosidl_typesupport_c.dir/rosidl_typesupport_c/px4_msgs/msg/fixed_wing_runway_control__type_support.cpp.o\n'}
[256.505002] (px4_msgs) StdoutLine: {'line': b'[ 31%] Building CXX object CMakeFiles/px4_msgs__rosidl_typesupport_c.dir/rosidl_typesupport_c/px4_msgs/msg/flight_phase_estimation__type_support.cpp.o\n'}
[256.506204] (-) TimerEvent: {}
[256.544429] (px4_msgs) StdoutLine: {'line': b'[ 31%] Building CXX object CMakeFiles/px4_msgs__rosidl_typesupport_c.dir/rosidl_typesupport_c/px4_msgs/msg/follow_target__type_support.cpp.o\n'}
[256.583792] (px4_msgs) StdoutLine: {'line': b'[ 31%] Building CXX object CMakeFiles/px4_msgs__rosidl_typesupport_c.dir/rosidl_typesupport_c/px4_msgs/msg/follow_target_estimator__type_support.cpp.o\n'}
[256.606289] (-) TimerEvent: {}
[256.622677] (px4_msgs) StdoutLine: {'line': b'[ 31%] Building CXX object CMakeFiles/px4_msgs__rosidl_typesupport_c.dir/rosidl_typesupport_c/px4_msgs/msg/follow_target_status__type_support.cpp.o\n'}
[256.662493] (px4_msgs) StdoutLine: {'line': b'[ 31%] Building CXX object CMakeFiles/px4_msgs__rosidl_typesupport_c.dir/rosidl_typesupport_c/px4_msgs/msg/fuel_tank_status__type_support.cpp.o\n'}
[256.702475] (px4_msgs) StdoutLine: {'line': b'[ 31%] Building CXX object CMakeFiles/px4_msgs__rosidl_typesupport_c.dir/rosidl_typesupport_c/px4_msgs/msg/generator_status__type_support.cpp.o\n'}
[256.706365] (-) TimerEvent: {}
[256.740719] (px4_msgs) StdoutLine: {'line': b'[ 31%] Building CXX object CMakeFiles/px4_msgs__rosidl_typesupport_c.dir/rosidl_typesupport_c/px4_msgs/msg/geofence_result__type_support.cpp.o\n'}
[256.779239] (px4_msgs) StdoutLine: {'line': b'[ 31%] Building CXX object CMakeFiles/px4_msgs__rosidl_typesupport_c.dir/rosidl_typesupport_c/px4_msgs/msg/geofence_status__type_support.cpp.o\n'}
[256.806469] (-) TimerEvent: {}
[256.818317] (px4_msgs) StdoutLine: {'line': b'[ 31%] Building CXX object CMakeFiles/px4_msgs__rosidl_typesupport_c.dir/rosidl_typesupport_c/px4_msgs/msg/gimbal_controls__type_support.cpp.o\n'}
[256.858174] (px4_msgs) StdoutLine: {'line': b'[ 31%] Building CXX object CMakeFiles/px4_msgs__rosidl_typesupport_c.dir/rosidl_typesupport_c/px4_msgs/msg/gimbal_device_attitude_status__type_support.cpp.o\n'}
[256.897730] (px4_msgs) StdoutLine: {'line': b'[ 31%] Building CXX object CMakeFiles/px4_msgs__rosidl_typesupport_c.dir/rosidl_typesupport_c/px4_msgs/msg/gimbal_device_information__type_support.cpp.o\n'}
[256.906551] (-) TimerEvent: {}
[256.939398] (px4_msgs) StdoutLine: {'line': b'[ 32%] Building CXX object CMakeFiles/px4_msgs__rosidl_typesupport_c.dir/rosidl_typesupport_c/px4_msgs/msg/gimbal_device_set_attitude__type_support.cpp.o\n'}
[256.978574] (px4_msgs) StdoutLine: {'line': b'[ 32%] Building CXX object CMakeFiles/px4_msgs__rosidl_typesupport_c.dir/rosidl_typesupport_c/px4_msgs/msg/gimbal_manager_information__type_support.cpp.o\n'}
[257.006647] (-) TimerEvent: {}
[257.018503] (px4_msgs) StdoutLine: {'line': b'[ 32%] Building CXX object CMakeFiles/px4_msgs__rosidl_typesupport_c.dir/rosidl_typesupport_c/px4_msgs/msg/gimbal_manager_set_attitude__type_support.cpp.o\n'}
[257.058482] (px4_msgs) StdoutLine: {'line': b'[ 32%] Building CXX object CMakeFiles/px4_msgs__rosidl_typesupport_c.dir/rosidl_typesupport_c/px4_msgs/msg/gimbal_manager_set_manual_control__type_support.cpp.o\n'}
[257.100555] (px4_msgs) StdoutLine: {'line': b'[ 32%] Building CXX object CMakeFiles/px4_msgs__rosidl_typesupport_c.dir/rosidl_typesupport_c/px4_msgs/msg/gimbal_manager_status__type_support.cpp.o\n'}
[257.106714] (-) TimerEvent: {}
[257.140756] (px4_msgs) StdoutLine: {'line': b'[ 32%] Building CXX object CMakeFiles/px4_msgs__rosidl_typesupport_c.dir/rosidl_typesupport_c/px4_msgs/msg/goto_setpoint__type_support.cpp.o\n'}
[257.181015] (px4_msgs) StdoutLine: {'line': b'[ 32%] Building CXX object CMakeFiles/px4_msgs__rosidl_typesupport_c.dir/rosidl_typesupport_c/px4_msgs/msg/gpio_config__type_support.cpp.o\n'}
[257.206804] (-) TimerEvent: {}
[257.222270] (px4_msgs) StdoutLine: {'line': b'[ 32%] Building CXX object CMakeFiles/px4_msgs__rosidl_typesupport_c.dir/rosidl_typesupport_c/px4_msgs/msg/gpio_in__type_support.cpp.o\n'}
[257.263910] (px4_msgs) StdoutLine: {'line': b'[ 32%] Building CXX object CMakeFiles/px4_msgs__rosidl_typesupport_c.dir/rosidl_typesupport_c/px4_msgs/msg/gpio_out__type_support.cpp.o\n'}
[257.303129] (px4_msgs) StdoutLine: {'line': b'[ 32%] Building CXX object CMakeFiles/px4_msgs__rosidl_typesupport_c.dir/rosidl_typesupport_c/px4_msgs/msg/gpio_request__type_support.cpp.o\n'}
[257.306920] (-) TimerEvent: {}
[257.342306] (px4_msgs) StdoutLine: {'line': b'[ 32%] Building CXX object CMakeFiles/px4_msgs__rosidl_typesupport_c.dir/rosidl_typesupport_c/px4_msgs/msg/gps_dump__type_support.cpp.o\n'}
[257.382304] (px4_msgs) StdoutLine: {'line': b'[ 32%] Building CXX object CMakeFiles/px4_msgs__rosidl_typesupport_c.dir/rosidl_typesupport_c/px4_msgs/msg/gps_inject_data__type_support.cpp.o\n'}
[257.407020] (-) TimerEvent: {}
[257.422454] (px4_msgs) StdoutLine: {'line': b'[ 32%] Building CXX object CMakeFiles/px4_msgs__rosidl_typesupport_c.dir/rosidl_typesupport_c/px4_msgs/msg/gripper__type_support.cpp.o\n'}
[257.462540] (px4_msgs) StdoutLine: {'line': b'[ 32%] Building CXX object CMakeFiles/px4_msgs__rosidl_typesupport_c.dir/rosidl_typesupport_c/px4_msgs/msg/health_report__type_support.cpp.o\n'}
[257.503197] (px4_msgs) StdoutLine: {'line': b'[ 32%] Building CXX object CMakeFiles/px4_msgs__rosidl_typesupport_c.dir/rosidl_typesupport_c/px4_msgs/msg/heater_status__type_support.cpp.o\n'}
[257.507137] (-) TimerEvent: {}
[257.543116] (px4_msgs) StdoutLine: {'line': b'[ 32%] Building CXX object CMakeFiles/px4_msgs__rosidl_typesupport_c.dir/rosidl_typesupport_c/px4_msgs/msg/home_position__type_support.cpp.o\n'}
[257.583832] (px4_msgs) StdoutLine: {'line': b'[ 32%] Building CXX object CMakeFiles/px4_msgs__rosidl_typesupport_c.dir/rosidl_typesupport_c/px4_msgs/msg/hover_thrust_estimate__type_support.cpp.o\n'}
[257.607251] (-) TimerEvent: {}
[257.625820] (px4_msgs) StdoutLine: {'line': b'[ 32%] Building CXX object CMakeFiles/px4_msgs__rosidl_typesupport_c.dir/rosidl_typesupport_c/px4_msgs/msg/input_rc__type_support.cpp.o\n'}
[257.666522] (px4_msgs) StdoutLine: {'line': b'[ 32%] Building CXX object CMakeFiles/px4_msgs__rosidl_typesupport_c.dir/rosidl_typesupport_c/px4_msgs/msg/internal_combustion_engine_control__type_support.cpp.o\n'}
[257.707363] (-) TimerEvent: {}
[257.708362] (px4_msgs) StdoutLine: {'line': b'[ 32%] Building CXX object CMakeFiles/px4_msgs__rosidl_typesupport_c.dir/rosidl_typesupport_c/px4_msgs/msg/internal_combustion_engine_status__type_support.cpp.o\n'}
[257.749200] (px4_msgs) StdoutLine: {'line': b'[ 32%] Building CXX object CMakeFiles/px4_msgs__rosidl_typesupport_c.dir/rosidl_typesupport_c/px4_msgs/msg/iridiumsbd_status__type_support.cpp.o\n'}
[257.788857] (px4_msgs) StdoutLine: {'line': b'[ 32%] Building CXX object CMakeFiles/px4_msgs__rosidl_typesupport_c.dir/rosidl_typesupport_c/px4_msgs/msg/irlock_report__type_support.cpp.o\n'}
[257.807461] (-) TimerEvent: {}
[257.829141] (px4_msgs) StdoutLine: {'line': b'[ 32%] Building CXX object CMakeFiles/px4_msgs__rosidl_typesupport_c.dir/rosidl_typesupport_c/px4_msgs/msg/landing_gear__type_support.cpp.o\n'}
[257.868546] (px4_msgs) StdoutLine: {'line': b'[ 32%] Building CXX object CMakeFiles/px4_msgs__rosidl_typesupport_c.dir/rosidl_typesupport_c/px4_msgs/msg/landing_gear_wheel__type_support.cpp.o\n'}
[257.907581] (-) TimerEvent: {}
[257.908203] (px4_msgs) StdoutLine: {'line': b'[ 33%] Building CXX object CMakeFiles/px4_msgs__rosidl_typesupport_c.dir/rosidl_typesupport_c/px4_msgs/msg/landing_target_innovations__type_support.cpp.o\n'}
[257.947639] (px4_msgs) StdoutLine: {'line': b'[ 33%] Building CXX object CMakeFiles/px4_msgs__rosidl_typesupport_c.dir/rosidl_typesupport_c/px4_msgs/msg/landing_target_pose__type_support.cpp.o\n'}
[257.987839] (px4_msgs) StdoutLine: {'line': b'[ 33%] Building CXX object CMakeFiles/px4_msgs__rosidl_typesupport_c.dir/rosidl_typesupport_c/px4_msgs/msg/lateral_control_configuration__type_support.cpp.o\n'}
[258.007694] (-) TimerEvent: {}
[258.027980] (px4_msgs) StdoutLine: {'line': b'[ 33%] Building CXX object CMakeFiles/px4_msgs__rosidl_typesupport_c.dir/rosidl_typesupport_c/px4_msgs/msg/launch_detection_status__type_support.cpp.o\n'}
[258.066956] (px4_msgs) StdoutLine: {'line': b'[ 33%] Building CXX object CMakeFiles/px4_msgs__rosidl_typesupport_c.dir/rosidl_typesupport_c/px4_msgs/msg/led_control__type_support.cpp.o\n'}
[258.106124] (px4_msgs) StdoutLine: {'line': b'[ 33%] Building CXX object CMakeFiles/px4_msgs__rosidl_typesupport_c.dir/rosidl_typesupport_c/px4_msgs/msg/log_message__type_support.cpp.o\n'}
[258.107761] (-) TimerEvent: {}
[258.146516] (px4_msgs) StdoutLine: {'line': b'[ 33%] Building CXX object CMakeFiles/px4_msgs__rosidl_typesupport_c.dir/rosidl_typesupport_c/px4_msgs/msg/logger_status__type_support.cpp.o\n'}
[258.185010] (px4_msgs) StdoutLine: {'line': b'[ 33%] Building CXX object CMakeFiles/px4_msgs__rosidl_typesupport_c.dir/rosidl_typesupport_c/px4_msgs/msg/longitudinal_control_configuration__type_support.cpp.o\n'}
[258.209717] (-) TimerEvent: {}
[258.243984] (px4_msgs) StdoutLine: {'line': b'[ 33%] Building CXX object CMakeFiles/px4_msgs__rosidl_typesupport_c.dir/rosidl_typesupport_c/px4_msgs/msg/mag_worker_data__type_support.cpp.o\n'}
[258.292149] (px4_msgs) StdoutLine: {'line': b'[ 33%] Building CXX object CMakeFiles/px4_msgs__rosidl_typesupport_c.dir/rosidl_typesupport_c/px4_msgs/msg/magnetometer_bias_estimate__type_support.cpp.o\n'}
[258.309792] (-) TimerEvent: {}
[258.331150] (px4_msgs) StdoutLine: {'line': b'[ 33%] Building CXX object CMakeFiles/px4_msgs__rosidl_typesupport_c.dir/rosidl_typesupport_c/px4_msgs/msg/manual_control_setpoint__type_support.cpp.o\n'}
[258.371930] (px4_msgs) StdoutLine: {'line': b'[ 33%] Building CXX object CMakeFiles/px4_msgs__rosidl_typesupport_c.dir/rosidl_typesupport_c/px4_msgs/msg/manual_control_switches__type_support.cpp.o\n'}
[258.409875] (-) TimerEvent: {}
[258.411040] (px4_msgs) StdoutLine: {'line': b'[ 33%] Building CXX object CMakeFiles/px4_msgs__rosidl_typesupport_c.dir/rosidl_typesupport_c/px4_msgs/msg/mavlink_log__type_support.cpp.o\n'}
[258.449606] (px4_msgs) StdoutLine: {'line': b'[ 33%] Building CXX object CMakeFiles/px4_msgs__rosidl_typesupport_c.dir/rosidl_typesupport_c/px4_msgs/msg/mavlink_tunnel__type_support.cpp.o\n'}
[258.489203] (px4_msgs) StdoutLine: {'line': b'[ 33%] Building CXX object CMakeFiles/px4_msgs__rosidl_typesupport_c.dir/rosidl_typesupport_c/px4_msgs/msg/message_format_request__type_support.cpp.o\n'}
[258.509964] (-) TimerEvent: {}
[258.529562] (px4_msgs) StdoutLine: {'line': b'[ 33%] Building CXX object CMakeFiles/px4_msgs__rosidl_typesupport_c.dir/rosidl_typesupport_c/px4_msgs/msg/message_format_response__type_support.cpp.o\n'}
[258.568271] (px4_msgs) StdoutLine: {'line': b'[ 33%] Building CXX object CMakeFiles/px4_msgs__rosidl_typesupport_c.dir/rosidl_typesupport_c/px4_msgs/msg/mission__type_support.cpp.o\n'}
[258.608727] (px4_msgs) StdoutLine: {'line': b'[ 33%] Building CXX object CMakeFiles/px4_msgs__rosidl_typesupport_c.dir/rosidl_typesupport_c/px4_msgs/msg/mission_result__type_support.cpp.o\n'}
[258.610051] (-) TimerEvent: {}
[258.648228] (px4_msgs) StdoutLine: {'line': b'[ 33%] Building CXX object CMakeFiles/px4_msgs__rosidl_typesupport_c.dir/rosidl_typesupport_c/px4_msgs/msg/mode_completed__type_support.cpp.o\n'}
[258.687647] (px4_msgs) StdoutLine: {'line': b'[ 33%] Building CXX object CMakeFiles/px4_msgs__rosidl_typesupport_c.dir/rosidl_typesupport_c/px4_msgs/msg/mount_orientation__type_support.cpp.o\n'}
[258.710143] (-) TimerEvent: {}
[258.727637] (px4_msgs) StdoutLine: {'line': b'[ 33%] Building CXX object CMakeFiles/px4_msgs__rosidl_typesupport_c.dir/rosidl_typesupport_c/px4_msgs/msg/navigator_mission_item__type_support.cpp.o\n'}
[258.766659] (px4_msgs) StdoutLine: {'line': b'[ 33%] Building CXX object CMakeFiles/px4_msgs__rosidl_typesupport_c.dir/rosidl_typesupport_c/px4_msgs/msg/navigator_status__type_support.cpp.o\n'}
[258.805949] (px4_msgs) StdoutLine: {'line': b'[ 33%] Building CXX object CMakeFiles/px4_msgs__rosidl_typesupport_c.dir/rosidl_typesupport_c/px4_msgs/msg/neural_control__type_support.cpp.o\n'}
[258.810225] (-) TimerEvent: {}
[258.846329] (px4_msgs) StdoutLine: {'line': b'[ 34%] Building CXX object CMakeFiles/px4_msgs__rosidl_typesupport_c.dir/rosidl_typesupport_c/px4_msgs/msg/normalized_unsigned_setpoint__type_support.cpp.o\n'}
[258.885324] (px4_msgs) StdoutLine: {'line': b'[ 34%] Building CXX object CMakeFiles/px4_msgs__rosidl_typesupport_c.dir/rosidl_typesupport_c/px4_msgs/msg/obstacle_distance__type_support.cpp.o\n'}
[258.910319] (-) TimerEvent: {}
[258.926060] (px4_msgs) StdoutLine: {'line': b'[ 34%] Building CXX object CMakeFiles/px4_msgs__rosidl_typesupport_c.dir/rosidl_typesupport_c/px4_msgs/msg/offboard_control_mode__type_support.cpp.o\n'}
[258.966064] (px4_msgs) StdoutLine: {'line': b'[ 34%] Building CXX object CMakeFiles/px4_msgs__rosidl_typesupport_c.dir/rosidl_typesupport_c/px4_msgs/msg/onboard_computer_status__type_support.cpp.o\n'}
[259.004563] (px4_msgs) StdoutLine: {'line': b'[ 34%] Building CXX object CMakeFiles/px4_msgs__rosidl_typesupport_c.dir/rosidl_typesupport_c/px4_msgs/msg/open_drone_id_arm_status__type_support.cpp.o\n'}
[259.010423] (-) TimerEvent: {}
[259.044412] (px4_msgs) StdoutLine: {'line': b'[ 34%] Building CXX object CMakeFiles/px4_msgs__rosidl_typesupport_c.dir/rosidl_typesupport_c/px4_msgs/msg/open_drone_id_operator_id__type_support.cpp.o\n'}
[259.083289] (px4_msgs) StdoutLine: {'line': b'[ 34%] Building CXX object CMakeFiles/px4_msgs__rosidl_typesupport_c.dir/rosidl_typesupport_c/px4_msgs/msg/open_drone_id_self_id__type_support.cpp.o\n'}
[259.110511] (-) TimerEvent: {}
[259.123038] (px4_msgs) StdoutLine: {'line': b'[ 34%] Building CXX object CMakeFiles/px4_msgs__rosidl_typesupport_c.dir/rosidl_typesupport_c/px4_msgs/msg/open_drone_id_system__type_support.cpp.o\n'}
[259.162674] (px4_msgs) StdoutLine: {'line': b'[ 34%] Building CXX object CMakeFiles/px4_msgs__rosidl_typesupport_c.dir/rosidl_typesupport_c/px4_msgs/msg/orb_test__type_support.cpp.o\n'}
[259.204133] (px4_msgs) StdoutLine: {'line': b'[ 34%] Building CXX object CMakeFiles/px4_msgs__rosidl_typesupport_c.dir/rosidl_typesupport_c/px4_msgs/msg/orb_test_large__type_support.cpp.o\n'}
[259.210612] (-) TimerEvent: {}
[259.243561] (px4_msgs) StdoutLine: {'line': b'[ 34%] Building CXX object CMakeFiles/px4_msgs__rosidl_typesupport_c.dir/rosidl_typesupport_c/px4_msgs/msg/orb_test_medium__type_support.cpp.o\n'}
[259.282153] (px4_msgs) StdoutLine: {'line': b'[ 34%] Building CXX object CMakeFiles/px4_msgs__rosidl_typesupport_c.dir/rosidl_typesupport_c/px4_msgs/msg/orbit_status__type_support.cpp.o\n'}
[259.310706] (-) TimerEvent: {}
[259.322367] (px4_msgs) StdoutLine: {'line': b'[ 34%] Building CXX object CMakeFiles/px4_msgs__rosidl_typesupport_c.dir/rosidl_typesupport_c/px4_msgs/msg/parameter_reset_request__type_support.cpp.o\n'}
[259.361159] (px4_msgs) StdoutLine: {'line': b'[ 34%] Building CXX object CMakeFiles/px4_msgs__rosidl_typesupport_c.dir/rosidl_typesupport_c/px4_msgs/msg/parameter_set_used_request__type_support.cpp.o\n'}
[259.399140] (px4_msgs) StdoutLine: {'line': b'[ 34%] Building CXX object CMakeFiles/px4_msgs__rosidl_typesupport_c.dir/rosidl_typesupport_c/px4_msgs/msg/parameter_set_value_request__type_support.cpp.o\n'}
[259.410784] (-) TimerEvent: {}
[259.437559] (px4_msgs) StdoutLine: {'line': b'[ 34%] Building CXX object CMakeFiles/px4_msgs__rosidl_typesupport_c.dir/rosidl_typesupport_c/px4_msgs/msg/parameter_set_value_response__type_support.cpp.o\n'}
[259.476714] (px4_msgs) StdoutLine: {'line': b'[ 34%] Building CXX object CMakeFiles/px4_msgs__rosidl_typesupport_c.dir/rosidl_typesupport_c/px4_msgs/msg/parameter_update__type_support.cpp.o\n'}
[259.510888] (-) TimerEvent: {}
[259.517036] (px4_msgs) StdoutLine: {'line': b'[ 34%] Building CXX object CMakeFiles/px4_msgs__rosidl_typesupport_c.dir/rosidl_typesupport_c/px4_msgs/msg/ping__type_support.cpp.o\n'}
[259.555536] (px4_msgs) StdoutLine: {'line': b'[ 34%] Building CXX object CMakeFiles/px4_msgs__rosidl_typesupport_c.dir/rosidl_typesupport_c/px4_msgs/msg/position_controller_landing_status__type_support.cpp.o\n'}
[259.595234] (px4_msgs) StdoutLine: {'line': b'[ 34%] Building CXX object CMakeFiles/px4_msgs__rosidl_typesupport_c.dir/rosidl_typesupport_c/px4_msgs/msg/position_controller_status__type_support.cpp.o\n'}
[259.610967] (-) TimerEvent: {}
[259.634012] (px4_msgs) StdoutLine: {'line': b'[ 34%] Building CXX object CMakeFiles/px4_msgs__rosidl_typesupport_c.dir/rosidl_typesupport_c/px4_msgs/msg/position_setpoint__type_support.cpp.o\n'}
[259.672659] (px4_msgs) StdoutLine: {'line': b'[ 34%] Building CXX object CMakeFiles/px4_msgs__rosidl_typesupport_c.dir/rosidl_typesupport_c/px4_msgs/msg/position_setpoint_triplet__type_support.cpp.o\n'}
[259.711045] (-) TimerEvent: {}
[259.712855] (px4_msgs) StdoutLine: {'line': b'[ 34%] Building CXX object CMakeFiles/px4_msgs__rosidl_typesupport_c.dir/rosidl_typesupport_c/px4_msgs/msg/power_button_state__type_support.cpp.o\n'}
[259.751064] (px4_msgs) StdoutLine: {'line': b'[ 34%] Building CXX object CMakeFiles/px4_msgs__rosidl_typesupport_c.dir/rosidl_typesupport_c/px4_msgs/msg/power_monitor__type_support.cpp.o\n'}
[259.789571] (px4_msgs) StdoutLine: {'line': b'[ 35%] Building CXX object CMakeFiles/px4_msgs__rosidl_typesupport_c.dir/rosidl_typesupport_c/px4_msgs/msg/pps_capture__type_support.cpp.o\n'}
[259.811155] (-) TimerEvent: {}
[259.828371] (px4_msgs) StdoutLine: {'line': b'[ 35%] Building CXX object CMakeFiles/px4_msgs__rosidl_typesupport_c.dir/rosidl_typesupport_c/px4_msgs/msg/pure_pursuit_status__type_support.cpp.o\n'}
[259.867372] (px4_msgs) StdoutLine: {'line': b'[ 35%] Building CXX object CMakeFiles/px4_msgs__rosidl_typesupport_c.dir/rosidl_typesupport_c/px4_msgs/msg/pwm_input__type_support.cpp.o\n'}
[259.908361] (px4_msgs) StdoutLine: {'line': b'[ 35%] Building CXX object CMakeFiles/px4_msgs__rosidl_typesupport_c.dir/rosidl_typesupport_c/px4_msgs/msg/px4io_status__type_support.cpp.o\n'}
[259.911243] (-) TimerEvent: {}
[259.947814] (px4_msgs) StdoutLine: {'line': b'[ 35%] Building CXX object CMakeFiles/px4_msgs__rosidl_typesupport_c.dir/rosidl_typesupport_c/px4_msgs/msg/qshell_req__type_support.cpp.o\n'}
[259.990344] (px4_msgs) StdoutLine: {'line': b'[ 35%] Building CXX object CMakeFiles/px4_msgs__rosidl_typesupport_c.dir/rosidl_typesupport_c/px4_msgs/msg/qshell_retval__type_support.cpp.o\n'}
[260.011328] (-) TimerEvent: {}
[260.031138] (px4_msgs) StdoutLine: {'line': b'[ 35%] Building CXX object CMakeFiles/px4_msgs__rosidl_typesupport_c.dir/rosidl_typesupport_c/px4_msgs/msg/radio_status__type_support.cpp.o\n'}
[260.069176] (px4_msgs) StdoutLine: {'line': b'[ 35%] Building CXX object CMakeFiles/px4_msgs__rosidl_typesupport_c.dir/rosidl_typesupport_c/px4_msgs/msg/rate_ctrl_status__type_support.cpp.o\n'}
[260.109126] (px4_msgs) StdoutLine: {'line': b'[ 35%] Building CXX object CMakeFiles/px4_msgs__rosidl_typesupport_c.dir/rosidl_typesupport_c/px4_msgs/msg/rc_channels__type_support.cpp.o\n'}
[260.111416] (-) TimerEvent: {}
[260.149120] (px4_msgs) StdoutLine: {'line': b'[ 35%] Building CXX object CMakeFiles/px4_msgs__rosidl_typesupport_c.dir/rosidl_typesupport_c/px4_msgs/msg/rc_parameter_map__type_support.cpp.o\n'}
[260.189175] (px4_msgs) StdoutLine: {'line': b'[ 35%] Building CXX object CMakeFiles/px4_msgs__rosidl_typesupport_c.dir/rosidl_typesupport_c/px4_msgs/msg/register_ext_component_reply__type_support.cpp.o\n'}
[260.211494] (-) TimerEvent: {}
[260.229342] (px4_msgs) StdoutLine: {'line': b'[ 35%] Building CXX object CMakeFiles/px4_msgs__rosidl_typesupport_c.dir/rosidl_typesupport_c/px4_msgs/msg/register_ext_component_request__type_support.cpp.o\n'}
[260.267825] (px4_msgs) StdoutLine: {'line': b'[ 35%] Building CXX object CMakeFiles/px4_msgs__rosidl_typesupport_c.dir/rosidl_typesupport_c/px4_msgs/msg/rover_attitude_setpoint__type_support.cpp.o\n'}
[260.308084] (px4_msgs) StdoutLine: {'line': b'[ 35%] Building CXX object CMakeFiles/px4_msgs__rosidl_typesupport_c.dir/rosidl_typesupport_c/px4_msgs/msg/rover_attitude_status__type_support.cpp.o\n'}
[260.311599] (-) TimerEvent: {}
[260.347615] (px4_msgs) StdoutLine: {'line': b'[ 35%] Building CXX object CMakeFiles/px4_msgs__rosidl_typesupport_c.dir/rosidl_typesupport_c/px4_msgs/msg/rover_position_setpoint__type_support.cpp.o\n'}
[260.387056] (px4_msgs) StdoutLine: {'line': b'[ 35%] Building CXX object CMakeFiles/px4_msgs__rosidl_typesupport_c.dir/rosidl_typesupport_c/px4_msgs/msg/rover_rate_setpoint__type_support.cpp.o\n'}
[260.411690] (-) TimerEvent: {}
[260.425298] (px4_msgs) StdoutLine: {'line': b'[ 35%] Building CXX object CMakeFiles/px4_msgs__rosidl_typesupport_c.dir/rosidl_typesupport_c/px4_msgs/msg/rover_rate_status__type_support.cpp.o\n'}
[260.464131] (px4_msgs) StdoutLine: {'line': b'[ 35%] Building CXX object CMakeFiles/px4_msgs__rosidl_typesupport_c.dir/rosidl_typesupport_c/px4_msgs/msg/rover_speed_setpoint__type_support.cpp.o\n'}
[260.503915] (px4_msgs) StdoutLine: {'line': b'[ 35%] Building CXX object CMakeFiles/px4_msgs__rosidl_typesupport_c.dir/rosidl_typesupport_c/px4_msgs/msg/rover_speed_status__type_support.cpp.o\n'}
[260.511774] (-) TimerEvent: {}
[260.543544] (px4_msgs) StdoutLine: {'line': b'[ 35%] Building CXX object CMakeFiles/px4_msgs__rosidl_typesupport_c.dir/rosidl_typesupport_c/px4_msgs/msg/rover_steering_setpoint__type_support.cpp.o\n'}
[260.582500] (px4_msgs) StdoutLine: {'line': b'[ 35%] Building CXX object CMakeFiles/px4_msgs__rosidl_typesupport_c.dir/rosidl_typesupport_c/px4_msgs/msg/rover_throttle_setpoint__type_support.cpp.o\n'}
[260.611852] (-) TimerEvent: {}
[260.622000] (px4_msgs) StdoutLine: {'line': b'[ 35%] Building CXX object CMakeFiles/px4_msgs__rosidl_typesupport_c.dir/rosidl_typesupport_c/px4_msgs/msg/rpm__type_support.cpp.o\n'}
[260.662459] (px4_msgs) StdoutLine: {'line': b'[ 35%] Building CXX object CMakeFiles/px4_msgs__rosidl_typesupport_c.dir/rosidl_typesupport_c/px4_msgs/msg/rtl_status__type_support.cpp.o\n'}
[260.702843] (px4_msgs) StdoutLine: {'line': b'[ 35%] Building CXX object CMakeFiles/px4_msgs__rosidl_typesupport_c.dir/rosidl_typesupport_c/px4_msgs/msg/rtl_time_estimate__type_support.cpp.o\n'}
[260.711950] (-) TimerEvent: {}
[260.741678] (px4_msgs) StdoutLine: {'line': b'[ 35%] Building CXX object CMakeFiles/px4_msgs__rosidl_typesupport_c.dir/rosidl_typesupport_c/px4_msgs/msg/satellite_info__type_support.cpp.o\n'}
[260.781140] (px4_msgs) StdoutLine: {'line': b'[ 36%] Building CXX object CMakeFiles/px4_msgs__rosidl_typesupport_c.dir/rosidl_typesupport_c/px4_msgs/msg/sensor_accel__type_support.cpp.o\n'}
[260.812032] (-) TimerEvent: {}
[260.820042] (px4_msgs) StdoutLine: {'line': b'[ 36%] Building CXX object CMakeFiles/px4_msgs__rosidl_typesupport_c.dir/rosidl_typesupport_c/px4_msgs/msg/sensor_accel_fifo__type_support.cpp.o\n'}
[260.859413] (px4_msgs) StdoutLine: {'line': b'[ 36%] Building CXX object CMakeFiles/px4_msgs__rosidl_typesupport_c.dir/rosidl_typesupport_c/px4_msgs/msg/sensor_airflow__type_support.cpp.o\n'}
[260.899237] (px4_msgs) StdoutLine: {'line': b'[ 36%] Building CXX object CMakeFiles/px4_msgs__rosidl_typesupport_c.dir/rosidl_typesupport_c/px4_msgs/msg/sensor_baro__type_support.cpp.o\n'}
[260.912116] (-) TimerEvent: {}
[260.938452] (px4_msgs) StdoutLine: {'line': b'[ 36%] Building CXX object CMakeFiles/px4_msgs__rosidl_typesupport_c.dir/rosidl_typesupport_c/px4_msgs/msg/sensor_combined__type_support.cpp.o\n'}
[260.977803] (px4_msgs) StdoutLine: {'line': b'[ 36%] Building CXX object CMakeFiles/px4_msgs__rosidl_typesupport_c.dir/rosidl_typesupport_c/px4_msgs/msg/sensor_correction__type_support.cpp.o\n'}
[261.012197] (-) TimerEvent: {}
[261.016731] (px4_msgs) StdoutLine: {'line': b'[ 36%] Building CXX object CMakeFiles/px4_msgs__rosidl_typesupport_c.dir/rosidl_typesupport_c/px4_msgs/msg/sensor_gnss_relative__type_support.cpp.o\n'}
[261.056290] (px4_msgs) StdoutLine: {'line': b'[ 36%] Building CXX object CMakeFiles/px4_msgs__rosidl_typesupport_c.dir/rosidl_typesupport_c/px4_msgs/msg/sensor_gnss_status__type_support.cpp.o\n'}
[261.095940] (px4_msgs) StdoutLine: {'line': b'[ 36%] Building CXX object CMakeFiles/px4_msgs__rosidl_typesupport_c.dir/rosidl_typesupport_c/px4_msgs/msg/sensor_gps__type_support.cpp.o\n'}
[261.112301] (-) TimerEvent: {}
[261.134931] (px4_msgs) StdoutLine: {'line': b'[ 36%] Building CXX object CMakeFiles/px4_msgs__rosidl_typesupport_c.dir/rosidl_typesupport_c/px4_msgs/msg/sensor_gyro__type_support.cpp.o\n'}
[261.174427] (px4_msgs) StdoutLine: {'line': b'[ 36%] Building CXX object CMakeFiles/px4_msgs__rosidl_typesupport_c.dir/rosidl_typesupport_c/px4_msgs/msg/sensor_gyro_fft__type_support.cpp.o\n'}
[261.212408] (-) TimerEvent: {}
[261.214109] (px4_msgs) StdoutLine: {'line': b'[ 36%] Building CXX object CMakeFiles/px4_msgs__rosidl_typesupport_c.dir/rosidl_typesupport_c/px4_msgs/msg/sensor_gyro_fifo__type_support.cpp.o\n'}
[261.253195] (px4_msgs) StdoutLine: {'line': b'[ 36%] Building CXX object CMakeFiles/px4_msgs__rosidl_typesupport_c.dir/rosidl_typesupport_c/px4_msgs/msg/sensor_hygrometer__type_support.cpp.o\n'}
[261.293547] (px4_msgs) StdoutLine: {'line': b'[ 36%] Building CXX object CMakeFiles/px4_msgs__rosidl_typesupport_c.dir/rosidl_typesupport_c/px4_msgs/msg/sensor_mag__type_support.cpp.o\n'}
[261.312515] (-) TimerEvent: {}
[261.332384] (px4_msgs) StdoutLine: {'line': b'[ 36%] Building CXX object CMakeFiles/px4_msgs__rosidl_typesupport_c.dir/rosidl_typesupport_c/px4_msgs/msg/sensor_optical_flow__type_support.cpp.o\n'}
[261.372171] (px4_msgs) StdoutLine: {'line': b'[ 36%] Building CXX object CMakeFiles/px4_msgs__rosidl_typesupport_c.dir/rosidl_typesupport_c/px4_msgs/msg/sensor_preflight_mag__type_support.cpp.o\n'}
[261.411574] (px4_msgs) StdoutLine: {'line': b'[ 36%] Building CXX object CMakeFiles/px4_msgs__rosidl_typesupport_c.dir/rosidl_typesupport_c/px4_msgs/msg/sensor_selection__type_support.cpp.o\n'}
[261.412580] (-) TimerEvent: {}
[261.450241] (px4_msgs) StdoutLine: {'line': b'[ 36%] Building CXX object CMakeFiles/px4_msgs__rosidl_typesupport_c.dir/rosidl_typesupport_c/px4_msgs/msg/sensor_uwb__type_support.cpp.o\n'}
[261.489734] (px4_msgs) StdoutLine: {'line': b'[ 36%] Building CXX object CMakeFiles/px4_msgs__rosidl_typesupport_c.dir/rosidl_typesupport_c/px4_msgs/msg/sensors_status__type_support.cpp.o\n'}
[261.512694] (-) TimerEvent: {}
[261.531774] (px4_msgs) StdoutLine: {'line': b'[ 36%] Building CXX object CMakeFiles/px4_msgs__rosidl_typesupport_c.dir/rosidl_typesupport_c/px4_msgs/msg/sensors_status_imu__type_support.cpp.o\n'}
[261.571156] (px4_msgs) StdoutLine: {'line': b'[ 36%] Building CXX object CMakeFiles/px4_msgs__rosidl_typesupport_c.dir/rosidl_typesupport_c/px4_msgs/msg/system_power__type_support.cpp.o\n'}
[261.610459] (px4_msgs) StdoutLine: {'line': b'[ 36%] Building CXX object CMakeFiles/px4_msgs__rosidl_typesupport_c.dir/rosidl_typesupport_c/px4_msgs/msg/takeoff_status__type_support.cpp.o\n'}
[261.612732] (-) TimerEvent: {}
[261.648886] (px4_msgs) StdoutLine: {'line': b'[ 36%] Building CXX object CMakeFiles/px4_msgs__rosidl_typesupport_c.dir/rosidl_typesupport_c/px4_msgs/msg/task_stack_info__type_support.cpp.o\n'}
[261.687225] (px4_msgs) StdoutLine: {'line': b'[ 37%] Building CXX object CMakeFiles/px4_msgs__rosidl_typesupport_c.dir/rosidl_typesupport_c/px4_msgs/msg/tecs_status__type_support.cpp.o\n'}
[261.712814] (-) TimerEvent: {}
[261.728927] (px4_msgs) StdoutLine: {'line': b'[ 37%] Building CXX object CMakeFiles/px4_msgs__rosidl_typesupport_c.dir/rosidl_typesupport_c/px4_msgs/msg/telemetry_status__type_support.cpp.o\n'}
[261.768101] (px4_msgs) StdoutLine: {'line': b'[ 37%] Building CXX object CMakeFiles/px4_msgs__rosidl_typesupport_c.dir/rosidl_typesupport_c/px4_msgs/msg/tiltrotor_extra_controls__type_support.cpp.o\n'}
[261.808319] (px4_msgs) StdoutLine: {'line': b'[ 37%] Building CXX object CMakeFiles/px4_msgs__rosidl_typesupport_c.dir/rosidl_typesupport_c/px4_msgs/msg/timesync_status__type_support.cpp.o\n'}
[261.812917] (-) TimerEvent: {}
[261.847303] (px4_msgs) StdoutLine: {'line': b'[ 37%] Building CXX object CMakeFiles/px4_msgs__rosidl_typesupport_c.dir/rosidl_typesupport_c/px4_msgs/msg/trajectory_setpoint__type_support.cpp.o\n'}
[261.886420] (px4_msgs) StdoutLine: {'line': b'[ 37%] Building CXX object CMakeFiles/px4_msgs__rosidl_typesupport_c.dir/rosidl_typesupport_c/px4_msgs/msg/trajectory_setpoint6dof__type_support.cpp.o\n'}
[261.913003] (-) TimerEvent: {}
[261.925371] (px4_msgs) StdoutLine: {'line': b'[ 37%] Building CXX object CMakeFiles/px4_msgs__rosidl_typesupport_c.dir/rosidl_typesupport_c/px4_msgs/msg/transponder_report__type_support.cpp.o\n'}
[261.964474] (px4_msgs) StdoutLine: {'line': b'[ 37%] Building CXX object CMakeFiles/px4_msgs__rosidl_typesupport_c.dir/rosidl_typesupport_c/px4_msgs/msg/tune_control__type_support.cpp.o\n'}
[262.013108] (-) TimerEvent: {}
[262.014600] (px4_msgs) StdoutLine: {'line': b'[ 37%] Building CXX object CMakeFiles/px4_msgs__rosidl_typesupport_c.dir/rosidl_typesupport_c/px4_msgs/msg/uavcan_parameter_request__type_support.cpp.o\n'}
[262.053823] (px4_msgs) StdoutLine: {'line': b'[ 37%] Building CXX object CMakeFiles/px4_msgs__rosidl_typesupport_c.dir/rosidl_typesupport_c/px4_msgs/msg/uavcan_parameter_value__type_support.cpp.o\n'}
[262.095126] (px4_msgs) StdoutLine: {'line': b'[ 37%] Building CXX object CMakeFiles/px4_msgs__rosidl_typesupport_c.dir/rosidl_typesupport_c/px4_msgs/msg/ulog_stream__type_support.cpp.o\n'}
[262.113194] (-) TimerEvent: {}
[262.135431] (px4_msgs) StdoutLine: {'line': b'[ 37%] Building CXX object CMakeFiles/px4_msgs__rosidl_typesupport_c.dir/rosidl_typesupport_c/px4_msgs/msg/ulog_stream_ack__type_support.cpp.o\n'}
[262.175835] (px4_msgs) StdoutLine: {'line': b'[ 37%] Building CXX object CMakeFiles/px4_msgs__rosidl_typesupport_c.dir/rosidl_typesupport_c/px4_msgs/msg/unregister_ext_component__type_support.cpp.o\n'}
[262.213297] (-) TimerEvent: {}
[262.215100] (px4_msgs) StdoutLine: {'line': b'[ 37%] Building CXX object CMakeFiles/px4_msgs__rosidl_typesupport_c.dir/rosidl_typesupport_c/px4_msgs/msg/vehicle_acceleration__type_support.cpp.o\n'}
[262.253642] (px4_msgs) StdoutLine: {'line': b'[ 37%] Building CXX object CMakeFiles/px4_msgs__rosidl_typesupport_c.dir/rosidl_typesupport_c/px4_msgs/msg/vehicle_air_data__type_support.cpp.o\n'}
[262.293607] (px4_msgs) StdoutLine: {'line': b'[ 37%] Building CXX object CMakeFiles/px4_msgs__rosidl_typesupport_c.dir/rosidl_typesupport_c/px4_msgs/msg/vehicle_angular_acceleration_setpoint__type_support.cpp.o\n'}
[262.313405] (-) TimerEvent: {}
[262.334028] (px4_msgs) StdoutLine: {'line': b'[ 37%] Building CXX object CMakeFiles/px4_msgs__rosidl_typesupport_c.dir/rosidl_typesupport_c/px4_msgs/msg/vehicle_angular_velocity__type_support.cpp.o\n'}
[262.373476] (px4_msgs) StdoutLine: {'line': b'[ 37%] Building CXX object CMakeFiles/px4_msgs__rosidl_typesupport_c.dir/rosidl_typesupport_c/px4_msgs/msg/vehicle_attitude__type_support.cpp.o\n'}
[262.413503] (-) TimerEvent: {}
[262.416417] (px4_msgs) StdoutLine: {'line': b'[ 37%] Building CXX object CMakeFiles/px4_msgs__rosidl_typesupport_c.dir/rosidl_typesupport_c/px4_msgs/msg/vehicle_attitude_setpoint__type_support.cpp.o\n'}
[262.456740] (px4_msgs) StdoutLine: {'line': b'[ 37%] Building CXX object CMakeFiles/px4_msgs__rosidl_typesupport_c.dir/rosidl_typesupport_c/px4_msgs/msg/vehicle_command__type_support.cpp.o\n'}
[262.497541] (px4_msgs) StdoutLine: {'line': b'[ 37%] Building CXX object CMakeFiles/px4_msgs__rosidl_typesupport_c.dir/rosidl_typesupport_c/px4_msgs/msg/vehicle_command_ack__type_support.cpp.o\n'}
[262.513596] (-) TimerEvent: {}
[262.535563] (px4_msgs) StdoutLine: {'line': b'[ 37%] Building CXX object CMakeFiles/px4_msgs__rosidl_typesupport_c.dir/rosidl_typesupport_c/px4_msgs/msg/vehicle_constraints__type_support.cpp.o\n'}
[262.574510] (px4_msgs) StdoutLine: {'line': b'[ 37%] Building CXX object CMakeFiles/px4_msgs__rosidl_typesupport_c.dir/rosidl_typesupport_c/px4_msgs/msg/vehicle_control_mode__type_support.cpp.o\n'}
[262.613680] (-) TimerEvent: {}
[262.614075] (px4_msgs) StdoutLine: {'line': b'[ 37%] Building CXX object CMakeFiles/px4_msgs__rosidl_typesupport_c.dir/rosidl_typesupport_c/px4_msgs/msg/vehicle_global_position__type_support.cpp.o\n'}
[262.651880] (px4_msgs) StdoutLine: {'line': b'[ 37%] Building CXX object CMakeFiles/px4_msgs__rosidl_typesupport_c.dir/rosidl_typesupport_c/px4_msgs/msg/vehicle_imu__type_support.cpp.o\n'}
[262.692686] (px4_msgs) StdoutLine: {'line': b'[ 38%] Building CXX object CMakeFiles/px4_msgs__rosidl_typesupport_c.dir/rosidl_typesupport_c/px4_msgs/msg/vehicle_imu_status__type_support.cpp.o\n'}
[262.713760] (-) TimerEvent: {}
[262.731261] (px4_msgs) StdoutLine: {'line': b'[ 38%] Building CXX object CMakeFiles/px4_msgs__rosidl_typesupport_c.dir/rosidl_typesupport_c/px4_msgs/msg/vehicle_land_detected__type_support.cpp.o\n'}
[262.770829] (px4_msgs) StdoutLine: {'line': b'[ 38%] Building CXX object CMakeFiles/px4_msgs__rosidl_typesupport_c.dir/rosidl_typesupport_c/px4_msgs/msg/vehicle_local_position__type_support.cpp.o\n'}
[262.813839] (-) TimerEvent: {}
[262.814179] (px4_msgs) StdoutLine: {'line': b'[ 38%] Building CXX object CMakeFiles/px4_msgs__rosidl_typesupport_c.dir/rosidl_typesupport_c/px4_msgs/msg/vehicle_local_position_setpoint__type_support.cpp.o\n'}
[262.854209] (px4_msgs) StdoutLine: {'line': b'[ 38%] Building CXX object CMakeFiles/px4_msgs__rosidl_typesupport_c.dir/rosidl_typesupport_c/px4_msgs/msg/vehicle_magnetometer__type_support.cpp.o\n'}
[262.899376] (px4_msgs) StdoutLine: {'line': b'[ 38%] Building CXX object CMakeFiles/px4_msgs__rosidl_typesupport_c.dir/rosidl_typesupport_c/px4_msgs/msg/vehicle_odometry__type_support.cpp.o\n'}
[262.913915] (-) TimerEvent: {}
[262.938195] (px4_msgs) StdoutLine: {'line': b'[ 38%] Building CXX object CMakeFiles/px4_msgs__rosidl_typesupport_c.dir/rosidl_typesupport_c/px4_msgs/msg/vehicle_optical_flow__type_support.cpp.o\n'}
[262.977569] (px4_msgs) StdoutLine: {'line': b'[ 38%] Building CXX object CMakeFiles/px4_msgs__rosidl_typesupport_c.dir/rosidl_typesupport_c/px4_msgs/msg/vehicle_optical_flow_vel__type_support.cpp.o\n'}
[263.014008] (-) TimerEvent: {}
[263.016568] (px4_msgs) StdoutLine: {'line': b'[ 38%] Building CXX object CMakeFiles/px4_msgs__rosidl_typesupport_c.dir/rosidl_typesupport_c/px4_msgs/msg/vehicle_rates_setpoint__type_support.cpp.o\n'}
[263.057125] (px4_msgs) StdoutLine: {'line': b'[ 38%] Building CXX object CMakeFiles/px4_msgs__rosidl_typesupport_c.dir/rosidl_typesupport_c/px4_msgs/msg/vehicle_roi__type_support.cpp.o\n'}
[263.104081] (px4_msgs) StdoutLine: {'line': b'[ 38%] Building CXX object CMakeFiles/px4_msgs__rosidl_typesupport_c.dir/rosidl_typesupport_c/px4_msgs/msg/vehicle_status__type_support.cpp.o\n'}
[263.114093] (-) TimerEvent: {}
[263.144787] (px4_msgs) StdoutLine: {'line': b'[ 38%] Building CXX object CMakeFiles/px4_msgs__rosidl_typesupport_c.dir/rosidl_typesupport_c/px4_msgs/msg/vehicle_thrust_setpoint__type_support.cpp.o\n'}
[263.183607] (px4_msgs) StdoutLine: {'line': b'[ 38%] Building CXX object CMakeFiles/px4_msgs__rosidl_typesupport_c.dir/rosidl_typesupport_c/px4_msgs/msg/vehicle_torque_setpoint__type_support.cpp.o\n'}
[263.214196] (-) TimerEvent: {}
[263.223287] (px4_msgs) StdoutLine: {'line': b'[ 38%] Building CXX object CMakeFiles/px4_msgs__rosidl_typesupport_c.dir/rosidl_typesupport_c/px4_msgs/msg/velocity_limits__type_support.cpp.o\n'}
[263.262057] (px4_msgs) StdoutLine: {'line': b'[ 38%] Building CXX object CMakeFiles/px4_msgs__rosidl_typesupport_c.dir/rosidl_typesupport_c/px4_msgs/msg/vtol_vehicle_status__type_support.cpp.o\n'}
[263.302803] (px4_msgs) StdoutLine: {'line': b'[ 38%] Building CXX object CMakeFiles/px4_msgs__rosidl_typesupport_c.dir/rosidl_typesupport_c/px4_msgs/msg/wheel_encoders__type_support.cpp.o\n'}
[263.314290] (-) TimerEvent: {}
[263.340521] (px4_msgs) StdoutLine: {'line': b'[ 38%] Building CXX object CMakeFiles/px4_msgs__rosidl_typesupport_c.dir/rosidl_typesupport_c/px4_msgs/msg/wind__type_support.cpp.o\n'}
[263.379492] (px4_msgs) StdoutLine: {'line': b'[ 38%] Building CXX object CMakeFiles/px4_msgs__rosidl_typesupport_c.dir/rosidl_typesupport_c/px4_msgs/msg/yaw_estimator_status__type_support.cpp.o\n'}
[263.414400] (-) TimerEvent: {}
[263.419322] (px4_msgs) StdoutLine: {'line': b'[ 38%] Building CXX object CMakeFiles/px4_msgs__rosidl_typesupport_c.dir/rosidl_typesupport_c/px4_msgs/srv/vehicle_command__type_support.cpp.o\n'}
[263.463723] (px4_msgs) StdoutLine: {'line': b'[ 38%] Building CXX object CMakeFiles/px4_msgs__rosidl_typesupport_c.dir/rosidl_typesupport_c/px4_msgs/msg/autotune_attitude_control_status__type_support.cpp.o\n'}
[263.502837] (px4_msgs) StdoutLine: {'line': b'[ 39%] Building CXX object CMakeFiles/px4_msgs__rosidl_typesupport_c.dir/rosidl_typesupport_c/px4_msgs/msg/actuator_motors__type_support.cpp.o\n'}
[263.514486] (-) TimerEvent: {}
[263.542385] (px4_msgs) StdoutLine: {'line': b'[ 39%] Building CXX object CMakeFiles/px4_msgs__rosidl_typesupport_c.dir/rosidl_typesupport_c/px4_msgs/msg/actuator_controls_status__type_support.cpp.o\n'}
[263.581657] (px4_msgs) StdoutLine: {'line': b'[ 39%] Linking CXX shared library libpx4_msgs__rosidl_typesupport_c.so\n'}
[263.614581] (-) TimerEvent: {}
[263.671303] (px4_msgs) StdoutLine: {'line': b'[ 39%] Built target px4_msgs__rosidl_typesupport_c\n'}
[263.692466] (px4_msgs) StdoutLine: {'line': b'[ 39%] Generating C introspection for ROS interfaces\n'}
[263.714677] (-) TimerEvent: {}
[263.815391] (-) TimerEvent: {}
[263.915512] (-) TimerEvent: {}
[264.015705] (-) TimerEvent: {}
[264.115856] (-) TimerEvent: {}
[264.216031] (-) TimerEvent: {}
[264.316160] (-) TimerEvent: {}
[264.416329] (-) TimerEvent: {}
[264.516470] (-) TimerEvent: {}
[264.616642] (-) TimerEvent: {}
[264.716819] (-) TimerEvent: {}
[264.816994] (-) TimerEvent: {}
[264.917140] (-) TimerEvent: {}
[265.017326] (-) TimerEvent: {}
[265.117492] (-) TimerEvent: {}
[265.217640] (-) TimerEvent: {}
[265.317803] (-) TimerEvent: {}
[265.417941] (-) TimerEvent: {}
[265.518094] (-) TimerEvent: {}
[265.618258] (-) TimerEvent: {}
[265.718413] (-) TimerEvent: {}
[265.818573] (-) TimerEvent: {}
[265.918730] (-) TimerEvent: {}
[266.018857] (-) TimerEvent: {}
[266.119029] (-) TimerEvent: {}
[266.219188] (-) TimerEvent: {}
[266.319344] (-) TimerEvent: {}
[266.419487] (-) TimerEvent: {}
[266.519644] (-) TimerEvent: {}
[266.619800] (-) TimerEvent: {}
[266.719919] (-) TimerEvent: {}
[266.820077] (-) TimerEvent: {}
[266.920234] (-) TimerEvent: {}
[267.020383] (-) TimerEvent: {}
[267.120540] (-) TimerEvent: {}
[267.220703] (-) TimerEvent: {}
[267.320858] (-) TimerEvent: {}
[267.421026] (-) TimerEvent: {}
[267.521181] (-) TimerEvent: {}
[267.621334] (-) TimerEvent: {}
[267.721483] (-) TimerEvent: {}
[267.821633] (-) TimerEvent: {}
[267.921790] (-) TimerEvent: {}
[268.021943] (-) TimerEvent: {}
[268.122092] (-) TimerEvent: {}
[268.222251] (-) TimerEvent: {}
[268.322405] (-) TimerEvent: {}
[268.422550] (-) TimerEvent: {}
[268.522702] (-) TimerEvent: {}
[268.622853] (-) TimerEvent: {}
[268.722999] (-) TimerEvent: {}
[268.823151] (-) TimerEvent: {}
[268.923306] (-) TimerEvent: {}
[269.023463] (-) TimerEvent: {}
[269.123625] (-) TimerEvent: {}
[269.223780] (-) TimerEvent: {}
[269.323943] (-) TimerEvent: {}
[269.424096] (-) TimerEvent: {}
[269.524246] (-) TimerEvent: {}
[269.624420] (-) TimerEvent: {}
[269.724576] (-) TimerEvent: {}
[269.824730] (-) TimerEvent: {}
[269.924858] (-) TimerEvent: {}
[270.025015] (-) TimerEvent: {}
[270.125173] (-) TimerEvent: {}
[270.225321] (-) TimerEvent: {}
[270.325477] (-) TimerEvent: {}
[270.425628] (-) TimerEvent: {}
[270.525706] (-) TimerEvent: {}
[270.625843] (-) TimerEvent: {}
[270.726012] (-) TimerEvent: {}
[270.826145] (-) TimerEvent: {}
[270.926321] (-) TimerEvent: {}
[271.026489] (-) TimerEvent: {}
[271.126648] (-) TimerEvent: {}
[271.226784] (-) TimerEvent: {}
[271.326920] (-) TimerEvent: {}
[271.427057] (-) TimerEvent: {}
[271.527226] (-) TimerEvent: {}
[271.627362] (-) TimerEvent: {}
[271.727529] (-) TimerEvent: {}
[271.827673] (-) TimerEvent: {}
[271.927847] (-) TimerEvent: {}
[272.028004] (-) TimerEvent: {}
[272.128158] (-) TimerEvent: {}
[272.228315] (-) TimerEvent: {}
[272.328476] (-) TimerEvent: {}
[272.428630] (-) TimerEvent: {}
[272.528728] (-) TimerEvent: {}
[272.628864] (-) TimerEvent: {}
[272.729028] (-) TimerEvent: {}
[272.829184] (-) TimerEvent: {}
[272.929337] (-) TimerEvent: {}
[273.029488] (-) TimerEvent: {}
[273.129640] (-) TimerEvent: {}
[273.229780] (-) TimerEvent: {}
[273.329932] (-) TimerEvent: {}
[273.430087] (-) TimerEvent: {}
[273.530240] (-) TimerEvent: {}
[273.630381] (-) TimerEvent: {}
[273.730513] (-) TimerEvent: {}
[273.830718] (-) TimerEvent: {}
[273.930865] (-) TimerEvent: {}
[274.031022] (-) TimerEvent: {}
[274.131172] (-) TimerEvent: {}
[274.231302] (-) TimerEvent: {}
[274.331453] (-) TimerEvent: {}
[274.431604] (-) TimerEvent: {}
[274.531759] (-) TimerEvent: {}
[274.631894] (-) TimerEvent: {}
[274.732031] (-) TimerEvent: {}
[274.832184] (-) TimerEvent: {}
[274.932375] (-) TimerEvent: {}
[275.032547] (-) TimerEvent: {}
[275.132699] (-) TimerEvent: {}
[275.232818] (-) TimerEvent: {}
[275.332961] (-) TimerEvent: {}
[275.433106] (-) TimerEvent: {}
[275.533249] (-) TimerEvent: {}
[275.633393] (-) TimerEvent: {}
[275.733511] (-) TimerEvent: {}
[275.833675] (-) TimerEvent: {}
[275.933802] (-) TimerEvent: {}
[276.033936] (-) TimerEvent: {}
[276.134090] (-) TimerEvent: {}
[276.234207] (-) TimerEvent: {}
[276.334358] (-) TimerEvent: {}
[276.434505] (-) TimerEvent: {}
[276.534626] (-) TimerEvent: {}
[276.634724] (-) TimerEvent: {}
[276.734853] (-) TimerEvent: {}
[276.835003] (-) TimerEvent: {}
[276.935160] (-) TimerEvent: {}
[277.035312] (-) TimerEvent: {}
[277.135472] (-) TimerEvent: {}
[277.235593] (-) TimerEvent: {}
[277.335723] (-) TimerEvent: {}
[277.435844] (-) TimerEvent: {}
[277.535993] (-) TimerEvent: {}
[277.636141] (-) TimerEvent: {}
[277.736297] (-) TimerEvent: {}
[277.836444] (-) TimerEvent: {}
[277.936594] (-) TimerEvent: {}
[278.036738] (-) TimerEvent: {}
[278.136891] (-) TimerEvent: {}
[278.237033] (-) TimerEvent: {}
[278.337183] (-) TimerEvent: {}
[278.437339] (-) TimerEvent: {}
[278.537483] (-) TimerEvent: {}
[278.637627] (-) TimerEvent: {}
[278.737732] (-) TimerEvent: {}
[278.837864] (-) TimerEvent: {}
[278.938025] (-) TimerEvent: {}
[279.038174] (-) TimerEvent: {}
[279.138319] (-) TimerEvent: {}
[279.238463] (-) TimerEvent: {}
[279.338611] (-) TimerEvent: {}
[279.438759] (-) TimerEvent: {}
[279.538907] (-) TimerEvent: {}
[279.639056] (-) TimerEvent: {}
[279.739206] (-) TimerEvent: {}
[279.839350] (-) TimerEvent: {}
[279.939495] (-) TimerEvent: {}
[280.039647] (-) TimerEvent: {}
[280.139802] (-) TimerEvent: {}
[280.239953] (-) TimerEvent: {}
[280.340112] (-) TimerEvent: {}
[280.440251] (-) TimerEvent: {}
[280.540397] (-) TimerEvent: {}
[280.640542] (-) TimerEvent: {}
[280.740696] (-) TimerEvent: {}
[280.840840] (-) TimerEvent: {}
[280.940986] (-) TimerEvent: {}
[281.041134] (-) TimerEvent: {}
[281.141283] (-) TimerEvent: {}
[281.241431] (-) TimerEvent: {}
[281.341583] (-) TimerEvent: {}
[281.441744] (-) TimerEvent: {}
[281.541867] (-) TimerEvent: {}
[281.642017] (-) TimerEvent: {}
[281.742167] (-) TimerEvent: {}
[281.842327] (-) TimerEvent: {}
[281.942495] (-) TimerEvent: {}
[282.042635] (-) TimerEvent: {}
[282.142726] (-) TimerEvent: {}
[282.242856] (-) TimerEvent: {}
[282.342993] (-) TimerEvent: {}
[282.443127] (-) TimerEvent: {}
[282.543269] (-) TimerEvent: {}
[282.643410] (-) TimerEvent: {}
[282.743562] (-) TimerEvent: {}
[282.843698] (-) TimerEvent: {}
[282.943825] (-) TimerEvent: {}
[283.043958] (-) TimerEvent: {}
[283.144118] (-) TimerEvent: {}
[283.244275] (-) TimerEvent: {}
[283.344426] (-) TimerEvent: {}
[283.444547] (-) TimerEvent: {}
[283.544708] (-) TimerEvent: {}
[283.644830] (-) TimerEvent: {}
[283.744990] (-) TimerEvent: {}
[283.845128] (-) TimerEvent: {}
[283.945275] (-) TimerEvent: {}
[284.045417] (-) TimerEvent: {}
[284.145567] (-) TimerEvent: {}
[284.245721] (-) TimerEvent: {}
[284.345852] (-) TimerEvent: {}
[284.446004] (-) TimerEvent: {}
[284.546155] (-) TimerEvent: {}
[284.646301] (-) TimerEvent: {}
[284.746448] (-) TimerEvent: {}
[284.846596] (-) TimerEvent: {}
[284.946741] (-) TimerEvent: {}
[285.046893] (-) TimerEvent: {}
[285.147044] (-) TimerEvent: {}
[285.247191] (-) TimerEvent: {}
[285.347341] (-) TimerEvent: {}
[285.447489] (-) TimerEvent: {}
[285.547636] (-) TimerEvent: {}
[285.647729] (-) TimerEvent: {}
[285.750744] (-) TimerEvent: {}
[285.850948] (-) TimerEvent: {}
[285.951071] (-) TimerEvent: {}
[286.051227] (-) TimerEvent: {}
[286.151361] (-) TimerEvent: {}
[286.251521] (-) TimerEvent: {}
[286.351716] (-) TimerEvent: {}
[286.451873] (-) TimerEvent: {}
[286.552046] (-) TimerEvent: {}
[286.652222] (-) TimerEvent: {}
[286.752365] (-) TimerEvent: {}
[286.852513] (-) TimerEvent: {}
[286.952721] (-) TimerEvent: {}
[287.052899] (-) TimerEvent: {}
[287.153228] (-) TimerEvent: {}
[287.253403] (-) TimerEvent: {}
[287.353631] (-) TimerEvent: {}
[287.453787] (-) TimerEvent: {}
[287.553962] (-) TimerEvent: {}
[287.654193] (-) TimerEvent: {}
[287.754369] (-) TimerEvent: {}
[287.854591] (-) TimerEvent: {}
[287.954746] (-) TimerEvent: {}
[288.054894] (-) TimerEvent: {}
[288.155042] (-) TimerEvent: {}
[288.255223] (-) TimerEvent: {}
[288.355375] (-) TimerEvent: {}
[288.455567] (-) TimerEvent: {}
[288.555722] (-) TimerEvent: {}
[288.655839] (-) TimerEvent: {}
[288.755977] (-) TimerEvent: {}
[288.856128] (-) TimerEvent: {}
[288.956258] (-) TimerEvent: {}
[289.056384] (-) TimerEvent: {}
[289.156512] (-) TimerEvent: {}
[289.256640] (-) TimerEvent: {}
[289.356777] (-) TimerEvent: {}
[289.456904] (-) TimerEvent: {}
[289.557035] (-) TimerEvent: {}
[289.657174] (-) TimerEvent: {}
[289.757305] (-) TimerEvent: {}
[289.857432] (-) TimerEvent: {}
[289.957560] (-) TimerEvent: {}
[290.057692] (-) TimerEvent: {}
[290.157823] (-) TimerEvent: {}
[290.257961] (-) TimerEvent: {}
[290.358089] (-) TimerEvent: {}
[290.458219] (-) TimerEvent: {}
[290.558344] (-) TimerEvent: {}
[290.658477] (-) TimerEvent: {}
[290.758629] (-) TimerEvent: {}
[290.858796] (-) TimerEvent: {}
[290.958931] (-) TimerEvent: {}
[291.059069] (-) TimerEvent: {}
[291.159208] (-) TimerEvent: {}
[291.259354] (-) TimerEvent: {}
[291.359499] (-) TimerEvent: {}
[291.459647] (-) TimerEvent: {}
[291.559793] (-) TimerEvent: {}
[291.659931] (-) TimerEvent: {}
[291.760078] (-) TimerEvent: {}
[291.860222] (-) TimerEvent: {}
[291.960367] (-) TimerEvent: {}
[292.060507] (-) TimerEvent: {}
[292.160646] (-) TimerEvent: {}
[292.260790] (-) TimerEvent: {}
[292.360928] (-) TimerEvent: {}
[292.461065] (-) TimerEvent: {}
[292.561230] (-) TimerEvent: {}
[292.661393] (-) TimerEvent: {}
[292.761528] (-) TimerEvent: {}
[292.861679] (-) TimerEvent: {}
[292.961832] (-) TimerEvent: {}
[293.061962] (-) TimerEvent: {}
[293.162119] (-) TimerEvent: {}
[293.262248] (-) TimerEvent: {}
[293.362380] (-) TimerEvent: {}
[293.462511] (-) TimerEvent: {}
[293.562658] (-) TimerEvent: {}
[293.662825] (-) TimerEvent: {}
[293.762976] (-) TimerEvent: {}
[293.863119] (-) TimerEvent: {}
[293.963256] (-) TimerEvent: {}
[294.063399] (-) TimerEvent: {}
[294.163541] (-) TimerEvent: {}
[294.263692] (-) TimerEvent: {}
[294.363841] (-) TimerEvent: {}
[294.463980] (-) TimerEvent: {}
[294.564121] (-) TimerEvent: {}
[294.664257] (-) TimerEvent: {}
[294.764388] (-) TimerEvent: {}
[294.864518] (-) TimerEvent: {}
[294.964649] (-) TimerEvent: {}
[295.064789] (-) TimerEvent: {}
[295.164928] (-) TimerEvent: {}
[295.265066] (-) TimerEvent: {}
[295.365199] (-) TimerEvent: {}
[295.465330] (-) TimerEvent: {}
[295.565460] (-) TimerEvent: {}
[295.665591] (-) TimerEvent: {}
[295.765703] (-) TimerEvent: {}
[295.865839] (-) TimerEvent: {}
[295.965973] (-) TimerEvent: {}
[296.066106] (-) TimerEvent: {}
[296.166238] (-) TimerEvent: {}
[296.266373] (-) TimerEvent: {}
[296.366507] (-) TimerEvent: {}
[296.466637] (-) TimerEvent: {}
[296.566779] (-) TimerEvent: {}
[296.666913] (-) TimerEvent: {}
[296.767708] (-) TimerEvent: {}
[296.867863] (-) TimerEvent: {}
[296.968008] (-) TimerEvent: {}
[297.068167] (-) TimerEvent: {}
[297.168311] (-) TimerEvent: {}
[297.268459] (-) TimerEvent: {}
[297.368621] (-) TimerEvent: {}
[297.468787] (-) TimerEvent: {}
[297.568941] (-) TimerEvent: {}
[297.669095] (-) TimerEvent: {}
[297.769259] (-) TimerEvent: {}
[297.869394] (-) TimerEvent: {}
[297.969615] (-) TimerEvent: {}
[298.069770] (-) TimerEvent: {}
[298.169914] (-) TimerEvent: {}
[298.270060] (-) TimerEvent: {}
[298.370207] (-) TimerEvent: {}
[298.470352] (-) TimerEvent: {}
[298.570721] (-) TimerEvent: {}
[298.670914] (-) TimerEvent: {}
[298.771084] (-) TimerEvent: {}
[298.871232] (-) TimerEvent: {}
[298.971375] (-) TimerEvent: {}
[299.071524] (-) TimerEvent: {}
[299.171776] (-) TimerEvent: {}
[299.272724] (-) TimerEvent: {}
[299.373725] (-) TimerEvent: {}
[299.473911] (-) TimerEvent: {}
[299.574100] (-) TimerEvent: {}
[299.674285] (-) TimerEvent: {}
[299.774641] (-) TimerEvent: {}
[299.874998] (-) TimerEvent: {}
[299.976100] (-) TimerEvent: {}
[300.076325] (-) TimerEvent: {}
[300.176734] (-) TimerEvent: {}
[300.276905] (-) TimerEvent: {}
[300.293363] (px4_msgs) StdoutLine: {'line': b'[ 39%] Building C object CMakeFiles/px4_msgs__rosidl_typesupport_introspection_c.dir/rosidl_typesupport_introspection_c/px4_msgs/msg/detail/actuator_armed__type_support.c.o\n'}
[300.295497] (px4_msgs) StdoutLine: {'line': b'[ 39%] Building C object CMakeFiles/px4_msgs__rosidl_typesupport_introspection_c.dir/rosidl_typesupport_introspection_c/px4_msgs/msg/detail/action_request__type_support.c.o\n'}
[300.298840] (px4_msgs) StdoutLine: {'line': b'[ 40%] Building C object CMakeFiles/px4_msgs__rosidl_typesupport_introspection_c.dir/rosidl_typesupport_introspection_c/px4_msgs/msg/detail/actuator_outputs__type_support.c.o\n'}
[300.299863] (px4_msgs) StdoutLine: {'line': b'[ 40%] Building C object CMakeFiles/px4_msgs__rosidl_typesupport_introspection_c.dir/rosidl_typesupport_introspection_c/px4_msgs/msg/detail/actuator_controls_status__type_support.c.o\n'}
[300.310288] (px4_msgs) StdoutLine: {'line': b'[ 40%] Building C object CMakeFiles/px4_msgs__rosidl_typesupport_introspection_c.dir/rosidl_typesupport_introspection_c/px4_msgs/msg/detail/actuator_motors__type_support.c.o\n'}
[300.359450] (px4_msgs) StdoutLine: {'line': b'[ 40%] Building C object CMakeFiles/px4_msgs__rosidl_typesupport_introspection_c.dir/rosidl_typesupport_introspection_c/px4_msgs/msg/detail/actuator_test__type_support.c.o\n'}
[300.359681] (px4_msgs) StdoutLine: {'line': b'[ 40%] Building C object CMakeFiles/px4_msgs__rosidl_typesupport_introspection_c.dir/rosidl_typesupport_introspection_c/px4_msgs/msg/detail/adc_report__type_support.c.o\n'}
[300.362181] (px4_msgs) StdoutLine: {'line': b'[ 40%] Building C object CMakeFiles/px4_msgs__rosidl_typesupport_introspection_c.dir/rosidl_typesupport_introspection_c/px4_msgs/msg/detail/actuator_servos__type_support.c.o\n'}
[300.365664] (px4_msgs) StdoutLine: {'line': b'[ 40%] Building C object CMakeFiles/px4_msgs__rosidl_typesupport_introspection_c.dir/rosidl_typesupport_introspection_c/px4_msgs/msg/detail/actuator_servos_trim__type_support.c.o\n'}
[300.369249] (px4_msgs) StdoutLine: {'line': b'[ 40%] Building C object CMakeFiles/px4_msgs__rosidl_typesupport_introspection_c.dir/rosidl_typesupport_introspection_c/px4_msgs/msg/detail/airspeed__type_support.c.o\n'}
[300.377722] (-) TimerEvent: {}
[300.427657] (px4_msgs) StdoutLine: {'line': b'[ 40%] Building C object CMakeFiles/px4_msgs__rosidl_typesupport_introspection_c.dir/rosidl_typesupport_introspection_c/px4_msgs/msg/detail/airspeed_validated__type_support.c.o\n'}
[300.427920] (px4_msgs) StdoutLine: {'line': b'[ 40%] Building C object CMakeFiles/px4_msgs__rosidl_typesupport_introspection_c.dir/rosidl_typesupport_introspection_c/px4_msgs/msg/detail/arming_check_reply__type_support.c.o\n'}
[300.428653] (px4_msgs) StdoutLine: {'line': b'[ 40%] Building C object CMakeFiles/px4_msgs__rosidl_typesupport_introspection_c.dir/rosidl_typesupport_introspection_c/px4_msgs/msg/detail/airspeed_wind__type_support.c.o\n'}
[300.428918] (px4_msgs) StdoutLine: {'line': b'[ 40%] Building C object CMakeFiles/px4_msgs__rosidl_typesupport_introspection_c.dir/rosidl_typesupport_introspection_c/px4_msgs/msg/detail/arming_check_request__type_support.c.o\n'}
[300.445440] (px4_msgs) StdoutLine: {'line': b'[ 40%] Building C object CMakeFiles/px4_msgs__rosidl_typesupport_introspection_c.dir/rosidl_typesupport_introspection_c/px4_msgs/msg/detail/autotune_attitude_control_status__type_support.c.o\n'}
[300.451718] (px4_msgs) StdoutLine: {'line': b'[ 40%] Building C object CMakeFiles/px4_msgs__rosidl_typesupport_introspection_c.dir/rosidl_typesupport_introspection_c/px4_msgs/msg/detail/battery_info__type_support.c.o\n'}
[300.479739] (-) TimerEvent: {}
[300.487942] (px4_msgs) StdoutLine: {'line': b'[ 40%] Building C object CMakeFiles/px4_msgs__rosidl_typesupport_introspection_c.dir/rosidl_typesupport_introspection_c/px4_msgs/msg/detail/battery_status__type_support.c.o\n'}
[300.514874] (px4_msgs) StdoutLine: {'line': b'[ 40%] Building C object CMakeFiles/px4_msgs__rosidl_typesupport_introspection_c.dir/rosidl_typesupport_introspection_c/px4_msgs/msg/detail/button_event__type_support.c.o\n'}
[300.515090] (px4_msgs) StdoutLine: {'line': b'[ 40%] Building C object CMakeFiles/px4_msgs__rosidl_typesupport_introspection_c.dir/rosidl_typesupport_introspection_c/px4_msgs/msg/detail/camera_capture__type_support.c.o\n'}
[300.518448] (px4_msgs) StdoutLine: {'line': b'[ 40%] Building C object CMakeFiles/px4_msgs__rosidl_typesupport_introspection_c.dir/rosidl_typesupport_introspection_c/px4_msgs/msg/detail/camera_status__type_support.c.o\n'}
[300.529740] (px4_msgs) StdoutLine: {'line': b'[ 40%] Building C object CMakeFiles/px4_msgs__rosidl_typesupport_introspection_c.dir/rosidl_typesupport_introspection_c/px4_msgs/msg/detail/camera_trigger__type_support.c.o\n'}
[300.531915] (px4_msgs) StdoutLine: {'line': b'[ 40%] Building C object CMakeFiles/px4_msgs__rosidl_typesupport_introspection_c.dir/rosidl_typesupport_introspection_c/px4_msgs/msg/detail/can_interface_status__type_support.c.o\n'}
[300.564403] (px4_msgs) StdoutLine: {'line': b'[ 40%] Building C object CMakeFiles/px4_msgs__rosidl_typesupport_introspection_c.dir/rosidl_typesupport_introspection_c/px4_msgs/msg/detail/cellular_status__type_support.c.o\n'}
[300.577337] (px4_msgs) StdoutLine: {'line': b'[ 40%] Building C object CMakeFiles/px4_msgs__rosidl_typesupport_introspection_c.dir/rosidl_typesupport_introspection_c/px4_msgs/msg/detail/collision_constraints__type_support.c.o\n'}
[300.579829] (-) TimerEvent: {}
[300.584725] (px4_msgs) StdoutLine: {'line': b'[ 40%] Building C object CMakeFiles/px4_msgs__rosidl_typesupport_introspection_c.dir/rosidl_typesupport_introspection_c/px4_msgs/msg/detail/config_overrides__type_support.c.o\n'}
[300.598952] (px4_msgs) StdoutLine: {'line': b'[ 40%] Building C object CMakeFiles/px4_msgs__rosidl_typesupport_introspection_c.dir/rosidl_typesupport_introspection_c/px4_msgs/msg/detail/control_allocator_status__type_support.c.o\n'}
[300.600558] (px4_msgs) StdoutLine: {'line': b'[ 40%] Building C object CMakeFiles/px4_msgs__rosidl_typesupport_introspection_c.dir/rosidl_typesupport_introspection_c/px4_msgs/msg/detail/cpuload__type_support.c.o\n'}
[300.614875] (px4_msgs) StdoutLine: {'line': b'[ 40%] Building C object CMakeFiles/px4_msgs__rosidl_typesupport_introspection_c.dir/rosidl_typesupport_introspection_c/px4_msgs/msg/detail/dataman_request__type_support.c.o\n'}
[300.623781] (px4_msgs) StdoutLine: {'line': b'[ 41%] Building C object CMakeFiles/px4_msgs__rosidl_typesupport_introspection_c.dir/rosidl_typesupport_introspection_c/px4_msgs/msg/detail/dataman_response__type_support.c.o\n'}
[300.642810] (px4_msgs) StdoutLine: {'line': b'[ 41%] Building C object CMakeFiles/px4_msgs__rosidl_typesupport_introspection_c.dir/rosidl_typesupport_introspection_c/px4_msgs/msg/detail/debug_array__type_support.c.o\n'}
[300.644695] (px4_msgs) StdoutLine: {'line': b'[ 41%] Building C object CMakeFiles/px4_msgs__rosidl_typesupport_introspection_c.dir/rosidl_typesupport_introspection_c/px4_msgs/msg/detail/debug_key_value__type_support.c.o\n'}
[300.661845] (px4_msgs) StdoutLine: {'line': b'[ 41%] Building C object CMakeFiles/px4_msgs__rosidl_typesupport_introspection_c.dir/rosidl_typesupport_introspection_c/px4_msgs/msg/detail/debug_value__type_support.c.o\n'}
[300.662063] (px4_msgs) StdoutLine: {'line': b'[ 41%] Building C object CMakeFiles/px4_msgs__rosidl_typesupport_introspection_c.dir/rosidl_typesupport_introspection_c/px4_msgs/msg/detail/debug_vect__type_support.c.o\n'}
[300.680221] (-) TimerEvent: {}
[300.685303] (px4_msgs) StdoutLine: {'line': b'[ 41%] Building C object CMakeFiles/px4_msgs__rosidl_typesupport_introspection_c.dir/rosidl_typesupport_introspection_c/px4_msgs/msg/detail/differential_pressure__type_support.c.o\n'}
[300.709720] (px4_msgs) StdoutLine: {'line': b'[ 41%] Building C object CMakeFiles/px4_msgs__rosidl_typesupport_introspection_c.dir/rosidl_typesupport_introspection_c/px4_msgs/msg/detail/distance_sensor__type_support.c.o\n'}
[300.711941] (px4_msgs) StdoutLine: {'line': b'[ 41%] Building C object CMakeFiles/px4_msgs__rosidl_typesupport_introspection_c.dir/rosidl_typesupport_introspection_c/px4_msgs/msg/detail/distance_sensor_mode_change_request__type_support.c.o\n'}
[300.729592] (px4_msgs) StdoutLine: {'line': b'[ 41%] Building C object CMakeFiles/px4_msgs__rosidl_typesupport_introspection_c.dir/rosidl_typesupport_introspection_c/px4_msgs/msg/detail/dronecan_node_status__type_support.c.o\n'}
[300.742231] (px4_msgs) StdoutLine: {'line': b'[ 41%] Building C object CMakeFiles/px4_msgs__rosidl_typesupport_introspection_c.dir/rosidl_typesupport_introspection_c/px4_msgs/msg/detail/ekf2_timestamps__type_support.c.o\n'}
[300.757725] (px4_msgs) StdoutLine: {'line': b'[ 41%] Building C object CMakeFiles/px4_msgs__rosidl_typesupport_introspection_c.dir/rosidl_typesupport_introspection_c/px4_msgs/msg/detail/esc_report__type_support.c.o\n'}
[300.769831] (px4_msgs) StdoutLine: {'line': b'[ 41%] Building C object CMakeFiles/px4_msgs__rosidl_typesupport_introspection_c.dir/rosidl_typesupport_introspection_c/px4_msgs/msg/detail/esc_status__type_support.c.o\n'}
[300.780323] (-) TimerEvent: {}
[300.805107] (px4_msgs) StdoutLine: {'line': b'[ 41%] Building C object CMakeFiles/px4_msgs__rosidl_typesupport_introspection_c.dir/rosidl_typesupport_introspection_c/px4_msgs/msg/detail/estimator_aid_source1d__type_support.c.o\n'}
[300.807321] (px4_msgs) StdoutLine: {'line': b'[ 41%] Building C object CMakeFiles/px4_msgs__rosidl_typesupport_introspection_c.dir/rosidl_typesupport_introspection_c/px4_msgs/msg/detail/estimator_aid_source2d__type_support.c.o\n'}
[300.823212] (px4_msgs) StdoutLine: {'line': b'[ 41%] Building C object CMakeFiles/px4_msgs__rosidl_typesupport_introspection_c.dir/rosidl_typesupport_introspection_c/px4_msgs/msg/detail/estimator_aid_source3d__type_support.c.o\n'}
[300.841716] (px4_msgs) StdoutLine: {'line': b'[ 41%] Building C object CMakeFiles/px4_msgs__rosidl_typesupport_introspection_c.dir/rosidl_typesupport_introspection_c/px4_msgs/msg/detail/estimator_bias3d__type_support.c.o\n'}
[300.845405] (px4_msgs) StdoutLine: {'line': b'[ 41%] Building C object CMakeFiles/px4_msgs__rosidl_typesupport_introspection_c.dir/rosidl_typesupport_introspection_c/px4_msgs/msg/detail/estimator_bias__type_support.c.o\n'}
[300.852063] (px4_msgs) StdoutLine: {'line': b'[ 41%] Building C object CMakeFiles/px4_msgs__rosidl_typesupport_introspection_c.dir/rosidl_typesupport_introspection_c/px4_msgs/msg/detail/estimator_event_flags__type_support.c.o\n'}
[300.881716] (-) TimerEvent: {}
[300.893618] (px4_msgs) StdoutLine: {'line': b'[ 41%] Building C object CMakeFiles/px4_msgs__rosidl_typesupport_introspection_c.dir/rosidl_typesupport_introspection_c/px4_msgs/msg/detail/estimator_gps_status__type_support.c.o\n'}
[300.924702] (px4_msgs) StdoutLine: {'line': b'[ 41%] Building C object CMakeFiles/px4_msgs__rosidl_typesupport_introspection_c.dir/rosidl_typesupport_introspection_c/px4_msgs/msg/detail/estimator_selector_status__type_support.c.o\n'}
[300.926718] (px4_msgs) StdoutLine: {'line': b'[ 41%] Building C object CMakeFiles/px4_msgs__rosidl_typesupport_introspection_c.dir/rosidl_typesupport_introspection_c/px4_msgs/msg/detail/estimator_innovations__type_support.c.o\n'}
[300.927353] (px4_msgs) StdoutLine: {'line': b'[ 41%] Building C object CMakeFiles/px4_msgs__rosidl_typesupport_introspection_c.dir/rosidl_typesupport_introspection_c/px4_msgs/msg/detail/estimator_sensor_bias__type_support.c.o\n'}
[300.935958] (px4_msgs) StdoutLine: {'line': b'[ 42%] Building C object CMakeFiles/px4_msgs__rosidl_typesupport_introspection_c.dir/rosidl_typesupport_introspection_c/px4_msgs/msg/detail/estimator_status__type_support.c.o\n'}
[300.938234] (px4_msgs) StdoutLine: {'line': b'[ 42%] Building C object CMakeFiles/px4_msgs__rosidl_typesupport_introspection_c.dir/rosidl_typesupport_introspection_c/px4_msgs/msg/detail/estimator_states__type_support.c.o\n'}
[300.981816] (-) TimerEvent: {}
[301.000737] (px4_msgs) StdoutLine: {'line': b'[ 42%] Building C object CMakeFiles/px4_msgs__rosidl_typesupport_introspection_c.dir/rosidl_typesupport_introspection_c/px4_msgs/msg/detail/estimator_status_flags__type_support.c.o\n'}
[301.016875] (px4_msgs) StdoutLine: {'line': b'[ 42%] Building C object CMakeFiles/px4_msgs__rosidl_typesupport_introspection_c.dir/rosidl_typesupport_introspection_c/px4_msgs/msg/detail/failsafe_flags__type_support.c.o\n'}
[301.017089] (px4_msgs) StdoutLine: {'line': b'[ 42%] Building C object CMakeFiles/px4_msgs__rosidl_typesupport_introspection_c.dir/rosidl_typesupport_introspection_c/px4_msgs/msg/detail/event__type_support.c.o\n'}
[301.044380] (px4_msgs) StdoutLine: {'line': b'[ 42%] Building C object CMakeFiles/px4_msgs__rosidl_typesupport_introspection_c.dir/rosidl_typesupport_introspection_c/px4_msgs/msg/detail/failure_detector_status__type_support.c.o\n'}
[301.048204] (px4_msgs) StdoutLine: {'line': b'[ 42%] Building C object CMakeFiles/px4_msgs__rosidl_typesupport_introspection_c.dir/rosidl_typesupport_introspection_c/px4_msgs/msg/detail/figure_eight_status__type_support.c.o\n'}
[301.065455] (px4_msgs) StdoutLine: {'line': b'[ 42%] Building C object CMakeFiles/px4_msgs__rosidl_typesupport_introspection_c.dir/rosidl_typesupport_introspection_c/px4_msgs/msg/detail/fixed_wing_lateral_guidance_status__type_support.c.o\n'}
[301.081915] (-) TimerEvent: {}
[301.114706] (px4_msgs) StdoutLine: {'line': b'[ 42%] Building C object CMakeFiles/px4_msgs__rosidl_typesupport_introspection_c.dir/rosidl_typesupport_introspection_c/px4_msgs/msg/detail/fixed_wing_lateral_setpoint__type_support.c.o\n'}
[301.124724] (px4_msgs) StdoutLine: {'line': b'[ 42%] Building C object CMakeFiles/px4_msgs__rosidl_typesupport_introspection_c.dir/rosidl_typesupport_introspection_c/px4_msgs/msg/detail/fixed_wing_lateral_status__type_support.c.o\n'}
[301.131806] (px4_msgs) StdoutLine: {'line': b'[ 42%] Building C object CMakeFiles/px4_msgs__rosidl_typesupport_introspection_c.dir/rosidl_typesupport_introspection_c/px4_msgs/msg/detail/fixed_wing_longitudinal_setpoint__type_support.c.o\n'}
[301.158831] (px4_msgs) StdoutLine: {'line': b'[ 42%] Building C object CMakeFiles/px4_msgs__rosidl_typesupport_introspection_c.dir/rosidl_typesupport_introspection_c/px4_msgs/msg/detail/fixed_wing_runway_control__type_support.c.o\n'}
[301.169298] (px4_msgs) StdoutLine: {'line': b'[ 42%] Building C object CMakeFiles/px4_msgs__rosidl_typesupport_introspection_c.dir/rosidl_typesupport_introspection_c/px4_msgs/msg/detail/flight_phase_estimation__type_support.c.o\n'}
[301.177789] (px4_msgs) StdoutLine: {'line': b'[ 42%] Building C object CMakeFiles/px4_msgs__rosidl_typesupport_introspection_c.dir/rosidl_typesupport_introspection_c/px4_msgs/msg/detail/follow_target__type_support.c.o\n'}
[301.181996] (-) TimerEvent: {}
[301.210484] (px4_msgs) StdoutLine: {'line': b'[ 42%] Building C object CMakeFiles/px4_msgs__rosidl_typesupport_introspection_c.dir/rosidl_typesupport_introspection_c/px4_msgs/msg/detail/follow_target_estimator__type_support.c.o\n'}
[301.221955] (px4_msgs) StdoutLine: {'line': b'[ 42%] Building C object CMakeFiles/px4_msgs__rosidl_typesupport_introspection_c.dir/rosidl_typesupport_introspection_c/px4_msgs/msg/detail/follow_target_status__type_support.c.o\n'}
[301.224555] (px4_msgs) StdoutLine: {'line': b'[ 42%] Building C object CMakeFiles/px4_msgs__rosidl_typesupport_introspection_c.dir/rosidl_typesupport_introspection_c/px4_msgs/msg/detail/fuel_tank_status__type_support.c.o\n'}
[301.241164] (px4_msgs) StdoutLine: {'line': b'[ 42%] Building C object CMakeFiles/px4_msgs__rosidl_typesupport_introspection_c.dir/rosidl_typesupport_introspection_c/px4_msgs/msg/detail/geofence_result__type_support.c.o\n'}
[301.245899] (px4_msgs) StdoutLine: {'line': b'[ 42%] Building C object CMakeFiles/px4_msgs__rosidl_typesupport_introspection_c.dir/rosidl_typesupport_introspection_c/px4_msgs/msg/detail/generator_status__type_support.c.o\n'}
[301.246106] (px4_msgs) StdoutLine: {'line': b'[ 42%] Building C object CMakeFiles/px4_msgs__rosidl_typesupport_introspection_c.dir/rosidl_typesupport_introspection_c/px4_msgs/msg/detail/geofence_status__type_support.c.o\n'}
[301.287703] (-) TimerEvent: {}
[301.307096] (px4_msgs) StdoutLine: {'line': b'[ 42%] Building C object CMakeFiles/px4_msgs__rosidl_typesupport_introspection_c.dir/rosidl_typesupport_introspection_c/px4_msgs/msg/detail/gimbal_controls__type_support.c.o\n'}
[301.312664] (px4_msgs) StdoutLine: {'line': b'[ 42%] Building C object CMakeFiles/px4_msgs__rosidl_typesupport_introspection_c.dir/rosidl_typesupport_introspection_c/px4_msgs/msg/detail/gimbal_device_attitude_status__type_support.c.o\n'}
[301.325686] (px4_msgs) StdoutLine: {'line': b'[ 42%] Building C object CMakeFiles/px4_msgs__rosidl_typesupport_introspection_c.dir/rosidl_typesupport_introspection_c/px4_msgs/msg/detail/gimbal_device_set_attitude__type_support.c.o\n'}
[301.328449] (px4_msgs) StdoutLine: {'line': b'[ 42%] Building C object CMakeFiles/px4_msgs__rosidl_typesupport_introspection_c.dir/rosidl_typesupport_introspection_c/px4_msgs/msg/detail/gimbal_device_information__type_support.c.o\n'}
[301.334382] (px4_msgs) StdoutLine: {'line': b'[ 42%] Building C object CMakeFiles/px4_msgs__rosidl_typesupport_introspection_c.dir/rosidl_typesupport_introspection_c/px4_msgs/msg/detail/gimbal_manager_information__type_support.c.o\n'}
[301.358059] (px4_msgs) StdoutLine: {'line': b'[ 43%] Building C object CMakeFiles/px4_msgs__rosidl_typesupport_introspection_c.dir/rosidl_typesupport_introspection_c/px4_msgs/msg/detail/gimbal_manager_set_attitude__type_support.c.o\n'}
[301.387958] (-) TimerEvent: {}
[301.402142] (px4_msgs) StdoutLine: {'line': b'[ 43%] Building C object CMakeFiles/px4_msgs__rosidl_typesupport_introspection_c.dir/rosidl_typesupport_introspection_c/px4_msgs/msg/detail/gimbal_manager_set_manual_control__type_support.c.o\n'}
[301.405495] (px4_msgs) StdoutLine: {'line': b'[ 43%] Building C object CMakeFiles/px4_msgs__rosidl_typesupport_introspection_c.dir/rosidl_typesupport_introspection_c/px4_msgs/msg/detail/gimbal_manager_status__type_support.c.o\n'}
[301.424721] (px4_msgs) StdoutLine: {'line': b'[ 43%] Building C object CMakeFiles/px4_msgs__rosidl_typesupport_introspection_c.dir/rosidl_typesupport_introspection_c/px4_msgs/msg/detail/goto_setpoint__type_support.c.o\n'}
[301.424988] (px4_msgs) StdoutLine: {'line': b'[ 43%] Building C object CMakeFiles/px4_msgs__rosidl_typesupport_introspection_c.dir/rosidl_typesupport_introspection_c/px4_msgs/msg/detail/gpio_config__type_support.c.o\n'}
[301.427220] (px4_msgs) StdoutLine: {'line': b'[ 43%] Building C object CMakeFiles/px4_msgs__rosidl_typesupport_introspection_c.dir/rosidl_typesupport_introspection_c/px4_msgs/msg/detail/gpio_in__type_support.c.o\n'}
[301.438731] (px4_msgs) StdoutLine: {'line': b'[ 43%] Building C object CMakeFiles/px4_msgs__rosidl_typesupport_introspection_c.dir/rosidl_typesupport_introspection_c/px4_msgs/msg/detail/gpio_out__type_support.c.o\n'}
[301.488034] (-) TimerEvent: {}
[301.503467] (px4_msgs) StdoutLine: {'line': b'[ 43%] Building C object CMakeFiles/px4_msgs__rosidl_typesupport_introspection_c.dir/rosidl_typesupport_introspection_c/px4_msgs/msg/detail/gpio_request__type_support.c.o\n'}
[301.505187] (px4_msgs) StdoutLine: {'line': b'[ 43%] Building C object CMakeFiles/px4_msgs__rosidl_typesupport_introspection_c.dir/rosidl_typesupport_introspection_c/px4_msgs/msg/detail/gps_dump__type_support.c.o\n'}
[301.513098] (px4_msgs) StdoutLine: {'line': b'[ 43%] Building C object CMakeFiles/px4_msgs__rosidl_typesupport_introspection_c.dir/rosidl_typesupport_introspection_c/px4_msgs/msg/detail/gps_inject_data__type_support.c.o\n'}
[301.548728] (px4_msgs) StdoutLine: {'line': b'[ 43%] Building C object CMakeFiles/px4_msgs__rosidl_typesupport_introspection_c.dir/rosidl_typesupport_introspection_c/px4_msgs/msg/detail/gripper__type_support.c.o\n'}
[301.559921] (px4_msgs) StdoutLine: {'line': b'[ 43%] Building C object CMakeFiles/px4_msgs__rosidl_typesupport_introspection_c.dir/rosidl_typesupport_introspection_c/px4_msgs/msg/detail/heater_status__type_support.c.o\n'}
[301.560151] (px4_msgs) StdoutLine: {'line': b'[ 43%] Building C object CMakeFiles/px4_msgs__rosidl_typesupport_introspection_c.dir/rosidl_typesupport_introspection_c/px4_msgs/msg/detail/health_report__type_support.c.o\n'}
[301.588207] (-) TimerEvent: {}
[301.595100] (px4_msgs) StdoutLine: {'line': b'[ 43%] Building C object CMakeFiles/px4_msgs__rosidl_typesupport_introspection_c.dir/rosidl_typesupport_introspection_c/px4_msgs/msg/detail/home_position__type_support.c.o\n'}
[301.598495] (px4_msgs) StdoutLine: {'line': b'[ 43%] Building C object CMakeFiles/px4_msgs__rosidl_typesupport_introspection_c.dir/rosidl_typesupport_introspection_c/px4_msgs/msg/detail/hover_thrust_estimate__type_support.c.o\n'}
[301.604158] (px4_msgs) StdoutLine: {'line': b'[ 43%] Building C object CMakeFiles/px4_msgs__rosidl_typesupport_introspection_c.dir/rosidl_typesupport_introspection_c/px4_msgs/msg/detail/input_rc__type_support.c.o\n'}
[301.624317] (px4_msgs) StdoutLine: {'line': b'[ 43%] Building C object CMakeFiles/px4_msgs__rosidl_typesupport_introspection_c.dir/rosidl_typesupport_introspection_c/px4_msgs/msg/detail/internal_combustion_engine_status__type_support.c.o\n'}
[301.644844] (px4_msgs) StdoutLine: {'line': b'[ 43%] Building C object CMakeFiles/px4_msgs__rosidl_typesupport_introspection_c.dir/rosidl_typesupport_introspection_c/px4_msgs/msg/detail/internal_combustion_engine_control__type_support.c.o\n'}
[301.648743] (px4_msgs) StdoutLine: {'line': b'[ 43%] Building C object CMakeFiles/px4_msgs__rosidl_typesupport_introspection_c.dir/rosidl_typesupport_introspection_c/px4_msgs/msg/detail/iridiumsbd_status__type_support.c.o\n'}
[301.683847] (px4_msgs) StdoutLine: {'line': b'[ 43%] Building C object CMakeFiles/px4_msgs__rosidl_typesupport_introspection_c.dir/rosidl_typesupport_introspection_c/px4_msgs/msg/detail/irlock_report__type_support.c.o\n'}
[301.688306] (-) TimerEvent: {}
[301.695810] (px4_msgs) StdoutLine: {'line': b'[ 43%] Building C object CMakeFiles/px4_msgs__rosidl_typesupport_introspection_c.dir/rosidl_typesupport_introspection_c/px4_msgs/msg/detail/landing_gear__type_support.c.o\n'}
[301.698725] (px4_msgs) StdoutLine: {'line': b'[ 43%] Building C object CMakeFiles/px4_msgs__rosidl_typesupport_introspection_c.dir/rosidl_typesupport_introspection_c/px4_msgs/msg/detail/landing_gear_wheel__type_support.c.o\n'}
[301.720741] (px4_msgs) StdoutLine: {'line': b'[ 43%] Building C object CMakeFiles/px4_msgs__rosidl_typesupport_introspection_c.dir/rosidl_typesupport_introspection_c/px4_msgs/msg/detail/landing_target_innovations__type_support.c.o\n'}
[301.731640] (px4_msgs) StdoutLine: {'line': b'[ 44%] Building C object CMakeFiles/px4_msgs__rosidl_typesupport_introspection_c.dir/rosidl_typesupport_introspection_c/px4_msgs/msg/detail/lateral_control_configuration__type_support.c.o\n'}
[301.734085] (px4_msgs) StdoutLine: {'line': b'[ 44%] Building C object CMakeFiles/px4_msgs__rosidl_typesupport_introspection_c.dir/rosidl_typesupport_introspection_c/px4_msgs/msg/detail/landing_target_pose__type_support.c.o\n'}
[301.772854] (px4_msgs) StdoutLine: {'line': b'[ 44%] Building C object CMakeFiles/px4_msgs__rosidl_typesupport_introspection_c.dir/rosidl_typesupport_introspection_c/px4_msgs/msg/detail/launch_detection_status__type_support.c.o\n'}
[301.779725] (px4_msgs) StdoutLine: {'line': b'[ 44%] Building C object CMakeFiles/px4_msgs__rosidl_typesupport_introspection_c.dir/rosidl_typesupport_introspection_c/px4_msgs/msg/detail/log_message__type_support.c.o\n'}
[301.779958] (px4_msgs) StdoutLine: {'line': b'[ 44%] Building C object CMakeFiles/px4_msgs__rosidl_typesupport_introspection_c.dir/rosidl_typesupport_introspection_c/px4_msgs/msg/detail/logger_status__type_support.c.o\n'}
[301.786867] (px4_msgs) StdoutLine: {'line': b'[ 44%] Building C object CMakeFiles/px4_msgs__rosidl_typesupport_introspection_c.dir/rosidl_typesupport_introspection_c/px4_msgs/msg/detail/led_control__type_support.c.o\n'}
[301.788382] (-) TimerEvent: {}
[301.805618] (px4_msgs) StdoutLine: {'line': b'[ 44%] Building C object CMakeFiles/px4_msgs__rosidl_typesupport_introspection_c.dir/rosidl_typesupport_introspection_c/px4_msgs/msg/detail/longitudinal_control_configuration__type_support.c.o\n'}
[301.833166] (px4_msgs) StdoutLine: {'line': b'[ 44%] Building C object CMakeFiles/px4_msgs__rosidl_typesupport_introspection_c.dir/rosidl_typesupport_introspection_c/px4_msgs/msg/detail/mag_worker_data__type_support.c.o\n'}
[301.846716] (px4_msgs) StdoutLine: {'line': b'[ 44%] Building C object CMakeFiles/px4_msgs__rosidl_typesupport_introspection_c.dir/rosidl_typesupport_introspection_c/px4_msgs/msg/detail/magnetometer_bias_estimate__type_support.c.o\n'}
[301.848212] (px4_msgs) StdoutLine: {'line': b'[ 44%] Building C object CMakeFiles/px4_msgs__rosidl_typesupport_introspection_c.dir/rosidl_typesupport_introspection_c/px4_msgs/msg/detail/manual_control_setpoint__type_support.c.o\n'}
[301.853538] (px4_msgs) StdoutLine: {'line': b'[ 44%] Building C object CMakeFiles/px4_msgs__rosidl_typesupport_introspection_c.dir/rosidl_typesupport_introspection_c/px4_msgs/msg/detail/manual_control_switches__type_support.c.o\n'}
[301.866352] (px4_msgs) StdoutLine: {'line': b'[ 44%] Building C object CMakeFiles/px4_msgs__rosidl_typesupport_introspection_c.dir/rosidl_typesupport_introspection_c/px4_msgs/msg/detail/mavlink_log__type_support.c.o\n'}
[301.885551] (px4_msgs) StdoutLine: {'line': b'[ 44%] Building C object CMakeFiles/px4_msgs__rosidl_typesupport_introspection_c.dir/rosidl_typesupport_introspection_c/px4_msgs/msg/detail/mavlink_tunnel__type_support.c.o\n'}
[301.888484] (-) TimerEvent: {}
[301.923217] (px4_msgs) StdoutLine: {'line': b'[ 44%] Building C object CMakeFiles/px4_msgs__rosidl_typesupport_introspection_c.dir/rosidl_typesupport_introspection_c/px4_msgs/msg/detail/message_format_request__type_support.c.o\n'}
[301.939862] (px4_msgs) StdoutLine: {'line': b'[ 44%] Building C object CMakeFiles/px4_msgs__rosidl_typesupport_introspection_c.dir/rosidl_typesupport_introspection_c/px4_msgs/msg/detail/message_format_response__type_support.c.o\n'}
[301.940099] (px4_msgs) StdoutLine: {'line': b'[ 44%] Building C object CMakeFiles/px4_msgs__rosidl_typesupport_introspection_c.dir/rosidl_typesupport_introspection_c/px4_msgs/msg/detail/mission__type_support.c.o\n'}
[301.952140] (px4_msgs) StdoutLine: {'line': b'[ 44%] Building C object CMakeFiles/px4_msgs__rosidl_typesupport_introspection_c.dir/rosidl_typesupport_introspection_c/px4_msgs/msg/detail/mode_completed__type_support.c.o\n'}
[301.955146] (px4_msgs) StdoutLine: {'line': b'[ 44%] Building C object CMakeFiles/px4_msgs__rosidl_typesupport_introspection_c.dir/rosidl_typesupport_introspection_c/px4_msgs/msg/detail/mission_result__type_support.c.o\n'}
[301.990730] (-) TimerEvent: {}
[301.991777] (px4_msgs) StdoutLine: {'line': b'[ 44%] Building C object CMakeFiles/px4_msgs__rosidl_typesupport_introspection_c.dir/rosidl_typesupport_introspection_c/px4_msgs/msg/detail/mount_orientation__type_support.c.o\n'}
[302.029369] (px4_msgs) StdoutLine: {'line': b'[ 44%] Building C object CMakeFiles/px4_msgs__rosidl_typesupport_introspection_c.dir/rosidl_typesupport_introspection_c/px4_msgs/msg/detail/navigator_mission_item__type_support.c.o\n'}
[302.035211] (px4_msgs) StdoutLine: {'line': b'[ 44%] Building C object CMakeFiles/px4_msgs__rosidl_typesupport_introspection_c.dir/rosidl_typesupport_introspection_c/px4_msgs/msg/detail/navigator_status__type_support.c.o\n'}
[302.047835] (px4_msgs) StdoutLine: {'line': b'[ 44%] Building C object CMakeFiles/px4_msgs__rosidl_typesupport_introspection_c.dir/rosidl_typesupport_introspection_c/px4_msgs/msg/detail/neural_control__type_support.c.o\n'}
[302.053249] (px4_msgs) StdoutLine: {'line': b'[ 44%] Building C object CMakeFiles/px4_msgs__rosidl_typesupport_introspection_c.dir/rosidl_typesupport_introspection_c/px4_msgs/msg/detail/normalized_unsigned_setpoint__type_support.c.o\n'}
[302.059435] (px4_msgs) StdoutLine: {'line': b'[ 44%] Building C object CMakeFiles/px4_msgs__rosidl_typesupport_introspection_c.dir/rosidl_typesupport_introspection_c/px4_msgs/msg/detail/obstacle_distance__type_support.c.o\n'}
[302.077864] (px4_msgs) StdoutLine: {'line': b'[ 44%] Building C object CMakeFiles/px4_msgs__rosidl_typesupport_introspection_c.dir/rosidl_typesupport_introspection_c/px4_msgs/msg/detail/offboard_control_mode__type_support.c.o\n'}
[302.093771] (-) TimerEvent: {}
[302.115942] (px4_msgs) StdoutLine: {'line': b'[ 45%] Building C object CMakeFiles/px4_msgs__rosidl_typesupport_introspection_c.dir/rosidl_typesupport_introspection_c/px4_msgs/msg/detail/onboard_computer_status__type_support.c.o\n'}
[302.137157] (px4_msgs) StdoutLine: {'line': b'[ 45%] Building C object CMakeFiles/px4_msgs__rosidl_typesupport_introspection_c.dir/rosidl_typesupport_introspection_c/px4_msgs/msg/detail/open_drone_id_arm_status__type_support.c.o\n'}
[302.140757] (px4_msgs) StdoutLine: {'line': b'[ 45%] Building C object CMakeFiles/px4_msgs__rosidl_typesupport_introspection_c.dir/rosidl_typesupport_introspection_c/px4_msgs/msg/detail/open_drone_id_operator_id__type_support.c.o\n'}
[302.155558] (px4_msgs) StdoutLine: {'line': b'[ 45%] Building C object CMakeFiles/px4_msgs__rosidl_typesupport_introspection_c.dir/rosidl_typesupport_introspection_c/px4_msgs/msg/detail/open_drone_id_self_id__type_support.c.o\n'}
[302.177872] (px4_msgs) StdoutLine: {'line': b'[ 45%] Building C object CMakeFiles/px4_msgs__rosidl_typesupport_introspection_c.dir/rosidl_typesupport_introspection_c/px4_msgs/msg/detail/open_drone_id_system__type_support.c.o\n'}
[302.178117] (px4_msgs) StdoutLine: {'line': b'[ 45%] Building C object CMakeFiles/px4_msgs__rosidl_typesupport_introspection_c.dir/rosidl_typesupport_introspection_c/px4_msgs/msg/detail/orb_test__type_support.c.o\n'}
[302.195733] (-) TimerEvent: {}
[302.221941] (px4_msgs) StdoutLine: {'line': b'[ 45%] Building C object CMakeFiles/px4_msgs__rosidl_typesupport_introspection_c.dir/rosidl_typesupport_introspection_c/px4_msgs/msg/detail/orb_test_large__type_support.c.o\n'}
[302.239186] (px4_msgs) StdoutLine: {'line': b'[ 45%] Building C object CMakeFiles/px4_msgs__rosidl_typesupport_introspection_c.dir/rosidl_typesupport_introspection_c/px4_msgs/msg/detail/orbit_status__type_support.c.o\n'}
[302.244275] (px4_msgs) StdoutLine: {'line': b'[ 45%] Building C object CMakeFiles/px4_msgs__rosidl_typesupport_introspection_c.dir/rosidl_typesupport_introspection_c/px4_msgs/msg/detail/orb_test_medium__type_support.c.o\n'}
[302.271262] (px4_msgs) StdoutLine: {'line': b'[ 45%] Building C object CMakeFiles/px4_msgs__rosidl_typesupport_introspection_c.dir/rosidl_typesupport_introspection_c/px4_msgs/msg/detail/parameter_reset_request__type_support.c.o\n'}
[302.272566] (px4_msgs) StdoutLine: {'line': b'[ 45%] Building C object CMakeFiles/px4_msgs__rosidl_typesupport_introspection_c.dir/rosidl_typesupport_introspection_c/px4_msgs/msg/detail/parameter_set_value_request__type_support.c.o\n'}
[302.278449] (px4_msgs) StdoutLine: {'line': b'[ 45%] Building C object CMakeFiles/px4_msgs__rosidl_typesupport_introspection_c.dir/rosidl_typesupport_introspection_c/px4_msgs/msg/detail/parameter_set_used_request__type_support.c.o\n'}
[302.293005] (px4_msgs) StdoutLine: {'line': b'[ 45%] Building C object CMakeFiles/px4_msgs__rosidl_typesupport_introspection_c.dir/rosidl_typesupport_introspection_c/px4_msgs/msg/detail/parameter_set_value_response__type_support.c.o\n'}
[302.295889] (-) TimerEvent: {}
[302.311996] (px4_msgs) StdoutLine: {'line': b'[ 45%] Building C object CMakeFiles/px4_msgs__rosidl_typesupport_introspection_c.dir/rosidl_typesupport_introspection_c/px4_msgs/msg/detail/parameter_update__type_support.c.o\n'}
[302.338723] (px4_msgs) StdoutLine: {'line': b'[ 45%] Building C object CMakeFiles/px4_msgs__rosidl_typesupport_introspection_c.dir/rosidl_typesupport_introspection_c/px4_msgs/msg/detail/ping__type_support.c.o\n'}
[302.343932] (px4_msgs) StdoutLine: {'line': b'[ 45%] Building C object CMakeFiles/px4_msgs__rosidl_typesupport_introspection_c.dir/rosidl_typesupport_introspection_c/px4_msgs/msg/detail/position_controller_landing_status__type_support.c.o\n'}
[302.354760] (px4_msgs) StdoutLine: {'line': b'[ 45%] Building C object CMakeFiles/px4_msgs__rosidl_typesupport_introspection_c.dir/rosidl_typesupport_introspection_c/px4_msgs/msg/detail/position_controller_status__type_support.c.o\n'}
[302.379895] (px4_msgs) StdoutLine: {'line': b'[ 45%] Building C object CMakeFiles/px4_msgs__rosidl_typesupport_introspection_c.dir/rosidl_typesupport_introspection_c/px4_msgs/msg/detail/position_setpoint_triplet__type_support.c.o\n'}
[302.381726] (px4_msgs) StdoutLine: {'line': b'[ 45%] Building C object CMakeFiles/px4_msgs__rosidl_typesupport_introspection_c.dir/rosidl_typesupport_introspection_c/px4_msgs/msg/detail/position_setpoint__type_support.c.o\n'}
[302.396681] (-) TimerEvent: {}
[302.404784] (px4_msgs) StdoutLine: {'line': b'[ 45%] Building C object CMakeFiles/px4_msgs__rosidl_typesupport_introspection_c.dir/rosidl_typesupport_introspection_c/px4_msgs/msg/detail/power_button_state__type_support.c.o\n'}
[302.414642] (px4_msgs) StdoutLine: {'line': b'[ 45%] Building C object CMakeFiles/px4_msgs__rosidl_typesupport_introspection_c.dir/rosidl_typesupport_introspection_c/px4_msgs/msg/detail/power_monitor__type_support.c.o\n'}
[302.430073] (px4_msgs) StdoutLine: {'line': b'[ 45%] Building C object CMakeFiles/px4_msgs__rosidl_typesupport_introspection_c.dir/rosidl_typesupport_introspection_c/px4_msgs/msg/detail/pps_capture__type_support.c.o\n'}
[302.443163] (px4_msgs) StdoutLine: {'line': b'[ 45%] Building C object CMakeFiles/px4_msgs__rosidl_typesupport_introspection_c.dir/rosidl_typesupport_introspection_c/px4_msgs/msg/detail/pure_pursuit_status__type_support.c.o\n'}
[302.471897] (px4_msgs) StdoutLine: {'line': b'[ 45%] Building C object CMakeFiles/px4_msgs__rosidl_typesupport_introspection_c.dir/rosidl_typesupport_introspection_c/px4_msgs/msg/detail/pwm_input__type_support.c.o\n'}
[302.477840] (px4_msgs) StdoutLine: {'line': b'[ 46%] Building C object CMakeFiles/px4_msgs__rosidl_typesupport_introspection_c.dir/rosidl_typesupport_introspection_c/px4_msgs/msg/detail/px4io_status__type_support.c.o\n'}
[302.490747] (px4_msgs) StdoutLine: {'line': b'[ 46%] Building C object CMakeFiles/px4_msgs__rosidl_typesupport_introspection_c.dir/rosidl_typesupport_introspection_c/px4_msgs/msg/detail/qshell_req__type_support.c.o\n'}
[302.496763] (-) TimerEvent: {}
[302.516794] (px4_msgs) StdoutLine: {'line': b'[ 46%] Building C object CMakeFiles/px4_msgs__rosidl_typesupport_introspection_c.dir/rosidl_typesupport_introspection_c/px4_msgs/msg/detail/qshell_retval__type_support.c.o\n'}
[302.517932] (px4_msgs) StdoutLine: {'line': b'[ 46%] Building C object CMakeFiles/px4_msgs__rosidl_typesupport_introspection_c.dir/rosidl_typesupport_introspection_c/px4_msgs/msg/detail/radio_status__type_support.c.o\n'}
[302.526002] (px4_msgs) StdoutLine: {'line': b'[ 46%] Building C object CMakeFiles/px4_msgs__rosidl_typesupport_introspection_c.dir/rosidl_typesupport_introspection_c/px4_msgs/msg/detail/rate_ctrl_status__type_support.c.o\n'}
[302.552727] (px4_msgs) StdoutLine: {'line': b'[ 46%] Building C object CMakeFiles/px4_msgs__rosidl_typesupport_introspection_c.dir/rosidl_typesupport_introspection_c/px4_msgs/msg/detail/rc_channels__type_support.c.o\n'}
[302.573186] (px4_msgs) StdoutLine: {'line': b'[ 46%] Building C object CMakeFiles/px4_msgs__rosidl_typesupport_introspection_c.dir/rosidl_typesupport_introspection_c/px4_msgs/msg/detail/rc_parameter_map__type_support.c.o\n'}
[302.585572] (px4_msgs) StdoutLine: {'line': b'[ 46%] Building C object CMakeFiles/px4_msgs__rosidl_typesupport_introspection_c.dir/rosidl_typesupport_introspection_c/px4_msgs/msg/detail/register_ext_component_reply__type_support.c.o\n'}
[302.594845] (px4_msgs) StdoutLine: {'line': b'[ 46%] Building C object CMakeFiles/px4_msgs__rosidl_typesupport_introspection_c.dir/rosidl_typesupport_introspection_c/px4_msgs/msg/detail/register_ext_component_request__type_support.c.o\n'}
[302.596851] (-) TimerEvent: {}
[302.606951] (px4_msgs) StdoutLine: {'line': b'[ 46%] Building C object CMakeFiles/px4_msgs__rosidl_typesupport_introspection_c.dir/rosidl_typesupport_introspection_c/px4_msgs/msg/detail/rover_attitude_setpoint__type_support.c.o\n'}
[302.630829] (px4_msgs) StdoutLine: {'line': b'[ 46%] Building C object CMakeFiles/px4_msgs__rosidl_typesupport_introspection_c.dir/rosidl_typesupport_introspection_c/px4_msgs/msg/detail/rover_attitude_status__type_support.c.o\n'}
[302.635139] (px4_msgs) StdoutLine: {'line': b'[ 46%] Building C object CMakeFiles/px4_msgs__rosidl_typesupport_introspection_c.dir/rosidl_typesupport_introspection_c/px4_msgs/msg/detail/rover_position_setpoint__type_support.c.o\n'}
[302.664749] (px4_msgs) StdoutLine: {'line': b'[ 46%] Building C object CMakeFiles/px4_msgs__rosidl_typesupport_introspection_c.dir/rosidl_typesupport_introspection_c/px4_msgs/msg/detail/rover_rate_setpoint__type_support.c.o\n'}
[302.679155] (px4_msgs) StdoutLine: {'line': b'[ 46%] Building C object CMakeFiles/px4_msgs__rosidl_typesupport_introspection_c.dir/rosidl_typesupport_introspection_c/px4_msgs/msg/detail/rover_speed_setpoint__type_support.c.o\n'}
[302.679375] (px4_msgs) StdoutLine: {'line': b'[ 46%] Building C object CMakeFiles/px4_msgs__rosidl_typesupport_introspection_c.dir/rosidl_typesupport_introspection_c/px4_msgs/msg/detail/rover_rate_status__type_support.c.o\n'}
[302.695617] (px4_msgs) StdoutLine: {'line': b'[ 46%] Building C object CMakeFiles/px4_msgs__rosidl_typesupport_introspection_c.dir/rosidl_typesupport_introspection_c/px4_msgs/msg/detail/rover_speed_status__type_support.c.o\n'}
[302.697328] (-) TimerEvent: {}
[302.705136] (px4_msgs) StdoutLine: {'line': b'[ 46%] Building C object CMakeFiles/px4_msgs__rosidl_typesupport_introspection_c.dir/rosidl_typesupport_introspection_c/px4_msgs/msg/detail/rover_steering_setpoint__type_support.c.o\n'}
[302.725840] (px4_msgs) StdoutLine: {'line': b'[ 46%] Building C object CMakeFiles/px4_msgs__rosidl_typesupport_introspection_c.dir/rosidl_typesupport_introspection_c/px4_msgs/msg/detail/rover_throttle_setpoint__type_support.c.o\n'}
[302.754872] (px4_msgs) StdoutLine: {'line': b'[ 46%] Building C object CMakeFiles/px4_msgs__rosidl_typesupport_introspection_c.dir/rosidl_typesupport_introspection_c/px4_msgs/msg/detail/rtl_status__type_support.c.o\n'}
[302.755597] (px4_msgs) StdoutLine: {'line': b'[ 46%] Building C object CMakeFiles/px4_msgs__rosidl_typesupport_introspection_c.dir/rosidl_typesupport_introspection_c/px4_msgs/msg/detail/rpm__type_support.c.o\n'}
[302.771839] (px4_msgs) StdoutLine: {'line': b'[ 46%] Building C object CMakeFiles/px4_msgs__rosidl_typesupport_introspection_c.dir/rosidl_typesupport_introspection_c/px4_msgs/msg/detail/rtl_time_estimate__type_support.c.o\n'}
[302.774636] (px4_msgs) StdoutLine: {'line': b'[ 46%] Building C object CMakeFiles/px4_msgs__rosidl_typesupport_introspection_c.dir/rosidl_typesupport_introspection_c/px4_msgs/msg/detail/sensor_accel__type_support.c.o\n'}
[302.785702] (px4_msgs) StdoutLine: {'line': b'[ 46%] Building C object CMakeFiles/px4_msgs__rosidl_typesupport_introspection_c.dir/rosidl_typesupport_introspection_c/px4_msgs/msg/detail/satellite_info__type_support.c.o\n'}
[302.797532] (-) TimerEvent: {}
[302.824852] (px4_msgs) StdoutLine: {'line': b'[ 46%] Building C object CMakeFiles/px4_msgs__rosidl_typesupport_introspection_c.dir/rosidl_typesupport_introspection_c/px4_msgs/msg/detail/sensor_accel_fifo__type_support.c.o\n'}
[302.833927] (px4_msgs) StdoutLine: {'line': b'[ 47%] Building C object CMakeFiles/px4_msgs__rosidl_typesupport_introspection_c.dir/rosidl_typesupport_introspection_c/px4_msgs/msg/detail/sensor_airflow__type_support.c.o\n'}
[302.846936] (px4_msgs) StdoutLine: {'line': b'[ 47%] Building C object CMakeFiles/px4_msgs__rosidl_typesupport_introspection_c.dir/rosidl_typesupport_introspection_c/px4_msgs/msg/detail/sensor_baro__type_support.c.o\n'}
[302.857240] (px4_msgs) StdoutLine: {'line': b'[ 47%] Building C object CMakeFiles/px4_msgs__rosidl_typesupport_introspection_c.dir/rosidl_typesupport_introspection_c/px4_msgs/msg/detail/sensor_combined__type_support.c.o\n'}
[302.857509] (px4_msgs) StdoutLine: {'line': b'[ 47%] Building C object CMakeFiles/px4_msgs__rosidl_typesupport_introspection_c.dir/rosidl_typesupport_introspection_c/px4_msgs/msg/detail/sensor_correction__type_support.c.o\n'}
[302.897292] (px4_msgs) StdoutLine: {'line': b'[ 47%] Building C object CMakeFiles/px4_msgs__rosidl_typesupport_introspection_c.dir/rosidl_typesupport_introspection_c/px4_msgs/msg/detail/sensor_gnss_relative__type_support.c.o\n'}
[302.898138] (-) TimerEvent: {}
[302.922135] (px4_msgs) StdoutLine: {'line': b'[ 47%] Building C object CMakeFiles/px4_msgs__rosidl_typesupport_introspection_c.dir/rosidl_typesupport_introspection_c/px4_msgs/msg/detail/sensor_gnss_status__type_support.c.o\n'}
[302.929184] (px4_msgs) StdoutLine: {'line': b'[ 47%] Building C object CMakeFiles/px4_msgs__rosidl_typesupport_introspection_c.dir/rosidl_typesupport_introspection_c/px4_msgs/msg/detail/sensor_gps__type_support.c.o\n'}
[302.938794] (px4_msgs) StdoutLine: {'line': b'[ 47%] Building C object CMakeFiles/px4_msgs__rosidl_typesupport_introspection_c.dir/rosidl_typesupport_introspection_c/px4_msgs/msg/detail/sensor_gyro__type_support.c.o\n'}
[302.942901] (px4_msgs) StdoutLine: {'line': b'[ 47%] Building C object CMakeFiles/px4_msgs__rosidl_typesupport_introspection_c.dir/rosidl_typesupport_introspection_c/px4_msgs/msg/detail/sensor_gyro_fft__type_support.c.o\n'}
[302.996969] (px4_msgs) StdoutLine: {'line': b'[ 47%] Building C object CMakeFiles/px4_msgs__rosidl_typesupport_introspection_c.dir/rosidl_typesupport_introspection_c/px4_msgs/msg/detail/sensor_gyro_fifo__type_support.c.o\n'}
[302.999468] (-) TimerEvent: {}
[303.005447] (px4_msgs) StdoutLine: {'line': b'[ 47%] Building C object CMakeFiles/px4_msgs__rosidl_typesupport_introspection_c.dir/rosidl_typesupport_introspection_c/px4_msgs/msg/detail/sensor_hygrometer__type_support.c.o\n'}
[303.025733] (px4_msgs) StdoutLine: {'line': b'[ 47%] Building C object CMakeFiles/px4_msgs__rosidl_typesupport_introspection_c.dir/rosidl_typesupport_introspection_c/px4_msgs/msg/detail/sensor_mag__type_support.c.o\n'}
[303.027562] (px4_msgs) StdoutLine: {'line': b'[ 47%] Building C object CMakeFiles/px4_msgs__rosidl_typesupport_introspection_c.dir/rosidl_typesupport_introspection_c/px4_msgs/msg/detail/sensor_optical_flow__type_support.c.o\n'}
[303.030716] (px4_msgs) StdoutLine: {'line': b'[ 47%] Building C object CMakeFiles/px4_msgs__rosidl_typesupport_introspection_c.dir/rosidl_typesupport_introspection_c/px4_msgs/msg/detail/sensor_selection__type_support.c.o\n'}
[303.036814] (px4_msgs) StdoutLine: {'line': b'[ 47%] Building C object CMakeFiles/px4_msgs__rosidl_typesupport_introspection_c.dir/rosidl_typesupport_introspection_c/px4_msgs/msg/detail/sensor_preflight_mag__type_support.c.o\n'}
[303.098159] (px4_msgs) StdoutLine: {'line': b'[ 47%] Building C object CMakeFiles/px4_msgs__rosidl_typesupport_introspection_c.dir/rosidl_typesupport_introspection_c/px4_msgs/msg/detail/sensor_uwb__type_support.c.o\n'}
[303.099612] (-) TimerEvent: {}
[303.110845] (px4_msgs) StdoutLine: {'line': b'[ 47%] Building C object CMakeFiles/px4_msgs__rosidl_typesupport_introspection_c.dir/rosidl_typesupport_introspection_c/px4_msgs/msg/detail/sensors_status__type_support.c.o\n'}
[303.122857] (px4_msgs) StdoutLine: {'line': b'[ 47%] Building C object CMakeFiles/px4_msgs__rosidl_typesupport_introspection_c.dir/rosidl_typesupport_introspection_c/px4_msgs/msg/detail/system_power__type_support.c.o\n'}
[303.131493] (px4_msgs) StdoutLine: {'line': b'[ 47%] Building C object CMakeFiles/px4_msgs__rosidl_typesupport_introspection_c.dir/rosidl_typesupport_introspection_c/px4_msgs/msg/detail/sensors_status_imu__type_support.c.o\n'}
[303.131822] (px4_msgs) StdoutLine: {'line': b'[ 47%] Building C object CMakeFiles/px4_msgs__rosidl_typesupport_introspection_c.dir/rosidl_typesupport_introspection_c/px4_msgs/msg/detail/task_stack_info__type_support.c.o\n'}
[303.139840] (px4_msgs) StdoutLine: {'line': b'[ 47%] Building C object CMakeFiles/px4_msgs__rosidl_typesupport_introspection_c.dir/rosidl_typesupport_introspection_c/px4_msgs/msg/detail/takeoff_status__type_support.c.o\n'}
[303.171171] (px4_msgs) StdoutLine: {'line': b'[ 47%] Building C object CMakeFiles/px4_msgs__rosidl_typesupport_introspection_c.dir/rosidl_typesupport_introspection_c/px4_msgs/msg/detail/tecs_status__type_support.c.o\n'}
[303.199721] (-) TimerEvent: {}
[303.215630] (px4_msgs) StdoutLine: {'line': b'[ 47%] Building C object CMakeFiles/px4_msgs__rosidl_typesupport_introspection_c.dir/rosidl_typesupport_introspection_c/px4_msgs/msg/detail/telemetry_status__type_support.c.o\n'}
[303.226152] (px4_msgs) StdoutLine: {'line': b'[ 48%] Building C object CMakeFiles/px4_msgs__rosidl_typesupport_introspection_c.dir/rosidl_typesupport_introspection_c/px4_msgs/msg/detail/tiltrotor_extra_controls__type_support.c.o\n'}
[303.234836] (px4_msgs) StdoutLine: {'line': b'[ 48%] Building C object CMakeFiles/px4_msgs__rosidl_typesupport_introspection_c.dir/rosidl_typesupport_introspection_c/px4_msgs/msg/detail/timesync_status__type_support.c.o\n'}
[303.242708] (px4_msgs) StdoutLine: {'line': b'[ 48%] Building C object CMakeFiles/px4_msgs__rosidl_typesupport_introspection_c.dir/rosidl_typesupport_introspection_c/px4_msgs/msg/detail/trajectory_setpoint6dof__type_support.c.o\n'}
[303.242919] (px4_msgs) StdoutLine: {'line': b'[ 48%] Building C object CMakeFiles/px4_msgs__rosidl_typesupport_introspection_c.dir/rosidl_typesupport_introspection_c/px4_msgs/msg/detail/trajectory_setpoint__type_support.c.o\n'}
[303.260837] (px4_msgs) StdoutLine: {'line': b'[ 48%] Building C object CMakeFiles/px4_msgs__rosidl_typesupport_introspection_c.dir/rosidl_typesupport_introspection_c/px4_msgs/msg/detail/transponder_report__type_support.c.o\n'}
[303.288245] (px4_msgs) StdoutLine: {'line': b'[ 48%] Building C object CMakeFiles/px4_msgs__rosidl_typesupport_introspection_c.dir/rosidl_typesupport_introspection_c/px4_msgs/msg/detail/tune_control__type_support.c.o\n'}
[303.299818] (-) TimerEvent: {}
[303.317165] (px4_msgs) StdoutLine: {'line': b'[ 48%] Building C object CMakeFiles/px4_msgs__rosidl_typesupport_introspection_c.dir/rosidl_typesupport_introspection_c/px4_msgs/msg/detail/uavcan_parameter_request__type_support.c.o\n'}
[303.322440] (px4_msgs) StdoutLine: {'line': b'[ 48%] Building C object CMakeFiles/px4_msgs__rosidl_typesupport_introspection_c.dir/rosidl_typesupport_introspection_c/px4_msgs/msg/detail/uavcan_parameter_value__type_support.c.o\n'}
[303.326250] (px4_msgs) StdoutLine: {'line': b'[ 48%] Building C object CMakeFiles/px4_msgs__rosidl_typesupport_introspection_c.dir/rosidl_typesupport_introspection_c/px4_msgs/msg/detail/ulog_stream__type_support.c.o\n'}
[303.349848] (px4_msgs) StdoutLine: {'line': b'[ 48%] Building C object CMakeFiles/px4_msgs__rosidl_typesupport_introspection_c.dir/rosidl_typesupport_introspection_c/px4_msgs/msg/detail/ulog_stream_ack__type_support.c.o\n'}
[303.365935] (px4_msgs) StdoutLine: {'line': b'[ 48%] Building C object CMakeFiles/px4_msgs__rosidl_typesupport_introspection_c.dir/rosidl_typesupport_introspection_c/px4_msgs/msg/detail/vehicle_acceleration__type_support.c.o\n'}
[303.366178] (px4_msgs) StdoutLine: {'line': b'[ 48%] Building C object CMakeFiles/px4_msgs__rosidl_typesupport_introspection_c.dir/rosidl_typesupport_introspection_c/px4_msgs/msg/detail/unregister_ext_component__type_support.c.o\n'}
[303.399912] (-) TimerEvent: {}
[303.409288] (px4_msgs) StdoutLine: {'line': b'[ 48%] Building C object CMakeFiles/px4_msgs__rosidl_typesupport_introspection_c.dir/rosidl_typesupport_introspection_c/px4_msgs/msg/detail/vehicle_air_data__type_support.c.o\n'}
[303.426854] (px4_msgs) StdoutLine: {'line': b'[ 48%] Building C object CMakeFiles/px4_msgs__rosidl_typesupport_introspection_c.dir/rosidl_typesupport_introspection_c/px4_msgs/msg/detail/vehicle_angular_acceleration_setpoint__type_support.c.o\n'}
[303.431397] (px4_msgs) StdoutLine: {'line': b'[ 48%] Building C object CMakeFiles/px4_msgs__rosidl_typesupport_introspection_c.dir/rosidl_typesupport_introspection_c/px4_msgs/msg/detail/vehicle_angular_velocity__type_support.c.o\n'}
[303.432775] (px4_msgs) StdoutLine: {'line': b'[ 48%] Building C object CMakeFiles/px4_msgs__rosidl_typesupport_introspection_c.dir/rosidl_typesupport_introspection_c/px4_msgs/msg/detail/vehicle_attitude__type_support.c.o\n'}
[303.465873] (px4_msgs) StdoutLine: {'line': b'[ 48%] Building C object CMakeFiles/px4_msgs__rosidl_typesupport_introspection_c.dir/rosidl_typesupport_introspection_c/px4_msgs/msg/detail/vehicle_attitude_setpoint__type_support.c.o\n'}
[303.466100] (px4_msgs) StdoutLine: {'line': b'[ 48%] Building C object CMakeFiles/px4_msgs__rosidl_typesupport_introspection_c.dir/rosidl_typesupport_introspection_c/px4_msgs/msg/detail/vehicle_command__type_support.c.o\n'}
[303.495749] (px4_msgs) StdoutLine: {'line': b'[ 48%] Building C object CMakeFiles/px4_msgs__rosidl_typesupport_introspection_c.dir/rosidl_typesupport_introspection_c/px4_msgs/msg/detail/vehicle_command_ack__type_support.c.o\n'}
[303.500015] (-) TimerEvent: {}
[303.515203] (px4_msgs) StdoutLine: {'line': b'[ 48%] Building C object CMakeFiles/px4_msgs__rosidl_typesupport_introspection_c.dir/rosidl_typesupport_introspection_c/px4_msgs/msg/detail/vehicle_constraints__type_support.c.o\n'}
[303.523269] (px4_msgs) StdoutLine: {'line': b'[ 48%] Building C object CMakeFiles/px4_msgs__rosidl_typesupport_introspection_c.dir/rosidl_typesupport_introspection_c/px4_msgs/msg/detail/vehicle_control_mode__type_support.c.o\n'}
[303.523503] (px4_msgs) StdoutLine: {'line': b'[ 48%] Building C object CMakeFiles/px4_msgs__rosidl_typesupport_introspection_c.dir/rosidl_typesupport_introspection_c/px4_msgs/msg/detail/vehicle_global_position__type_support.c.o\n'}
[303.546034] (px4_msgs) StdoutLine: {'line': b'[ 48%] Building C object CMakeFiles/px4_msgs__rosidl_typesupport_introspection_c.dir/rosidl_typesupport_introspection_c/px4_msgs/msg/detail/vehicle_imu__type_support.c.o\n'}
[303.561890] (px4_msgs) StdoutLine: {'line': b'[ 48%] Building C object CMakeFiles/px4_msgs__rosidl_typesupport_introspection_c.dir/rosidl_typesupport_introspection_c/px4_msgs/msg/detail/vehicle_imu_status__type_support.c.o\n'}
[303.572508] (px4_msgs) StdoutLine: {'line': b'[ 49%] Building C object CMakeFiles/px4_msgs__rosidl_typesupport_introspection_c.dir/rosidl_typesupport_introspection_c/px4_msgs/msg/detail/vehicle_land_detected__type_support.c.o\n'}
[303.582747] (px4_msgs) StdoutLine: {'line': b'[ 49%] Building C object CMakeFiles/px4_msgs__rosidl_typesupport_introspection_c.dir/rosidl_typesupport_introspection_c/px4_msgs/msg/detail/vehicle_local_position__type_support.c.o\n'}
[303.601720] (-) TimerEvent: {}
[303.616228] (px4_msgs) StdoutLine: {'line': b'[ 49%] Building C object CMakeFiles/px4_msgs__rosidl_typesupport_introspection_c.dir/rosidl_typesupport_introspection_c/px4_msgs/msg/detail/vehicle_local_position_setpoint__type_support.c.o\n'}
[303.630245] (px4_msgs) StdoutLine: {'line': b'[ 49%] Building C object CMakeFiles/px4_msgs__rosidl_typesupport_introspection_c.dir/rosidl_typesupport_introspection_c/px4_msgs/msg/detail/vehicle_magnetometer__type_support.c.o\n'}
[303.646920] (px4_msgs) StdoutLine: {'line': b'[ 49%] Building C object CMakeFiles/px4_msgs__rosidl_typesupport_introspection_c.dir/rosidl_typesupport_introspection_c/px4_msgs/msg/detail/vehicle_odometry__type_support.c.o\n'}
[303.662211] (px4_msgs) StdoutLine: {'line': b'[ 49%] Building C object CMakeFiles/px4_msgs__rosidl_typesupport_introspection_c.dir/rosidl_typesupport_introspection_c/px4_msgs/msg/detail/vehicle_optical_flow_vel__type_support.c.o\n'}
[303.667840] (px4_msgs) StdoutLine: {'line': b'[ 49%] Building C object CMakeFiles/px4_msgs__rosidl_typesupport_introspection_c.dir/rosidl_typesupport_introspection_c/px4_msgs/msg/detail/vehicle_optical_flow__type_support.c.o\n'}
[303.680034] (px4_msgs) StdoutLine: {'line': b'[ 49%] Building C object CMakeFiles/px4_msgs__rosidl_typesupport_introspection_c.dir/rosidl_typesupport_introspection_c/px4_msgs/msg/detail/vehicle_rates_setpoint__type_support.c.o\n'}
[303.701822] (-) TimerEvent: {}
[303.707139] (px4_msgs) StdoutLine: {'line': b'[ 49%] Building C object CMakeFiles/px4_msgs__rosidl_typesupport_introspection_c.dir/rosidl_typesupport_introspection_c/px4_msgs/msg/detail/vehicle_roi__type_support.c.o\n'}
[303.723176] (px4_msgs) StdoutLine: {'line': b'[ 49%] Building C object CMakeFiles/px4_msgs__rosidl_typesupport_introspection_c.dir/rosidl_typesupport_introspection_c/px4_msgs/msg/detail/vehicle_status__type_support.c.o\n'}
[303.755985] (px4_msgs) StdoutLine: {'line': b'[ 49%] Building C object CMakeFiles/px4_msgs__rosidl_typesupport_introspection_c.dir/rosidl_typesupport_introspection_c/px4_msgs/msg/detail/vehicle_thrust_setpoint__type_support.c.o\n'}
[303.768987] (px4_msgs) StdoutLine: {'line': b'[ 49%] Building C object CMakeFiles/px4_msgs__rosidl_typesupport_introspection_c.dir/rosidl_typesupport_introspection_c/px4_msgs/msg/detail/vehicle_torque_setpoint__type_support.c.o\n'}
[303.771663] (px4_msgs) StdoutLine: {'line': b'[ 49%] Building C object CMakeFiles/px4_msgs__rosidl_typesupport_introspection_c.dir/rosidl_typesupport_introspection_c/px4_msgs/msg/detail/velocity_limits__type_support.c.o\n'}
[303.782858] (px4_msgs) StdoutLine: {'line': b'[ 49%] Building C object CMakeFiles/px4_msgs__rosidl_typesupport_introspection_c.dir/rosidl_typesupport_introspection_c/px4_msgs/msg/detail/vtol_vehicle_status__type_support.c.o\n'}
[303.791871] (px4_msgs) StdoutLine: {'line': b'[ 49%] Building C object CMakeFiles/px4_msgs__rosidl_typesupport_introspection_c.dir/rosidl_typesupport_introspection_c/px4_msgs/msg/detail/wheel_encoders__type_support.c.o\n'}
[303.801916] (-) TimerEvent: {}
[303.834098] (px4_msgs) StdoutLine: {'line': b'[ 49%] Building C object CMakeFiles/px4_msgs__rosidl_typesupport_introspection_c.dir/rosidl_typesupport_introspection_c/px4_msgs/msg/detail/wind__type_support.c.o\n'}
[303.846723] (px4_msgs) StdoutLine: {'line': b'[ 49%] Building C object CMakeFiles/px4_msgs__rosidl_typesupport_introspection_c.dir/rosidl_typesupport_introspection_c/px4_msgs/msg/detail/yaw_estimator_status__type_support.c.o\n'}
[303.846998] (px4_msgs) StdoutLine: {'line': b'[ 49%] Building C object CMakeFiles/px4_msgs__rosidl_typesupport_introspection_c.dir/rosidl_typesupport_introspection_c/px4_msgs/srv/detail/vehicle_command__type_support.c.o\n'}
[303.902022] (-) TimerEvent: {}
[303.922197] (px4_msgs) StdoutLine: {'line': b'[ 49%] Linking C shared library libpx4_msgs__rosidl_typesupport_introspection_c.so\n'}
[304.002136] (-) TimerEvent: {}
[304.006738] (px4_msgs) StdoutLine: {'line': b'[ 49%] Built target px4_msgs__rosidl_typesupport_introspection_c\n'}
[304.034251] (px4_msgs) StdoutLine: {'line': b'[ 49%] Generating C type support for eProsima Fast-RTPS\n'}
[304.065328] (px4_msgs) StdoutLine: {'line': b'[ 49%] Generating C++ code for ROS interfaces\n'}
[304.102234] (-) TimerEvent: {}
[304.202387] (-) TimerEvent: {}
[304.302567] (-) TimerEvent: {}
[304.402710] (-) TimerEvent: {}
[304.502853] (-) TimerEvent: {}
[304.602991] (-) TimerEvent: {}
[304.703135] (-) TimerEvent: {}
[304.803271] (-) TimerEvent: {}
[304.903409] (-) TimerEvent: {}
[305.003549] (-) TimerEvent: {}
[305.103701] (-) TimerEvent: {}
[305.203845] (-) TimerEvent: {}
[305.304006] (-) TimerEvent: {}
[305.404159] (-) TimerEvent: {}
[305.504305] (-) TimerEvent: {}
[305.604447] (-) TimerEvent: {}
[305.704598] (-) TimerEvent: {}
[305.804752] (-) TimerEvent: {}
[305.904898] (-) TimerEvent: {}
[306.005049] (-) TimerEvent: {}
[306.105200] (-) TimerEvent: {}
[306.205350] (-) TimerEvent: {}
[306.305496] (-) TimerEvent: {}
[306.405640] (-) TimerEvent: {}
[306.505794] (-) TimerEvent: {}
[306.605945] (-) TimerEvent: {}
[306.706090] (-) TimerEvent: {}
[306.806240] (-) TimerEvent: {}
[306.906388] (-) TimerEvent: {}
[307.006527] (-) TimerEvent: {}
[307.106679] (-) TimerEvent: {}
[307.206839] (-) TimerEvent: {}
[307.306992] (-) TimerEvent: {}
[307.407140] (-) TimerEvent: {}
[307.507290] (-) TimerEvent: {}
[307.607444] (-) TimerEvent: {}
[307.707605] (-) TimerEvent: {}
[307.807706] (-) TimerEvent: {}
[307.907834] (-) TimerEvent: {}
[308.007979] (-) TimerEvent: {}
[308.108122] (-) TimerEvent: {}
[308.208261] (-) TimerEvent: {}
[308.308408] (-) TimerEvent: {}
[308.409711] (-) TimerEvent: {}
[308.509878] (-) TimerEvent: {}
[308.610176] (-) TimerEvent: {}
[308.710331] (-) TimerEvent: {}
[308.810489] (-) TimerEvent: {}
[308.910641] (-) TimerEvent: {}
[309.010802] (-) TimerEvent: {}
[309.110950] (-) TimerEvent: {}
[309.211100] (-) TimerEvent: {}
[309.311249] (-) TimerEvent: {}
[309.411391] (-) TimerEvent: {}
[309.511538] (-) TimerEvent: {}
[309.611686] (-) TimerEvent: {}
[309.711917] (-) TimerEvent: {}
[309.812289] (-) TimerEvent: {}
[309.912445] (-) TimerEvent: {}
[310.012595] (-) TimerEvent: {}
[310.112745] (-) TimerEvent: {}
[310.212896] (-) TimerEvent: {}
[310.313035] (-) TimerEvent: {}
[310.413187] (-) TimerEvent: {}
[310.513341] (-) TimerEvent: {}
[310.613489] (-) TimerEvent: {}
[310.713642] (-) TimerEvent: {}
[310.813798] (-) TimerEvent: {}
[310.913944] (-) TimerEvent: {}
[311.014089] (-) TimerEvent: {}
[311.114232] (-) TimerEvent: {}
[311.214369] (-) TimerEvent: {}
[311.314519] (-) TimerEvent: {}
[311.414677] (-) TimerEvent: {}
[311.514823] (-) TimerEvent: {}
[311.614968] (-) TimerEvent: {}
[311.715107] (-) TimerEvent: {}
[311.815245] (-) TimerEvent: {}
[311.915388] (-) TimerEvent: {}
[312.015533] (-) TimerEvent: {}
[312.115686] (-) TimerEvent: {}
[312.215828] (-) TimerEvent: {}
[312.315970] (-) TimerEvent: {}
[312.416114] (-) TimerEvent: {}
[312.516258] (-) TimerEvent: {}
[312.616399] (-) TimerEvent: {}
[312.716542] (-) TimerEvent: {}
[312.816691] (-) TimerEvent: {}
[312.916841] (-) TimerEvent: {}
[313.016994] (-) TimerEvent: {}
[313.117141] (-) TimerEvent: {}
[313.217292] (-) TimerEvent: {}
[313.317449] (-) TimerEvent: {}
[313.417601] (-) TimerEvent: {}
[313.517774] (-) TimerEvent: {}
[313.617920] (-) TimerEvent: {}
[313.718068] (-) TimerEvent: {}
[313.818219] (-) TimerEvent: {}
[313.918362] (-) TimerEvent: {}
[314.018516] (-) TimerEvent: {}
[314.118719] (-) TimerEvent: {}
[314.218894] (-) TimerEvent: {}
[314.319057] (-) TimerEvent: {}
[314.419203] (-) TimerEvent: {}
[314.519343] (-) TimerEvent: {}
[314.619489] (-) TimerEvent: {}
[314.719633] (-) TimerEvent: {}
[314.819786] (-) TimerEvent: {}
[314.919930] (-) TimerEvent: {}
[315.020077] (-) TimerEvent: {}
[315.120228] (-) TimerEvent: {}
[315.220369] (-) TimerEvent: {}
[315.320513] (-) TimerEvent: {}
[315.420663] (-) TimerEvent: {}
[315.520819] (-) TimerEvent: {}
[315.620988] (-) TimerEvent: {}
[315.721154] (-) TimerEvent: {}
[315.821314] (-) TimerEvent: {}
[315.921457] (-) TimerEvent: {}
[316.021600] (-) TimerEvent: {}
[316.121752] (-) TimerEvent: {}
[316.221901] (-) TimerEvent: {}
[316.322045] (-) TimerEvent: {}
[316.422193] (-) TimerEvent: {}
[316.522334] (-) TimerEvent: {}
[316.627710] (-) TimerEvent: {}
[316.727869] (-) TimerEvent: {}
[316.828016] (-) TimerEvent: {}
[316.928160] (-) TimerEvent: {}
[317.028308] (-) TimerEvent: {}
[317.128459] (-) TimerEvent: {}
[317.228609] (-) TimerEvent: {}
[317.329712] (-) TimerEvent: {}
[317.429872] (-) TimerEvent: {}
[317.530009] (-) TimerEvent: {}
[317.630159] (-) TimerEvent: {}
[317.730296] (-) TimerEvent: {}
[317.830436] (-) TimerEvent: {}
[317.930581] (-) TimerEvent: {}
[318.030709] (-) TimerEvent: {}
[318.130856] (-) TimerEvent: {}
[318.230993] (-) TimerEvent: {}
[318.331131] (-) TimerEvent: {}
[318.431280] (-) TimerEvent: {}
[318.531436] (-) TimerEvent: {}
[318.631583] (-) TimerEvent: {}
[318.731706] (-) TimerEvent: {}
[318.831851] (-) TimerEvent: {}
[318.931986] (-) TimerEvent: {}
[319.032133] (-) TimerEvent: {}
[319.132279] (-) TimerEvent: {}
[319.232417] (-) TimerEvent: {}
[319.332552] (-) TimerEvent: {}
[319.432703] (-) TimerEvent: {}
[319.532843] (-) TimerEvent: {}
[319.632983] (-) TimerEvent: {}
[319.733134] (-) TimerEvent: {}
[319.833285] (-) TimerEvent: {}
[319.933435] (-) TimerEvent: {}
[320.033575] (-) TimerEvent: {}
[320.133718] (-) TimerEvent: {}
[320.233862] (-) TimerEvent: {}
[320.334020] (-) TimerEvent: {}
[320.434177] (-) TimerEvent: {}
[320.534322] (-) TimerEvent: {}
[320.634468] (-) TimerEvent: {}
[320.734611] (-) TimerEvent: {}
[320.834709] (-) TimerEvent: {}
[320.934846] (-) TimerEvent: {}
[321.034991] (-) TimerEvent: {}
[321.135144] (-) TimerEvent: {}
[321.235293] (-) TimerEvent: {}
[321.335429] (-) TimerEvent: {}
[321.435573] (-) TimerEvent: {}
[321.535722] (-) TimerEvent: {}
[321.635868] (-) TimerEvent: {}
[321.736016] (-) TimerEvent: {}
[321.836165] (-) TimerEvent: {}
[321.936308] (-) TimerEvent: {}
[322.036453] (-) TimerEvent: {}
[322.136603] (-) TimerEvent: {}
[322.236744] (-) TimerEvent: {}
[322.336887] (-) TimerEvent: {}
[322.437025] (-) TimerEvent: {}
[322.537172] (-) TimerEvent: {}
[322.637315] (-) TimerEvent: {}
[322.737459] (-) TimerEvent: {}
[322.837606] (-) TimerEvent: {}
[322.937748] (-) TimerEvent: {}
[323.037890] (-) TimerEvent: {}
[323.138043] (-) TimerEvent: {}
[323.238192] (-) TimerEvent: {}
[323.338336] (-) TimerEvent: {}
[323.438480] (-) TimerEvent: {}
[323.538620] (-) TimerEvent: {}
[323.638778] (-) TimerEvent: {}
[323.738923] (-) TimerEvent: {}
[323.839083] (-) TimerEvent: {}
[323.939223] (-) TimerEvent: {}
[324.039372] (-) TimerEvent: {}
[324.139526] (-) TimerEvent: {}
[324.239683] (-) TimerEvent: {}
[324.339823] (-) TimerEvent: {}
[324.439981] (-) TimerEvent: {}
[324.540140] (-) TimerEvent: {}
[324.640280] (-) TimerEvent: {}
[324.740431] (-) TimerEvent: {}
[324.840596] (-) TimerEvent: {}
[324.940706] (-) TimerEvent: {}
[325.040850] (-) TimerEvent: {}
[325.141005] (-) TimerEvent: {}
[325.241155] (-) TimerEvent: {}
[325.341291] (-) TimerEvent: {}
[325.441439] (-) TimerEvent: {}
[325.541714] (-) TimerEvent: {}
[325.641851] (-) TimerEvent: {}
[325.742022] (-) TimerEvent: {}
[325.842168] (-) TimerEvent: {}
[325.942311] (-) TimerEvent: {}
[326.042451] (-) TimerEvent: {}
[326.142596] (-) TimerEvent: {}
[326.242705] (-) TimerEvent: {}
[326.342848] (-) TimerEvent: {}
[326.442996] (-) TimerEvent: {}
[326.543293] (-) TimerEvent: {}
[326.643444] (-) TimerEvent: {}
[326.743701] (-) TimerEvent: {}
[326.843948] (-) TimerEvent: {}
[326.944099] (-) TimerEvent: {}
[327.044240] (-) TimerEvent: {}
[327.144399] (-) TimerEvent: {}
[327.244544] (-) TimerEvent: {}
[327.344689] (-) TimerEvent: {}
[327.444837] (-) TimerEvent: {}
[327.544981] (-) TimerEvent: {}
[327.645126] (-) TimerEvent: {}
[327.745272] (-) TimerEvent: {}
[327.845416] (-) TimerEvent: {}
[327.945561] (-) TimerEvent: {}
[328.045711] (-) TimerEvent: {}
[328.145855] (-) TimerEvent: {}
[328.245989] (-) TimerEvent: {}
[328.346122] (-) TimerEvent: {}
[328.446263] (-) TimerEvent: {}
[328.546401] (-) TimerEvent: {}
[328.646547] (-) TimerEvent: {}
[328.746693] (-) TimerEvent: {}
[328.846836] (-) TimerEvent: {}
[328.946980] (-) TimerEvent: {}
[329.047124] (-) TimerEvent: {}
[329.149204] (-) TimerEvent: {}
[329.249359] (-) TimerEvent: {}
[329.349507] (-) TimerEvent: {}
[329.449651] (-) TimerEvent: {}
[329.549799] (-) TimerEvent: {}
[329.649946] (-) TimerEvent: {}
[329.750089] (-) TimerEvent: {}
[329.850234] (-) TimerEvent: {}
[329.950375] (-) TimerEvent: {}
[330.050522] (-) TimerEvent: {}
[330.150680] (-) TimerEvent: {}
[330.250822] (-) TimerEvent: {}
[330.350964] (-) TimerEvent: {}
[330.451103] (-) TimerEvent: {}
[330.551245] (-) TimerEvent: {}
[330.651392] (-) TimerEvent: {}
[330.751538] (-) TimerEvent: {}
[330.851690] (-) TimerEvent: {}
[330.951832] (-) TimerEvent: {}
[331.051974] (-) TimerEvent: {}
[331.152119] (-) TimerEvent: {}
[331.252260] (-) TimerEvent: {}
[331.352413] (-) TimerEvent: {}
[331.452568] (-) TimerEvent: {}
[331.552711] (-) TimerEvent: {}
[331.652861] (-) TimerEvent: {}
[331.753007] (-) TimerEvent: {}
[331.853145] (-) TimerEvent: {}
[331.953293] (-) TimerEvent: {}
[332.053445] (-) TimerEvent: {}
[332.153603] (-) TimerEvent: {}
[332.253742] (-) TimerEvent: {}
[332.353880] (-) TimerEvent: {}
[332.454018] (-) TimerEvent: {}
[332.554156] (-) TimerEvent: {}
[332.654295] (-) TimerEvent: {}
[332.754442] (-) TimerEvent: {}
[332.854592] (-) TimerEvent: {}
[332.954744] (-) TimerEvent: {}
[333.054894] (-) TimerEvent: {}
[333.155039] (-) TimerEvent: {}
[333.255185] (-) TimerEvent: {}
[333.355338] (-) TimerEvent: {}
[333.455481] (-) TimerEvent: {}
[333.555628] (-) TimerEvent: {}
[333.655781] (-) TimerEvent: {}
[333.755931] (-) TimerEvent: {}
[333.856080] (-) TimerEvent: {}
[333.956224] (-) TimerEvent: {}
[334.056370] (-) TimerEvent: {}
[334.156519] (-) TimerEvent: {}
[334.256679] (-) TimerEvent: {}
[334.356817] (-) TimerEvent: {}
[334.456966] (-) TimerEvent: {}
[334.557108] (-) TimerEvent: {}
[334.657267] (-) TimerEvent: {}
[334.757415] (-) TimerEvent: {}
[334.857562] (-) TimerEvent: {}
[334.957718] (-) TimerEvent: {}
[335.057877] (-) TimerEvent: {}
[335.158028] (-) TimerEvent: {}
[335.258176] (-) TimerEvent: {}
[335.358324] (-) TimerEvent: {}
[335.458475] (-) TimerEvent: {}
[335.558629] (-) TimerEvent: {}
[335.658792] (-) TimerEvent: {}
[335.758944] (-) TimerEvent: {}
[335.859096] (-) TimerEvent: {}
[335.959247] (-) TimerEvent: {}
[336.059397] (-) TimerEvent: {}
[336.159545] (-) TimerEvent: {}
[336.259693] (-) TimerEvent: {}
[336.359831] (-) TimerEvent: {}
[336.459971] (-) TimerEvent: {}
[336.560266] (-) TimerEvent: {}
[336.660412] (-) TimerEvent: {}
[336.760559] (-) TimerEvent: {}
[336.860713] (-) TimerEvent: {}
[336.960862] (-) TimerEvent: {}
[337.061009] (-) TimerEvent: {}
[337.161160] (-) TimerEvent: {}
[337.261309] (-) TimerEvent: {}
[337.361454] (-) TimerEvent: {}
[337.461601] (-) TimerEvent: {}
[337.561712] (-) TimerEvent: {}
[337.661860] (-) TimerEvent: {}
[337.762012] (-) TimerEvent: {}
[337.862164] (-) TimerEvent: {}
[337.962313] (-) TimerEvent: {}
[338.062456] (-) TimerEvent: {}
[338.162605] (-) TimerEvent: {}
[338.262898] (-) TimerEvent: {}
[338.363038] (-) TimerEvent: {}
[338.463188] (-) TimerEvent: {}
[338.563332] (-) TimerEvent: {}
[338.663471] (-) TimerEvent: {}
[338.763615] (-) TimerEvent: {}
[338.863769] (-) TimerEvent: {}
[338.963909] (-) TimerEvent: {}
[339.064054] (-) TimerEvent: {}
[339.164198] (-) TimerEvent: {}
[339.264338] (-) TimerEvent: {}
[339.364481] (-) TimerEvent: {}
[339.464624] (-) TimerEvent: {}
[339.564773] (-) TimerEvent: {}
[339.664922] (-) TimerEvent: {}
[339.765080] (-) TimerEvent: {}
[339.865229] (-) TimerEvent: {}
[339.965390] (-) TimerEvent: {}
[340.065533] (-) TimerEvent: {}
[340.165681] (-) TimerEvent: {}
[340.265824] (-) TimerEvent: {}
[340.365966] (-) TimerEvent: {}
[340.466110] (-) TimerEvent: {}
[340.566256] (-) TimerEvent: {}
[340.666404] (-) TimerEvent: {}
[340.766545] (-) TimerEvent: {}
[340.866696] (-) TimerEvent: {}
[340.966840] (-) TimerEvent: {}
[341.066987] (-) TimerEvent: {}
[341.167131] (-) TimerEvent: {}
[341.269737] (-) TimerEvent: {}
[341.369900] (-) TimerEvent: {}
[341.470063] (-) TimerEvent: {}
[341.570211] (-) TimerEvent: {}
[341.670362] (-) TimerEvent: {}
[341.770511] (-) TimerEvent: {}
[341.870655] (-) TimerEvent: {}
[341.970804] (-) TimerEvent: {}
[342.070950] (-) TimerEvent: {}
[342.171088] (-) TimerEvent: {}
[342.271234] (-) TimerEvent: {}
[342.371376] (-) TimerEvent: {}
[342.471514] (-) TimerEvent: {}
[342.571652] (-) TimerEvent: {}
[342.671805] (-) TimerEvent: {}
[342.772060] (-) TimerEvent: {}
[342.874187] (-) TimerEvent: {}
[342.974342] (-) TimerEvent: {}
[343.076800] (-) TimerEvent: {}
[343.176975] (-) TimerEvent: {}
[343.279105] (-) TimerEvent: {}
[343.379270] (-) TimerEvent: {}
[343.479434] (-) TimerEvent: {}
[343.582713] (-) TimerEvent: {}
[343.682891] (-) TimerEvent: {}
[343.783066] (-) TimerEvent: {}
[343.885718] (-) TimerEvent: {}
[343.985883] (-) TimerEvent: {}
[344.086043] (-) TimerEvent: {}
[344.186714] (-) TimerEvent: {}
[344.289537] (-) TimerEvent: {}
[344.389708] (-) TimerEvent: {}
[344.490871] (-) TimerEvent: {}
[344.593155] (-) TimerEvent: {}
[344.693365] (-) TimerEvent: {}
[344.794720] (-) TimerEvent: {}
[344.894903] (-) TimerEvent: {}
[344.995089] (-) TimerEvent: {}
[345.095268] (-) TimerEvent: {}
[345.195441] (-) TimerEvent: {}
[345.298716] (-) TimerEvent: {}
[345.398882] (-) TimerEvent: {}
[345.499058] (-) TimerEvent: {}
[345.602729] (-) TimerEvent: {}
[345.702922] (-) TimerEvent: {}
[345.803103] (-) TimerEvent: {}
[345.903288] (-) TimerEvent: {}
[346.005729] (-) TimerEvent: {}
[346.108903] (-) TimerEvent: {}
[346.209085] (-) TimerEvent: {}
[346.309261] (-) TimerEvent: {}
[346.409440] (-) TimerEvent: {}
[346.509628] (-) TimerEvent: {}
[346.609878] (-) TimerEvent: {}
[346.711382] (-) TimerEvent: {}
[346.811586] (-) TimerEvent: {}
[346.914727] (-) TimerEvent: {}
[347.014914] (-) TimerEvent: {}
[347.115094] (-) TimerEvent: {}
[347.216313] (-) TimerEvent: {}
[347.316488] (-) TimerEvent: {}
[347.416661] (-) TimerEvent: {}
[347.517005] (-) TimerEvent: {}
[347.617185] (-) TimerEvent: {}
[347.717543] (-) TimerEvent: {}
[347.818972] (-) TimerEvent: {}
[347.919141] (-) TimerEvent: {}
[347.931835] (px4_msgs) StdoutLine: {'line': b'[ 50%] Built target px4_msgs__cpp\n'}
[347.980488] (px4_msgs) StdoutLine: {'line': b'[ 50%] Generating C++ type support dispatch for ROS interfaces\n'}
[347.983165] (px4_msgs) StdoutLine: {'line': b'[ 50%] Generating C++ introspection for ROS interfaces\n'}
[347.986966] (px4_msgs) StdoutLine: {'line': b'[ 50%] Generating C++ type support for eProsima Fast-RTPS\n'}
[348.019227] (-) TimerEvent: {}
[348.119383] (-) TimerEvent: {}
[348.219536] (-) TimerEvent: {}
[348.319694] (-) TimerEvent: {}
[348.419847] (-) TimerEvent: {}
[348.520001] (-) TimerEvent: {}
[348.579846] (px4_msgs) StdoutLine: {'line': b'[ 50%] Building CXX object CMakeFiles/px4_msgs__rosidl_typesupport_fastrtps_c.dir/rosidl_typesupport_fastrtps_c/px4_msgs/msg/detail/action_request__type_support_c.cpp.o\n'}
[348.586799] (px4_msgs) StdoutLine: {'line': b'[ 50%] Building CXX object CMakeFiles/px4_msgs__rosidl_typesupport_fastrtps_c.dir/rosidl_typesupport_fastrtps_c/px4_msgs/msg/detail/actuator_armed__type_support_c.cpp.o\n'}
[348.587324] (px4_msgs) StdoutLine: {'line': b'[ 50%] Building CXX object CMakeFiles/px4_msgs__rosidl_typesupport_fastrtps_c.dir/rosidl_typesupport_fastrtps_c/px4_msgs/msg/detail/actuator_controls_status__type_support_c.cpp.o\n'}
[348.592164] (px4_msgs) StdoutLine: {'line': b'[ 50%] Building CXX object CMakeFiles/px4_msgs__rosidl_typesupport_fastrtps_c.dir/rosidl_typesupport_fastrtps_c/px4_msgs/msg/detail/actuator_motors__type_support_c.cpp.o\n'}
[348.602959] (px4_msgs) StdoutLine: {'line': b'[ 50%] Building CXX object CMakeFiles/px4_msgs__rosidl_typesupport_fastrtps_c.dir/rosidl_typesupport_fastrtps_c/px4_msgs/msg/detail/actuator_outputs__type_support_c.cpp.o\n'}
[348.622716] (-) TimerEvent: {}
[348.725722] (-) TimerEvent: {}
[348.825890] (-) TimerEvent: {}
[348.926059] (-) TimerEvent: {}
[349.026224] (-) TimerEvent: {}
[349.126385] (-) TimerEvent: {}
[349.226551] (-) TimerEvent: {}
[349.326722] (-) TimerEvent: {}
[349.426898] (-) TimerEvent: {}
[349.527067] (-) TimerEvent: {}
[349.627237] (-) TimerEvent: {}
[349.729718] (-) TimerEvent: {}
[349.829881] (-) TimerEvent: {}
[349.930048] (-) TimerEvent: {}
[350.030214] (-) TimerEvent: {}
[350.113567] (px4_msgs) StdoutLine: {'line': b'[ 50%] Building CXX object CMakeFiles/px4_msgs__rosidl_typesupport_fastrtps_c.dir/rosidl_typesupport_fastrtps_c/px4_msgs/msg/detail/adc_report__type_support_c.cpp.o\n'}
[350.130715] (-) TimerEvent: {}
[350.230995] (-) TimerEvent: {}
[350.331139] (-) TimerEvent: {}
[350.431289] (-) TimerEvent: {}
[350.531446] (-) TimerEvent: {}
[350.631599] (-) TimerEvent: {}
[350.651631] (px4_msgs) StdoutLine: {'line': b'[ 50%] Building CXX object CMakeFiles/px4_msgs__rosidl_typesupport_fastrtps_c.dir/rosidl_typesupport_fastrtps_c/px4_msgs/msg/detail/airspeed__type_support_c.cpp.o\n'}
[350.731742] (-) TimerEvent: {}
[350.831901] (-) TimerEvent: {}
[350.932060] (-) TimerEvent: {}
[351.032716] (-) TimerEvent: {}
[351.132868] (-) TimerEvent: {}
[351.233018] (-) TimerEvent: {}
[351.261326] (px4_msgs) StdoutLine: {'line': b'[ 50%] Building CXX object CMakeFiles/px4_msgs__rosidl_typesupport_fastrtps_c.dir/rosidl_typesupport_fastrtps_c/px4_msgs/msg/detail/arming_check_reply__type_support_c.cpp.o\n'}
[351.333101] (-) TimerEvent: {}
[351.433255] (-) TimerEvent: {}
[351.533721] (-) TimerEvent: {}
[351.633897] (-) TimerEvent: {}
[351.734061] (-) TimerEvent: {}
[351.782808] (px4_msgs) StdoutLine: {'line': b'[ 50%] Building CXX object CMakeFiles/px4_msgs__rosidl_typesupport_fastrtps_c.dir/rosidl_typesupport_fastrtps_c/px4_msgs/msg/detail/arming_check_request__type_support_c.cpp.o\n'}
[351.834145] (-) TimerEvent: {}
[351.934303] (-) TimerEvent: {}
[352.034457] (-) TimerEvent: {}
[352.134615] (-) TimerEvent: {}
[352.195226] (px4_msgs) StdoutLine: {'line': b'[ 50%] Building CXX object CMakeFiles/px4_msgs__rosidl_typesupport_fastrtps_c.dir/rosidl_typesupport_fastrtps_c/px4_msgs/msg/detail/autotune_attitude_control_status__type_support_c.cpp.o\n'}
[352.234709] (-) TimerEvent: {}
[352.334856] (-) TimerEvent: {}
[352.435005] (-) TimerEvent: {}
[352.535145] (-) TimerEvent: {}
[352.618593] (px4_msgs) StdoutLine: {'line': b'[ 50%] Building CXX object CMakeFiles/px4_msgs__rosidl_typesupport_fastrtps_c.dir/rosidl_typesupport_fastrtps_c/px4_msgs/msg/detail/battery_info__type_support_c.cpp.o\n'}
[352.635233] (-) TimerEvent: {}
[352.735385] (-) TimerEvent: {}
[352.835660] (-) TimerEvent: {}
[352.935824] (-) TimerEvent: {}
[353.035982] (-) TimerEvent: {}
[353.069218] (px4_msgs) StdoutLine: {'line': b'[ 50%] Building CXX object CMakeFiles/px4_msgs__rosidl_typesupport_fastrtps_c.dir/rosidl_typesupport_fastrtps_c/px4_msgs/msg/detail/battery_status__type_support_c.cpp.o\n'}
[353.136066] (-) TimerEvent: {}
[353.236218] (-) TimerEvent: {}
[353.336376] (-) TimerEvent: {}
[353.436534] (-) TimerEvent: {}
[353.536699] (-) TimerEvent: {}
[353.538984] (px4_msgs) StdoutLine: {'line': b'[ 50%] Building CXX object CMakeFiles/px4_msgs__rosidl_typesupport_fastrtps_c.dir/rosidl_typesupport_fastrtps_c/px4_msgs/msg/detail/camera_trigger__type_support_c.cpp.o\n'}
[353.636795] (-) TimerEvent: {}
[353.736948] (-) TimerEvent: {}
[353.837106] (-) TimerEvent: {}
[353.937279] (-) TimerEvent: {}
[353.976821] (px4_msgs) StdoutLine: {'line': b'[ 50%] Building CXX object CMakeFiles/px4_msgs__rosidl_typesupport_fastrtps_c.dir/rosidl_typesupport_fastrtps_c/px4_msgs/msg/detail/cellular_status__type_support_c.cpp.o\n'}
[354.037372] (-) TimerEvent: {}
[354.137534] (-) TimerEvent: {}
[354.237710] (-) TimerEvent: {}
[354.337876] (-) TimerEvent: {}
[354.374423] (px4_msgs) StdoutLine: {'line': b'[ 50%] Building CXX object CMakeFiles/px4_msgs__rosidl_typesupport_fastrtps_c.dir/rosidl_typesupport_fastrtps_c/px4_msgs/msg/detail/collision_constraints__type_support_c.cpp.o\n'}
[354.437969] (-) TimerEvent: {}
[354.538128] (-) TimerEvent: {}
[354.638294] (-) TimerEvent: {}
[354.738464] (-) TimerEvent: {}
[354.841718] (-) TimerEvent: {}
[354.941890] (-) TimerEvent: {}
[354.952850] (px4_msgs) StdoutLine: {'line': b'[ 50%] Building CXX object CMakeFiles/px4_msgs__rosidl_typesupport_fastrtps_c.dir/rosidl_typesupport_fastrtps_c/px4_msgs/msg/detail/config_overrides__type_support_c.cpp.o\n'}
[354.963358] (px4_msgs) StdoutLine: {'line': b'[ 50%] Building CXX object CMakeFiles/px4_msgs__rosidl_typesupport_fastrtps_c.dir/rosidl_typesupport_fastrtps_c/px4_msgs/msg/detail/actuator_test__type_support_c.cpp.o\n'}
[355.041980] (-) TimerEvent: {}
[355.142136] (-) TimerEvent: {}
[355.242295] (-) TimerEvent: {}
[355.342577] (-) TimerEvent: {}
[355.442716] (-) TimerEvent: {}
[355.543028] (-) TimerEvent: {}
[355.614295] (px4_msgs) StdoutLine: {'line': b'[ 50%] Building CXX object CMakeFiles/px4_msgs__rosidl_typesupport_fastrtps_c.dir/rosidl_typesupport_fastrtps_c/px4_msgs/msg/detail/control_allocator_status__type_support_c.cpp.o\n'}
[355.625826] (px4_msgs) StdoutLine: {'line': b'[ 50%] Building CXX object CMakeFiles/px4_msgs__rosidl_typesupport_fastrtps_c.dir/rosidl_typesupport_fastrtps_c/px4_msgs/msg/detail/cpuload__type_support_c.cpp.o\n'}
[355.643119] (-) TimerEvent: {}
[355.743720] (-) TimerEvent: {}
[355.843886] (-) TimerEvent: {}
[355.944062] (-) TimerEvent: {}
[356.044239] (-) TimerEvent: {}
[356.132697] (px4_msgs) StdoutLine: {'line': b'[ 51%] Building CXX object CMakeFiles/px4_msgs__rosidl_typesupport_fastrtps_c.dir/rosidl_typesupport_fastrtps_c/px4_msgs/msg/detail/dataman_request__type_support_c.cpp.o\n'}
[356.144712] (-) TimerEvent: {}
[356.244864] (-) TimerEvent: {}
[356.270910] (px4_msgs) StdoutLine: {'line': b'[ 51%] Building CXX object CMakeFiles/px4_msgs__rosidl_typesupport_fastrtps_c.dir/rosidl_typesupport_fastrtps_c/px4_msgs/msg/detail/dataman_response__type_support_c.cpp.o\n'}
[356.344959] (-) TimerEvent: {}
[356.447708] (-) TimerEvent: {}
[356.548275] (-) TimerEvent: {}
[356.648437] (-) TimerEvent: {}
[356.682845] (px4_msgs) StdoutLine: {'line': b'[ 51%] Building CXX object CMakeFiles/px4_msgs__rosidl_typesupport_fastrtps_c.dir/rosidl_typesupport_fastrtps_c/px4_msgs/msg/detail/debug_array__type_support_c.cpp.o\n'}
[356.748536] (-) TimerEvent: {}
[356.848723] (-) TimerEvent: {}
[356.948893] (-) TimerEvent: {}
[357.044393] (px4_msgs) StdoutLine: {'line': b'[ 51%] Building CXX object CMakeFiles/px4_msgs__rosidl_typesupport_fastrtps_c.dir/rosidl_typesupport_fastrtps_c/px4_msgs/msg/detail/debug_key_value__type_support_c.cpp.o\n'}
[357.051764] (-) TimerEvent: {}
[357.151915] (-) TimerEvent: {}
[357.252082] (-) TimerEvent: {}
[357.352252] (-) TimerEvent: {}
[357.403156] (px4_msgs) StdoutLine: {'line': b'[ 51%] Building CXX object CMakeFiles/px4_msgs__rosidl_typesupport_fastrtps_c.dir/rosidl_typesupport_fastrtps_c/px4_msgs/msg/detail/debug_value__type_support_c.cpp.o\n'}
[357.452343] (-) TimerEvent: {}
[357.552504] (-) TimerEvent: {}
[357.652681] (-) TimerEvent: {}
[357.752838] (-) TimerEvent: {}
[357.790801] (px4_msgs) StdoutLine: {'line': b'[ 51%] Building CXX object CMakeFiles/px4_msgs__rosidl_typesupport_fastrtps_c.dir/rosidl_typesupport_fastrtps_c/px4_msgs/msg/detail/debug_vect__type_support_c.cpp.o\n'}
[357.852926] (-) TimerEvent: {}
[357.953212] (-) TimerEvent: {}
[358.054715] (-) TimerEvent: {}
[358.097531] (px4_msgs) StdoutLine: {'line': b'[ 51%] Building CXX object CMakeFiles/px4_msgs__rosidl_typesupport_fastrtps_c.dir/rosidl_typesupport_fastrtps_c/px4_msgs/msg/detail/differential_pressure__type_support_c.cpp.o\n'}
[358.154806] (-) TimerEvent: {}
[358.254974] (-) TimerEvent: {}
[358.355149] (-) TimerEvent: {}
[358.455317] (-) TimerEvent: {}
[358.510707] (px4_msgs) StdoutLine: {'line': b'[ 51%] Building CXX object CMakeFiles/px4_msgs__rosidl_typesupport_fastrtps_c.dir/rosidl_typesupport_fastrtps_c/px4_msgs/msg/detail/distance_sensor__type_support_c.cpp.o\n'}
[358.555714] (-) TimerEvent: {}
[358.655875] (-) TimerEvent: {}
[358.756156] (-) TimerEvent: {}
[358.777703] (px4_msgs) StdoutLine: {'line': b'[ 51%] Building CXX object CMakeFiles/px4_msgs__rosidl_typesupport_fastrtps_c.dir/rosidl_typesupport_fastrtps_c/px4_msgs/msg/detail/distance_sensor_mode_change_request__type_support_c.cpp.o\n'}
[358.856249] (-) TimerEvent: {}
[358.958826] (-) TimerEvent: {}
[359.059715] (-) TimerEvent: {}
[359.159882] (-) TimerEvent: {}
[359.260046] (-) TimerEvent: {}
[359.360210] (-) TimerEvent: {}
[359.460376] (-) TimerEvent: {}
[359.461600] (px4_msgs) StdoutLine: {'line': b'[ 51%] Building CXX object CMakeFiles/px4_msgs__rosidl_typesupport_fastrtps_c.dir/rosidl_typesupport_fastrtps_c/px4_msgs/msg/detail/ekf2_timestamps__type_support_c.cpp.o\n'}
[359.560469] (-) TimerEvent: {}
[359.660640] (-) TimerEvent: {}
[359.760815] (-) TimerEvent: {}
[359.860959] (-) TimerEvent: {}
[359.961110] (-) TimerEvent: {}
[360.061274] (-) TimerEvent: {}
[360.075348] (px4_msgs) StdoutLine: {'line': b'[ 51%] Building CXX object CMakeFiles/px4_msgs__rosidl_typesupport_fastrtps_c.dir/rosidl_typesupport_fastrtps_c/px4_msgs/msg/detail/esc_status__type_support_c.cpp.o\n'}
[360.161365] (-) TimerEvent: {}
[360.261522] (-) TimerEvent: {}
[360.361688] (-) TimerEvent: {}
[360.461886] (-) TimerEvent: {}
[360.562038] (-) TimerEvent: {}
[360.662187] (-) TimerEvent: {}
[360.689868] (px4_msgs) StdoutLine: {'line': b'[ 51%] Building CXX object CMakeFiles/px4_msgs__rosidl_typesupport_fastrtps_c.dir/rosidl_typesupport_fastrtps_c/px4_msgs/msg/detail/estimator_aid_source1d__type_support_c.cpp.o\n'}
[360.762288] (-) TimerEvent: {}
[360.862462] (-) TimerEvent: {}
[360.962614] (-) TimerEvent: {}
[361.062784] (-) TimerEvent: {}
[361.162939] (-) TimerEvent: {}
[361.263095] (-) TimerEvent: {}
[361.320644] (px4_msgs) StdoutLine: {'line': b'[ 51%] Building CXX object CMakeFiles/px4_msgs__rosidl_typesupport_fastrtps_c.dir/rosidl_typesupport_fastrtps_c/px4_msgs/msg/detail/estimator_aid_source3d__type_support_c.cpp.o\n'}
[361.363179] (-) TimerEvent: {}
[361.463328] (-) TimerEvent: {}
[361.563479] (-) TimerEvent: {}
[361.663637] (-) TimerEvent: {}
[361.763792] (-) TimerEvent: {}
[361.863945] (-) TimerEvent: {}
[361.952047] (px4_msgs) StdoutLine: {'line': b'[ 51%] Building CXX object CMakeFiles/px4_msgs__rosidl_typesupport_fastrtps_c.dir/rosidl_typesupport_fastrtps_c/px4_msgs/msg/detail/estimator_bias__type_support_c.cpp.o\n'}
[361.964029] (-) TimerEvent: {}
[362.064178] (-) TimerEvent: {}
[362.164328] (-) TimerEvent: {}
[362.264490] (-) TimerEvent: {}
[362.364645] (-) TimerEvent: {}
[362.464795] (-) TimerEvent: {}
[362.564948] (-) TimerEvent: {}
[362.579723] (px4_msgs) StdoutLine: {'line': b'[ 51%] Building CXX object CMakeFiles/px4_msgs__rosidl_typesupport_fastrtps_c.dir/rosidl_typesupport_fastrtps_c/px4_msgs/msg/detail/estimator_innovations__type_support_c.cpp.o\n'}
[362.665033] (-) TimerEvent: {}
[362.765182] (-) TimerEvent: {}
[362.865323] (-) TimerEvent: {}
[362.965467] (-) TimerEvent: {}
[363.065620] (-) TimerEvent: {}
[363.088558] (px4_msgs) StdoutLine: {'line': b'[ 51%] Building CXX object CMakeFiles/px4_msgs__rosidl_typesupport_fastrtps_c.dir/rosidl_typesupport_fastrtps_c/px4_msgs/msg/detail/estimator_selector_status__type_support_c.cpp.o\n'}
[363.165703] (-) TimerEvent: {}
[363.265836] (-) TimerEvent: {}
[363.365977] (-) TimerEvent: {}
[363.466124] (-) TimerEvent: {}
[363.566275] (-) TimerEvent: {}
[363.666438] (-) TimerEvent: {}
[363.722794] (px4_msgs) StdoutLine: {'line': b'[ 52%] Building CXX object CMakeFiles/px4_msgs__rosidl_typesupport_fastrtps_c.dir/rosidl_typesupport_fastrtps_c/px4_msgs/msg/detail/estimator_sensor_bias__type_support_c.cpp.o\n'}
[363.766527] (-) TimerEvent: {}
[363.866697] (-) TimerEvent: {}
[363.966836] (-) TimerEvent: {}
[364.066990] (-) TimerEvent: {}
[364.167153] (-) TimerEvent: {}
[364.267320] (-) TimerEvent: {}
[364.348433] (px4_msgs) StdoutLine: {'line': b'[ 52%] Building CXX object CMakeFiles/px4_msgs__rosidl_typesupport_fastrtps_c.dir/rosidl_typesupport_fastrtps_c/px4_msgs/msg/detail/estimator_states__type_support_c.cpp.o\n'}
[364.367429] (-) TimerEvent: {}
[364.467595] (-) TimerEvent: {}
[364.567715] (-) TimerEvent: {}
[364.667875] (-) TimerEvent: {}
[364.768038] (-) TimerEvent: {}
[364.770202] (px4_msgs) StdoutLine: {'line': b'[ 52%] Building CXX object CMakeFiles/px4_msgs__rosidl_typesupport_fastrtps_c.dir/rosidl_typesupport_fastrtps_c/px4_msgs/msg/detail/dronecan_node_status__type_support_c.cpp.o\n'}
[364.772302] (px4_msgs) StdoutLine: {'line': b'[ 52%] Building CXX object CMakeFiles/px4_msgs__rosidl_typesupport_fastrtps_c.dir/rosidl_typesupport_fastrtps_c/px4_msgs/msg/detail/estimator_status__type_support_c.cpp.o\n'}
[364.868131] (-) TimerEvent: {}
[364.968291] (-) TimerEvent: {}
[365.069495] (-) TimerEvent: {}
[365.169656] (-) TimerEvent: {}
[365.269830] (-) TimerEvent: {}
[365.329832] (px4_msgs) StdoutLine: {'line': b'[ 52%] Building CXX object CMakeFiles/px4_msgs__rosidl_typesupport_fastrtps_c.dir/rosidl_typesupport_fastrtps_c/px4_msgs/msg/detail/event__type_support_c.cpp.o\n'}
[365.369913] (-) TimerEvent: {}
[365.463003] (px4_msgs) StdoutLine: {'line': b'[ 52%] Building CXX object CMakeFiles/px4_msgs__rosidl_typesupport_fastrtps_c.dir/rosidl_typesupport_fastrtps_c/px4_msgs/msg/detail/failsafe_flags__type_support_c.cpp.o\n'}
[365.470714] (-) TimerEvent: {}
[365.570880] (-) TimerEvent: {}
[365.671028] (-) TimerEvent: {}
[365.771170] (-) TimerEvent: {}
[365.871326] (-) TimerEvent: {}
[365.971487] (-) TimerEvent: {}
[365.978530] (px4_msgs) StdoutLine: {'line': b'[ 52%] Building CXX object CMakeFiles/px4_msgs__rosidl_typesupport_fastrtps_c.dir/rosidl_typesupport_fastrtps_c/px4_msgs/msg/detail/failure_detector_status__type_support_c.cpp.o\n'}
[366.071799] (-) TimerEvent: {}
[366.164971] (px4_msgs) StdoutLine: {'line': b'[ 52%] Building CXX object CMakeFiles/px4_msgs__rosidl_typesupport_fastrtps_c.dir/rosidl_typesupport_fastrtps_c/px4_msgs/msg/detail/figure_eight_status__type_support_c.cpp.o\n'}
[366.172710] (-) TimerEvent: {}
[366.272861] (-) TimerEvent: {}
[366.373010] (-) TimerEvent: {}
[366.473169] (-) TimerEvent: {}
[366.573334] (-) TimerEvent: {}
[366.622619] (px4_msgs) StdoutLine: {'line': b'[ 52%] Building CXX object CMakeFiles/px4_msgs__rosidl_typesupport_fastrtps_c.dir/rosidl_typesupport_fastrtps_c/px4_msgs/msg/detail/fixed_wing_lateral_guidance_status__type_support_c.cpp.o\n'}
[366.673709] (-) TimerEvent: {}
[366.773876] (-) TimerEvent: {}
[366.796154] (px4_msgs) StdoutLine: {'line': b'[ 52%] Building CXX object CMakeFiles/px4_msgs__rosidl_typesupport_fastrtps_c.dir/rosidl_typesupport_fastrtps_c/px4_msgs/msg/detail/fixed_wing_lateral_setpoint__type_support_c.cpp.o\n'}
[366.874708] (-) TimerEvent: {}
[366.974855] (-) TimerEvent: {}
[367.075017] (-) TimerEvent: {}
[367.175721] (-) TimerEvent: {}
[367.259731] (px4_msgs) StdoutLine: {'line': b'[ 52%] Building CXX object CMakeFiles/px4_msgs__rosidl_typesupport_fastrtps_c.dir/rosidl_typesupport_fastrtps_c/px4_msgs/msg/detail/fixed_wing_lateral_status__type_support_c.cpp.o\n'}
[367.275806] (-) TimerEvent: {}
[367.376709] (-) TimerEvent: {}
[367.419797] (px4_msgs) StdoutLine: {'line': b'[ 52%] Building CXX object CMakeFiles/px4_msgs__rosidl_typesupport_fastrtps_c.dir/rosidl_typesupport_fastrtps_c/px4_msgs/msg/detail/fixed_wing_longitudinal_setpoint__type_support_c.cpp.o\n'}
[367.476800] (-) TimerEvent: {}
[367.576960] (-) TimerEvent: {}
[367.677719] (-) TimerEvent: {}
[367.777881] (-) TimerEvent: {}
[367.876924] (px4_msgs) StdoutLine: {'line': b'[ 52%] Building CXX object CMakeFiles/px4_msgs__rosidl_typesupport_fastrtps_c.dir/rosidl_typesupport_fastrtps_c/px4_msgs/msg/detail/fixed_wing_runway_control__type_support_c.cpp.o\n'}
[367.878556] (-) TimerEvent: {}
[367.978887] (-) TimerEvent: {}
[368.071712] (px4_msgs) StdoutLine: {'line': b'[ 52%] Building CXX object CMakeFiles/px4_msgs__rosidl_typesupport_fastrtps_c.dir/rosidl_typesupport_fastrtps_c/px4_msgs/msg/detail/flight_phase_estimation__type_support_c.cpp.o\n'}
[368.078979] (-) TimerEvent: {}
[368.179138] (-) TimerEvent: {}
[368.279704] (-) TimerEvent: {}
[368.379850] (-) TimerEvent: {}
[368.480014] (-) TimerEvent: {}
[368.502897] (px4_msgs) StdoutLine: {'line': b'[ 52%] Building CXX object CMakeFiles/px4_msgs__rosidl_typesupport_fastrtps_c.dir/rosidl_typesupport_fastrtps_c/px4_msgs/msg/detail/follow_target__type_support_c.cpp.o\n'}
[368.580386] (-) TimerEvent: {}
[368.680716] (-) TimerEvent: {}
[368.687807] (px4_msgs) StdoutLine: {'line': b'[ 52%] Building CXX object CMakeFiles/px4_msgs__rosidl_typesupport_fastrtps_c.dir/rosidl_typesupport_fastrtps_c/px4_msgs/msg/detail/follow_target_estimator__type_support_c.cpp.o\n'}
[368.780802] (-) TimerEvent: {}
[368.880956] (-) TimerEvent: {}
[368.983759] (-) TimerEvent: {}
[369.083943] (-) TimerEvent: {}
[369.142888] (px4_msgs) StdoutLine: {'line': b'[ 52%] Building CXX object CMakeFiles/px4_msgs__rosidl_typesupport_fastrtps_c.dir/rosidl_typesupport_fastrtps_c/px4_msgs/msg/detail/follow_target_status__type_support_c.cpp.o\n'}
[369.184035] (-) TimerEvent: {}
[369.284193] (-) TimerEvent: {}
[369.330296] (px4_msgs) StdoutLine: {'line': b'[ 52%] Building CXX object CMakeFiles/px4_msgs__rosidl_typesupport_fastrtps_c.dir/rosidl_typesupport_fastrtps_c/px4_msgs/msg/detail/fuel_tank_status__type_support_c.cpp.o\n'}
[369.384283] (-) TimerEvent: {}
[369.484445] (-) TimerEvent: {}
[369.584596] (-) TimerEvent: {}
[369.684814] (-) TimerEvent: {}
[369.785712] (-) TimerEvent: {}
[369.836834] (px4_msgs) StdoutLine: {'line': b'[ 52%] Building CXX object CMakeFiles/px4_msgs__rosidl_typesupport_fastrtps_c.dir/rosidl_typesupport_fastrtps_c/px4_msgs/msg/detail/generator_status__type_support_c.cpp.o\n'}
[369.885807] (-) TimerEvent: {}
[369.985973] (-) TimerEvent: {}
[369.997885] (px4_msgs) StdoutLine: {'line': b'[ 52%] Building CXX object CMakeFiles/px4_msgs__rosidl_typesupport_fastrtps_c.dir/rosidl_typesupport_fastrtps_c/px4_msgs/msg/detail/geofence_result__type_support_c.cpp.o\n'}
[370.086065] (-) TimerEvent: {}
[370.186224] (-) TimerEvent: {}
[370.286383] (-) TimerEvent: {}
[370.386544] (-) TimerEvent: {}
[370.482656] (px4_msgs) StdoutLine: {'line': b'[ 52%] Building CXX object CMakeFiles/px4_msgs__rosidl_typesupport_fastrtps_c.dir/rosidl_typesupport_fastrtps_c/px4_msgs/msg/detail/geofence_status__type_support_c.cpp.o\n'}
[370.486639] (-) TimerEvent: {}
[370.587710] (-) TimerEvent: {}
[370.626828] (px4_msgs) StdoutLine: {'line': b'[ 52%] Building CXX object CMakeFiles/px4_msgs__rosidl_typesupport_fastrtps_c.dir/rosidl_typesupport_fastrtps_c/px4_msgs/msg/detail/gimbal_controls__type_support_c.cpp.o\n'}
[370.687804] (-) TimerEvent: {}
[370.787967] (-) TimerEvent: {}
[370.888130] (-) TimerEvent: {}
[370.988716] (-) TimerEvent: {}
[371.088886] (-) TimerEvent: {}
[371.111904] (px4_msgs) StdoutLine: {'line': b'[ 52%] Building CXX object CMakeFiles/px4_msgs__rosidl_typesupport_fastrtps_c.dir/rosidl_typesupport_fastrtps_c/px4_msgs/msg/detail/gimbal_device_attitude_status__type_support_c.cpp.o\n'}
[371.189719] (-) TimerEvent: {}
[371.276838] (px4_msgs) StdoutLine: {'line': b'[ 52%] Building CXX object CMakeFiles/px4_msgs__rosidl_typesupport_fastrtps_c.dir/rosidl_typesupport_fastrtps_c/px4_msgs/msg/detail/gimbal_device_information__type_support_c.cpp.o\n'}
[371.289816] (-) TimerEvent: {}
[371.389999] (-) TimerEvent: {}
[371.490167] (-) TimerEvent: {}
[371.591713] (-) TimerEvent: {}
[371.691877] (-) TimerEvent: {}
[371.740426] (px4_msgs) StdoutLine: {'line': b'[ 53%] Building CXX object CMakeFiles/px4_msgs__rosidl_typesupport_fastrtps_c.dir/rosidl_typesupport_fastrtps_c/px4_msgs/msg/detail/gimbal_device_set_attitude__type_support_c.cpp.o\n'}
[371.791964] (-) TimerEvent: {}
[371.892129] (-) TimerEvent: {}
[371.967558] (px4_msgs) StdoutLine: {'line': b'[ 53%] Building CXX object CMakeFiles/px4_msgs__rosidl_typesupport_fastrtps_c.dir/rosidl_typesupport_fastrtps_c/px4_msgs/msg/detail/gimbal_manager_information__type_support_c.cpp.o\n'}
[371.993714] (-) TimerEvent: {}
[372.093872] (-) TimerEvent: {}
[372.194023] (-) TimerEvent: {}
[372.287722] (px4_msgs) StdoutLine: {'line': b'[ 53%] Building CXX object CMakeFiles/px4_msgs__rosidl_typesupport_fastrtps_c.dir/rosidl_typesupport_fastrtps_c/px4_msgs/msg/detail/gimbal_manager_set_attitude__type_support_c.cpp.o\n'}
[372.294109] (-) TimerEvent: {}
[372.394258] (-) TimerEvent: {}
[372.494421] (-) TimerEvent: {}
[372.594600] (-) TimerEvent: {}
[372.614903] (px4_msgs) StdoutLine: {'line': b'[ 53%] Building CXX object CMakeFiles/px4_msgs__rosidl_typesupport_fastrtps_c.dir/rosidl_typesupport_fastrtps_c/px4_msgs/msg/detail/gimbal_manager_set_manual_control__type_support_c.cpp.o\n'}
[372.694897] (-) TimerEvent: {}
[372.795055] (-) TimerEvent: {}
[372.859661] (px4_msgs) StdoutLine: {'line': b'[ 53%] Building CXX object CMakeFiles/px4_msgs__rosidl_typesupport_fastrtps_c.dir/rosidl_typesupport_fastrtps_c/px4_msgs/msg/detail/gimbal_manager_status__type_support_c.cpp.o\n'}
[372.895716] (-) TimerEvent: {}
[372.995882] (-) TimerEvent: {}
[373.096050] (-) TimerEvent: {}
[373.196221] (-) TimerEvent: {}
[373.259028] (px4_msgs) StdoutLine: {'line': b'[ 53%] Building CXX object CMakeFiles/px4_msgs__rosidl_typesupport_fastrtps_c.dir/rosidl_typesupport_fastrtps_c/px4_msgs/msg/detail/goto_setpoint__type_support_c.cpp.o\n'}
[373.296724] (-) TimerEvent: {}
[373.396884] (-) TimerEvent: {}
[373.497036] (-) TimerEvent: {}
[373.510697] (px4_msgs) StdoutLine: {'line': b'[ 53%] Building CXX object CMakeFiles/px4_msgs__rosidl_typesupport_fastrtps_c.dir/rosidl_typesupport_fastrtps_c/px4_msgs/msg/detail/gpio_config__type_support_c.cpp.o\n'}
[373.597712] (-) TimerEvent: {}
[373.697867] (-) TimerEvent: {}
[373.798024] (-) TimerEvent: {}
[373.898181] (-) TimerEvent: {}
[373.926760] (px4_msgs) StdoutLine: {'line': b'[ 53%] Building CXX object CMakeFiles/px4_msgs__rosidl_typesupport_fastrtps_c.dir/rosidl_typesupport_fastrtps_c/px4_msgs/msg/detail/gpio_in__type_support_c.cpp.o\n'}
[373.998713] (-) TimerEvent: {}
[374.098866] (-) TimerEvent: {}
[374.140796] (px4_msgs) StdoutLine: {'line': b'[ 53%] Building CXX object CMakeFiles/px4_msgs__rosidl_typesupport_fastrtps_c.dir/rosidl_typesupport_fastrtps_c/px4_msgs/msg/detail/gpio_out__type_support_c.cpp.o\n'}
[374.199709] (-) TimerEvent: {}
[374.299861] (-) TimerEvent: {}
[374.400017] (-) TimerEvent: {}
[374.500172] (-) TimerEvent: {}
[374.545039] (px4_msgs) StdoutLine: {'line': b'[ 53%] Building CXX object CMakeFiles/px4_msgs__rosidl_typesupport_fastrtps_c.dir/rosidl_typesupport_fastrtps_c/px4_msgs/msg/detail/gpio_request__type_support_c.cpp.o\n'}
[374.600259] (-) TimerEvent: {}
[374.700411] (-) TimerEvent: {}
[374.748191] (px4_msgs) StdoutLine: {'line': b'[ 53%] Building CXX object CMakeFiles/px4_msgs__rosidl_typesupport_fastrtps_c.dir/rosidl_typesupport_fastrtps_c/px4_msgs/msg/detail/gps_dump__type_support_c.cpp.o\n'}
[374.800502] (-) TimerEvent: {}
[374.900728] (-) TimerEvent: {}
[375.001710] (-) TimerEvent: {}
[375.101874] (-) TimerEvent: {}
[375.174123] (px4_msgs) StdoutLine: {'line': b'[ 53%] Building CXX object CMakeFiles/px4_msgs__rosidl_typesupport_fastrtps_c.dir/rosidl_typesupport_fastrtps_c/px4_msgs/msg/detail/gps_inject_data__type_support_c.cpp.o\n'}
[375.202711] (-) TimerEvent: {}
[375.302871] (-) TimerEvent: {}
[375.370341] (px4_msgs) StdoutLine: {'line': b'[ 53%] Building CXX object CMakeFiles/px4_msgs__rosidl_typesupport_fastrtps_c.dir/rosidl_typesupport_fastrtps_c/px4_msgs/msg/detail/gripper__type_support_c.cpp.o\n'}
[375.402962] (-) TimerEvent: {}
[375.503119] (-) TimerEvent: {}
[375.603282] (-) TimerEvent: {}
[375.703859] (-) TimerEvent: {}
[375.804217] (-) TimerEvent: {}
[375.820956] (px4_msgs) StdoutLine: {'line': b'[ 53%] Building CXX object CMakeFiles/px4_msgs__rosidl_typesupport_fastrtps_c.dir/rosidl_typesupport_fastrtps_c/px4_msgs/msg/detail/health_report__type_support_c.cpp.o\n'}
[375.904714] (-) TimerEvent: {}
[376.001183] (px4_msgs) StdoutLine: {'line': b'[ 53%] Building CXX object CMakeFiles/px4_msgs__rosidl_typesupport_fastrtps_c.dir/rosidl_typesupport_fastrtps_c/px4_msgs/msg/detail/heater_status__type_support_c.cpp.o\n'}
[376.004796] (-) TimerEvent: {}
[376.104947] (-) TimerEvent: {}
[376.205110] (-) TimerEvent: {}
[376.305269] (-) TimerEvent: {}
[376.406553] (-) TimerEvent: {}
[376.452804] (px4_msgs) StdoutLine: {'line': b'[ 53%] Building CXX object CMakeFiles/px4_msgs__rosidl_typesupport_fastrtps_c.dir/rosidl_typesupport_fastrtps_c/px4_msgs/msg/detail/home_position__type_support_c.cpp.o\n'}
[376.506647] (-) TimerEvent: {}
[376.607709] (-) TimerEvent: {}
[376.638098] (px4_msgs) StdoutLine: {'line': b'[ 53%] Building CXX object CMakeFiles/px4_msgs__rosidl_typesupport_fastrtps_c.dir/rosidl_typesupport_fastrtps_c/px4_msgs/msg/detail/hover_thrust_estimate__type_support_c.cpp.o\n'}
[376.707797] (-) TimerEvent: {}
[376.807962] (-) TimerEvent: {}
[376.908125] (-) TimerEvent: {}
[377.008721] (-) TimerEvent: {}
[377.108886] (-) TimerEvent: {}
[377.113913] (px4_msgs) StdoutLine: {'line': b'[ 53%] Building CXX object CMakeFiles/px4_msgs__rosidl_typesupport_fastrtps_c.dir/rosidl_typesupport_fastrtps_c/px4_msgs/msg/detail/input_rc__type_support_c.cpp.o\n'}
[377.208977] (-) TimerEvent: {}
[377.246728] (px4_msgs) StdoutLine: {'line': b'[ 53%] Building CXX object CMakeFiles/px4_msgs__rosidl_typesupport_fastrtps_c.dir/rosidl_typesupport_fastrtps_c/px4_msgs/msg/detail/internal_combustion_engine_control__type_support_c.cpp.o\n'}
[377.309712] (-) TimerEvent: {}
[377.409862] (-) TimerEvent: {}
[377.510012] (-) TimerEvent: {}
[377.610167] (-) TimerEvent: {}
[377.657472] (px4_msgs) StdoutLine: {'line': b'[ 53%] Building CXX object CMakeFiles/px4_msgs__rosidl_typesupport_fastrtps_c.dir/rosidl_typesupport_fastrtps_c/px4_msgs/msg/detail/internal_combustion_engine_status__type_support_c.cpp.o\n'}
[377.710282] (-) TimerEvent: {}
[377.784869] (px4_msgs) StdoutLine: {'line': b'[ 53%] Building CXX object CMakeFiles/px4_msgs__rosidl_typesupport_fastrtps_c.dir/rosidl_typesupport_fastrtps_c/px4_msgs/msg/detail/iridiumsbd_status__type_support_c.cpp.o\n'}
[377.810376] (-) TimerEvent: {}
[377.910537] (-) TimerEvent: {}
[378.010707] (-) TimerEvent: {}
[378.110884] (-) TimerEvent: {}
[378.211174] (-) TimerEvent: {}
[378.265880] (px4_msgs) StdoutLine: {'line': b'[ 53%] Building CXX object CMakeFiles/px4_msgs__rosidl_typesupport_fastrtps_c.dir/rosidl_typesupport_fastrtps_c/px4_msgs/msg/detail/irlock_report__type_support_c.cpp.o\n'}
[378.311273] (-) TimerEvent: {}
[378.369914] (px4_msgs) StdoutLine: {'line': b'[ 53%] Building CXX object CMakeFiles/px4_msgs__rosidl_typesupport_fastrtps_c.dir/rosidl_typesupport_fastrtps_c/px4_msgs/msg/detail/landing_gear__type_support_c.cpp.o\n'}
[378.411372] (-) TimerEvent: {}
[378.511547] (-) TimerEvent: {}
[378.611716] (-) TimerEvent: {}
[378.712712] (-) TimerEvent: {}
[378.812870] (-) TimerEvent: {}
[378.881891] (px4_msgs) StdoutLine: {'line': b'[ 53%] Building CXX object CMakeFiles/px4_msgs__rosidl_typesupport_fastrtps_c.dir/rosidl_typesupport_fastrtps_c/px4_msgs/msg/detail/landing_gear_wheel__type_support_c.cpp.o\n'}
[378.913715] (-) TimerEvent: {}
[378.915579] (px4_msgs) StdoutLine: {'line': b'[ 53%] Building CXX object CMakeFiles/px4_msgs__rosidl_typesupport_fastrtps_c.dir/rosidl_typesupport_fastrtps_c/px4_msgs/msg/detail/landing_target_innovations__type_support_c.cpp.o\n'}
[379.013811] (-) TimerEvent: {}
[379.113971] (-) TimerEvent: {}
[379.214137] (-) TimerEvent: {}
[379.314319] (-) TimerEvent: {}
[379.414711] (-) TimerEvent: {}
[379.514866] (-) TimerEvent: {}
[379.519758] (px4_msgs) StdoutLine: {'line': b'[ 54%] Building CXX object CMakeFiles/px4_msgs__rosidl_typesupport_fastrtps_c.dir/rosidl_typesupport_fastrtps_c/px4_msgs/msg/detail/landing_target_pose__type_support_c.cpp.o\n'}
[379.532705] (px4_msgs) StdoutLine: {'line': b'[ 54%] Building CXX object CMakeFiles/px4_msgs__rosidl_typesupport_fastrtps_c.dir/rosidl_typesupport_fastrtps_c/px4_msgs/msg/detail/actuator_servos_trim__type_support_c.cpp.o\n'}
[379.572598] (px4_msgs) StdoutLine: {'line': b'[ 54%] Building CXX object CMakeFiles/px4_msgs__rosidl_typesupport_fastrtps_c.dir/rosidl_typesupport_fastrtps_c/px4_msgs/msg/detail/lateral_control_configuration__type_support_c.cpp.o\n'}
[379.617707] (-) TimerEvent: {}
[379.717858] (-) TimerEvent: {}
[379.818018] (-) TimerEvent: {}
[379.918182] (-) TimerEvent: {}
[380.018344] (-) TimerEvent: {}
[380.118505] (-) TimerEvent: {}
[380.197118] (px4_msgs) StdoutLine: {'line': b'[ 54%] Building CXX object CMakeFiles/px4_msgs__rosidl_typesupport_fastrtps_c.dir/rosidl_typesupport_fastrtps_c/px4_msgs/msg/detail/launch_detection_status__type_support_c.cpp.o\n'}
[380.218593] (-) TimerEvent: {}
[380.226000] (px4_msgs) StdoutLine: {'line': b'[ 54%] Building CXX object CMakeFiles/px4_msgs__rosidl_typesupport_fastrtps_c.dir/rosidl_typesupport_fastrtps_c/px4_msgs/msg/detail/led_control__type_support_c.cpp.o\n'}
[380.297839] (px4_msgs) StdoutLine: {'line': b'[ 54%] Building CXX object CMakeFiles/px4_msgs__rosidl_typesupport_fastrtps_c.dir/rosidl_typesupport_fastrtps_c/px4_msgs/msg/detail/log_message__type_support_c.cpp.o\n'}
[380.318683] (-) TimerEvent: {}
[380.418829] (-) TimerEvent: {}
[380.518982] (-) TimerEvent: {}
[380.619144] (-) TimerEvent: {}
[380.719311] (-) TimerEvent: {}
[380.819610] (-) TimerEvent: {}
[380.920719] (-) TimerEvent: {}
[380.965134] (px4_msgs) StdoutLine: {'line': b'[ 54%] Building CXX object CMakeFiles/px4_msgs__rosidl_typesupport_fastrtps_c.dir/rosidl_typesupport_fastrtps_c/px4_msgs/msg/detail/logger_status__type_support_c.cpp.o\n'}
[381.009700] (px4_msgs) StdoutLine: {'line': b'[ 54%] Building CXX object CMakeFiles/px4_msgs__rosidl_typesupport_fastrtps_c.dir/rosidl_typesupport_fastrtps_c/px4_msgs/msg/detail/longitudinal_control_configuration__type_support_c.cpp.o\n'}
[381.020807] (-) TimerEvent: {}
[381.023696] (px4_msgs) StdoutLine: {'line': b'[ 54%] Building CXX object CMakeFiles/px4_msgs__rosidl_typesupport_fastrtps_c.dir/rosidl_typesupport_fastrtps_c/px4_msgs/msg/detail/mag_worker_data__type_support_c.cpp.o\n'}
[381.121707] (-) TimerEvent: {}
[381.221862] (-) TimerEvent: {}
[381.322020] (-) TimerEvent: {}
[381.422186] (-) TimerEvent: {}
[381.522482] (-) TimerEvent: {}
[381.622644] (-) TimerEvent: {}
[381.722883] (px4_msgs) StdoutLine: {'line': b'[ 54%] Building CXX object CMakeFiles/px4_msgs__rosidl_typesupport_fastrtps_c.dir/rosidl_typesupport_fastrtps_c/px4_msgs/msg/detail/magnetometer_bias_estimate__type_support_c.cpp.o\n'}
[381.723096] (-) TimerEvent: {}
[381.733721] (px4_msgs) StdoutLine: {'line': b'[ 54%] Building CXX object CMakeFiles/px4_msgs__rosidl_typesupport_fastrtps_c.dir/rosidl_typesupport_fastrtps_c/px4_msgs/msg/detail/actuator_servos__type_support_c.cpp.o\n'}
[381.815458] (px4_msgs) StdoutLine: {'line': b'[ 54%] Building CXX object CMakeFiles/px4_msgs__rosidl_typesupport_fastrtps_c.dir/rosidl_typesupport_fastrtps_c/px4_msgs/msg/detail/manual_control_setpoint__type_support_c.cpp.o\n'}
[381.818388] (px4_msgs) StdoutLine: {'line': b'[ 54%] Building CXX object CMakeFiles/px4_msgs__rosidl_typesupport_fastrtps_c.dir/rosidl_typesupport_fastrtps_c/px4_msgs/msg/detail/manual_control_switches__type_support_c.cpp.o\n'}
[381.823196] (-) TimerEvent: {}
[381.926714] (-) TimerEvent: {}
[382.026861] (-) TimerEvent: {}
[382.127017] (-) TimerEvent: {}
[382.228713] (-) TimerEvent: {}
[382.328881] (-) TimerEvent: {}
[382.429048] (-) TimerEvent: {}
[382.513024] (px4_msgs) StdoutLine: {'line': b'[ 54%] Building CXX object CMakeFiles/px4_msgs__rosidl_typesupport_fastrtps_c.dir/rosidl_typesupport_fastrtps_c/px4_msgs/msg/detail/mavlink_log__type_support_c.cpp.o\n'}
[382.529137] (-) TimerEvent: {}
[382.629285] (-) TimerEvent: {}
[382.730712] (-) TimerEvent: {}
[382.744883] (px4_msgs) StdoutLine: {'line': b'[ 54%] Building CXX object CMakeFiles/px4_msgs__rosidl_typesupport_fastrtps_c.dir/rosidl_typesupport_fastrtps_c/px4_msgs/msg/detail/mavlink_tunnel__type_support_c.cpp.o\n'}
[382.830803] (-) TimerEvent: {}
[382.931715] (-) TimerEvent: {}
[382.989159] (px4_msgs) StdoutLine: {'line': b'[ 54%] Building CXX object CMakeFiles/px4_msgs__rosidl_typesupport_fastrtps_c.dir/rosidl_typesupport_fastrtps_c/px4_msgs/msg/detail/message_format_request__type_support_c.cpp.o\n'}
[383.027706] (px4_msgs) StdoutLine: {'line': b'[ 54%] Building CXX object CMakeFiles/px4_msgs__rosidl_typesupport_fastrtps_c.dir/rosidl_typesupport_fastrtps_c/px4_msgs/msg/detail/message_format_response__type_support_c.cpp.o\n'}
[383.034713] (-) TimerEvent: {}
[383.134864] (-) TimerEvent: {}
[383.235034] (-) TimerEvent: {}
[383.335191] (-) TimerEvent: {}
[383.435355] (-) TimerEvent: {}
[383.535522] (-) TimerEvent: {}
[383.635707] (-) TimerEvent: {}
[383.695135] (px4_msgs) StdoutLine: {'line': b'[ 54%] Building CXX object CMakeFiles/px4_msgs__rosidl_typesupport_fastrtps_c.dir/rosidl_typesupport_fastrtps_c/px4_msgs/msg/detail/mission__type_support_c.cpp.o\n'}
[383.702630] (px4_msgs) StdoutLine: {'line': b'[ 54%] Building CXX object CMakeFiles/px4_msgs__rosidl_typesupport_fastrtps_c.dir/rosidl_typesupport_fastrtps_c/px4_msgs/msg/detail/mission_result__type_support_c.cpp.o\n'}
[383.738726] (-) TimerEvent: {}
[383.752848] (px4_msgs) StdoutLine: {'line': b'[ 54%] Building CXX object CMakeFiles/px4_msgs__rosidl_typesupport_fastrtps_c.dir/rosidl_typesupport_fastrtps_c/px4_msgs/msg/detail/mode_completed__type_support_c.cpp.o\n'}
[383.837657] (px4_msgs) StdoutLine: {'line': b'[ 54%] Building CXX object CMakeFiles/px4_msgs__rosidl_typesupport_fastrtps_c.dir/rosidl_typesupport_fastrtps_c/px4_msgs/msg/detail/mount_orientation__type_support_c.cpp.o\n'}
[383.838789] (-) TimerEvent: {}
[383.941711] (-) TimerEvent: {}
[384.041873] (-) TimerEvent: {}
[384.142032] (-) TimerEvent: {}
[384.242201] (-) TimerEvent: {}
[384.344722] (-) TimerEvent: {}
[384.444894] (-) TimerEvent: {}
[384.545062] (-) TimerEvent: {}
[384.645232] (-) TimerEvent: {}
[384.745394] (-) TimerEvent: {}
[384.756059] (px4_msgs) StdoutLine: {'line': b'[ 54%] Building CXX object CMakeFiles/px4_msgs__rosidl_typesupport_fastrtps_c.dir/rosidl_typesupport_fastrtps_c/px4_msgs/msg/detail/normalized_unsigned_setpoint__type_support_c.cpp.o\n'}
[384.845481] (-) TimerEvent: {}
[384.945628] (-) TimerEvent: {}
[385.045785] (-) TimerEvent: {}
[385.145940] (-) TimerEvent: {}
[385.184190] (px4_msgs) StdoutLine: {'line': b'[ 54%] Building CXX object CMakeFiles/px4_msgs__rosidl_typesupport_fastrtps_c.dir/rosidl_typesupport_fastrtps_c/px4_msgs/msg/detail/obstacle_distance__type_support_c.cpp.o\n'}
[385.246027] (-) TimerEvent: {}
[385.346183] (-) TimerEvent: {}
[385.446354] (-) TimerEvent: {}
[385.546521] (-) TimerEvent: {}
[385.579175] (px4_msgs) StdoutLine: {'line': b'[ 55%] Building CXX object CMakeFiles/px4_msgs__rosidl_typesupport_fastrtps_c.dir/rosidl_typesupport_fastrtps_c/px4_msgs/msg/detail/offboard_control_mode__type_support_c.cpp.o\n'}
[385.646615] (-) TimerEvent: {}
[385.749716] (-) TimerEvent: {}
[385.849892] (-) TimerEvent: {}
[385.950180] (-) TimerEvent: {}
[386.019799] (px4_msgs) StdoutLine: {'line': b'[ 55%] Building CXX object CMakeFiles/px4_msgs__rosidl_typesupport_fastrtps_c.dir/rosidl_typesupport_fastrtps_c/px4_msgs/msg/detail/onboard_computer_status__type_support_c.cpp.o\n'}
[386.050268] (-) TimerEvent: {}
[386.150428] (-) TimerEvent: {}
[386.250601] (-) TimerEvent: {}
[386.350778] (-) TimerEvent: {}
[386.428010] (px4_msgs) StdoutLine: {'line': b'[ 55%] Building CXX object CMakeFiles/px4_msgs__rosidl_typesupport_fastrtps_c.dir/rosidl_typesupport_fastrtps_c/px4_msgs/msg/detail/open_drone_id_operator_id__type_support_c.cpp.o\n'}
[386.450862] (-) TimerEvent: {}
[386.551008] (-) TimerEvent: {}
[386.651178] (-) TimerEvent: {}
[386.751346] (-) TimerEvent: {}
[386.814311] (px4_msgs) StdoutLine: {'line': b'[ 55%] Building CXX object CMakeFiles/px4_msgs__rosidl_typesupport_fastrtps_c.dir/rosidl_typesupport_fastrtps_c/px4_msgs/msg/detail/open_drone_id_self_id__type_support_c.cpp.o\n'}
[386.851441] (-) TimerEvent: {}
[386.951598] (-) TimerEvent: {}
[387.051751] (-) TimerEvent: {}
[387.151911] (-) TimerEvent: {}
[387.199727] (px4_msgs) StdoutLine: {'line': b'[ 55%] Building CXX object CMakeFiles/px4_msgs__rosidl_typesupport_fastrtps_c.dir/rosidl_typesupport_fastrtps_c/px4_msgs/msg/detail/open_drone_id_system__type_support_c.cpp.o\n'}
[387.252005] (-) TimerEvent: {}
[387.352162] (-) TimerEvent: {}
[387.452316] (-) TimerEvent: {}
[387.552485] (-) TimerEvent: {}
[387.607297] (px4_msgs) StdoutLine: {'line': b'[ 55%] Building CXX object CMakeFiles/px4_msgs__rosidl_typesupport_fastrtps_c.dir/rosidl_typesupport_fastrtps_c/px4_msgs/msg/detail/orb_test__type_support_c.cpp.o\n'}
[387.652577] (-) TimerEvent: {}
[387.752736] (-) TimerEvent: {}
[387.852903] (-) TimerEvent: {}
[387.953068] (-) TimerEvent: {}
[387.989408] (px4_msgs) StdoutLine: {'line': b'[ 55%] Building CXX object CMakeFiles/px4_msgs__rosidl_typesupport_fastrtps_c.dir/rosidl_typesupport_fastrtps_c/px4_msgs/msg/detail/orb_test_large__type_support_c.cpp.o\n'}
[388.053161] (-) TimerEvent: {}
[388.153322] (-) TimerEvent: {}
[388.253486] (-) TimerEvent: {}
[388.353638] (-) TimerEvent: {}
[388.374866] (px4_msgs) StdoutLine: {'line': b'[ 55%] Building CXX object CMakeFiles/px4_msgs__rosidl_typesupport_fastrtps_c.dir/rosidl_typesupport_fastrtps_c/px4_msgs/msg/detail/orbit_status__type_support_c.cpp.o\n'}
[388.453736] (-) TimerEvent: {}
[388.553899] (-) TimerEvent: {}
[388.654059] (-) TimerEvent: {}
[388.754214] (-) TimerEvent: {}
[388.769784] (px4_msgs) StdoutLine: {'line': b'[ 55%] Building CXX object CMakeFiles/px4_msgs__rosidl_typesupport_fastrtps_c.dir/rosidl_typesupport_fastrtps_c/px4_msgs/msg/detail/parameter_reset_request__type_support_c.cpp.o\n'}
[388.854302] (-) TimerEvent: {}
[388.954458] (-) TimerEvent: {}
[389.054611] (-) TimerEvent: {}
[389.154759] (-) TimerEvent: {}
[389.187770] (px4_msgs) StdoutLine: {'line': b'[ 55%] Building CXX object CMakeFiles/px4_msgs__rosidl_typesupport_fastrtps_c.dir/rosidl_typesupport_fastrtps_c/px4_msgs/msg/detail/parameter_set_used_request__type_support_c.cpp.o\n'}
[389.254845] (-) TimerEvent: {}
[389.355003] (-) TimerEvent: {}
[389.455162] (-) TimerEvent: {}
[389.555331] (-) TimerEvent: {}
[389.582608] (px4_msgs) StdoutLine: {'line': b'[ 55%] Building CXX object CMakeFiles/px4_msgs__rosidl_typesupport_fastrtps_c.dir/rosidl_typesupport_fastrtps_c/px4_msgs/msg/detail/neural_control__type_support_c.cpp.o\n'}
[389.582812] (px4_msgs) StdoutLine: {'line': b'[ 55%] Building CXX object CMakeFiles/px4_msgs__rosidl_typesupport_fastrtps_c.dir/rosidl_typesupport_fastrtps_c/px4_msgs/msg/detail/parameter_set_value_request__type_support_c.cpp.o\n'}
[389.655417] (-) TimerEvent: {}
[389.755571] (-) TimerEvent: {}
[389.855741] (-) TimerEvent: {}
[389.955911] (-) TimerEvent: {}
[390.056071] (-) TimerEvent: {}
[390.156714] (-) TimerEvent: {}
[390.208822] (px4_msgs) StdoutLine: {'line': b'[ 55%] Building CXX object CMakeFiles/px4_msgs__rosidl_typesupport_fastrtps_c.dir/rosidl_typesupport_fastrtps_c/px4_msgs/msg/detail/parameter_set_value_response__type_support_c.cpp.o\n'}
[390.215360] (px4_msgs) StdoutLine: {'line': b'[ 55%] Building CXX object CMakeFiles/px4_msgs__rosidl_typesupport_fastrtps_c.dir/rosidl_typesupport_fastrtps_c/px4_msgs/msg/detail/parameter_update__type_support_c.cpp.o\n'}
[390.256807] (-) TimerEvent: {}
[390.356972] (-) TimerEvent: {}
[390.457128] (-) TimerEvent: {}
[390.557298] (-) TimerEvent: {}
[390.620940] (px4_msgs) StdoutLine: {'line': b'[ 55%] Building CXX object CMakeFiles/px4_msgs__rosidl_typesupport_fastrtps_c.dir/rosidl_typesupport_fastrtps_c/px4_msgs/msg/detail/ping__type_support_c.cpp.o\n'}
[390.657392] (-) TimerEvent: {}
[390.757571] (-) TimerEvent: {}
[390.821823] (px4_msgs) StdoutLine: {'line': b'[ 55%] Building CXX object CMakeFiles/px4_msgs__rosidl_typesupport_fastrtps_c.dir/rosidl_typesupport_fastrtps_c/px4_msgs/msg/detail/position_controller_landing_status__type_support_c.cpp.o\n'}
[390.857677] (-) TimerEvent: {}
[390.957821] (-) TimerEvent: {}
[391.057977] (-) TimerEvent: {}
[391.158267] (-) TimerEvent: {}
[391.160677] (px4_msgs) StdoutLine: {'line': b'[ 55%] Building CXX object CMakeFiles/px4_msgs__rosidl_typesupport_fastrtps_c.dir/rosidl_typesupport_fastrtps_c/px4_msgs/msg/detail/position_controller_status__type_support_c.cpp.o\n'}
[391.258706] (-) TimerEvent: {}
[391.358857] (-) TimerEvent: {}
[391.459009] (-) TimerEvent: {}
[391.461094] (px4_msgs) StdoutLine: {'line': b'[ 55%] Building CXX object CMakeFiles/px4_msgs__rosidl_typesupport_fastrtps_c.dir/rosidl_typesupport_fastrtps_c/px4_msgs/msg/detail/position_setpoint__type_support_c.cpp.o\n'}
[391.559716] (-) TimerEvent: {}
[391.659879] (-) TimerEvent: {}
[391.760048] (-) TimerEvent: {}
[391.798803] (px4_msgs) StdoutLine: {'line': b'[ 55%] Building CXX object CMakeFiles/px4_msgs__rosidl_typesupport_fastrtps_c.dir/rosidl_typesupport_fastrtps_c/px4_msgs/msg/detail/position_setpoint_triplet__type_support_c.cpp.o\n'}
[391.860147] (-) TimerEvent: {}
[391.960715] (-) TimerEvent: {}
[392.060993] (-) TimerEvent: {}
[392.129092] (px4_msgs) StdoutLine: {'line': b'[ 55%] Building CXX object CMakeFiles/px4_msgs__rosidl_typesupport_fastrtps_c.dir/rosidl_typesupport_fastrtps_c/px4_msgs/msg/detail/power_button_state__type_support_c.cpp.o\n'}
[392.161712] (-) TimerEvent: {}
[392.261872] (-) TimerEvent: {}
[392.362037] (-) TimerEvent: {}
[392.439835] (px4_msgs) StdoutLine: {'line': b'[ 55%] Building CXX object CMakeFiles/px4_msgs__rosidl_typesupport_fastrtps_c.dir/rosidl_typesupport_fastrtps_c/px4_msgs/msg/detail/power_monitor__type_support_c.cpp.o\n'}
[392.452698] (px4_msgs) StdoutLine: {'line': b'[ 55%] Building CXX object CMakeFiles/px4_msgs__rosidl_typesupport_fastrtps_c.dir/rosidl_typesupport_fastrtps_c/px4_msgs/msg/detail/pps_capture__type_support_c.cpp.o\n'}
[392.462716] (-) TimerEvent: {}
[392.562881] (-) TimerEvent: {}
[392.663174] (-) TimerEvent: {}
[392.754830] (px4_msgs) StdoutLine: {'line': b'[ 56%] Building CXX object CMakeFiles/px4_msgs__rosidl_typesupport_fastrtps_c.dir/rosidl_typesupport_fastrtps_c/px4_msgs/msg/detail/navigator_status__type_support_c.cpp.o\n'}
[392.763714] (-) TimerEvent: {}
[392.864031] (-) TimerEvent: {}
[392.964327] (-) TimerEvent: {}
[393.064632] (-) TimerEvent: {}
[393.097705] (px4_msgs) StdoutLine: {'line': b'[ 56%] Building CXX object CMakeFiles/px4_msgs__rosidl_typesupport_fastrtps_c.dir/rosidl_typesupport_fastrtps_c/px4_msgs/msg/detail/pure_pursuit_status__type_support_c.cpp.o\n'}
[393.114240] (px4_msgs) StdoutLine: {'line': b'[ 56%] Building CXX object CMakeFiles/px4_msgs__rosidl_typesupport_fastrtps_c.dir/rosidl_typesupport_fastrtps_c/px4_msgs/msg/detail/pwm_input__type_support_c.cpp.o\n'}
[393.165710] (-) TimerEvent: {}
[393.265869] (-) TimerEvent: {}
[393.366165] (-) TimerEvent: {}
[393.387468] (px4_msgs) StdoutLine: {'line': b'[ 56%] Building CXX object CMakeFiles/px4_msgs__rosidl_typesupport_fastrtps_c.dir/rosidl_typesupport_fastrtps_c/px4_msgs/msg/detail/px4io_status__type_support_c.cpp.o\n'}
[393.466716] (-) TimerEvent: {}
[393.567071] (-) TimerEvent: {}
[393.667231] (-) TimerEvent: {}
[393.745805] (px4_msgs) StdoutLine: {'line': b'[ 56%] Building CXX object CMakeFiles/px4_msgs__rosidl_typesupport_fastrtps_c.dir/rosidl_typesupport_fastrtps_c/px4_msgs/msg/detail/qshell_req__type_support_c.cpp.o\n'}
[393.766559] (px4_msgs) StdoutLine: {'line': b'[ 56%] Building CXX object CMakeFiles/px4_msgs__rosidl_typesupport_fastrtps_c.dir/rosidl_typesupport_fastrtps_c/px4_msgs/msg/detail/qshell_retval__type_support_c.cpp.o\n'}
[393.767299] (-) TimerEvent: {}
[393.867442] (-) TimerEvent: {}
[393.967614] (-) TimerEvent: {}
[394.067786] (-) TimerEvent: {}
[394.100838] (px4_msgs) StdoutLine: {'line': b'[ 56%] Building CXX object CMakeFiles/px4_msgs__rosidl_typesupport_fastrtps_c.dir/rosidl_typesupport_fastrtps_c/px4_msgs/msg/detail/radio_status__type_support_c.cpp.o\n'}
[394.167885] (-) TimerEvent: {}
[394.268051] (-) TimerEvent: {}
[394.368343] (-) TimerEvent: {}
[394.386731] (px4_msgs) StdoutLine: {'line': b'[ 56%] Building CXX object CMakeFiles/px4_msgs__rosidl_typesupport_fastrtps_c.dir/rosidl_typesupport_fastrtps_c/px4_msgs/msg/detail/rate_ctrl_status__type_support_c.cpp.o\n'}
[394.396080] (px4_msgs) StdoutLine: {'line': b'[ 56%] Building CXX object CMakeFiles/px4_msgs__rosidl_typesupport_fastrtps_c.dir/rosidl_typesupport_fastrtps_c/px4_msgs/msg/detail/rc_channels__type_support_c.cpp.o\n'}
[394.468718] (-) TimerEvent: {}
[394.569009] (-) TimerEvent: {}
[394.669174] (-) TimerEvent: {}
[394.754700] (px4_msgs) StdoutLine: {'line': b'[ 56%] Building CXX object CMakeFiles/px4_msgs__rosidl_typesupport_fastrtps_c.dir/rosidl_typesupport_fastrtps_c/px4_msgs/msg/detail/rc_parameter_map__type_support_c.cpp.o\n'}
[394.769271] (-) TimerEvent: {}
[394.869720] (-) TimerEvent: {}
[394.969019] (px4_msgs) StdoutLine: {'line': b'[ 56%] Building CXX object CMakeFiles/px4_msgs__rosidl_typesupport_fastrtps_c.dir/rosidl_typesupport_fastrtps_c/px4_msgs/msg/detail/register_ext_component_reply__type_support_c.cpp.o\n'}
[394.969786] (-) TimerEvent: {}
[395.063738] (px4_msgs) StdoutLine: {'line': b'[ 56%] Building CXX object CMakeFiles/px4_msgs__rosidl_typesupport_fastrtps_c.dir/rosidl_typesupport_fastrtps_c/px4_msgs/msg/detail/register_ext_component_request__type_support_c.cpp.o\n'}
[395.069883] (-) TimerEvent: {}
[395.170041] (-) TimerEvent: {}
[395.271056] (-) TimerEvent: {}
[395.371224] (-) TimerEvent: {}
[395.405737] (px4_msgs) StdoutLine: {'line': b'[ 56%] Building CXX object CMakeFiles/px4_msgs__rosidl_typesupport_fastrtps_c.dir/rosidl_typesupport_fastrtps_c/px4_msgs/msg/detail/rover_attitude_setpoint__type_support_c.cpp.o\n'}
[395.471317] (-) TimerEvent: {}
[395.571714] (-) TimerEvent: {}
[395.626677] (px4_msgs) StdoutLine: {'line': b'[ 56%] Building CXX object CMakeFiles/px4_msgs__rosidl_typesupport_fastrtps_c.dir/rosidl_typesupport_fastrtps_c/px4_msgs/msg/detail/rover_attitude_status__type_support_c.cpp.o\n'}
[395.672711] (-) TimerEvent: {}
[395.731758] (px4_msgs) StdoutLine: {'line': b'[ 56%] Building CXX object CMakeFiles/px4_msgs__rosidl_typesupport_fastrtps_c.dir/rosidl_typesupport_fastrtps_c/px4_msgs/msg/detail/rover_position_setpoint__type_support_c.cpp.o\n'}
[395.772810] (-) TimerEvent: {}
[395.872976] (-) TimerEvent: {}
[395.973140] (-) TimerEvent: {}
[396.047555] (px4_msgs) StdoutLine: {'line': b'[ 56%] Building CXX object CMakeFiles/px4_msgs__rosidl_typesupport_fastrtps_c.dir/rosidl_typesupport_fastrtps_c/px4_msgs/msg/detail/rover_rate_setpoint__type_support_c.cpp.o\n'}
[396.073711] (-) TimerEvent: {}
[396.173875] (-) TimerEvent: {}
[396.272352] (px4_msgs) StdoutLine: {'line': b'[ 56%] Building CXX object CMakeFiles/px4_msgs__rosidl_typesupport_fastrtps_c.dir/rosidl_typesupport_fastrtps_c/px4_msgs/msg/detail/rover_rate_status__type_support_c.cpp.o\n'}
[396.273951] (-) TimerEvent: {}
[396.374711] (-) TimerEvent: {}
[396.379735] (px4_msgs) StdoutLine: {'line': b'[ 56%] Building CXX object CMakeFiles/px4_msgs__rosidl_typesupport_fastrtps_c.dir/rosidl_typesupport_fastrtps_c/px4_msgs/msg/detail/rover_speed_setpoint__type_support_c.cpp.o\n'}
[396.474813] (-) TimerEvent: {}
[396.575716] (-) TimerEvent: {}
[396.675879] (-) TimerEvent: {}
[396.685405] (px4_msgs) StdoutLine: {'line': b'[ 56%] Building CXX object CMakeFiles/px4_msgs__rosidl_typesupport_fastrtps_c.dir/rosidl_typesupport_fastrtps_c/px4_msgs/msg/detail/rover_speed_status__type_support_c.cpp.o\n'}
[396.775975] (-) TimerEvent: {}
[396.876144] (-) TimerEvent: {}
[396.886729] (px4_msgs) StdoutLine: {'line': b'[ 56%] Building CXX object CMakeFiles/px4_msgs__rosidl_typesupport_fastrtps_c.dir/rosidl_typesupport_fastrtps_c/px4_msgs/msg/detail/rover_steering_setpoint__type_support_c.cpp.o\n'}
[396.976234] (-) TimerEvent: {}
[397.024493] (px4_msgs) StdoutLine: {'line': b'[ 56%] Building CXX object CMakeFiles/px4_msgs__rosidl_typesupport_fastrtps_c.dir/rosidl_typesupport_fastrtps_c/px4_msgs/msg/detail/rover_throttle_setpoint__type_support_c.cpp.o\n'}
[397.076335] (-) TimerEvent: {}
[397.176513] (-) TimerEvent: {}
[397.276713] (-) TimerEvent: {}
[397.331925] (px4_msgs) StdoutLine: {'line': b'[ 56%] Building CXX object CMakeFiles/px4_msgs__rosidl_typesupport_fastrtps_c.dir/rosidl_typesupport_fastrtps_c/px4_msgs/msg/detail/rpm__type_support_c.cpp.o\n'}
[397.376809] (-) TimerEvent: {}
[397.476980] (-) TimerEvent: {}
[397.517876] (px4_msgs) StdoutLine: {'line': b'[ 56%] Building CXX object CMakeFiles/px4_msgs__rosidl_typesupport_fastrtps_c.dir/rosidl_typesupport_fastrtps_c/px4_msgs/msg/detail/rtl_status__type_support_c.cpp.o\n'}
[397.577075] (-) TimerEvent: {}
[397.673722] (px4_msgs) StdoutLine: {'line': b'[ 56%] Building CXX object CMakeFiles/px4_msgs__rosidl_typesupport_fastrtps_c.dir/rosidl_typesupport_fastrtps_c/px4_msgs/msg/detail/rtl_time_estimate__type_support_c.cpp.o\n'}
[397.678280] (-) TimerEvent: {}
[397.778427] (-) TimerEvent: {}
[397.878588] (-) TimerEvent: {}
[397.970835] (px4_msgs) StdoutLine: {'line': b'[ 56%] Building CXX object CMakeFiles/px4_msgs__rosidl_typesupport_fastrtps_c.dir/rosidl_typesupport_fastrtps_c/px4_msgs/msg/detail/satellite_info__type_support_c.cpp.o\n'}
[397.978686] (-) TimerEvent: {}
[398.078850] (-) TimerEvent: {}
[398.171709] (px4_msgs) StdoutLine: {'line': b'[ 56%] Building CXX object CMakeFiles/px4_msgs__rosidl_typesupport_fastrtps_c.dir/rosidl_typesupport_fastrtps_c/px4_msgs/msg/detail/sensor_accel__type_support_c.cpp.o\n'}
[398.179711] (-) TimerEvent: {}
[398.279877] (-) TimerEvent: {}
[398.327342] (px4_msgs) StdoutLine: {'line': b'[ 57%] Building CXX object CMakeFiles/px4_msgs__rosidl_typesupport_fastrtps_c.dir/rosidl_typesupport_fastrtps_c/px4_msgs/msg/detail/sensor_accel_fifo__type_support_c.cpp.o\n'}
[398.379968] (-) TimerEvent: {}
[398.480134] (-) TimerEvent: {}
[398.580302] (-) TimerEvent: {}
[398.622062] (px4_msgs) StdoutLine: {'line': b'[ 57%] Building CXX object CMakeFiles/px4_msgs__rosidl_typesupport_fastrtps_c.dir/rosidl_typesupport_fastrtps_c/px4_msgs/msg/detail/sensor_airflow__type_support_c.cpp.o\n'}
[398.680709] (-) TimerEvent: {}
[398.780867] (-) TimerEvent: {}
[398.809053] (px4_msgs) StdoutLine: {'line': b'[ 57%] Building CXX object CMakeFiles/px4_msgs__rosidl_typesupport_fastrtps_c.dir/rosidl_typesupport_fastrtps_c/px4_msgs/msg/detail/sensor_baro__type_support_c.cpp.o\n'}
[398.881715] (-) TimerEvent: {}
[398.981878] (-) TimerEvent: {}
[398.999853] (px4_msgs) StdoutLine: {'line': b'[ 57%] Building CXX object CMakeFiles/px4_msgs__rosidl_typesupport_fastrtps_c.dir/rosidl_typesupport_fastrtps_c/px4_msgs/msg/detail/sensor_combined__type_support_c.cpp.o\n'}
[399.082716] (-) TimerEvent: {}
[399.182885] (-) TimerEvent: {}
[399.283044] (-) TimerEvent: {}
[399.383201] (-) TimerEvent: {}
[399.483359] (-) TimerEvent: {}
[399.579019] (px4_msgs) StdoutLine: {'line': b'[ 57%] Building CXX object CMakeFiles/px4_msgs__rosidl_typesupport_fastrtps_c.dir/rosidl_typesupport_fastrtps_c/px4_msgs/msg/detail/sensor_gnss_status__type_support_c.cpp.o\n'}
[399.583448] (-) TimerEvent: {}
[399.683601] (-) TimerEvent: {}
[399.783760] (-) TimerEvent: {}
[399.883919] (-) TimerEvent: {}
[399.975072] (px4_msgs) StdoutLine: {'line': b'[ 57%] Building CXX object CMakeFiles/px4_msgs__rosidl_typesupport_fastrtps_c.dir/rosidl_typesupport_fastrtps_c/px4_msgs/msg/detail/sensor_gps__type_support_c.cpp.o\n'}
[399.984006] (-) TimerEvent: {}
[400.084159] (-) TimerEvent: {}
[400.184318] (-) TimerEvent: {}
[400.284475] (-) TimerEvent: {}
[400.384634] (-) TimerEvent: {}
[400.400946] (px4_msgs) StdoutLine: {'line': b'[ 57%] Building CXX object CMakeFiles/px4_msgs__rosidl_typesupport_fastrtps_c.dir/rosidl_typesupport_fastrtps_c/px4_msgs/msg/detail/sensor_gyro__type_support_c.cpp.o\n'}
[400.484714] (-) TimerEvent: {}
[400.584872] (-) TimerEvent: {}
[400.691623] (-) TimerEvent: {}
[400.791810] (-) TimerEvent: {}
[400.853330] (px4_msgs) StdoutLine: {'line': b'[ 57%] Building CXX object CMakeFiles/px4_msgs__rosidl_typesupport_fastrtps_c.dir/rosidl_typesupport_fastrtps_c/px4_msgs/msg/detail/sensor_gyro_fft__type_support_c.cpp.o\n'}
[400.891905] (-) TimerEvent: {}
[400.992070] (-) TimerEvent: {}
[401.092226] (-) TimerEvent: {}
[401.192389] (-) TimerEvent: {}
[401.252609] (px4_msgs) StdoutLine: {'line': b'[ 57%] Building CXX object CMakeFiles/px4_msgs__rosidl_typesupport_fastrtps_c.dir/rosidl_typesupport_fastrtps_c/px4_msgs/msg/detail/sensor_gyro_fifo__type_support_c.cpp.o\n'}
[401.292487] (-) TimerEvent: {}
[401.392659] (-) TimerEvent: {}
[401.492826] (-) TimerEvent: {}
[401.592978] (-) TimerEvent: {}
[401.661136] (px4_msgs) StdoutLine: {'line': b'[ 57%] Building CXX object CMakeFiles/px4_msgs__rosidl_typesupport_fastrtps_c.dir/rosidl_typesupport_fastrtps_c/px4_msgs/msg/detail/sensor_hygrometer__type_support_c.cpp.o\n'}
[401.693065] (-) TimerEvent: {}
[401.793221] (-) TimerEvent: {}
[401.893385] (-) TimerEvent: {}
[401.993713] (-) TimerEvent: {}
[402.093874] (-) TimerEvent: {}
[402.194038] (-) TimerEvent: {}
[402.195176] (px4_msgs) StdoutLine: {'line': b'[ 57%] Building CXX object CMakeFiles/px4_msgs__rosidl_typesupport_fastrtps_c.dir/rosidl_typesupport_fastrtps_c/px4_msgs/msg/detail/sensor_mag__type_support_c.cpp.o\n'}
[402.294135] (-) TimerEvent: {}
[402.394297] (-) TimerEvent: {}
[402.494467] (-) TimerEvent: {}
[402.594634] (-) TimerEvent: {}
[402.669958] (px4_msgs) StdoutLine: {'line': b'[ 57%] Building CXX object CMakeFiles/px4_msgs__rosidl_typesupport_fastrtps_c.dir/rosidl_typesupport_fastrtps_c/px4_msgs/msg/detail/sensor_optical_flow__type_support_c.cpp.o\n'}
[402.694738] (-) TimerEvent: {}
[402.794900] (-) TimerEvent: {}
[402.895062] (-) TimerEvent: {}
[402.995224] (-) TimerEvent: {}
[403.095377] (-) TimerEvent: {}
[403.195536] (-) TimerEvent: {}
[403.197034] (px4_msgs) StdoutLine: {'line': b'[ 57%] Building CXX object CMakeFiles/px4_msgs__rosidl_typesupport_fastrtps_c.dir/rosidl_typesupport_fastrtps_c/px4_msgs/msg/detail/sensor_preflight_mag__type_support_c.cpp.o\n'}
[403.295633] (-) TimerEvent: {}
[403.395813] (-) TimerEvent: {}
[403.495990] (-) TimerEvent: {}
[403.596166] (-) TimerEvent: {}
[403.632201] (px4_msgs) StdoutLine: {'line': b'[ 57%] Building CXX object CMakeFiles/px4_msgs__rosidl_typesupport_fastrtps_c.dir/rosidl_typesupport_fastrtps_c/px4_msgs/msg/detail/sensor_selection__type_support_c.cpp.o\n'}
[403.696263] (-) TimerEvent: {}
[403.796445] (-) TimerEvent: {}
[403.896612] (-) TimerEvent: {}
[403.939844] (px4_msgs) StdoutLine: {'line': b'[ 57%] Building CXX object CMakeFiles/px4_msgs__rosidl_typesupport_cpp.dir/rosidl_typesupport_cpp/px4_msgs/msg/action_request__type_support.cpp.o\n'}
[403.996717] (-) TimerEvent: {}
[404.065769] (px4_msgs) StdoutLine: {'line': b'[ 57%] Building CXX object CMakeFiles/px4_msgs__rosidl_typesupport_fastrtps_c.dir/rosidl_typesupport_fastrtps_c/px4_msgs/msg/detail/sensor_uwb__type_support_c.cpp.o\n'}
[404.096810] (-) TimerEvent: {}
[404.196980] (-) TimerEvent: {}
[404.297143] (-) TimerEvent: {}
[404.329256] (px4_msgs) StdoutLine: {'line': b'[ 57%] Building CXX object CMakeFiles/px4_msgs__rosidl_typesupport_cpp.dir/rosidl_typesupport_cpp/px4_msgs/msg/actuator_armed__type_support.cpp.o\n'}
[404.397233] (-) TimerEvent: {}
[404.490296] (px4_msgs) StdoutLine: {'line': b'[ 57%] Building CXX object CMakeFiles/px4_msgs__rosidl_typesupport_fastrtps_c.dir/rosidl_typesupport_fastrtps_c/px4_msgs/msg/detail/sensor_gnss_relative__type_support_c.cpp.o\n'}
[404.490561] (px4_msgs) StdoutLine: {'line': b'[ 57%] Building CXX object CMakeFiles/px4_msgs__rosidl_typesupport_fastrtps_c.dir/rosidl_typesupport_fastrtps_c/px4_msgs/msg/detail/sensors_status__type_support_c.cpp.o\n'}
[404.497335] (-) TimerEvent: {}
[404.597513] (-) TimerEvent: {}
[404.697699] (-) TimerEvent: {}
[404.736207] (px4_msgs) StdoutLine: {'line': b'[ 58%] Building CXX object CMakeFiles/px4_msgs__rosidl_typesupport_cpp.dir/rosidl_typesupport_cpp/px4_msgs/msg/actuator_controls_status__type_support.cpp.o\n'}
[404.797796] (-) TimerEvent: {}
[404.897962] (-) TimerEvent: {}
[404.998860] (-) TimerEvent: {}
[405.077198] (px4_msgs) StdoutLine: {'line': b'[ 58%] Building CXX object CMakeFiles/px4_msgs__rosidl_typesupport_fastrtps_c.dir/rosidl_typesupport_fastrtps_c/px4_msgs/msg/detail/sensors_status_imu__type_support_c.cpp.o\n'}
[405.077964] (px4_msgs) StdoutLine: {'line': b'[ 58%] Building CXX object CMakeFiles/px4_msgs__rosidl_typesupport_cpp.dir/rosidl_typesupport_cpp/px4_msgs/msg/actuator_motors__type_support.cpp.o\n'}
[405.098979] (-) TimerEvent: {}
[405.112854] (px4_msgs) StdoutLine: {'line': b'[ 58%] Building CXX object CMakeFiles/px4_msgs__rosidl_typesupport_fastrtps_c.dir/rosidl_typesupport_fastrtps_c/px4_msgs/msg/detail/sensor_correction__type_support_c.cpp.o\n'}
[405.166722] (px4_msgs) StdoutLine: {'line': b'[ 58%] Building CXX object CMakeFiles/px4_msgs__rosidl_typesupport_cpp.dir/rosidl_typesupport_cpp/px4_msgs/msg/actuator_outputs__type_support.cpp.o\n'}
[405.199072] (-) TimerEvent: {}
[405.299236] (-) TimerEvent: {}
[405.399397] (-) TimerEvent: {}
[405.499570] (-) TimerEvent: {}
[405.525397] (px4_msgs) StdoutLine: {'line': b'[ 58%] Building CXX object CMakeFiles/px4_msgs__rosidl_typesupport_fastrtps_c.dir/rosidl_typesupport_fastrtps_c/px4_msgs/msg/detail/system_power__type_support_c.cpp.o\n'}
[405.538615] (px4_msgs) StdoutLine: {'line': b'[ 58%] Building CXX object CMakeFiles/px4_msgs__rosidl_typesupport_cpp.dir/rosidl_typesupport_cpp/px4_msgs/msg/actuator_servos__type_support.cpp.o\n'}
[405.599715] (-) TimerEvent: {}
[405.700814] (-) TimerEvent: {}
[405.763980] (px4_msgs) StdoutLine: {'line': b'[ 58%] Building CXX object CMakeFiles/px4_msgs__rosidl_typesupport_fastrtps_c.dir/rosidl_typesupport_fastrtps_c/px4_msgs/msg/detail/takeoff_status__type_support_c.cpp.o\n'}
[405.764198] (px4_msgs) StdoutLine: {'line': b'[ 58%] Building CXX object CMakeFiles/px4_msgs__rosidl_typesupport_cpp.dir/rosidl_typesupport_cpp/px4_msgs/msg/actuator_servos_trim__type_support.cpp.o\n'}
[405.805721] (-) TimerEvent: {}
[405.854468] (px4_msgs) StdoutLine: {'line': b'[ 58%] Building CXX object CMakeFiles/px4_msgs__rosidl_typesupport_fastrtps_c.dir/rosidl_typesupport_fastrtps_c/px4_msgs/msg/detail/navigator_mission_item__type_support_c.cpp.o\n'}
[405.905808] (-) TimerEvent: {}
[405.979083] (px4_msgs) StdoutLine: {'line': b'[ 58%] Building CXX object CMakeFiles/px4_msgs__rosidl_typesupport_cpp.dir/rosidl_typesupport_cpp/px4_msgs/msg/actuator_test__type_support.cpp.o\n'}
[406.005904] (-) TimerEvent: {}
[406.106070] (-) TimerEvent: {}
[406.202560] (px4_msgs) StdoutLine: {'line': b'[ 58%] Building CXX object CMakeFiles/px4_msgs__rosidl_typesupport_fastrtps_c.dir/rosidl_typesupport_fastrtps_c/px4_msgs/msg/detail/task_stack_info__type_support_c.cpp.o\n'}
[406.205833] (px4_msgs) StdoutLine: {'line': b'[ 58%] Building CXX object CMakeFiles/px4_msgs__rosidl_typesupport_cpp.dir/rosidl_typesupport_cpp/px4_msgs/msg/adc_report__type_support.cpp.o\n'}
[406.206479] (-) TimerEvent: {}
[406.306615] (-) TimerEvent: {}
[406.407718] (-) TimerEvent: {}
[406.492176] (px4_msgs) StdoutLine: {'line': b'[ 58%] Building CXX object CMakeFiles/px4_msgs__rosidl_typesupport_cpp.dir/rosidl_typesupport_cpp/px4_msgs/msg/airspeed_validated__type_support.cpp.o\n'}
[406.507810] (-) TimerEvent: {}
[406.508768] (px4_msgs) StdoutLine: {'line': b'[ 58%] Building CXX object CMakeFiles/px4_msgs__rosidl_typesupport_cpp.dir/rosidl_typesupport_cpp/px4_msgs/msg/airspeed__type_support.cpp.o\n'}
[406.608725] (-) TimerEvent: {}
[406.708905] (-) TimerEvent: {}
[406.737830] (px4_msgs) StdoutLine: {'line': b'[ 58%] Building CXX object CMakeFiles/px4_msgs__rosidl_typesupport_cpp.dir/rosidl_typesupport_cpp/px4_msgs/msg/arming_check_reply__type_support.cpp.o\n'}
[406.809715] (-) TimerEvent: {}
[406.871744] (px4_msgs) StdoutLine: {'line': b'[ 58%] Building CXX object CMakeFiles/px4_msgs__rosidl_typesupport_fastrtps_c.dir/rosidl_typesupport_fastrtps_c/px4_msgs/msg/detail/tecs_status__type_support_c.cpp.o\n'}
[406.910718] (-) TimerEvent: {}
[406.930788] (px4_msgs) StdoutLine: {'line': b'[ 58%] Building CXX object CMakeFiles/px4_msgs__rosidl_typesupport_fastrtps_c.dir/rosidl_typesupport_fastrtps_c/px4_msgs/msg/detail/telemetry_status__type_support_c.cpp.o\n'}
[406.945828] (px4_msgs) StdoutLine: {'line': b'[ 58%] Building CXX object CMakeFiles/px4_msgs__rosidl_typesupport_cpp.dir/rosidl_typesupport_cpp/px4_msgs/msg/arming_check_request__type_support.cpp.o\n'}
[406.962396] (px4_msgs) StdoutLine: {'line': b'[ 58%] Building CXX object CMakeFiles/px4_msgs__rosidl_typesupport_cpp.dir/rosidl_typesupport_cpp/px4_msgs/msg/airspeed_wind__type_support.cpp.o\n'}
[407.010813] (-) TimerEvent: {}
[407.111127] (-) TimerEvent: {}
[407.195719] (px4_msgs) StdoutLine: {'line': b'[ 58%] Building CXX object CMakeFiles/px4_msgs__rosidl_typesupport_cpp.dir/rosidl_typesupport_cpp/px4_msgs/msg/autotune_attitude_control_status__type_support.cpp.o\n'}
[407.211222] (-) TimerEvent: {}
[407.311385] (-) TimerEvent: {}
[407.343843] (px4_msgs) StdoutLine: {'line': b'[ 58%] Building CXX object CMakeFiles/px4_msgs__rosidl_typesupport_introspection_cpp.dir/rosidl_typesupport_introspection_cpp/px4_msgs/msg/detail/action_request__type_support.cpp.o\n'}
[407.411483] (-) TimerEvent: {}
[407.511715] (-) TimerEvent: {}
[407.530809] (px4_msgs) StdoutLine: {'line': b'[ 58%] Building CXX object CMakeFiles/px4_msgs__rosidl_typesupport_fastrtps_c.dir/rosidl_typesupport_fastrtps_c/px4_msgs/msg/detail/trajectory_setpoint__type_support_c.cpp.o\n'}
[407.586644] (px4_msgs) StdoutLine: {'line': b'[ 58%] Building CXX object CMakeFiles/px4_msgs__rosidl_typesupport_fastrtps_c.dir/rosidl_typesupport_fastrtps_c/px4_msgs/msg/detail/timesync_status__type_support_c.cpp.o\n'}
[407.587964] (px4_msgs) StdoutLine: {'line': b'[ 58%] Building CXX object CMakeFiles/px4_msgs__rosidl_typesupport_introspection_cpp.dir/rosidl_typesupport_introspection_cpp/px4_msgs/msg/detail/actuator_armed__type_support.cpp.o\n'}
[407.607680] (px4_msgs) StdoutLine: {'line': b'[ 59%] Building CXX object CMakeFiles/px4_msgs__rosidl_typesupport_fastrtps_c.dir/rosidl_typesupport_fastrtps_c/px4_msgs/msg/detail/tiltrotor_extra_controls__type_support_c.cpp.o\n'}
[407.611806] (-) TimerEvent: {}
[407.660537] (px4_msgs) StdoutLine: {'line': b'[ 59%] Building CXX object CMakeFiles/px4_msgs__rosidl_typesupport_cpp.dir/rosidl_typesupport_cpp/px4_msgs/msg/battery_info__type_support.cpp.o\n'}
[407.711896] (-) TimerEvent: {}
[407.798931] (px4_msgs) StdoutLine: {'line': b'[ 59%] Building CXX object CMakeFiles/px4_msgs__rosidl_typesupport_introspection_cpp.dir/rosidl_typesupport_introspection_cpp/px4_msgs/msg/detail/actuator_controls_status__type_support.cpp.o\n'}
[407.811988] (-) TimerEvent: {}
[407.912158] (-) TimerEvent: {}
[408.012330] (-) TimerEvent: {}
[408.068972] (px4_msgs) StdoutLine: {'line': b'[ 59%] Building CXX object CMakeFiles/px4_msgs__rosidl_typesupport_cpp.dir/rosidl_typesupport_cpp/px4_msgs/msg/battery_status__type_support.cpp.o\n'}
[408.112422] (-) TimerEvent: {}
[408.215785] (-) TimerEvent: {}
[408.220765] (px4_msgs) StdoutLine: {'line': b'[ 59%] Building CXX object CMakeFiles/px4_msgs__rosidl_typesupport_introspection_cpp.dir/rosidl_typesupport_introspection_cpp/px4_msgs/msg/detail/actuator_motors__type_support.cpp.o\n'}
[408.221410] (px4_msgs) StdoutLine: {'line': b'[ 59%] Building CXX object CMakeFiles/px4_msgs__rosidl_typesupport_fastrtps_c.dir/rosidl_typesupport_fastrtps_c/px4_msgs/msg/detail/transponder_report__type_support_c.cpp.o\n'}
[408.306424] (px4_msgs) StdoutLine: {'line': b'[ 59%] Building CXX object CMakeFiles/px4_msgs__rosidl_typesupport_cpp.dir/rosidl_typesupport_cpp/px4_msgs/msg/button_event__type_support.cpp.o\n'}
[408.308639] (px4_msgs) StdoutLine: {'line': b'[ 59%] Building CXX object CMakeFiles/px4_msgs__rosidl_typesupport_fastrtps_c.dir/rosidl_typesupport_fastrtps_c/px4_msgs/msg/detail/trajectory_setpoint6dof__type_support_c.cpp.o\n'}
[408.315878] (-) TimerEvent: {}
[408.416048] (-) TimerEvent: {}
[408.504333] (px4_msgs) StdoutLine: {'line': b'[ 60%] Building CXX object CMakeFiles/px4_msgs__rosidl_typesupport_introspection_cpp.dir/rosidl_typesupport_introspection_cpp/px4_msgs/msg/detail/actuator_outputs__type_support.cpp.o\n'}
[408.516139] (-) TimerEvent: {}
[408.517955] (px4_msgs) StdoutLine: {'line': b'[ 60%] Building CXX object CMakeFiles/px4_msgs__rosidl_typesupport_cpp.dir/rosidl_typesupport_cpp/px4_msgs/msg/camera_status__type_support.cpp.o\n'}
[408.616237] (-) TimerEvent: {}
[408.717825] (-) TimerEvent: {}
[408.791725] (px4_msgs) StdoutLine: {'line': b'[ 60%] Building CXX object CMakeFiles/px4_msgs__rosidl_typesupport_fastrtps_c.dir/rosidl_typesupport_fastrtps_c/px4_msgs/msg/detail/tune_control__type_support_c.cpp.o\n'}
[408.798947] (px4_msgs) StdoutLine: {'line': b'[ 60%] Building CXX object CMakeFiles/px4_msgs__rosidl_typesupport_cpp.dir/rosidl_typesupport_cpp/px4_msgs/msg/camera_trigger__type_support.cpp.o\n'}
[408.817919] (-) TimerEvent: {}
[408.918088] (-) TimerEvent: {}
[408.997287] (px4_msgs) StdoutLine: {'line': b'[ 60%] Building CXX object CMakeFiles/px4_msgs__rosidl_typesupport_cpp.dir/rosidl_typesupport_cpp/px4_msgs/msg/camera_capture__type_support.cpp.o\n'}
[409.007853] (px4_msgs) StdoutLine: {'line': b'[ 60%] Building CXX object CMakeFiles/px4_msgs__rosidl_typesupport_introspection_cpp.dir/rosidl_typesupport_introspection_cpp/px4_msgs/msg/detail/actuator_servos__type_support.cpp.o\n'}
[409.018815] (-) TimerEvent: {}
[409.048545] (px4_msgs) StdoutLine: {'line': b'[ 60%] Building CXX object CMakeFiles/px4_msgs__rosidl_typesupport_introspection_cpp.dir/rosidl_typesupport_introspection_cpp/px4_msgs/msg/detail/actuator_servos_trim__type_support.cpp.o\n'}
[409.118905] (-) TimerEvent: {}
[409.219205] (-) TimerEvent: {}
[409.319518] (-) TimerEvent: {}
[409.421828] (-) TimerEvent: {}
[409.433358] (px4_msgs) StdoutLine: {'line': b'[ 60%] Building CXX object CMakeFiles/px4_msgs__rosidl_typesupport_introspection_cpp.dir/rosidl_typesupport_introspection_cpp/px4_msgs/msg/detail/airspeed__type_support.cpp.o\n'}
[409.433564] (px4_msgs) StdoutLine: {'line': b'[ 60%] Building CXX object CMakeFiles/px4_msgs__rosidl_typesupport_cpp.dir/rosidl_typesupport_cpp/px4_msgs/msg/can_interface_status__type_support.cpp.o\n'}
[409.444918] (px4_msgs) StdoutLine: {'line': b'[ 60%] Building CXX object CMakeFiles/px4_msgs__rosidl_typesupport_fastrtps_c.dir/rosidl_typesupport_fastrtps_c/px4_msgs/msg/detail/uavcan_parameter_request__type_support_c.cpp.o\n'}
[409.456200] (px4_msgs) StdoutLine: {'line': b'[ 60%] Building CXX object CMakeFiles/px4_msgs__rosidl_typesupport_introspection_cpp.dir/rosidl_typesupport_introspection_cpp/px4_msgs/msg/detail/adc_report__type_support.cpp.o\n'}
[409.507577] (px4_msgs) StdoutLine: {'line': b'[ 60%] Building CXX object CMakeFiles/px4_msgs__rosidl_typesupport_cpp.dir/rosidl_typesupport_cpp/px4_msgs/msg/cellular_status__type_support.cpp.o\n'}
[409.513033] (px4_msgs) StdoutLine: {'line': b'[ 60%] Building CXX object CMakeFiles/px4_msgs__rosidl_typesupport_introspection_cpp.dir/rosidl_typesupport_introspection_cpp/px4_msgs/msg/detail/actuator_test__type_support.cpp.o\n'}
[409.521919] (-) TimerEvent: {}
[409.541749] (px4_msgs) StdoutLine: {'line': b'[ 60%] Building CXX object CMakeFiles/px4_msgs__rosidl_typesupport_fastrtps_c.dir/rosidl_typesupport_fastrtps_c/px4_msgs/msg/detail/uavcan_parameter_value__type_support_c.cpp.o\n'}
[409.622008] (-) TimerEvent: {}
[409.722171] (-) TimerEvent: {}
[409.822342] (-) TimerEvent: {}
[409.922507] (-) TimerEvent: {}
[410.022817] (-) TimerEvent: {}
[410.044602] (px4_msgs) StdoutLine: {'line': b'[ 60%] Building CXX object CMakeFiles/px4_msgs__rosidl_typesupport_cpp.dir/rosidl_typesupport_cpp/px4_msgs/msg/collision_constraints__type_support.cpp.o\n'}
[410.102221] (px4_msgs) StdoutLine: {'line': b'[ 60%] Building CXX object CMakeFiles/px4_msgs__rosidl_typesupport_introspection_cpp.dir/rosidl_typesupport_introspection_cpp/px4_msgs/msg/detail/airspeed_validated__type_support.cpp.o\n'}
[410.107607] (px4_msgs) StdoutLine: {'line': b'[ 60%] Building CXX object CMakeFiles/px4_msgs__rosidl_typesupport_fastrtps_c.dir/rosidl_typesupport_fastrtps_c/px4_msgs/msg/detail/unregister_ext_component__type_support_c.cpp.o\n'}
[410.108522] (px4_msgs) StdoutLine: {'line': b'[ 60%] Building CXX object CMakeFiles/px4_msgs__rosidl_typesupport_cpp.dir/rosidl_typesupport_cpp/px4_msgs/msg/config_overrides__type_support.cpp.o\n'}
[410.123711] (-) TimerEvent: {}
[410.223875] (-) TimerEvent: {}
[410.324046] (-) TimerEvent: {}
[410.328918] (px4_msgs) StdoutLine: {'line': b'[ 60%] Building CXX object CMakeFiles/px4_msgs__rosidl_typesupport_fastrtps_c.dir/rosidl_typesupport_fastrtps_c/px4_msgs/msg/detail/ulog_stream_ack__type_support_c.cpp.o\n'}
[410.424141] (-) TimerEvent: {}
[410.494512] (px4_msgs) StdoutLine: {'line': b'[ 60%] Building CXX object CMakeFiles/px4_msgs__rosidl_typesupport_introspection_cpp.dir/rosidl_typesupport_introspection_cpp/px4_msgs/msg/detail/airspeed_wind__type_support.cpp.o\n'}
[410.508830] (px4_msgs) StdoutLine: {'line': b'[ 60%] Building CXX object CMakeFiles/px4_msgs__rosidl_typesupport_cpp.dir/rosidl_typesupport_cpp/px4_msgs/msg/control_allocator_status__type_support.cpp.o\n'}
[410.524232] (-) TimerEvent: {}
[410.533744] (px4_msgs) StdoutLine: {'line': b'[ 60%] Building CXX object CMakeFiles/px4_msgs__rosidl_typesupport_fastrtps_c.dir/rosidl_typesupport_fastrtps_c/px4_msgs/msg/detail/vehicle_acceleration__type_support_c.cpp.o\n'}
[410.545736] (px4_msgs) StdoutLine: {'line': b'[ 60%] Building CXX object CMakeFiles/px4_msgs__rosidl_typesupport_introspection_cpp.dir/rosidl_typesupport_introspection_cpp/px4_msgs/msg/detail/arming_check_reply__type_support.cpp.o\n'}
[410.624324] (-) TimerEvent: {}
[410.724492] (-) TimerEvent: {}
[410.798825] (px4_msgs) StdoutLine: {'line': b'[ 61%] Building CXX object CMakeFiles/px4_msgs__rosidl_typesupport_cpp.dir/rosidl_typesupport_cpp/px4_msgs/msg/cpuload__type_support.cpp.o\n'}
[410.801839] (px4_msgs) StdoutLine: {'line': b'[ 61%] Building CXX object CMakeFiles/px4_msgs__rosidl_typesupport_fastrtps_c.dir/rosidl_typesupport_fastrtps_c/px4_msgs/msg/detail/ulog_stream__type_support_c.cpp.o\n'}
[410.828727] (-) TimerEvent: {}
[410.928894] (-) TimerEvent: {}
[410.991858] (px4_msgs) StdoutLine: {'line': b'[ 61%] Building CXX object CMakeFiles/px4_msgs__rosidl_typesupport_fastrtps_c.dir/rosidl_typesupport_fastrtps_c/px4_msgs/msg/detail/vehicle_air_data__type_support_c.cpp.o\n'}
[411.028994] (-) TimerEvent: {}
[411.042231] (px4_msgs) StdoutLine: {'line': b'[ 61%] Building CXX object CMakeFiles/px4_msgs__rosidl_typesupport_introspection_cpp.dir/rosidl_typesupport_introspection_cpp/px4_msgs/msg/detail/arming_check_request__type_support.cpp.o\n'}
[411.053759] (px4_msgs) StdoutLine: {'line': b'[ 61%] Building CXX object CMakeFiles/px4_msgs__rosidl_typesupport_cpp.dir/rosidl_typesupport_cpp/px4_msgs/msg/dataman_request__type_support.cpp.o\n'}
[411.129084] (-) TimerEvent: {}
[411.199563] (px4_msgs) StdoutLine: {'line': b'[ 61%] Building CXX object CMakeFiles/px4_msgs__rosidl_typesupport_fastrtps_c.dir/rosidl_typesupport_fastrtps_c/px4_msgs/msg/detail/vehicle_angular_acceleration_setpoint__type_support_c.cpp.o\n'}
[411.229179] (-) TimerEvent: {}
[411.329348] (-) TimerEvent: {}
[411.429523] (-) TimerEvent: {}
[411.489400] (px4_msgs) StdoutLine: {'line': b'[ 61%] Building CXX object CMakeFiles/px4_msgs__rosidl_typesupport_introspection_cpp.dir/rosidl_typesupport_introspection_cpp/px4_msgs/msg/detail/battery_info__type_support.cpp.o\n'}
[411.501577] (px4_msgs) StdoutLine: {'line': b'[ 61%] Building CXX object CMakeFiles/px4_msgs__rosidl_typesupport_introspection_cpp.dir/rosidl_typesupport_introspection_cpp/px4_msgs/msg/detail/autotune_attitude_control_status__type_support.cpp.o\n'}
[411.501815] (px4_msgs) StdoutLine: {'line': b'[ 61%] Building CXX object CMakeFiles/px4_msgs__rosidl_typesupport_fastrtps_c.dir/rosidl_typesupport_fastrtps_c/px4_msgs/msg/detail/vehicle_angular_velocity__type_support_c.cpp.o\n'}
[411.529627] (-) TimerEvent: {}
[411.629819] (-) TimerEvent: {}
[411.666032] (px4_msgs) StdoutLine: {'line': b'[ 61%] Building CXX object CMakeFiles/px4_msgs__rosidl_typesupport_cpp.dir/rosidl_typesupport_cpp/px4_msgs/msg/dataman_response__type_support.cpp.o\n'}
[411.729919] (-) TimerEvent: {}
[411.830094] (-) TimerEvent: {}
[411.840699] (px4_msgs) StdoutLine: {'line': b'[ 61%] Building CXX object CMakeFiles/px4_msgs__rosidl_typesupport_cpp.dir/rosidl_typesupport_cpp/px4_msgs/msg/debug_array__type_support.cpp.o\n'}
[411.930715] (-) TimerEvent: {}
[411.952773] (px4_msgs) StdoutLine: {'line': b'[ 61%] Building CXX object CMakeFiles/px4_msgs__rosidl_typesupport_fastrtps_c.dir/rosidl_typesupport_fastrtps_c/px4_msgs/msg/detail/vehicle_attitude__type_support_c.cpp.o\n'}
[411.956227] (px4_msgs) StdoutLine: {'line': b'[ 61%] Building CXX object CMakeFiles/px4_msgs__rosidl_typesupport_introspection_cpp.dir/rosidl_typesupport_introspection_cpp/px4_msgs/msg/detail/button_event__type_support.cpp.o\n'}
[412.031722] (-) TimerEvent: {}
[412.078935] (px4_msgs) StdoutLine: {'line': b'[ 61%] Building CXX object CMakeFiles/px4_msgs__rosidl_typesupport_introspection_cpp.dir/rosidl_typesupport_introspection_cpp/px4_msgs/msg/detail/battery_status__type_support.cpp.o\n'}
[412.123879] (px4_msgs) StdoutLine: {'line': b'[ 61%] Building CXX object CMakeFiles/px4_msgs__rosidl_typesupport_cpp.dir/rosidl_typesupport_cpp/px4_msgs/msg/debug_key_value__type_support.cpp.o\n'}
[412.132715] (-) TimerEvent: {}
[412.232881] (-) TimerEvent: {}
[412.234467] (px4_msgs) StdoutLine: {'line': b'[ 61%] Building CXX object CMakeFiles/px4_msgs__rosidl_typesupport_fastrtps_c.dir/rosidl_typesupport_fastrtps_c/px4_msgs/msg/detail/vehicle_attitude_setpoint__type_support_c.cpp.o\n'}
[412.332977] (-) TimerEvent: {}
[412.433146] (-) TimerEvent: {}
[412.499829] (px4_msgs) StdoutLine: {'line': b'[ 61%] Building CXX object CMakeFiles/px4_msgs__rosidl_typesupport_cpp.dir/rosidl_typesupport_cpp/px4_msgs/msg/debug_value__type_support.cpp.o\n'}
[412.511858] (px4_msgs) StdoutLine: {'line': b'[ 61%] Building CXX object CMakeFiles/px4_msgs__rosidl_typesupport_introspection_cpp.dir/rosidl_typesupport_introspection_cpp/px4_msgs/msg/detail/camera_capture__type_support.cpp.o\n'}
[412.533239] (-) TimerEvent: {}
[412.587175] (px4_msgs) StdoutLine: {'line': b'[ 61%] Building CXX object CMakeFiles/px4_msgs__rosidl_typesupport_introspection_cpp.dir/rosidl_typesupport_introspection_cpp/px4_msgs/msg/detail/camera_status__type_support.cpp.o\n'}
[412.590839] (px4_msgs) StdoutLine: {'line': b'[ 61%] Building CXX object CMakeFiles/px4_msgs__rosidl_typesupport_fastrtps_c.dir/rosidl_typesupport_fastrtps_c/px4_msgs/msg/detail/vehicle_command__type_support_c.cpp.o\n'}
[412.633338] (-) TimerEvent: {}
[412.692069] (px4_msgs) StdoutLine: {'line': b'[ 61%] Building CXX object CMakeFiles/px4_msgs__rosidl_typesupport_fastrtps_c.dir/rosidl_typesupport_fastrtps_c/px4_msgs/msg/detail/vehicle_command_ack__type_support_c.cpp.o\n'}
[412.733713] (-) TimerEvent: {}
[412.836716] (-) TimerEvent: {}
[412.936886] (-) TimerEvent: {}
[412.975866] (px4_msgs) StdoutLine: {'line': b'[ 61%] Building CXX object CMakeFiles/px4_msgs__rosidl_typesupport_cpp.dir/rosidl_typesupport_cpp/px4_msgs/msg/debug_vect__type_support.cpp.o\n'}
[412.984839] (px4_msgs) StdoutLine: {'line': b'[ 61%] Building CXX object CMakeFiles/px4_msgs__rosidl_typesupport_introspection_cpp.dir/rosidl_typesupport_introspection_cpp/px4_msgs/msg/detail/camera_trigger__type_support.cpp.o\n'}
[413.036978] (-) TimerEvent: {}
[413.058857] (px4_msgs) StdoutLine: {'line': b'[ 61%] Building CXX object CMakeFiles/px4_msgs__rosidl_typesupport_fastrtps_c.dir/rosidl_typesupport_fastrtps_c/px4_msgs/msg/detail/vehicle_constraints__type_support_c.cpp.o\n'}
[413.137067] (-) TimerEvent: {}
[413.237243] (-) TimerEvent: {}
[413.337409] (-) TimerEvent: {}
[413.437585] (-) TimerEvent: {}
[413.454882] (px4_msgs) StdoutLine: {'line': b'[ 61%] Building CXX object CMakeFiles/px4_msgs__rosidl_typesupport_introspection_cpp.dir/rosidl_typesupport_introspection_cpp/px4_msgs/msg/detail/can_interface_status__type_support.cpp.o\n'}
[413.504721] (px4_msgs) StdoutLine: {'line': b'[ 61%] Building CXX object CMakeFiles/px4_msgs__rosidl_typesupport_cpp.dir/rosidl_typesupport_cpp/px4_msgs/msg/differential_pressure__type_support.cpp.o\n'}
[413.511722] (px4_msgs) StdoutLine: {'line': b'[ 61%] Building CXX object CMakeFiles/px4_msgs__rosidl_typesupport_fastrtps_c.dir/rosidl_typesupport_fastrtps_c/px4_msgs/msg/detail/vehicle_global_position__type_support_c.cpp.o\n'}
[413.520814] (px4_msgs) StdoutLine: {'line': b'[ 61%] Building CXX object CMakeFiles/px4_msgs__rosidl_typesupport_fastrtps_c.dir/rosidl_typesupport_fastrtps_c/px4_msgs/msg/detail/vehicle_control_mode__type_support_c.cpp.o\n'}
[413.537701] (-) TimerEvent: {}
[413.637867] (-) TimerEvent: {}
[413.642365] (px4_msgs) StdoutLine: {'line': b'[ 61%] Building CXX object CMakeFiles/px4_msgs__rosidl_typesupport_introspection_cpp.dir/rosidl_typesupport_introspection_cpp/px4_msgs/msg/detail/cellular_status__type_support.cpp.o\n'}
[413.644837] (px4_msgs) StdoutLine: {'line': b'[ 61%] Building CXX object CMakeFiles/px4_msgs__rosidl_typesupport_cpp.dir/rosidl_typesupport_cpp/px4_msgs/msg/distance_sensor__type_support.cpp.o\n'}
[413.737958] (-) TimerEvent: {}
[413.840847] (-) TimerEvent: {}
[413.908833] (px4_msgs) StdoutLine: {'line': b'[ 61%] Building CXX object CMakeFiles/px4_msgs__rosidl_typesupport_introspection_cpp.dir/rosidl_typesupport_introspection_cpp/px4_msgs/msg/detail/collision_constraints__type_support.cpp.o\n'}
[413.943718] (-) TimerEvent: {}
[414.043882] (-) TimerEvent: {}
[414.144067] (-) TimerEvent: {}
[414.185716] (px4_msgs) StdoutLine: {'line': b'[ 61%] Building CXX object CMakeFiles/px4_msgs__rosidl_typesupport_cpp.dir/rosidl_typesupport_cpp/px4_msgs/msg/distance_sensor_mode_change_request__type_support.cpp.o\n'}
[414.244163] (-) TimerEvent: {}
[414.344340] (-) TimerEvent: {}
[414.444526] (-) TimerEvent: {}
[414.471604] (px4_msgs) StdoutLine: {'line': b'[ 62%] Building CXX object CMakeFiles/px4_msgs__rosidl_typesupport_fastrtps_c.dir/rosidl_typesupport_fastrtps_c/px4_msgs/msg/detail/vehicle_imu_status__type_support_c.cpp.o\n'}
[414.479908] (px4_msgs) StdoutLine: {'line': b'[ 62%] Building CXX object CMakeFiles/px4_msgs__rosidl_typesupport_introspection_cpp.dir/rosidl_typesupport_introspection_cpp/px4_msgs/msg/detail/config_overrides__type_support.cpp.o\n'}
[414.521304] (px4_msgs) StdoutLine: {'line': b'[ 62%] Building CXX object CMakeFiles/px4_msgs__rosidl_typesupport_cpp.dir/rosidl_typesupport_cpp/px4_msgs/msg/esc_report__type_support.cpp.o\n'}
[414.544638] (-) TimerEvent: {}
[414.644832] (-) TimerEvent: {}
[414.745006] (-) TimerEvent: {}
[414.780284] (px4_msgs) StdoutLine: {'line': b'[ 62%] Building CXX object CMakeFiles/px4_msgs__rosidl_typesupport_introspection_cpp.dir/rosidl_typesupport_introspection_cpp/px4_msgs/msg/detail/control_allocator_status__type_support.cpp.o\n'}
[414.791634] (px4_msgs) StdoutLine: {'line': b'[ 62%] Building CXX object CMakeFiles/px4_msgs__rosidl_typesupport_cpp.dir/rosidl_typesupport_cpp/px4_msgs/msg/ekf2_timestamps__type_support.cpp.o\n'}
[414.845103] (-) TimerEvent: {}
[414.945279] (-) TimerEvent: {}
[415.045455] (-) TimerEvent: {}
[415.056886] (px4_msgs) StdoutLine: {'line': b'[ 62%] Building CXX object CMakeFiles/px4_msgs__rosidl_typesupport_cpp.dir/rosidl_typesupport_cpp/px4_msgs/msg/dronecan_node_status__type_support.cpp.o\n'}
[415.089772] (px4_msgs) StdoutLine: {'line': b'[ 62%] Building CXX object CMakeFiles/px4_msgs__rosidl_typesupport_introspection_cpp.dir/rosidl_typesupport_introspection_cpp/px4_msgs/msg/detail/cpuload__type_support.cpp.o\n'}
[415.129694] (px4_msgs) StdoutLine: {'line': b'[ 62%] Building CXX object CMakeFiles/px4_msgs__rosidl_typesupport_fastrtps_c.dir/rosidl_typesupport_fastrtps_c/px4_msgs/msg/detail/vehicle_local_position__type_support_c.cpp.o\n'}
[415.145555] (-) TimerEvent: {}
[415.245729] (-) TimerEvent: {}
[415.328321] (px4_msgs) StdoutLine: {'line': b'[ 62%] Building CXX object CMakeFiles/px4_msgs__rosidl_typesupport_cpp.dir/rosidl_typesupport_cpp/px4_msgs/msg/esc_status__type_support.cpp.o\n'}
[415.345828] (-) TimerEvent: {}
[415.445993] (-) TimerEvent: {}
[415.447193] (px4_msgs) StdoutLine: {'line': b'[ 62%] Building CXX object CMakeFiles/px4_msgs__rosidl_typesupport_introspection_cpp.dir/rosidl_typesupport_introspection_cpp/px4_msgs/msg/detail/dataman_request__type_support.cpp.o\n'}
[415.546101] (-) TimerEvent: {}
[415.637814] (px4_msgs) StdoutLine: {'line': b'[ 62%] Building CXX object CMakeFiles/px4_msgs__rosidl_typesupport_cpp.dir/rosidl_typesupport_cpp/px4_msgs/msg/estimator_aid_source1d__type_support.cpp.o\n'}
[415.638168] (px4_msgs) StdoutLine: {'line': b'[ 62%] Building CXX object CMakeFiles/px4_msgs__rosidl_typesupport_fastrtps_c.dir/rosidl_typesupport_fastrtps_c/px4_msgs/msg/detail/vehicle_local_position_setpoint__type_support_c.cpp.o\n'}
[415.646210] (-) TimerEvent: {}
[415.746404] (-) TimerEvent: {}
[415.772875] (px4_msgs) StdoutLine: {'line': b'[ 62%] Building CXX object CMakeFiles/px4_msgs__rosidl_typesupport_introspection_cpp.dir/rosidl_typesupport_introspection_cpp/px4_msgs/msg/detail/debug_array__type_support.cpp.o\n'}
[415.846511] (-) TimerEvent: {}
[415.928307] (px4_msgs) StdoutLine: {'line': b'[ 62%] Building CXX object CMakeFiles/px4_msgs__rosidl_typesupport_cpp.dir/rosidl_typesupport_cpp/px4_msgs/msg/estimator_aid_source2d__type_support.cpp.o\n'}
[415.946614] (-) TimerEvent: {}
[416.046795] (-) TimerEvent: {}
[416.115807] (px4_msgs) StdoutLine: {'line': b'[ 62%] Building CXX object CMakeFiles/px4_msgs__rosidl_typesupport_fastrtps_c.dir/rosidl_typesupport_fastrtps_c/px4_msgs/msg/detail/vehicle_land_detected__type_support_c.cpp.o\n'}
[416.146913] (-) TimerEvent: {}
[416.192656] (px4_msgs) StdoutLine: {'line': b'[ 62%] Building CXX object CMakeFiles/px4_msgs__rosidl_typesupport_introspection_cpp.dir/rosidl_typesupport_introspection_cpp/px4_msgs/msg/detail/debug_key_value__type_support.cpp.o\n'}
[416.196665] (px4_msgs) StdoutLine: {'line': b'[ 62%] Building CXX object CMakeFiles/px4_msgs__rosidl_typesupport_cpp.dir/rosidl_typesupport_cpp/px4_msgs/msg/estimator_aid_source3d__type_support.cpp.o\n'}
[416.247009] (-) TimerEvent: {}
[416.347181] (-) TimerEvent: {}
[416.447374] (-) TimerEvent: {}
[416.460651] (px4_msgs) StdoutLine: {'line': b'[ 62%] Building CXX object CMakeFiles/px4_msgs__rosidl_typesupport_cpp.dir/rosidl_typesupport_cpp/px4_msgs/msg/estimator_bias__type_support.cpp.o\n'}
[416.547470] (-) TimerEvent: {}
[416.627400] (px4_msgs) StdoutLine: {'line': b'[ 63%] Building CXX object CMakeFiles/px4_msgs__rosidl_typesupport_introspection_cpp.dir/rosidl_typesupport_introspection_cpp/px4_msgs/msg/detail/dataman_response__type_support.cpp.o\n'}
[416.647574] (-) TimerEvent: {}
[416.733572] (px4_msgs) StdoutLine: {'line': b'[ 63%] Building CXX object CMakeFiles/px4_msgs__rosidl_typesupport_fastrtps_c.dir/rosidl_typesupport_fastrtps_c/px4_msgs/msg/detail/vehicle_odometry__type_support_c.cpp.o\n'}
[416.736300] (px4_msgs) StdoutLine: {'line': b'[ 63%] Building CXX object CMakeFiles/px4_msgs__rosidl_typesupport_cpp.dir/rosidl_typesupport_cpp/px4_msgs/msg/estimator_bias3d__type_support.cpp.o\n'}
[416.747684] (-) TimerEvent: {}
[416.847860] (-) TimerEvent: {}
[416.948039] (-) TimerEvent: {}
[417.002424] (px4_msgs) StdoutLine: {'line': b'[ 63%] Building CXX object CMakeFiles/px4_msgs__rosidl_typesupport_cpp.dir/rosidl_typesupport_cpp/px4_msgs/msg/estimator_event_flags__type_support.cpp.o\n'}
[417.048143] (-) TimerEvent: {}
[417.059483] (px4_msgs) StdoutLine: {'line': b'[ 63%] Building CXX object CMakeFiles/px4_msgs__rosidl_typesupport_introspection_cpp.dir/rosidl_typesupport_introspection_cpp/px4_msgs/msg/detail/debug_value__type_support.cpp.o\n'}
[417.148245] (-) TimerEvent: {}
[417.248430] (-) TimerEvent: {}
[417.291312] (px4_msgs) StdoutLine: {'line': b'[ 63%] Building CXX object CMakeFiles/px4_msgs__rosidl_typesupport_cpp.dir/rosidl_typesupport_cpp/px4_msgs/msg/estimator_gps_status__type_support.cpp.o\n'}
[417.307652] (px4_msgs) StdoutLine: {'line': b'[ 63%] Building CXX object CMakeFiles/px4_msgs__rosidl_typesupport_fastrtps_c.dir/rosidl_typesupport_fastrtps_c/px4_msgs/msg/detail/vehicle_optical_flow__type_support_c.cpp.o\n'}
[417.348527] (-) TimerEvent: {}
[417.367192] (px4_msgs) StdoutLine: {'line': b'[ 63%] Building CXX object CMakeFiles/px4_msgs__rosidl_typesupport_introspection_cpp.dir/rosidl_typesupport_introspection_cpp/px4_msgs/msg/detail/debug_vect__type_support.cpp.o\n'}
[417.448632] (-) TimerEvent: {}
[417.548813] (-) TimerEvent: {}
[417.565935] (px4_msgs) StdoutLine: {'line': b'[ 63%] Building CXX object CMakeFiles/px4_msgs__rosidl_typesupport_cpp.dir/rosidl_typesupport_cpp/px4_msgs/msg/estimator_innovations__type_support.cpp.o\n'}
[417.648917] (-) TimerEvent: {}
[417.656343] (px4_msgs) StdoutLine: {'line': b'[ 63%] Building CXX object CMakeFiles/px4_msgs__rosidl_typesupport_introspection_cpp.dir/rosidl_typesupport_introspection_cpp/px4_msgs/msg/detail/differential_pressure__type_support.cpp.o\n'}
[417.752723] (-) TimerEvent: {}
[417.846170] (px4_msgs) StdoutLine: {'line': b'[ 63%] Building CXX object CMakeFiles/px4_msgs__rosidl_typesupport_fastrtps_c.dir/rosidl_typesupport_fastrtps_c/px4_msgs/msg/detail/vehicle_optical_flow_vel__type_support_c.cpp.o\n'}
[417.852825] (-) TimerEvent: {}
[417.892811] (px4_msgs) StdoutLine: {'line': b'[ 63%] Building CXX object CMakeFiles/px4_msgs__rosidl_typesupport_cpp.dir/rosidl_typesupport_cpp/px4_msgs/msg/estimator_selector_status__type_support.cpp.o\n'}
[417.952924] (-) TimerEvent: {}
[417.981575] (px4_msgs) StdoutLine: {'line': b'[ 63%] Building CXX object CMakeFiles/px4_msgs__rosidl_typesupport_introspection_cpp.dir/rosidl_typesupport_introspection_cpp/px4_msgs/msg/detail/distance_sensor_mode_change_request__type_support.cpp.o\n'}
[418.053028] (-) TimerEvent: {}
[418.153213] (-) TimerEvent: {}
[418.187112] (px4_msgs) StdoutLine: {'line': b'[ 63%] Building CXX object CMakeFiles/px4_msgs__rosidl_typesupport_cpp.dir/rosidl_typesupport_cpp/px4_msgs/msg/estimator_sensor_bias__type_support.cpp.o\n'}
[418.250578] (px4_msgs) StdoutLine: {'line': b'[ 63%] Building CXX object CMakeFiles/px4_msgs__rosidl_typesupport_introspection_cpp.dir/rosidl_typesupport_introspection_cpp/px4_msgs/msg/detail/dronecan_node_status__type_support.cpp.o\n'}
[418.253309] (-) TimerEvent: {}
[418.353484] (-) TimerEvent: {}
[418.453658] (-) TimerEvent: {}
[418.453883] (px4_msgs) StdoutLine: {'line': b'[ 64%] Building CXX object CMakeFiles/px4_msgs__rosidl_typesupport_cpp.dir/rosidl_typesupport_cpp/px4_msgs/msg/estimator_states__type_support.cpp.o\n'}
[418.489781] (px4_msgs) StdoutLine: {'line': b'[ 64%] Building CXX object CMakeFiles/px4_msgs__rosidl_typesupport_fastrtps_c.dir/rosidl_typesupport_fastrtps_c/px4_msgs/msg/detail/vehicle_magnetometer__type_support_c.cpp.o\n'}
[418.519114] (px4_msgs) StdoutLine: {'line': b'[ 64%] Building CXX object CMakeFiles/px4_msgs__rosidl_typesupport_introspection_cpp.dir/rosidl_typesupport_introspection_cpp/px4_msgs/msg/detail/ekf2_timestamps__type_support.cpp.o\n'}
[418.553763] (-) TimerEvent: {}
[418.622687] (px4_msgs) StdoutLine: {'line': b'[ 64%] Building CXX object CMakeFiles/px4_msgs__rosidl_typesupport_fastrtps_cpp.dir/rosidl_typesupport_fastrtps_cpp/px4_msgs/msg/detail/dds_fastrtps/action_request__type_support.cpp.o\n'}
[418.653877] (-) TimerEvent: {}
[418.725282] (px4_msgs) StdoutLine: {'line': b'[ 64%] Building CXX object CMakeFiles/px4_msgs__rosidl_typesupport_cpp.dir/rosidl_typesupport_cpp/px4_msgs/msg/estimator_status__type_support.cpp.o\n'}
[418.753977] (-) TimerEvent: {}
[418.854158] (-) TimerEvent: {}
[418.897436] (px4_msgs) StdoutLine: {'line': b'[ 64%] Building CXX object CMakeFiles/px4_msgs__rosidl_typesupport_fastrtps_c.dir/rosidl_typesupport_fastrtps_c/px4_msgs/msg/detail/vehicle_roi__type_support_c.cpp.o\n'}
[418.901978] (px4_msgs) StdoutLine: {'line': b'[ 64%] Building CXX object CMakeFiles/px4_msgs__rosidl_typesupport_introspection_cpp.dir/rosidl_typesupport_introspection_cpp/px4_msgs/msg/detail/distance_sensor__type_support.cpp.o\n'}
[418.956727] (-) TimerEvent: {}
[419.053599] (px4_msgs) StdoutLine: {'line': b'[ 64%] Building CXX object CMakeFiles/px4_msgs__rosidl_typesupport_cpp.dir/rosidl_typesupport_cpp/px4_msgs/msg/estimator_status_flags__type_support.cpp.o\n'}
[419.056821] (-) TimerEvent: {}
[419.156998] (-) TimerEvent: {}
[419.219772] (px4_msgs) StdoutLine: {'line': b'[ 64%] Building CXX object CMakeFiles/px4_msgs__rosidl_typesupport_fastrtps_cpp.dir/rosidl_typesupport_fastrtps_cpp/px4_msgs/msg/detail/dds_fastrtps/actuator_armed__type_support.cpp.o\n'}
[419.257100] (-) TimerEvent: {}
[419.268469] (px4_msgs) StdoutLine: {'line': b'[ 64%] Building CXX object CMakeFiles/px4_msgs__rosidl_typesupport_introspection_cpp.dir/rosidl_typesupport_introspection_cpp/px4_msgs/msg/detail/esc_report__type_support.cpp.o\n'}
[419.357205] (-) TimerEvent: {}
[419.457384] (-) TimerEvent: {}
[419.476158] (px4_msgs) StdoutLine: {'line': b'[ 64%] Building CXX object CMakeFiles/px4_msgs__rosidl_typesupport_cpp.dir/rosidl_typesupport_cpp/px4_msgs/msg/event__type_support.cpp.o\n'}
[419.530237] (px4_msgs) StdoutLine: {'line': b'[ 64%] Building CXX object CMakeFiles/px4_msgs__rosidl_typesupport_cpp.dir/rosidl_typesupport_cpp/px4_msgs/msg/failsafe_flags__type_support.cpp.o\n'}
[419.530463] (px4_msgs) StdoutLine: {'line': b'[ 64%] Building CXX object CMakeFiles/px4_msgs__rosidl_typesupport_fastrtps_c.dir/rosidl_typesupport_fastrtps_c/px4_msgs/msg/detail/vehicle_thrust_setpoint__type_support_c.cpp.o\n'}
[419.531645] (px4_msgs) StdoutLine: {'line': b'[ 64%] Building CXX object CMakeFiles/px4_msgs__rosidl_typesupport_fastrtps_c.dir/rosidl_typesupport_fastrtps_c/px4_msgs/msg/detail/vehicle_status__type_support_c.cpp.o\n'}
[419.550089] (px4_msgs) StdoutLine: {'line': b'[ 64%] Building CXX object CMakeFiles/px4_msgs__rosidl_typesupport_introspection_cpp.dir/rosidl_typesupport_introspection_cpp/px4_msgs/msg/detail/esc_status__type_support.cpp.o\n'}
[419.557486] (-) TimerEvent: {}
[419.632837] (px4_msgs) StdoutLine: {'line': b'[ 64%] Building CXX object CMakeFiles/px4_msgs__rosidl_typesupport_fastrtps_cpp.dir/rosidl_typesupport_fastrtps_cpp/px4_msgs/msg/detail/dds_fastrtps/actuator_controls_status__type_support.cpp.o\n'}
[419.657586] (-) TimerEvent: {}
[419.757740] (-) TimerEvent: {}
[419.857929] (-) TimerEvent: {}
[419.905290] (px4_msgs) StdoutLine: {'line': b'[ 65%] Building CXX object CMakeFiles/px4_msgs__rosidl_typesupport_fastrtps_cpp.dir/rosidl_typesupport_fastrtps_cpp/px4_msgs/msg/detail/dds_fastrtps/actuator_motors__type_support.cpp.o\n'}
[419.958041] (-) TimerEvent: {}
[419.960612] (px4_msgs) StdoutLine: {'line': b'[ 65%] Building CXX object CMakeFiles/px4_msgs__rosidl_typesupport_cpp.dir/rosidl_typesupport_cpp/px4_msgs/msg/failure_detector_status__type_support.cpp.o\n'}
[420.002856] (px4_msgs) StdoutLine: {'line': b'[ 65%] Building CXX object CMakeFiles/px4_msgs__rosidl_typesupport_introspection_cpp.dir/rosidl_typesupport_introspection_cpp/px4_msgs/msg/detail/estimator_aid_source1d__type_support.cpp.o\n'}
[420.058136] (-) TimerEvent: {}
[420.148106] (px4_msgs) StdoutLine: {'line': b'[ 65%] Building CXX object CMakeFiles/px4_msgs__rosidl_typesupport_introspection_cpp.dir/rosidl_typesupport_introspection_cpp/px4_msgs/msg/detail/estimator_aid_source2d__type_support.cpp.o\n'}
[420.150122] (px4_msgs) StdoutLine: {'line': b'[ 65%] Building CXX object CMakeFiles/px4_msgs__rosidl_typesupport_fastrtps_c.dir/rosidl_typesupport_fastrtps_c/px4_msgs/msg/detail/vehicle_rates_setpoint__type_support_c.cpp.o\n'}
[420.158240] (-) TimerEvent: {}
[420.239096] (px4_msgs) StdoutLine: {'line': b'[ 65%] Building CXX object CMakeFiles/px4_msgs__rosidl_typesupport_fastrtps_c.dir/rosidl_typesupport_fastrtps_c/px4_msgs/msg/detail/vehicle_imu__type_support_c.cpp.o\n'}
[420.258726] (-) TimerEvent: {}
[420.358897] (-) TimerEvent: {}
[420.399717] (px4_msgs) StdoutLine: {'line': b'[ 65%] Building CXX object CMakeFiles/px4_msgs__rosidl_typesupport_cpp.dir/rosidl_typesupport_cpp/px4_msgs/msg/fixed_wing_lateral_guidance_status__type_support.cpp.o\n'}
[420.442634] (px4_msgs) StdoutLine: {'line': b'[ 65%] Building CXX object CMakeFiles/px4_msgs__rosidl_typesupport_introspection_cpp.dir/rosidl_typesupport_introspection_cpp/px4_msgs/msg/detail/estimator_aid_source3d__type_support.cpp.o\n'}
[420.459723] (-) TimerEvent: {}
[420.559907] (-) TimerEvent: {}
[420.594951] (px4_msgs) StdoutLine: {'line': b'[ 65%] Building CXX object CMakeFiles/px4_msgs__rosidl_typesupport_fastrtps_cpp.dir/rosidl_typesupport_fastrtps_cpp/px4_msgs/msg/detail/dds_fastrtps/actuator_outputs__type_support.cpp.o\n'}
[420.625862] (px4_msgs) StdoutLine: {'line': b'[ 65%] Building CXX object CMakeFiles/px4_msgs__rosidl_typesupport_cpp.dir/rosidl_typesupport_cpp/px4_msgs/msg/fixed_wing_lateral_setpoint__type_support.cpp.o\n'}
[420.660009] (-) TimerEvent: {}
[420.760722] (-) TimerEvent: {}
[420.838962] (px4_msgs) StdoutLine: {'line': b'[ 65%] Building CXX object CMakeFiles/px4_msgs__rosidl_typesupport_cpp.dir/rosidl_typesupport_cpp/px4_msgs/msg/figure_eight_status__type_support.cpp.o\n'}
[420.845711] (px4_msgs) StdoutLine: {'line': b'[ 65%] Building CXX object CMakeFiles/px4_msgs__rosidl_typesupport_fastrtps_c.dir/rosidl_typesupport_fastrtps_c/px4_msgs/msg/detail/velocity_limits__type_support_c.cpp.o\n'}
[420.860822] (-) TimerEvent: {}
[420.865748] (px4_msgs) StdoutLine: {'line': b'[ 65%] Building CXX object CMakeFiles/px4_msgs__rosidl_typesupport_fastrtps_c.dir/rosidl_typesupport_fastrtps_c/px4_msgs/msg/detail/vehicle_torque_setpoint__type_support_c.cpp.o\n'}
[420.865989] (px4_msgs) StdoutLine: {'line': b'[ 65%] Building CXX object CMakeFiles/px4_msgs__rosidl_typesupport_fastrtps_cpp.dir/rosidl_typesupport_fastrtps_cpp/px4_msgs/msg/detail/dds_fastrtps/actuator_servos__type_support.cpp.o\n'}
[420.937319] (px4_msgs) StdoutLine: {'line': b'[ 65%] Building CXX object CMakeFiles/px4_msgs__rosidl_typesupport_fastrtps_c.dir/rosidl_typesupport_fastrtps_c/px4_msgs/msg/detail/vtol_vehicle_status__type_support_c.cpp.o\n'}
[420.950984] (px4_msgs) StdoutLine: {'line': b'[ 65%] Building CXX object CMakeFiles/px4_msgs__rosidl_typesupport_introspection_cpp.dir/rosidl_typesupport_introspection_cpp/px4_msgs/msg/detail/estimator_bias__type_support.cpp.o\n'}
[420.960917] (-) TimerEvent: {}
[421.061091] (-) TimerEvent: {}
[421.161278] (-) TimerEvent: {}
[421.262735] (-) TimerEvent: {}
[421.362921] (-) TimerEvent: {}
[421.395933] (px4_msgs) StdoutLine: {'line': b'[ 65%] Building CXX object CMakeFiles/px4_msgs__rosidl_typesupport_fastrtps_cpp.dir/rosidl_typesupport_fastrtps_cpp/px4_msgs/msg/detail/dds_fastrtps/actuator_servos_trim__type_support.cpp.o\n'}
[421.463024] (-) TimerEvent: {}
[421.491835] (px4_msgs) StdoutLine: {'line': b'[ 65%] Building CXX object CMakeFiles/px4_msgs__rosidl_typesupport_cpp.dir/rosidl_typesupport_cpp/px4_msgs/msg/fixed_wing_lateral_status__type_support.cpp.o\n'}
[421.538725] (px4_msgs) StdoutLine: {'line': b'[ 65%] Building CXX object CMakeFiles/px4_msgs__rosidl_typesupport_introspection_cpp.dir/rosidl_typesupport_introspection_cpp/px4_msgs/msg/detail/estimator_bias3d__type_support.cpp.o\n'}
[421.545166] (px4_msgs) StdoutLine: {'line': b'[ 65%] Building CXX object CMakeFiles/px4_msgs__rosidl_typesupport_fastrtps_c.dir/rosidl_typesupport_fastrtps_c/px4_msgs/msg/detail/wheel_encoders__type_support_c.cpp.o\n'}
[421.557174] (px4_msgs) StdoutLine: {'line': b'[ 65%] Building CXX object CMakeFiles/px4_msgs__rosidl_typesupport_fastrtps_cpp.dir/rosidl_typesupport_fastrtps_cpp/px4_msgs/msg/detail/dds_fastrtps/actuator_test__type_support.cpp.o\n'}
[421.563132] (-) TimerEvent: {}
[421.573313] (px4_msgs) StdoutLine: {'line': b'[ 65%] Building CXX object CMakeFiles/px4_msgs__rosidl_typesupport_cpp.dir/rosidl_typesupport_cpp/px4_msgs/msg/fixed_wing_longitudinal_setpoint__type_support.cpp.o\n'}
[421.663223] (-) TimerEvent: {}
[421.763401] (-) TimerEvent: {}
[421.863584] (-) TimerEvent: {}
[421.963737] (-) TimerEvent: {}
[422.026834] (px4_msgs) StdoutLine: {'line': b'[ 65%] Building CXX object CMakeFiles/px4_msgs__rosidl_typesupport_introspection_cpp.dir/rosidl_typesupport_introspection_cpp/px4_msgs/msg/detail/estimator_gps_status__type_support.cpp.o\n'}
[422.063836] (-) TimerEvent: {}
[422.084546] (px4_msgs) StdoutLine: {'line': b'[ 65%] Building CXX object CMakeFiles/px4_msgs__rosidl_typesupport_cpp.dir/rosidl_typesupport_cpp/px4_msgs/msg/fixed_wing_runway_control__type_support.cpp.o\n'}
[422.163933] (-) TimerEvent: {}
[422.165304] (px4_msgs) StdoutLine: {'line': b'[ 65%] Building CXX object CMakeFiles/px4_msgs__rosidl_typesupport_fastrtps_c.dir/rosidl_typesupport_fastrtps_c/px4_msgs/msg/detail/wind__type_support_c.cpp.o\n'}
[422.165535] (px4_msgs) StdoutLine: {'line': b'[ 65%] Building CXX object CMakeFiles/px4_msgs__rosidl_typesupport_fastrtps_cpp.dir/rosidl_typesupport_fastrtps_cpp/px4_msgs/msg/detail/dds_fastrtps/airspeed__type_support.cpp.o\n'}
[422.264028] (-) TimerEvent: {}
[422.283295] (px4_msgs) StdoutLine: {'line': b'[ 65%] Building CXX object CMakeFiles/px4_msgs__rosidl_typesupport_fastrtps_cpp.dir/rosidl_typesupport_fastrtps_cpp/px4_msgs/msg/detail/dds_fastrtps/adc_report__type_support.cpp.o\n'}
[422.364519] (-) TimerEvent: {}
[422.459782] (px4_msgs) StdoutLine: {'line': b'[ 65%] Building CXX object CMakeFiles/px4_msgs__rosidl_typesupport_cpp.dir/rosidl_typesupport_cpp/px4_msgs/msg/follow_target__type_support.cpp.o\n'}
[422.460001] (px4_msgs) StdoutLine: {'line': b'[ 65%] Building CXX object CMakeFiles/px4_msgs__rosidl_typesupport_introspection_cpp.dir/rosidl_typesupport_introspection_cpp/px4_msgs/msg/detail/estimator_innovations__type_support.cpp.o\n'}
[422.465726] (-) TimerEvent: {}
[422.472809] (px4_msgs) StdoutLine: {'line': b'[ 65%] Building CXX object CMakeFiles/px4_msgs__rosidl_typesupport_introspection_cpp.dir/rosidl_typesupport_introspection_cpp/px4_msgs/msg/detail/estimator_event_flags__type_support.cpp.o\n'}
[422.534714] (px4_msgs) StdoutLine: {'line': b'[ 65%] Building CXX object CMakeFiles/px4_msgs__rosidl_typesupport_cpp.dir/rosidl_typesupport_cpp/px4_msgs/msg/flight_phase_estimation__type_support.cpp.o\n'}
[422.565823] (-) TimerEvent: {}
[422.666119] (-) TimerEvent: {}
[422.762862] (px4_msgs) StdoutLine: {'line': b'[ 65%] Building CXX object CMakeFiles/px4_msgs__rosidl_typesupport_fastrtps_c.dir/rosidl_typesupport_fastrtps_c/px4_msgs/msg/detail/yaw_estimator_status__type_support_c.cpp.o\n'}
[422.766223] (-) TimerEvent: {}
[422.805348] (px4_msgs) StdoutLine: {'line': b'[ 65%] Building CXX object CMakeFiles/px4_msgs__rosidl_typesupport_fastrtps_cpp.dir/rosidl_typesupport_fastrtps_cpp/px4_msgs/msg/detail/dds_fastrtps/airspeed_validated__type_support.cpp.o\n'}
[422.866317] (-) TimerEvent: {}
[422.966500] (-) TimerEvent: {}
[423.030122] (px4_msgs) StdoutLine: {'line': b'[ 65%] Building CXX object CMakeFiles/px4_msgs__rosidl_typesupport_cpp.dir/rosidl_typesupport_cpp/px4_msgs/msg/follow_target_estimator__type_support.cpp.o\n'}
[423.041251] (px4_msgs) StdoutLine: {'line': b'[ 65%] Building CXX object CMakeFiles/px4_msgs__rosidl_typesupport_fastrtps_cpp.dir/rosidl_typesupport_fastrtps_cpp/px4_msgs/msg/detail/dds_fastrtps/airspeed_wind__type_support.cpp.o\n'}
[423.044789] (px4_msgs) StdoutLine: {'line': b'[ 65%] Building CXX object CMakeFiles/px4_msgs__rosidl_typesupport_introspection_cpp.dir/rosidl_typesupport_introspection_cpp/px4_msgs/msg/detail/estimator_sensor_bias__type_support.cpp.o\n'}
[423.048868] (px4_msgs) StdoutLine: {'line': b'[ 65%] Building CXX object CMakeFiles/px4_msgs__rosidl_typesupport_fastrtps_c.dir/rosidl_typesupport_fastrtps_c/px4_msgs/srv/detail/vehicle_command__type_support_c.cpp.o\n'}
[423.066725] (-) TimerEvent: {}
[423.103310] (px4_msgs) StdoutLine: {'line': b'[ 65%] Building CXX object CMakeFiles/px4_msgs__rosidl_typesupport_introspection_cpp.dir/rosidl_typesupport_introspection_cpp/px4_msgs/msg/detail/estimator_selector_status__type_support.cpp.o\n'}
[423.166819] (-) TimerEvent: {}
[423.267000] (-) TimerEvent: {}
[423.369735] (-) TimerEvent: {}
[423.469926] (-) TimerEvent: {}
[423.525015] (px4_msgs) StdoutLine: {'line': b'[ 65%] Building CXX object CMakeFiles/px4_msgs__rosidl_typesupport_fastrtps_cpp.dir/rosidl_typesupport_fastrtps_cpp/px4_msgs/msg/detail/dds_fastrtps/arming_check_reply__type_support.cpp.o\n'}
[423.533073] (px4_msgs) StdoutLine: {'line': b'[ 65%] Building CXX object CMakeFiles/px4_msgs__rosidl_typesupport_cpp.dir/rosidl_typesupport_cpp/px4_msgs/msg/follow_target_status__type_support.cpp.o\n'}
[423.548722] (px4_msgs) StdoutLine: {'line': b'[ 65%] Building CXX object CMakeFiles/px4_msgs__rosidl_typesupport_fastrtps_cpp.dir/rosidl_typesupport_fastrtps_cpp/px4_msgs/msg/detail/dds_fastrtps/arming_check_request__type_support.cpp.o\n'}
[423.570023] (-) TimerEvent: {}
[423.570805] (px4_msgs) StdoutLine: {'line': b'[ 65%] Building CXX object CMakeFiles/px4_msgs__rosidl_typesupport_introspection_cpp.dir/rosidl_typesupport_introspection_cpp/px4_msgs/msg/detail/estimator_states__type_support.cpp.o\n'}
[423.580341] (px4_msgs) StdoutLine: {'line': b'[ 65%] Building CXX object CMakeFiles/px4_msgs__rosidl_typesupport_cpp.dir/rosidl_typesupport_cpp/px4_msgs/msg/fuel_tank_status__type_support.cpp.o\n'}
[423.670129] (-) TimerEvent: {}
[423.700591] (px4_msgs) StdoutLine: {'line': b'[ 65%] Building CXX object CMakeFiles/px4_msgs__rosidl_typesupport_introspection_cpp.dir/rosidl_typesupport_introspection_cpp/px4_msgs/msg/detail/estimator_status__type_support.cpp.o\n'}
[423.770233] (-) TimerEvent: {}
[423.870404] (-) TimerEvent: {}
[423.891537] (px4_msgs) StdoutLine: {'line': b'[ 65%] Building CXX object CMakeFiles/px4_msgs__rosidl_typesupport_fastrtps_cpp.dir/rosidl_typesupport_fastrtps_cpp/px4_msgs/msg/detail/dds_fastrtps/autotune_attitude_control_status__type_support.cpp.o\n'}
[423.970521] (-) TimerEvent: {}
[424.070731] (-) TimerEvent: {}
[424.077919] (px4_msgs) StdoutLine: {'line': b'[ 65%] Linking CXX shared library libpx4_msgs__rosidl_typesupport_fastrtps_c.so\n'}
[424.162807] (px4_msgs) StdoutLine: {'line': b'[ 66%] Building CXX object CMakeFiles/px4_msgs__rosidl_typesupport_introspection_cpp.dir/rosidl_typesupport_introspection_cpp/px4_msgs/msg/detail/estimator_status_flags__type_support.cpp.o\n'}
[424.170833] (-) TimerEvent: {}
[424.200655] (px4_msgs) StdoutLine: {'line': b'[ 66%] Building CXX object CMakeFiles/px4_msgs__rosidl_typesupport_cpp.dir/rosidl_typesupport_cpp/px4_msgs/msg/generator_status__type_support.cpp.o\n'}
[424.235421] (px4_msgs) StdoutLine: {'line': b'[ 66%] Building CXX object CMakeFiles/px4_msgs__rosidl_typesupport_introspection_cpp.dir/rosidl_typesupport_introspection_cpp/px4_msgs/msg/detail/event__type_support.cpp.o\n'}
[424.270933] (-) TimerEvent: {}
[424.281700] (px4_msgs) StdoutLine: {'line': b'[ 66%] Built target px4_msgs__rosidl_typesupport_fastrtps_c\n'}
[424.310702] (px4_msgs) StdoutLine: {'line': b'[ 66%] Building CXX object CMakeFiles/px4_msgs__rosidl_typesupport_fastrtps_cpp.dir/rosidl_typesupport_fastrtps_cpp/px4_msgs/msg/detail/dds_fastrtps/battery_status__type_support.cpp.o\n'}
[424.371734] (-) TimerEvent: {}
[424.471919] (-) TimerEvent: {}
[424.558735] (px4_msgs) StdoutLine: {'line': b'[ 66%] Building CXX object CMakeFiles/px4_msgs__rosidl_typesupport_introspection_cpp.dir/rosidl_typesupport_introspection_cpp/px4_msgs/msg/detail/failsafe_flags__type_support.cpp.o\n'}
[424.560083] (px4_msgs) StdoutLine: {'line': b'[ 66%] Building CXX object CMakeFiles/px4_msgs__rosidl_typesupport_fastrtps_cpp.dir/rosidl_typesupport_fastrtps_cpp/px4_msgs/msg/detail/dds_fastrtps/battery_info__type_support.cpp.o\n'}
[424.572027] (-) TimerEvent: {}
[424.609160] (px4_msgs) StdoutLine: {'line': b'[ 66%] Building CXX object CMakeFiles/px4_msgs__rosidl_typesupport_cpp.dir/rosidl_typesupport_cpp/px4_msgs/msg/geofence_status__type_support.cpp.o\n'}
[424.636304] (px4_msgs) StdoutLine: {'line': b'[ 66%] Building CXX object CMakeFiles/px4_msgs__rosidl_typesupport_cpp.dir/rosidl_typesupport_cpp/px4_msgs/msg/geofence_result__type_support.cpp.o\n'}
[424.672727] (-) TimerEvent: {}
[424.744610] (px4_msgs) StdoutLine: {'line': b'[ 66%] Building CXX object CMakeFiles/px4_msgs__rosidl_typesupport_fastrtps_cpp.dir/rosidl_typesupport_fastrtps_cpp/px4_msgs/msg/detail/dds_fastrtps/camera_capture__type_support.cpp.o\n'}
[424.772833] (-) TimerEvent: {}
[424.873008] (-) TimerEvent: {}
[424.945851] (px4_msgs) StdoutLine: {'line': b'[ 66%] Building CXX object CMakeFiles/px4_msgs__rosidl_typesupport_introspection_cpp.dir/rosidl_typesupport_introspection_cpp/px4_msgs/msg/detail/failure_detector_status__type_support.cpp.o\n'}
[424.946095] (px4_msgs) StdoutLine: {'line': b'[ 66%] Building CXX object CMakeFiles/px4_msgs__rosidl_typesupport_cpp.dir/rosidl_typesupport_cpp/px4_msgs/msg/gimbal_controls__type_support.cpp.o\n'}
[424.973738] (-) TimerEvent: {}
[425.028952] (px4_msgs) StdoutLine: {'line': b'[ 66%] Building CXX object CMakeFiles/px4_msgs__rosidl_typesupport_cpp.dir/rosidl_typesupport_cpp/px4_msgs/msg/gimbal_device_attitude_status__type_support.cpp.o\n'}
[425.073829] (-) TimerEvent: {}
[425.075730] (px4_msgs) StdoutLine: {'line': b'[ 66%] Building CXX object CMakeFiles/px4_msgs__rosidl_typesupport_introspection_cpp.dir/rosidl_typesupport_introspection_cpp/px4_msgs/msg/detail/figure_eight_status__type_support.cpp.o\n'}
[425.082731] (px4_msgs) StdoutLine: {'line': b'[ 66%] Building CXX object CMakeFiles/px4_msgs__rosidl_typesupport_fastrtps_cpp.dir/rosidl_typesupport_fastrtps_cpp/px4_msgs/msg/detail/dds_fastrtps/camera_status__type_support.cpp.o\n'}
[425.173928] (-) TimerEvent: {}
[425.230937] (px4_msgs) StdoutLine: {'line': b'[ 66%] Building CXX object CMakeFiles/px4_msgs__rosidl_typesupport_fastrtps_cpp.dir/rosidl_typesupport_fastrtps_cpp/px4_msgs/msg/detail/dds_fastrtps/button_event__type_support.cpp.o\n'}
[425.274027] (-) TimerEvent: {}
[425.374199] (-) TimerEvent: {}
[425.474459] (-) TimerEvent: {}
[425.480695] (px4_msgs) StdoutLine: {'line': b'[ 66%] Building CXX object CMakeFiles/px4_msgs__rosidl_typesupport_cpp.dir/rosidl_typesupport_cpp/px4_msgs/msg/gimbal_device_information__type_support.cpp.o\n'}
[425.495856] (px4_msgs) StdoutLine: {'line': b'[ 66%] Building CXX object CMakeFiles/px4_msgs__rosidl_typesupport_introspection_cpp.dir/rosidl_typesupport_introspection_cpp/px4_msgs/msg/detail/fixed_wing_lateral_guidance_status__type_support.cpp.o\n'}
[425.496083] (px4_msgs) StdoutLine: {'line': b'[ 66%] Building CXX object CMakeFiles/px4_msgs__rosidl_typesupport_cpp.dir/rosidl_typesupport_cpp/px4_msgs/msg/gimbal_device_set_attitude__type_support.cpp.o\n'}
[425.555459] (px4_msgs) StdoutLine: {'line': b'[ 66%] Building CXX object CMakeFiles/px4_msgs__rosidl_typesupport_fastrtps_cpp.dir/rosidl_typesupport_fastrtps_cpp/px4_msgs/msg/detail/dds_fastrtps/camera_trigger__type_support.cpp.o\n'}
[425.574551] (-) TimerEvent: {}
[425.670770] (px4_msgs) StdoutLine: {'line': b'[ 66%] Building CXX object CMakeFiles/px4_msgs__rosidl_typesupport_introspection_cpp.dir/rosidl_typesupport_introspection_cpp/px4_msgs/msg/detail/fixed_wing_lateral_setpoint__type_support.cpp.o\n'}
[425.673974] (px4_msgs) StdoutLine: {'line': b'[ 67%] Building CXX object CMakeFiles/px4_msgs__rosidl_typesupport_cpp.dir/rosidl_typesupport_cpp/px4_msgs/msg/gimbal_manager_information__type_support.cpp.o\n'}
[425.674622] (-) TimerEvent: {}
[425.774733] (-) TimerEvent: {}
[425.864724] (px4_msgs) StdoutLine: {'line': b'[ 67%] Building CXX object CMakeFiles/px4_msgs__rosidl_typesupport_fastrtps_cpp.dir/rosidl_typesupport_fastrtps_cpp/px4_msgs/msg/detail/dds_fastrtps/can_interface_status__type_support.cpp.o\n'}
[425.875726] (-) TimerEvent: {}
[425.977737] (-) TimerEvent: {}
[426.047853] (px4_msgs) StdoutLine: {'line': b'[ 67%] Building CXX object CMakeFiles/px4_msgs__rosidl_typesupport_introspection_cpp.dir/rosidl_typesupport_introspection_cpp/px4_msgs/msg/detail/fixed_wing_lateral_status__type_support.cpp.o\n'}
[426.077830] (-) TimerEvent: {}
[426.127857] (px4_msgs) StdoutLine: {'line': b'[ 67%] Building CXX object CMakeFiles/px4_msgs__rosidl_typesupport_cpp.dir/rosidl_typesupport_cpp/px4_msgs/msg/gimbal_manager_set_attitude__type_support.cpp.o\n'}
[426.129317] (px4_msgs) StdoutLine: {'line': b'[ 67%] Building CXX object CMakeFiles/px4_msgs__rosidl_typesupport_fastrtps_cpp.dir/rosidl_typesupport_fastrtps_cpp/px4_msgs/msg/detail/dds_fastrtps/cellular_status__type_support.cpp.o\n'}
[426.170769] (px4_msgs) StdoutLine: {'line': b'[ 67%] Building CXX object CMakeFiles/px4_msgs__rosidl_typesupport_cpp.dir/rosidl_typesupport_cpp/px4_msgs/msg/gimbal_manager_set_manual_control__type_support.cpp.o\n'}
[426.177926] (-) TimerEvent: {}
[426.267879] (px4_msgs) StdoutLine: {'line': b'[ 67%] Building CXX object CMakeFiles/px4_msgs__rosidl_typesupport_introspection_cpp.dir/rosidl_typesupport_introspection_cpp/px4_msgs/msg/detail/fixed_wing_longitudinal_setpoint__type_support.cpp.o\n'}
[426.278027] (-) TimerEvent: {}
[426.375174] (px4_msgs) StdoutLine: {'line': b'[ 67%] Building CXX object CMakeFiles/px4_msgs__rosidl_typesupport_fastrtps_cpp.dir/rosidl_typesupport_fastrtps_cpp/px4_msgs/msg/detail/dds_fastrtps/collision_constraints__type_support.cpp.o\n'}
[426.378124] (-) TimerEvent: {}
[426.479182] (-) TimerEvent: {}
[426.579352] (-) TimerEvent: {}
[426.645963] (px4_msgs) StdoutLine: {'line': b'[ 67%] Building CXX object CMakeFiles/px4_msgs__rosidl_typesupport_introspection_cpp.dir/rosidl_typesupport_introspection_cpp/px4_msgs/msg/detail/flight_phase_estimation__type_support.cpp.o\n'}
[426.651866] (px4_msgs) StdoutLine: {'line': b'[ 67%] Building CXX object CMakeFiles/px4_msgs__rosidl_typesupport_cpp.dir/rosidl_typesupport_cpp/px4_msgs/msg/gimbal_manager_status__type_support.cpp.o\n'}
[426.672019] (px4_msgs) StdoutLine: {'line': b'[ 67%] Building CXX object CMakeFiles/px4_msgs__rosidl_typesupport_cpp.dir/rosidl_typesupport_cpp/px4_msgs/msg/goto_setpoint__type_support.cpp.o\n'}
[426.674503] (px4_msgs) StdoutLine: {'line': b'[ 67%] Building CXX object CMakeFiles/px4_msgs__rosidl_typesupport_introspection_cpp.dir/rosidl_typesupport_introspection_cpp/px4_msgs/msg/detail/fixed_wing_runway_control__type_support.cpp.o\n'}
[426.681721] (-) TimerEvent: {}
[426.783730] (-) TimerEvent: {}
[426.793542] (px4_msgs) StdoutLine: {'line': b'[ 67%] Building CXX object CMakeFiles/px4_msgs__rosidl_typesupport_fastrtps_cpp.dir/rosidl_typesupport_fastrtps_cpp/px4_msgs/msg/detail/dds_fastrtps/config_overrides__type_support.cpp.o\n'}
[426.883824] (-) TimerEvent: {}
[426.984001] (-) TimerEvent: {}
[427.084177] (-) TimerEvent: {}
[427.114943] (px4_msgs) StdoutLine: {'line': b'[ 67%] Building CXX object CMakeFiles/px4_msgs__rosidl_typesupport_introspection_cpp.dir/rosidl_typesupport_introspection_cpp/px4_msgs/msg/detail/follow_target__type_support.cpp.o\n'}
[427.140447] (px4_msgs) StdoutLine: {'line': b'[ 67%] Building CXX object CMakeFiles/px4_msgs__rosidl_typesupport_fastrtps_cpp.dir/rosidl_typesupport_fastrtps_cpp/px4_msgs/msg/detail/dds_fastrtps/control_allocator_status__type_support.cpp.o\n'}
[427.159199] (px4_msgs) StdoutLine: {'line': b'[ 67%] Building CXX object CMakeFiles/px4_msgs__rosidl_typesupport_fastrtps_cpp.dir/rosidl_typesupport_fastrtps_cpp/px4_msgs/msg/detail/dds_fastrtps/cpuload__type_support.cpp.o\n'}
[427.178846] (px4_msgs) StdoutLine: {'line': b'[ 67%] Building CXX object CMakeFiles/px4_msgs__rosidl_typesupport_cpp.dir/rosidl_typesupport_cpp/px4_msgs/msg/gpio_in__type_support.cpp.o\n'}
[427.184725] (-) TimerEvent: {}
[427.220909] (px4_msgs) StdoutLine: {'line': b'[ 67%] Building CXX object CMakeFiles/px4_msgs__rosidl_typesupport_cpp.dir/rosidl_typesupport_cpp/px4_msgs/msg/gpio_config__type_support.cpp.o\n'}
[427.284820] (-) TimerEvent: {}
[427.384995] (-) TimerEvent: {}
[427.485178] (-) TimerEvent: {}
[427.587729] (-) TimerEvent: {}
[427.600398] (px4_msgs) StdoutLine: {'line': b'[ 67%] Building CXX object CMakeFiles/px4_msgs__rosidl_typesupport_introspection_cpp.dir/rosidl_typesupport_introspection_cpp/px4_msgs/msg/detail/follow_target_status__type_support.cpp.o\n'}
[427.606350] (px4_msgs) StdoutLine: {'line': b'[ 68%] Building CXX object CMakeFiles/px4_msgs__rosidl_typesupport_introspection_cpp.dir/rosidl_typesupport_introspection_cpp/px4_msgs/msg/detail/follow_target_estimator__type_support.cpp.o\n'}
[427.609328] (px4_msgs) StdoutLine: {'line': b'[ 68%] Building CXX object CMakeFiles/px4_msgs__rosidl_typesupport_fastrtps_cpp.dir/rosidl_typesupport_fastrtps_cpp/px4_msgs/msg/detail/dds_fastrtps/dataman_request__type_support.cpp.o\n'}
[427.687826] (-) TimerEvent: {}
[427.773743] (px4_msgs) StdoutLine: {'line': b'[ 68%] Building CXX object CMakeFiles/px4_msgs__rosidl_typesupport_fastrtps_cpp.dir/rosidl_typesupport_fastrtps_cpp/px4_msgs/msg/detail/dds_fastrtps/dataman_response__type_support.cpp.o\n'}
[427.787924] (-) TimerEvent: {}
[427.891733] (-) TimerEvent: {}
[427.903718] (px4_msgs) StdoutLine: {'line': b'[ 68%] Building CXX object CMakeFiles/px4_msgs__rosidl_typesupport_cpp.dir/rosidl_typesupport_cpp/px4_msgs/msg/gpio_out__type_support.cpp.o\n'}
[427.927366] (px4_msgs) StdoutLine: {'line': b'[ 68%] Building CXX object CMakeFiles/px4_msgs__rosidl_typesupport_cpp.dir/rosidl_typesupport_cpp/px4_msgs/msg/gpio_request__type_support.cpp.o\n'}
[427.991835] (-) TimerEvent: {}
[428.003383] (px4_msgs) StdoutLine: {'line': b'[ 68%] Building CXX object CMakeFiles/px4_msgs__rosidl_typesupport_fastrtps_cpp.dir/rosidl_typesupport_fastrtps_cpp/px4_msgs/msg/detail/dds_fastrtps/debug_array__type_support.cpp.o\n'}
[428.037842] (px4_msgs) StdoutLine: {'line': b'[ 68%] Building CXX object CMakeFiles/px4_msgs__rosidl_typesupport_fastrtps_cpp.dir/rosidl_typesupport_fastrtps_cpp/px4_msgs/msg/detail/dds_fastrtps/debug_key_value__type_support.cpp.o\n'}
[428.091939] (-) TimerEvent: {}
[428.192234] (-) TimerEvent: {}
[428.293238] (-) TimerEvent: {}
[428.309474] (px4_msgs) StdoutLine: {'line': b'[ 68%] Building CXX object CMakeFiles/px4_msgs__rosidl_typesupport_introspection_cpp.dir/rosidl_typesupport_introspection_cpp/px4_msgs/msg/detail/fuel_tank_status__type_support.cpp.o\n'}
[428.393335] (-) TimerEvent: {}
[428.494743] (-) TimerEvent: {}
[428.519223] (px4_msgs) StdoutLine: {'line': b'[ 68%] Building CXX object CMakeFiles/px4_msgs__rosidl_typesupport_fastrtps_cpp.dir/rosidl_typesupport_fastrtps_cpp/px4_msgs/msg/detail/dds_fastrtps/debug_value__type_support.cpp.o\n'}
[428.535006] (px4_msgs) StdoutLine: {'line': b'[ 68%] Building CXX object CMakeFiles/px4_msgs__rosidl_typesupport_cpp.dir/rosidl_typesupport_cpp/px4_msgs/msg/gps_dump__type_support.cpp.o\n'}
[428.545068] (px4_msgs) StdoutLine: {'line': b'[ 68%] Building CXX object CMakeFiles/px4_msgs__rosidl_typesupport_fastrtps_cpp.dir/rosidl_typesupport_fastrtps_cpp/px4_msgs/msg/detail/dds_fastrtps/debug_vect__type_support.cpp.o\n'}
[428.594837] (-) TimerEvent: {}
[428.627188] (px4_msgs) StdoutLine: {'line': b'[ 68%] Building CXX object CMakeFiles/px4_msgs__rosidl_typesupport_cpp.dir/rosidl_typesupport_cpp/px4_msgs/msg/gps_inject_data__type_support.cpp.o\n'}
[428.678861] (px4_msgs) StdoutLine: {'line': b'[ 68%] Building CXX object CMakeFiles/px4_msgs__rosidl_typesupport_fastrtps_cpp.dir/rosidl_typesupport_fastrtps_cpp/px4_msgs/msg/detail/dds_fastrtps/differential_pressure__type_support.cpp.o\n'}
[428.699730] (-) TimerEvent: {}
[428.799904] (-) TimerEvent: {}
[428.900080] (-) TimerEvent: {}
[429.000259] (-) TimerEvent: {}
[429.027832] (px4_msgs) StdoutLine: {'line': b'[ 68%] Building CXX object CMakeFiles/px4_msgs__rosidl_typesupport_introspection_cpp.dir/rosidl_typesupport_introspection_cpp/px4_msgs/msg/detail/generator_status__type_support.cpp.o\n'}
[429.094056] (px4_msgs) StdoutLine: {'line': b'[ 68%] Building CXX object CMakeFiles/px4_msgs__rosidl_typesupport_introspection_cpp.dir/rosidl_typesupport_introspection_cpp/px4_msgs/msg/detail/geofence_result__type_support.cpp.o\n'}
[429.100355] (-) TimerEvent: {}
[429.110919] (px4_msgs) StdoutLine: {'line': b'[ 68%] Building CXX object CMakeFiles/px4_msgs__rosidl_typesupport_cpp.dir/rosidl_typesupport_cpp/px4_msgs/msg/gripper__type_support.cpp.o\n'}
[429.200456] (-) TimerEvent: {}
[429.300644] (-) TimerEvent: {}
[429.401111] (-) TimerEvent: {}
[429.501297] (-) TimerEvent: {}
[429.518372] (px4_msgs) StdoutLine: {'line': b'[ 68%] Building CXX object CMakeFiles/px4_msgs__rosidl_typesupport_fastrtps_cpp.dir/rosidl_typesupport_fastrtps_cpp/px4_msgs/msg/detail/dds_fastrtps/distance_sensor__type_support.cpp.o\n'}
[429.551620] (px4_msgs) StdoutLine: {'line': b'[ 68%] Building CXX object CMakeFiles/px4_msgs__rosidl_typesupport_introspection_cpp.dir/rosidl_typesupport_introspection_cpp/px4_msgs/msg/detail/gimbal_controls__type_support.cpp.o\n'}
[429.601398] (-) TimerEvent: {}
[429.605888] (px4_msgs) StdoutLine: {'line': b'[ 68%] Building CXX object CMakeFiles/px4_msgs__rosidl_typesupport_cpp.dir/rosidl_typesupport_cpp/px4_msgs/msg/hover_thrust_estimate__type_support.cpp.o\n'}
[429.701498] (-) TimerEvent: {}
[429.801788] (-) TimerEvent: {}
[429.902785] (-) TimerEvent: {}
[429.945857] (px4_msgs) StdoutLine: {'line': b'[ 68%] Building CXX object CMakeFiles/px4_msgs__rosidl_typesupport_cpp.dir/rosidl_typesupport_cpp/px4_msgs/msg/home_position__type_support.cpp.o\n'}
[429.995746] (px4_msgs) StdoutLine: {'line': b'[ 68%] Building CXX object CMakeFiles/px4_msgs__rosidl_typesupport_introspection_cpp.dir/rosidl_typesupport_introspection_cpp/px4_msgs/msg/detail/gimbal_device_information__type_support.cpp.o\n'}
[430.002887] (-) TimerEvent: {}
[430.060577] (px4_msgs) StdoutLine: {'line': b'[ 68%] Building CXX object CMakeFiles/px4_msgs__rosidl_typesupport_fastrtps_cpp.dir/rosidl_typesupport_fastrtps_cpp/px4_msgs/msg/detail/dds_fastrtps/distance_sensor_mode_change_request__type_support.cpp.o\n'}
[430.102983] (-) TimerEvent: {}
[430.203157] (-) TimerEvent: {}
[430.216573] (px4_msgs) StdoutLine: {'line': b'[ 68%] Building CXX object CMakeFiles/px4_msgs__rosidl_typesupport_cpp.dir/rosidl_typesupport_cpp/px4_msgs/msg/input_rc__type_support.cpp.o\n'}
[430.303262] (-) TimerEvent: {}
[430.403444] (-) TimerEvent: {}
[430.424594] (px4_msgs) StdoutLine: {'line': b'[ 68%] Building CXX object CMakeFiles/px4_msgs__rosidl_typesupport_introspection_cpp.dir/rosidl_typesupport_introspection_cpp/px4_msgs/msg/detail/gimbal_device_attitude_status__type_support.cpp.o\n'}
[430.476369] (px4_msgs) StdoutLine: {'line': b'[ 68%] Building CXX object CMakeFiles/px4_msgs__rosidl_typesupport_fastrtps_cpp.dir/rosidl_typesupport_fastrtps_cpp/px4_msgs/msg/detail/dds_fastrtps/ekf2_timestamps__type_support.cpp.o\n'}
[430.483449] (px4_msgs) StdoutLine: {'line': b'[ 68%] Building CXX object CMakeFiles/px4_msgs__rosidl_typesupport_cpp.dir/rosidl_typesupport_cpp/px4_msgs/msg/heater_status__type_support.cpp.o\n'}
[430.503544] (-) TimerEvent: {}
[430.603731] (-) TimerEvent: {}
[430.694144] (px4_msgs) StdoutLine: {'line': b'[ 68%] Building CXX object CMakeFiles/px4_msgs__rosidl_typesupport_introspection_cpp.dir/rosidl_typesupport_introspection_cpp/px4_msgs/msg/detail/gimbal_manager_information__type_support.cpp.o\n'}
[430.703839] (-) TimerEvent: {}
[430.747493] (px4_msgs) StdoutLine: {'line': b'[ 68%] Building CXX object CMakeFiles/px4_msgs__rosidl_typesupport_cpp.dir/rosidl_typesupport_cpp/px4_msgs/msg/health_report__type_support.cpp.o\n'}
[430.803948] (-) TimerEvent: {}
[430.899724] (px4_msgs) StdoutLine: {'line': b'[ 68%] Building CXX object CMakeFiles/px4_msgs__rosidl_typesupport_fastrtps_cpp.dir/rosidl_typesupport_fastrtps_cpp/px4_msgs/msg/detail/dds_fastrtps/esc_status__type_support.cpp.o\n'}
[430.904049] (-) TimerEvent: {}
[430.971676] (px4_msgs) StdoutLine: {'line': b'[ 68%] Building CXX object CMakeFiles/px4_msgs__rosidl_typesupport_introspection_cpp.dir/rosidl_typesupport_introspection_cpp/px4_msgs/msg/detail/gimbal_manager_set_attitude__type_support.cpp.o\n'}
[431.004154] (-) TimerEvent: {}
[431.030635] (px4_msgs) StdoutLine: {'line': b'[ 68%] Building CXX object CMakeFiles/px4_msgs__rosidl_typesupport_cpp.dir/rosidl_typesupport_cpp/px4_msgs/msg/internal_combustion_engine_control__type_support.cpp.o\n'}
[431.104260] (-) TimerEvent: {}
[431.204916] (-) TimerEvent: {}
[431.270894] (px4_msgs) StdoutLine: {'line': b'[ 68%] Building CXX object CMakeFiles/px4_msgs__rosidl_typesupport_introspection_cpp.dir/rosidl_typesupport_introspection_cpp/px4_msgs/msg/detail/gimbal_device_set_attitude__type_support.cpp.o\n'}
[431.305017] (-) TimerEvent: {}
[431.313921] (px4_msgs) StdoutLine: {'line': b'[ 68%] Building CXX object CMakeFiles/px4_msgs__rosidl_typesupport_cpp.dir/rosidl_typesupport_cpp/px4_msgs/msg/internal_combustion_engine_status__type_support.cpp.o\n'}
[431.351088] (px4_msgs) StdoutLine: {'line': b'[ 68%] Building CXX object CMakeFiles/px4_msgs__rosidl_typesupport_fastrtps_cpp.dir/rosidl_typesupport_fastrtps_cpp/px4_msgs/msg/detail/dds_fastrtps/estimator_aid_source1d__type_support.cpp.o\n'}
[431.405119] (-) TimerEvent: {}
[431.505296] (-) TimerEvent: {}
[431.581258] (px4_msgs) StdoutLine: {'line': b'[ 68%] Building CXX object CMakeFiles/px4_msgs__rosidl_typesupport_cpp.dir/rosidl_typesupport_cpp/px4_msgs/msg/iridiumsbd_status__type_support.cpp.o\n'}
[431.605399] (-) TimerEvent: {}
[431.700242] (px4_msgs) StdoutLine: {'line': b'[ 68%] Building CXX object CMakeFiles/px4_msgs__rosidl_typesupport_introspection_cpp.dir/rosidl_typesupport_introspection_cpp/px4_msgs/msg/detail/gimbal_manager_status__type_support.cpp.o\n'}
[431.705505] (-) TimerEvent: {}
[431.780636] (px4_msgs) StdoutLine: {'line': b'[ 68%] Building CXX object CMakeFiles/px4_msgs__rosidl_typesupport_fastrtps_cpp.dir/rosidl_typesupport_fastrtps_cpp/px4_msgs/msg/detail/dds_fastrtps/esc_report__type_support.cpp.o\n'}
[431.805619] (-) TimerEvent: {}
[431.905811] (-) TimerEvent: {}
[431.937555] (px4_msgs) StdoutLine: {'line': b'[ 69%] Building CXX object CMakeFiles/px4_msgs__rosidl_typesupport_cpp.dir/rosidl_typesupport_cpp/px4_msgs/msg/landing_gear__type_support.cpp.o\n'}
[432.005912] (-) TimerEvent: {}
[432.049177] (px4_msgs) StdoutLine: {'line': b'[ 69%] Building CXX object CMakeFiles/px4_msgs__rosidl_typesupport_introspection_cpp.dir/rosidl_typesupport_introspection_cpp/px4_msgs/msg/detail/gimbal_manager_set_manual_control__type_support.cpp.o\n'}
[432.106009] (-) TimerEvent: {}
[432.206186] (-) TimerEvent: {}
[432.306360] (-) TimerEvent: {}
[432.316470] (px4_msgs) StdoutLine: {'line': b'[ 69%] Building CXX object CMakeFiles/px4_msgs__rosidl_typesupport_introspection_cpp.dir/rosidl_typesupport_introspection_cpp/px4_msgs/msg/detail/geofence_status__type_support.cpp.o\n'}
[432.354333] (px4_msgs) StdoutLine: {'line': b'[ 69%] Building CXX object CMakeFiles/px4_msgs__rosidl_typesupport_cpp.dir/rosidl_typesupport_cpp/px4_msgs/msg/irlock_report__type_support.cpp.o\n'}
[432.368722] (px4_msgs) StdoutLine: {'line': b'[ 69%] Building CXX object CMakeFiles/px4_msgs__rosidl_typesupport_fastrtps_cpp.dir/rosidl_typesupport_fastrtps_cpp/px4_msgs/msg/detail/dds_fastrtps/estimator_bias3d__type_support.cpp.o\n'}
[432.406465] (-) TimerEvent: {}
[432.506651] (-) TimerEvent: {}
[432.600031] (px4_msgs) StdoutLine: {'line': b'[ 69%] Building CXX object CMakeFiles/px4_msgs__rosidl_typesupport_introspection_cpp.dir/rosidl_typesupport_introspection_cpp/px4_msgs/msg/detail/goto_setpoint__type_support.cpp.o\n'}
[432.606756] (-) TimerEvent: {}
[432.635102] (px4_msgs) StdoutLine: {'line': b'[ 69%] Building CXX object CMakeFiles/px4_msgs__rosidl_typesupport_cpp.dir/rosidl_typesupport_cpp/px4_msgs/msg/landing_gear_wheel__type_support.cpp.o\n'}
[432.706863] (-) TimerEvent: {}
[432.807043] (-) TimerEvent: {}
[432.897136] (px4_msgs) StdoutLine: {'line': b'[ 69%] Building CXX object CMakeFiles/px4_msgs__rosidl_typesupport_cpp.dir/rosidl_typesupport_cpp/px4_msgs/msg/landing_target_innovations__type_support.cpp.o\n'}
[432.907145] (-) TimerEvent: {}
[432.921013] (px4_msgs) StdoutLine: {'line': b'[ 69%] Building CXX object CMakeFiles/px4_msgs__rosidl_typesupport_introspection_cpp.dir/rosidl_typesupport_introspection_cpp/px4_msgs/msg/detail/gpio_config__type_support.cpp.o\n'}
[432.946633] (px4_msgs) StdoutLine: {'line': b'[ 69%] Building CXX object CMakeFiles/px4_msgs__rosidl_typesupport_fastrtps_cpp.dir/rosidl_typesupport_fastrtps_cpp/px4_msgs/msg/detail/dds_fastrtps/estimator_event_flags__type_support.cpp.o\n'}
[433.007897] (-) TimerEvent: {}
[433.108074] (-) TimerEvent: {}
[433.207479] (px4_msgs) StdoutLine: {'line': b'[ 70%] Building CXX object CMakeFiles/px4_msgs__rosidl_typesupport_cpp.dir/rosidl_typesupport_cpp/px4_msgs/msg/landing_target_pose__type_support.cpp.o\n'}
[433.208139] (-) TimerEvent: {}
[433.308279] (-) TimerEvent: {}
[433.343431] (px4_msgs) StdoutLine: {'line': b'[ 70%] Building CXX object CMakeFiles/px4_msgs__rosidl_typesupport_introspection_cpp.dir/rosidl_typesupport_introspection_cpp/px4_msgs/msg/detail/gpio_in__type_support.cpp.o\n'}
[433.385301] (px4_msgs) StdoutLine: {'line': b'[ 70%] Building CXX object CMakeFiles/px4_msgs__rosidl_typesupport_fastrtps_cpp.dir/rosidl_typesupport_fastrtps_cpp/px4_msgs/msg/detail/dds_fastrtps/estimator_bias__type_support.cpp.o\n'}
[433.408391] (-) TimerEvent: {}
[433.471575] (px4_msgs) StdoutLine: {'line': b'[ 70%] Building CXX object CMakeFiles/px4_msgs__rosidl_typesupport_cpp.dir/rosidl_typesupport_cpp/px4_msgs/msg/launch_detection_status__type_support.cpp.o\n'}
[433.508499] (-) TimerEvent: {}
[433.608686] (-) TimerEvent: {}
[433.708861] (-) TimerEvent: {}
[433.710349] (px4_msgs) StdoutLine: {'line': b'[ 70%] Building CXX object CMakeFiles/px4_msgs__rosidl_typesupport_introspection_cpp.dir/rosidl_typesupport_introspection_cpp/px4_msgs/msg/detail/gpio_out__type_support.cpp.o\n'}
[433.808961] (-) TimerEvent: {}
[433.811700] (px4_msgs) StdoutLine: {'line': b'[ 70%] Building CXX object CMakeFiles/px4_msgs__rosidl_typesupport_fastrtps_cpp.dir/rosidl_typesupport_fastrtps_cpp/px4_msgs/msg/detail/dds_fastrtps/estimator_aid_source3d__type_support.cpp.o\n'}
[433.812512] (px4_msgs) StdoutLine: {'line': b'[ 70%] Building CXX object CMakeFiles/px4_msgs__rosidl_typesupport_cpp.dir/rosidl_typesupport_cpp/px4_msgs/msg/led_control__type_support.cpp.o\n'}
[433.909072] (-) TimerEvent: {}
[434.009248] (-) TimerEvent: {}
[434.086604] (px4_msgs) StdoutLine: {'line': b'[ 70%] Building CXX object CMakeFiles/px4_msgs__rosidl_typesupport_introspection_cpp.dir/rosidl_typesupport_introspection_cpp/px4_msgs/msg/detail/gpio_request__type_support.cpp.o\n'}
[434.104999] (px4_msgs) StdoutLine: {'line': b'[ 70%] Building CXX object CMakeFiles/px4_msgs__rosidl_typesupport_cpp.dir/rosidl_typesupport_cpp/px4_msgs/msg/logger_status__type_support.cpp.o\n'}
[434.109355] (-) TimerEvent: {}
[434.209534] (-) TimerEvent: {}
[434.309722] (-) TimerEvent: {}
[434.341612] (px4_msgs) StdoutLine: {'line': b'[ 70%] Building CXX object CMakeFiles/px4_msgs__rosidl_typesupport_fastrtps_cpp.dir/rosidl_typesupport_fastrtps_cpp/px4_msgs/msg/detail/dds_fastrtps/estimator_gps_status__type_support.cpp.o\n'}
[434.371309] (px4_msgs) StdoutLine: {'line': b'[ 70%] Building CXX object CMakeFiles/px4_msgs__rosidl_typesupport_cpp.dir/rosidl_typesupport_cpp/px4_msgs/msg/log_message__type_support.cpp.o\n'}
[434.409832] (-) TimerEvent: {}
[434.508026] (px4_msgs) StdoutLine: {'line': b'[ 70%] Building CXX object CMakeFiles/px4_msgs__rosidl_typesupport_introspection_cpp.dir/rosidl_typesupport_introspection_cpp/px4_msgs/msg/detail/gps_inject_data__type_support.cpp.o\n'}
[434.509929] (-) TimerEvent: {}
[434.610112] (-) TimerEvent: {}
[434.641581] (px4_msgs) StdoutLine: {'line': b'[ 70%] Building CXX object CMakeFiles/px4_msgs__rosidl_typesupport_cpp.dir/rosidl_typesupport_cpp/px4_msgs/msg/lateral_control_configuration__type_support.cpp.o\n'}
[434.710216] (-) TimerEvent: {}
[434.779863] (px4_msgs) StdoutLine: {'line': b'[ 70%] Building CXX object CMakeFiles/px4_msgs__rosidl_typesupport_fastrtps_cpp.dir/rosidl_typesupport_fastrtps_cpp/px4_msgs/msg/detail/dds_fastrtps/estimator_selector_status__type_support.cpp.o\n'}
[434.810316] (-) TimerEvent: {}
[434.910484] (-) TimerEvent: {}
[434.934291] (px4_msgs) StdoutLine: {'line': b'[ 70%] Building CXX object CMakeFiles/px4_msgs__rosidl_typesupport_introspection_cpp.dir/rosidl_typesupport_introspection_cpp/px4_msgs/msg/detail/gps_dump__type_support.cpp.o\n'}
[435.010585] (-) TimerEvent: {}
[435.030679] (px4_msgs) StdoutLine: {'line': b'[ 70%] Building CXX object CMakeFiles/px4_msgs__rosidl_typesupport_cpp.dir/rosidl_typesupport_cpp/px4_msgs/msg/longitudinal_control_configuration__type_support.cpp.o\n'}
[435.110690] (-) TimerEvent: {}
[435.210864] (-) TimerEvent: {}
[435.248644] (px4_msgs) StdoutLine: {'line': b'[ 70%] Building CXX object CMakeFiles/px4_msgs__rosidl_typesupport_introspection_cpp.dir/rosidl_typesupport_introspection_cpp/px4_msgs/msg/detail/gripper__type_support.cpp.o\n'}
[435.310965] (-) TimerEvent: {}
[435.411134] (-) TimerEvent: {}
[435.448266] (px4_msgs) StdoutLine: {'line': b'[ 70%] Building CXX object CMakeFiles/px4_msgs__rosidl_typesupport_cpp.dir/rosidl_typesupport_cpp/px4_msgs/msg/mag_worker_data__type_support.cpp.o\n'}
[435.454556] (px4_msgs) StdoutLine: {'line': b'[ 70%] Building CXX object CMakeFiles/px4_msgs__rosidl_typesupport_fastrtps_cpp.dir/rosidl_typesupport_fastrtps_cpp/px4_msgs/msg/detail/dds_fastrtps/estimator_states__type_support.cpp.o\n'}
[435.511237] (-) TimerEvent: {}
[435.513281] (px4_msgs) StdoutLine: {'line': b'[ 70%] Building CXX object CMakeFiles/px4_msgs__rosidl_typesupport_introspection_cpp.dir/rosidl_typesupport_introspection_cpp/px4_msgs/msg/detail/health_report__type_support.cpp.o\n'}
[435.611346] (-) TimerEvent: {}
[435.711537] (-) TimerEvent: {}
[435.783766] (px4_msgs) StdoutLine: {'line': b'[ 70%] Building CXX object CMakeFiles/px4_msgs__rosidl_typesupport_introspection_cpp.dir/rosidl_typesupport_introspection_cpp/px4_msgs/msg/detail/heater_status__type_support.cpp.o\n'}
[435.811646] (-) TimerEvent: {}
[435.874231] (px4_msgs) StdoutLine: {'line': b'[ 70%] Building CXX object CMakeFiles/px4_msgs__rosidl_typesupport_cpp.dir/rosidl_typesupport_cpp/px4_msgs/msg/magnetometer_bias_estimate__type_support.cpp.o\n'}
[435.911746] (-) TimerEvent: {}
[436.011916] (-) TimerEvent: {}
[436.049243] (px4_msgs) StdoutLine: {'line': b'[ 70%] Building CXX object CMakeFiles/px4_msgs__rosidl_typesupport_introspection_cpp.dir/rosidl_typesupport_introspection_cpp/px4_msgs/msg/detail/home_position__type_support.cpp.o\n'}
[436.112020] (-) TimerEvent: {}
[436.123738] (px4_msgs) StdoutLine: {'line': b'[ 71%] Building CXX object CMakeFiles/px4_msgs__rosidl_typesupport_fastrtps_cpp.dir/rosidl_typesupport_fastrtps_cpp/px4_msgs/msg/detail/dds_fastrtps/estimator_status__type_support.cpp.o\n'}
[436.212121] (-) TimerEvent: {}
[436.229499] (px4_msgs) StdoutLine: {'line': b'[ 71%] Building CXX object CMakeFiles/px4_msgs__rosidl_typesupport_cpp.dir/rosidl_typesupport_cpp/px4_msgs/msg/manual_control_setpoint__type_support.cpp.o\n'}
[436.312221] (-) TimerEvent: {}
[436.412394] (-) TimerEvent: {}
[436.438681] (px4_msgs) StdoutLine: {'line': b'[ 71%] Building CXX object CMakeFiles/px4_msgs__rosidl_typesupport_introspection_cpp.dir/rosidl_typesupport_introspection_cpp/px4_msgs/msg/detail/hover_thrust_estimate__type_support.cpp.o\n'}
[436.493600] (px4_msgs) StdoutLine: {'line': b'[ 71%] Building CXX object CMakeFiles/px4_msgs__rosidl_typesupport_cpp.dir/rosidl_typesupport_cpp/px4_msgs/msg/manual_control_switches__type_support.cpp.o\n'}
[436.512493] (-) TimerEvent: {}
[436.612678] (-) TimerEvent: {}
[436.692247] (px4_msgs) StdoutLine: {'line': b'[ 71%] Building CXX object CMakeFiles/px4_msgs__rosidl_typesupport_fastrtps_cpp.dir/rosidl_typesupport_fastrtps_cpp/px4_msgs/msg/detail/dds_fastrtps/estimator_sensor_bias__type_support.cpp.o\n'}
[436.712741] (-) TimerEvent: {}
[436.756764] (px4_msgs) StdoutLine: {'line': b'[ 71%] Building CXX object CMakeFiles/px4_msgs__rosidl_typesupport_cpp.dir/rosidl_typesupport_cpp/px4_msgs/msg/mavlink_log__type_support.cpp.o\n'}
[436.812841] (-) TimerEvent: {}
[436.855309] (px4_msgs) StdoutLine: {'line': b'[ 71%] Building CXX object CMakeFiles/px4_msgs__rosidl_typesupport_introspection_cpp.dir/rosidl_typesupport_introspection_cpp/px4_msgs/msg/detail/internal_combustion_engine_control__type_support.cpp.o\n'}
[436.913723] (-) TimerEvent: {}
[437.013896] (-) TimerEvent: {}
[437.113455] (px4_msgs) StdoutLine: {'line': b'[ 71%] Building CXX object CMakeFiles/px4_msgs__rosidl_typesupport_cpp.dir/rosidl_typesupport_cpp/px4_msgs/msg/mavlink_tunnel__type_support.cpp.o\n'}
[437.113963] (-) TimerEvent: {}
[437.178182] (px4_msgs) StdoutLine: {'line': b'[ 71%] Building CXX object CMakeFiles/px4_msgs__rosidl_typesupport_fastrtps_cpp.dir/rosidl_typesupport_fastrtps_cpp/px4_msgs/msg/detail/dds_fastrtps/estimator_innovations__type_support.cpp.o\n'}
[437.206827] (px4_msgs) StdoutLine: {'line': b'[ 71%] Building CXX object CMakeFiles/px4_msgs__rosidl_typesupport_introspection_cpp.dir/rosidl_typesupport_introspection_cpp/px4_msgs/msg/detail/iridiumsbd_status__type_support.cpp.o\n'}
[437.214078] (-) TimerEvent: {}
[437.314252] (-) TimerEvent: {}
[437.384324] (px4_msgs) StdoutLine: {'line': b'[ 71%] Building CXX object CMakeFiles/px4_msgs__rosidl_typesupport_cpp.dir/rosidl_typesupport_cpp/px4_msgs/msg/message_format_request__type_support.cpp.o\n'}
[437.414351] (-) TimerEvent: {}
[437.475016] (px4_msgs) StdoutLine: {'line': b'[ 71%] Building CXX object CMakeFiles/px4_msgs__rosidl_typesupport_introspection_cpp.dir/rosidl_typesupport_introspection_cpp/px4_msgs/msg/detail/internal_combustion_engine_status__type_support.cpp.o\n'}
[437.514461] (-) TimerEvent: {}
[437.614639] (-) TimerEvent: {}
[437.649648] (px4_msgs) StdoutLine: {'line': b'[ 71%] Building CXX object CMakeFiles/px4_msgs__rosidl_typesupport_cpp.dir/rosidl_typesupport_cpp/px4_msgs/msg/message_format_response__type_support.cpp.o\n'}
[437.714729] (-) TimerEvent: {}
[437.757686] (px4_msgs) StdoutLine: {'line': b'[ 71%] Building CXX object CMakeFiles/px4_msgs__rosidl_typesupport_introspection_cpp.dir/rosidl_typesupport_introspection_cpp/px4_msgs/msg/detail/input_rc__type_support.cpp.o\n'}
[437.780253] (px4_msgs) StdoutLine: {'line': b'[ 71%] Building CXX object CMakeFiles/px4_msgs__rosidl_typesupport_fastrtps_cpp.dir/rosidl_typesupport_fastrtps_cpp/px4_msgs/msg/detail/dds_fastrtps/failsafe_flags__type_support.cpp.o\n'}
[437.814827] (-) TimerEvent: {}
[437.915005] (-) TimerEvent: {}
[437.937638] (px4_msgs) StdoutLine: {'line': b'[ 71%] Building CXX object CMakeFiles/px4_msgs__rosidl_typesupport_cpp.dir/rosidl_typesupport_cpp/px4_msgs/msg/mission__type_support.cpp.o\n'}
[438.015112] (-) TimerEvent: {}
[438.115283] (-) TimerEvent: {}
[438.195544] (px4_msgs) StdoutLine: {'line': b'[ 71%] Building CXX object CMakeFiles/px4_msgs__rosidl_typesupport_introspection_cpp.dir/rosidl_typesupport_introspection_cpp/px4_msgs/msg/detail/irlock_report__type_support.cpp.o\n'}
[438.215382] (-) TimerEvent: {}
[438.227789] (px4_msgs) StdoutLine: {'line': b'[ 71%] Building CXX object CMakeFiles/px4_msgs__rosidl_typesupport_fastrtps_cpp.dir/rosidl_typesupport_fastrtps_cpp/px4_msgs/msg/detail/dds_fastrtps/failure_detector_status__type_support.cpp.o\n'}
[438.231342] (px4_msgs) StdoutLine: {'line': b'[ 71%] Building CXX object CMakeFiles/px4_msgs__rosidl_typesupport_cpp.dir/rosidl_typesupport_cpp/px4_msgs/msg/mission_result__type_support.cpp.o\n'}
[438.315494] (-) TimerEvent: {}
[438.415685] (-) TimerEvent: {}
[438.515869] (-) TimerEvent: {}
[438.520338] (px4_msgs) StdoutLine: {'line': b'[ 71%] Building CXX object CMakeFiles/px4_msgs__rosidl_typesupport_introspection_cpp.dir/rosidl_typesupport_introspection_cpp/px4_msgs/msg/detail/landing_gear__type_support.cpp.o\n'}
[438.575619] (px4_msgs) StdoutLine: {'line': b'[ 71%] Building CXX object CMakeFiles/px4_msgs__rosidl_typesupport_cpp.dir/rosidl_typesupport_cpp/px4_msgs/msg/mode_completed__type_support.cpp.o\n'}
[438.615970] (-) TimerEvent: {}
[438.646402] (px4_msgs) StdoutLine: {'line': b'[ 71%] Building CXX object CMakeFiles/px4_msgs__rosidl_typesupport_fastrtps_cpp.dir/rosidl_typesupport_fastrtps_cpp/px4_msgs/msg/detail/dds_fastrtps/figure_eight_status__type_support.cpp.o\n'}
[438.716074] (-) TimerEvent: {}
[438.784383] (px4_msgs) StdoutLine: {'line': b'[ 71%] Building CXX object CMakeFiles/px4_msgs__rosidl_typesupport_introspection_cpp.dir/rosidl_typesupport_introspection_cpp/px4_msgs/msg/detail/landing_gear_wheel__type_support.cpp.o\n'}
[438.816178] (-) TimerEvent: {}
[438.916350] (-) TimerEvent: {}
[438.997724] (px4_msgs) StdoutLine: {'line': b'[ 71%] Building CXX object CMakeFiles/px4_msgs__rosidl_typesupport_cpp.dir/rosidl_typesupport_cpp/px4_msgs/msg/mount_orientation__type_support.cpp.o\n'}
[439.016451] (-) TimerEvent: {}
[439.116629] (-) TimerEvent: {}
[439.126843] (px4_msgs) StdoutLine: {'line': b'[ 71%] Building CXX object CMakeFiles/px4_msgs__rosidl_typesupport_introspection_cpp.dir/rosidl_typesupport_introspection_cpp/px4_msgs/msg/detail/landing_target_innovations__type_support.cpp.o\n'}
[439.151096] (px4_msgs) StdoutLine: {'line': b'[ 71%] Building CXX object CMakeFiles/px4_msgs__rosidl_typesupport_fastrtps_cpp.dir/rosidl_typesupport_fastrtps_cpp/px4_msgs/msg/detail/dds_fastrtps/event__type_support.cpp.o\n'}
[439.216735] (-) TimerEvent: {}
[439.313747] (px4_msgs) StdoutLine: {'line': b'[ 71%] Building CXX object CMakeFiles/px4_msgs__rosidl_typesupport_cpp.dir/rosidl_typesupport_cpp/px4_msgs/msg/navigator_mission_item__type_support.cpp.o\n'}
[439.316828] (-) TimerEvent: {}
[439.417004] (-) TimerEvent: {}
[439.517842] (-) TimerEvent: {}
[439.545713] (px4_msgs) StdoutLine: {'line': b'[ 72%] Building CXX object CMakeFiles/px4_msgs__rosidl_typesupport_introspection_cpp.dir/rosidl_typesupport_introspection_cpp/px4_msgs/msg/detail/landing_target_pose__type_support.cpp.o\n'}
[439.545920] (px4_msgs) StdoutLine: {'line': b'[ 72%] Building CXX object CMakeFiles/px4_msgs__rosidl_typesupport_cpp.dir/rosidl_typesupport_cpp/px4_msgs/msg/navigator_status__type_support.cpp.o\n'}
[439.617939] (-) TimerEvent: {}
[439.623272] (px4_msgs) StdoutLine: {'line': b'[ 72%] Building CXX object CMakeFiles/px4_msgs__rosidl_typesupport_fastrtps_cpp.dir/rosidl_typesupport_fastrtps_cpp/px4_msgs/msg/detail/dds_fastrtps/fixed_wing_lateral_setpoint__type_support.cpp.o\n'}
[439.718728] (-) TimerEvent: {}
[439.818908] (-) TimerEvent: {}
[439.839017] (px4_msgs) StdoutLine: {'line': b'[ 72%] Building CXX object CMakeFiles/px4_msgs__rosidl_typesupport_introspection_cpp.dir/rosidl_typesupport_introspection_cpp/px4_msgs/msg/detail/lateral_control_configuration__type_support.cpp.o\n'}
[439.851817] (px4_msgs) StdoutLine: {'line': b'[ 72%] Building CXX object CMakeFiles/px4_msgs__rosidl_typesupport_fastrtps_cpp.dir/rosidl_typesupport_fastrtps_cpp/px4_msgs/msg/detail/dds_fastrtps/fixed_wing_lateral_guidance_status__type_support.cpp.o\n'}
[439.919003] (-) TimerEvent: {}
[439.981866] (px4_msgs) StdoutLine: {'line': b'[ 72%] Building CXX object CMakeFiles/px4_msgs__rosidl_typesupport_cpp.dir/rosidl_typesupport_cpp/px4_msgs/msg/neural_control__type_support.cpp.o\n'}
[440.019720] (-) TimerEvent: {}
[440.119894] (-) TimerEvent: {}
[440.220082] (-) TimerEvent: {}
[440.300859] (px4_msgs) StdoutLine: {'line': b'[ 72%] Building CXX object CMakeFiles/px4_msgs__rosidl_typesupport_introspection_cpp.dir/rosidl_typesupport_introspection_cpp/px4_msgs/msg/detail/launch_detection_status__type_support.cpp.o\n'}
[440.316344] (px4_msgs) StdoutLine: {'line': b'[ 72%] Building CXX object CMakeFiles/px4_msgs__rosidl_typesupport_fastrtps_cpp.dir/rosidl_typesupport_fastrtps_cpp/px4_msgs/msg/detail/dds_fastrtps/fixed_wing_lateral_status__type_support.cpp.o\n'}
[440.320184] (-) TimerEvent: {}
[440.412639] (px4_msgs) StdoutLine: {'line': b'[ 72%] Building CXX object CMakeFiles/px4_msgs__rosidl_typesupport_cpp.dir/rosidl_typesupport_cpp/px4_msgs/msg/normalized_unsigned_setpoint__type_support.cpp.o\n'}
[440.420724] (-) TimerEvent: {}
[440.512840] (px4_msgs) StdoutLine: {'line': b'[ 72%] Building CXX object CMakeFiles/px4_msgs__rosidl_typesupport_introspection_cpp.dir/rosidl_typesupport_introspection_cpp/px4_msgs/msg/detail/led_control__type_support.cpp.o\n'}
[440.513070] (px4_msgs) StdoutLine: {'line': b'[ 72%] Building CXX object CMakeFiles/px4_msgs__rosidl_typesupport_fastrtps_cpp.dir/rosidl_typesupport_fastrtps_cpp/px4_msgs/msg/detail/dds_fastrtps/fixed_wing_longitudinal_setpoint__type_support.cpp.o\n'}
[440.521732] (-) TimerEvent: {}
[440.622046] (-) TimerEvent: {}
[440.722224] (-) TimerEvent: {}
[440.822799] (-) TimerEvent: {}
[440.875712] (px4_msgs) StdoutLine: {'line': b'[ 72%] Building CXX object CMakeFiles/px4_msgs__rosidl_typesupport_cpp.dir/rosidl_typesupport_cpp/px4_msgs/msg/obstacle_distance__type_support.cpp.o\n'}
[440.922891] (-) TimerEvent: {}
[440.960880] (px4_msgs) StdoutLine: {'line': b'[ 72%] Building CXX object CMakeFiles/px4_msgs__rosidl_typesupport_introspection_cpp.dir/rosidl_typesupport_introspection_cpp/px4_msgs/msg/detail/log_message__type_support.cpp.o\n'}
[441.005720] (px4_msgs) StdoutLine: {'line': b'[ 73%] Building CXX object CMakeFiles/px4_msgs__rosidl_typesupport_cpp.dir/rosidl_typesupport_cpp/px4_msgs/msg/offboard_control_mode__type_support.cpp.o\n'}
[441.005960] (px4_msgs) StdoutLine: {'line': b'[ 73%] Building CXX object CMakeFiles/px4_msgs__rosidl_typesupport_fastrtps_cpp.dir/rosidl_typesupport_fastrtps_cpp/px4_msgs/msg/detail/dds_fastrtps/fixed_wing_runway_control__type_support.cpp.o\n'}
[441.024721] (-) TimerEvent: {}
[441.124897] (-) TimerEvent: {}
[441.189604] (px4_msgs) StdoutLine: {'line': b'[ 73%] Building CXX object CMakeFiles/px4_msgs__rosidl_typesupport_fastrtps_cpp.dir/rosidl_typesupport_fastrtps_cpp/px4_msgs/msg/detail/dds_fastrtps/estimator_status_flags__type_support.cpp.o\n'}
[441.225002] (-) TimerEvent: {}
[441.311639] (px4_msgs) StdoutLine: {'line': b'[ 73%] Building CXX object CMakeFiles/px4_msgs__rosidl_typesupport_cpp.dir/rosidl_typesupport_cpp/px4_msgs/msg/onboard_computer_status__type_support.cpp.o\n'}
[441.325096] (-) TimerEvent: {}
[441.425277] (-) TimerEvent: {}
[441.489864] (px4_msgs) StdoutLine: {'line': b'[ 73%] Building CXX object CMakeFiles/px4_msgs__rosidl_typesupport_introspection_cpp.dir/rosidl_typesupport_introspection_cpp/px4_msgs/msg/detail/longitudinal_control_configuration__type_support.cpp.o\n'}
[441.528728] (-) TimerEvent: {}
[441.554921] (px4_msgs) StdoutLine: {'line': b'[ 73%] Building CXX object CMakeFiles/px4_msgs__rosidl_typesupport_fastrtps_cpp.dir/rosidl_typesupport_fastrtps_cpp/px4_msgs/msg/detail/dds_fastrtps/follow_target__type_support.cpp.o\n'}
[441.628834] (-) TimerEvent: {}
[441.729027] (-) TimerEvent: {}
[441.778437] (px4_msgs) StdoutLine: {'line': b'[ 73%] Building CXX object CMakeFiles/px4_msgs__rosidl_typesupport_cpp.dir/rosidl_typesupport_cpp/px4_msgs/msg/open_drone_id_arm_status__type_support.cpp.o\n'}
[441.829125] (-) TimerEvent: {}
[441.930900] (-) TimerEvent: {}
[441.951859] (px4_msgs) StdoutLine: {'line': b'[ 73%] Building CXX object CMakeFiles/px4_msgs__rosidl_typesupport_fastrtps_cpp.dir/rosidl_typesupport_fastrtps_cpp/px4_msgs/msg/detail/dds_fastrtps/flight_phase_estimation__type_support.cpp.o\n'}
[442.031002] (-) TimerEvent: {}
[442.117730] (px4_msgs) StdoutLine: {'line': b'[ 73%] Building CXX object CMakeFiles/px4_msgs__rosidl_typesupport_introspection_cpp.dir/rosidl_typesupport_introspection_cpp/px4_msgs/msg/detail/mag_worker_data__type_support.cpp.o\n'}
[442.119851] (px4_msgs) StdoutLine: {'line': b'[ 73%] Building CXX object CMakeFiles/px4_msgs__rosidl_typesupport_fastrtps_cpp.dir/rosidl_typesupport_fastrtps_cpp/px4_msgs/msg/detail/dds_fastrtps/follow_target_estimator__type_support.cpp.o\n'}
[442.131097] (-) TimerEvent: {}
[442.131748] (px4_msgs) StdoutLine: {'line': b'[ 73%] Building CXX object CMakeFiles/px4_msgs__rosidl_typesupport_introspection_cpp.dir/rosidl_typesupport_introspection_cpp/px4_msgs/msg/detail/magnetometer_bias_estimate__type_support.cpp.o\n'}
[442.231701] (-) TimerEvent: {}
[442.331891] (-) TimerEvent: {}
[442.432066] (-) TimerEvent: {}
[442.532244] (-) TimerEvent: {}
[442.592182] (px4_msgs) StdoutLine: {'line': b'[ 73%] Building CXX object CMakeFiles/px4_msgs__rosidl_typesupport_cpp.dir/rosidl_typesupport_cpp/px4_msgs/msg/open_drone_id_operator_id__type_support.cpp.o\n'}
[442.633754] (-) TimerEvent: {}
[442.681711] (px4_msgs) StdoutLine: {'line': b'[ 73%] Building CXX object CMakeFiles/px4_msgs__rosidl_typesupport_introspection_cpp.dir/rosidl_typesupport_introspection_cpp/px4_msgs/msg/detail/manual_control_setpoint__type_support.cpp.o\n'}
[442.734726] (-) TimerEvent: {}
[442.777846] (px4_msgs) StdoutLine: {'line': b'[ 73%] Building CXX object CMakeFiles/px4_msgs__rosidl_typesupport_fastrtps_cpp.dir/rosidl_typesupport_fastrtps_cpp/px4_msgs/msg/detail/dds_fastrtps/estimator_aid_source2d__type_support.cpp.o\n'}
[442.839730] (-) TimerEvent: {}
[442.939914] (-) TimerEvent: {}
[442.948960] (px4_msgs) StdoutLine: {'line': b'[ 73%] Building CXX object CMakeFiles/px4_msgs__rosidl_typesupport_introspection_cpp.dir/rosidl_typesupport_introspection_cpp/px4_msgs/msg/detail/mavlink_log__type_support.cpp.o\n'}
[442.955882] (px4_msgs) StdoutLine: {'line': b'[ 73%] Building CXX object CMakeFiles/px4_msgs__rosidl_typesupport_cpp.dir/rosidl_typesupport_cpp/px4_msgs/msg/open_drone_id_self_id__type_support.cpp.o\n'}
[443.040013] (-) TimerEvent: {}
[443.140197] (-) TimerEvent: {}
[443.209867] (px4_msgs) StdoutLine: {'line': b'[ 73%] Building CXX object CMakeFiles/px4_msgs__rosidl_typesupport_fastrtps_cpp.dir/rosidl_typesupport_fastrtps_cpp/px4_msgs/msg/detail/dds_fastrtps/dronecan_node_status__type_support.cpp.o\n'}
[443.240293] (-) TimerEvent: {}
[443.240766] (px4_msgs) StdoutLine: {'line': b'[ 73%] Building CXX object CMakeFiles/px4_msgs__rosidl_typesupport_fastrtps_cpp.dir/rosidl_typesupport_fastrtps_cpp/px4_msgs/msg/detail/dds_fastrtps/follow_target_status__type_support.cpp.o\n'}
[443.251717] (px4_msgs) StdoutLine: {'line': b'[ 73%] Building CXX object CMakeFiles/px4_msgs__rosidl_typesupport_cpp.dir/rosidl_typesupport_cpp/px4_msgs/msg/open_drone_id_system__type_support.cpp.o\n'}
[443.340394] (-) TimerEvent: {}
[443.444725] (-) TimerEvent: {}
[443.544904] (-) TimerEvent: {}
[443.552706] (px4_msgs) StdoutLine: {'line': b'[ 73%] Building CXX object CMakeFiles/px4_msgs__rosidl_typesupport_introspection_cpp.dir/rosidl_typesupport_introspection_cpp/px4_msgs/msg/detail/mavlink_tunnel__type_support.cpp.o\n'}
[443.645002] (-) TimerEvent: {}
[443.734723] (px4_msgs) StdoutLine: {'line': b'[ 73%] Building CXX object CMakeFiles/px4_msgs__rosidl_typesupport_fastrtps_cpp.dir/rosidl_typesupport_fastrtps_cpp/px4_msgs/msg/detail/dds_fastrtps/geofence_result__type_support.cpp.o\n'}
[443.745102] (-) TimerEvent: {}
[443.845286] (-) TimerEvent: {}
[443.945475] (-) TimerEvent: {}
[443.960679] (px4_msgs) StdoutLine: {'line': b'[ 73%] Building CXX object CMakeFiles/px4_msgs__rosidl_typesupport_cpp.dir/rosidl_typesupport_cpp/px4_msgs/msg/orb_test__type_support.cpp.o\n'}
[444.005845] (px4_msgs) StdoutLine: {'line': b'[ 73%] Building CXX object CMakeFiles/px4_msgs__rosidl_typesupport_introspection_cpp.dir/rosidl_typesupport_introspection_cpp/px4_msgs/msg/detail/message_format_request__type_support.cpp.o\n'}
[444.018849] (px4_msgs) StdoutLine: {'line': b'[ 73%] Building CXX object CMakeFiles/px4_msgs__rosidl_typesupport_fastrtps_cpp.dir/rosidl_typesupport_fastrtps_cpp/px4_msgs/msg/detail/dds_fastrtps/generator_status__type_support.cpp.o\n'}
[444.045577] (-) TimerEvent: {}
[444.128891] (px4_msgs) StdoutLine: {'line': b'[ 73%] Building CXX object CMakeFiles/px4_msgs__rosidl_typesupport_fastrtps_cpp.dir/rosidl_typesupport_fastrtps_cpp/px4_msgs/msg/detail/dds_fastrtps/fuel_tank_status__type_support.cpp.o\n'}
[444.129356] (px4_msgs) StdoutLine: {'line': b'[ 73%] Building CXX object CMakeFiles/px4_msgs__rosidl_typesupport_cpp.dir/rosidl_typesupport_cpp/px4_msgs/msg/orb_test_large__type_support.cpp.o\n'}
[444.147822] (-) TimerEvent: {}
[444.248005] (-) TimerEvent: {}
[444.348186] (-) TimerEvent: {}
[444.448372] (-) TimerEvent: {}
[444.548550] (-) TimerEvent: {}
[444.639494] (px4_msgs) StdoutLine: {'line': b'[ 73%] Building CXX object CMakeFiles/px4_msgs__rosidl_typesupport_introspection_cpp.dir/rosidl_typesupport_introspection_cpp/px4_msgs/msg/detail/message_format_response__type_support.cpp.o\n'}
[444.648653] (-) TimerEvent: {}
[444.656437] (px4_msgs) StdoutLine: {'line': b'[ 73%] Building CXX object CMakeFiles/px4_msgs__rosidl_typesupport_cpp.dir/rosidl_typesupport_cpp/px4_msgs/msg/orbit_status__type_support.cpp.o\n'}
[444.748741] (-) TimerEvent: {}
[444.849063] (-) TimerEvent: {}
[444.936721] (px4_msgs) StdoutLine: {'line': b'[ 73%] Building CXX object CMakeFiles/px4_msgs__rosidl_typesupport_fastrtps_cpp.dir/rosidl_typesupport_fastrtps_cpp/px4_msgs/msg/detail/dds_fastrtps/gimbal_device_attitude_status__type_support.cpp.o\n'}
[444.949158] (-) TimerEvent: {}
[445.049351] (-) TimerEvent: {}
[445.077483] (px4_msgs) StdoutLine: {'line': b'[ 73%] Building CXX object CMakeFiles/px4_msgs__rosidl_typesupport_introspection_cpp.dir/rosidl_typesupport_introspection_cpp/px4_msgs/msg/detail/mission_result__type_support.cpp.o\n'}
[445.077712] (px4_msgs) StdoutLine: {'line': b'[ 73%] Building CXX object CMakeFiles/px4_msgs__rosidl_typesupport_cpp.dir/rosidl_typesupport_cpp/px4_msgs/msg/orb_test_medium__type_support.cpp.o\n'}
[445.149459] (-) TimerEvent: {}
[445.249646] (-) TimerEvent: {}
[445.344545] (px4_msgs) StdoutLine: {'line': b'[ 73%] Building CXX object CMakeFiles/px4_msgs__rosidl_typesupport_cpp.dir/rosidl_typesupport_cpp/px4_msgs/msg/parameter_reset_request__type_support.cpp.o\n'}
[445.344849] (px4_msgs) StdoutLine: {'line': b'[ 73%] Building CXX object CMakeFiles/px4_msgs__rosidl_typesupport_introspection_cpp.dir/rosidl_typesupport_introspection_cpp/px4_msgs/msg/detail/mode_completed__type_support.cpp.o\n'}
[445.349732] (-) TimerEvent: {}
[445.411212] (px4_msgs) StdoutLine: {'line': b'[ 73%] Building CXX object CMakeFiles/px4_msgs__rosidl_typesupport_fastrtps_cpp.dir/rosidl_typesupport_fastrtps_cpp/px4_msgs/msg/detail/dds_fastrtps/gimbal_manager_information__type_support.cpp.o\n'}
[445.449847] (-) TimerEvent: {}
[445.550018] (-) TimerEvent: {}
[445.608799] (px4_msgs) StdoutLine: {'line': b'[ 73%] Building CXX object CMakeFiles/px4_msgs__rosidl_typesupport_cpp.dir/rosidl_typesupport_cpp/px4_msgs/msg/parameter_set_used_request__type_support.cpp.o\n'}
[445.650129] (-) TimerEvent: {}
[445.736344] (px4_msgs) StdoutLine: {'line': b'[ 73%] Building CXX object CMakeFiles/px4_msgs__rosidl_typesupport_introspection_cpp.dir/rosidl_typesupport_introspection_cpp/px4_msgs/msg/detail/navigator_mission_item__type_support.cpp.o\n'}
[445.750234] (-) TimerEvent: {}
[445.841592] (px4_msgs) StdoutLine: {'line': b'[ 73%] Building CXX object CMakeFiles/px4_msgs__rosidl_typesupport_fastrtps_cpp.dir/rosidl_typesupport_fastrtps_cpp/px4_msgs/msg/detail/dds_fastrtps/gimbal_device_set_attitude__type_support.cpp.o\n'}
[445.850330] (-) TimerEvent: {}
[445.895694] (px4_msgs) StdoutLine: {'line': b'[ 73%] Building CXX object CMakeFiles/px4_msgs__rosidl_typesupport_cpp.dir/rosidl_typesupport_cpp/px4_msgs/msg/parameter_set_value_request__type_support.cpp.o\n'}
[445.950438] (-) TimerEvent: {}
[446.050608] (-) TimerEvent: {}
[446.150794] (-) TimerEvent: {}
[446.153164] (px4_msgs) StdoutLine: {'line': b'[ 73%] Building CXX object CMakeFiles/px4_msgs__rosidl_typesupport_introspection_cpp.dir/rosidl_typesupport_introspection_cpp/px4_msgs/msg/detail/neural_control__type_support.cpp.o\n'}
[446.189150] (px4_msgs) StdoutLine: {'line': b'[ 73%] Building CXX object CMakeFiles/px4_msgs__rosidl_typesupport_cpp.dir/rosidl_typesupport_cpp/px4_msgs/msg/parameter_set_value_response__type_support.cpp.o\n'}
[446.250904] (-) TimerEvent: {}
[446.351088] (-) TimerEvent: {}
[446.451266] (-) TimerEvent: {}
[446.453052] (px4_msgs) StdoutLine: {'line': b'[ 73%] Building CXX object CMakeFiles/px4_msgs__rosidl_typesupport_cpp.dir/rosidl_typesupport_cpp/px4_msgs/msg/parameter_update__type_support.cpp.o\n'}
[446.506824] (px4_msgs) StdoutLine: {'line': b'[ 74%] Building CXX object CMakeFiles/px4_msgs__rosidl_typesupport_fastrtps_cpp.dir/rosidl_typesupport_fastrtps_cpp/px4_msgs/msg/detail/dds_fastrtps/gimbal_manager_set_attitude__type_support.cpp.o\n'}
[446.551372] (-) TimerEvent: {}
[446.552364] (px4_msgs) StdoutLine: {'line': b'[ 74%] Building CXX object CMakeFiles/px4_msgs__rosidl_typesupport_introspection_cpp.dir/rosidl_typesupport_introspection_cpp/px4_msgs/msg/detail/navigator_status__type_support.cpp.o\n'}
[446.651477] (-) TimerEvent: {}
[446.751659] (-) TimerEvent: {}
[446.827801] (px4_msgs) StdoutLine: {'line': b'[ 74%] Building CXX object CMakeFiles/px4_msgs__rosidl_typesupport_introspection_cpp.dir/rosidl_typesupport_introspection_cpp/px4_msgs/msg/detail/normalized_unsigned_setpoint__type_support.cpp.o\n'}
[446.851744] (-) TimerEvent: {}
[446.853311] (px4_msgs) StdoutLine: {'line': b'[ 74%] Building CXX object CMakeFiles/px4_msgs__rosidl_typesupport_cpp.dir/rosidl_typesupport_cpp/px4_msgs/msg/ping__type_support.cpp.o\n'}
[446.951851] (-) TimerEvent: {}
[447.052031] (-) TimerEvent: {}
[447.090823] (px4_msgs) StdoutLine: {'line': b'[ 74%] Building CXX object CMakeFiles/px4_msgs__rosidl_typesupport_fastrtps_cpp.dir/rosidl_typesupport_fastrtps_cpp/px4_msgs/msg/detail/dds_fastrtps/gimbal_manager_status__type_support.cpp.o\n'}
[447.152145] (-) TimerEvent: {}
[447.238120] (px4_msgs) StdoutLine: {'line': b'[ 74%] Building CXX object CMakeFiles/px4_msgs__rosidl_typesupport_introspection_cpp.dir/rosidl_typesupport_introspection_cpp/px4_msgs/msg/detail/obstacle_distance__type_support.cpp.o\n'}
[447.252241] (-) TimerEvent: {}
[447.262214] (px4_msgs) StdoutLine: {'line': b'[ 74%] Building CXX object CMakeFiles/px4_msgs__rosidl_typesupport_cpp.dir/rosidl_typesupport_cpp/px4_msgs/msg/position_controller_landing_status__type_support.cpp.o\n'}
[447.352351] (-) TimerEvent: {}
[447.452539] (-) TimerEvent: {}
[447.509381] (px4_msgs) StdoutLine: {'line': b'[ 74%] Building CXX object CMakeFiles/px4_msgs__rosidl_typesupport_introspection_cpp.dir/rosidl_typesupport_introspection_cpp/px4_msgs/msg/detail/offboard_control_mode__type_support.cpp.o\n'}
[447.512097] (px4_msgs) StdoutLine: {'line': b'[ 74%] Building CXX object CMakeFiles/px4_msgs__rosidl_typesupport_fastrtps_cpp.dir/rosidl_typesupport_fastrtps_cpp/px4_msgs/msg/detail/dds_fastrtps/gimbal_manager_set_manual_control__type_support.cpp.o\n'}
[447.525914] (px4_msgs) StdoutLine: {'line': b'[ 74%] Building CXX object CMakeFiles/px4_msgs__rosidl_typesupport_cpp.dir/rosidl_typesupport_cpp/px4_msgs/msg/position_controller_status__type_support.cpp.o\n'}
[447.552642] (-) TimerEvent: {}
[447.652836] (-) TimerEvent: {}
[447.753014] (-) TimerEvent: {}
[447.791169] (px4_msgs) StdoutLine: {'line': b'[ 75%] Building CXX object CMakeFiles/px4_msgs__rosidl_typesupport_cpp.dir/rosidl_typesupport_cpp/px4_msgs/msg/position_setpoint__type_support.cpp.o\n'}
[447.853115] (-) TimerEvent: {}
[447.872724] (px4_msgs) StdoutLine: {'line': b'[ 75%] Building CXX object CMakeFiles/px4_msgs__rosidl_typesupport_introspection_cpp.dir/rosidl_typesupport_introspection_cpp/px4_msgs/msg/detail/onboard_computer_status__type_support.cpp.o\n'}
[447.941000] (px4_msgs) StdoutLine: {'line': b'[ 75%] Building CXX object CMakeFiles/px4_msgs__rosidl_typesupport_fastrtps_cpp.dir/rosidl_typesupport_fastrtps_cpp/px4_msgs/msg/detail/dds_fastrtps/goto_setpoint__type_support.cpp.o\n'}
[447.953219] (-) TimerEvent: {}
[448.053410] (-) TimerEvent: {}
[448.137711] (px4_msgs) StdoutLine: {'line': b'[ 75%] Building CXX object CMakeFiles/px4_msgs__rosidl_typesupport_cpp.dir/rosidl_typesupport_cpp/px4_msgs/msg/power_button_state__type_support.cpp.o\n'}
[448.153511] (-) TimerEvent: {}
[448.253703] (-) TimerEvent: {}
[448.353878] (-) TimerEvent: {}
[448.377868] (px4_msgs) StdoutLine: {'line': b'[ 75%] Building CXX object CMakeFiles/px4_msgs__rosidl_typesupport_introspection_cpp.dir/rosidl_typesupport_introspection_cpp/px4_msgs/msg/detail/open_drone_id_arm_status__type_support.cpp.o\n'}
[448.440813] (px4_msgs) StdoutLine: {'line': b'[ 75%] Building CXX object CMakeFiles/px4_msgs__rosidl_typesupport_fastrtps_cpp.dir/rosidl_typesupport_fastrtps_cpp/px4_msgs/msg/detail/dds_fastrtps/gimbal_device_information__type_support.cpp.o\n'}
[448.453978] (-) TimerEvent: {}
[448.495310] (px4_msgs) StdoutLine: {'line': b'[ 75%] Building CXX object CMakeFiles/px4_msgs__rosidl_typesupport_cpp.dir/rosidl_typesupport_cpp/px4_msgs/msg/power_monitor__type_support.cpp.o\n'}
[448.554084] (-) TimerEvent: {}
[448.654271] (-) TimerEvent: {}
[448.754446] (-) TimerEvent: {}
[448.758759] (px4_msgs) StdoutLine: {'line': b'[ 75%] Building CXX object CMakeFiles/px4_msgs__rosidl_typesupport_cpp.dir/rosidl_typesupport_cpp/px4_msgs/msg/position_setpoint_triplet__type_support.cpp.o\n'}
[448.808182] (px4_msgs) StdoutLine: {'line': b'[ 75%] Building CXX object CMakeFiles/px4_msgs__rosidl_typesupport_introspection_cpp.dir/rosidl_typesupport_introspection_cpp/px4_msgs/msg/detail/open_drone_id_self_id__type_support.cpp.o\n'}
[448.854552] (-) TimerEvent: {}
[448.931477] (px4_msgs) StdoutLine: {'line': b'[ 75%] Building CXX object CMakeFiles/px4_msgs__rosidl_typesupport_fastrtps_cpp.dir/rosidl_typesupport_fastrtps_cpp/px4_msgs/msg/detail/dds_fastrtps/gpio_config__type_support.cpp.o\n'}
[448.954658] (-) TimerEvent: {}
[449.044145] (px4_msgs) StdoutLine: {'line': b'[ 75%] Building CXX object CMakeFiles/px4_msgs__rosidl_typesupport_cpp.dir/rosidl_typesupport_cpp/px4_msgs/msg/pps_capture__type_support.cpp.o\n'}
[449.054728] (-) TimerEvent: {}
[449.128827] (px4_msgs) StdoutLine: {'line': b'[ 75%] Building CXX object CMakeFiles/px4_msgs__rosidl_typesupport_introspection_cpp.dir/rosidl_typesupport_introspection_cpp/px4_msgs/msg/detail/orb_test__type_support.cpp.o\n'}
[449.154832] (-) TimerEvent: {}
[449.255006] (-) TimerEvent: {}
[449.355181] (-) TimerEvent: {}
[449.366730] (px4_msgs) StdoutLine: {'line': b'[ 75%] Building CXX object CMakeFiles/px4_msgs__rosidl_typesupport_fastrtps_cpp.dir/rosidl_typesupport_fastrtps_cpp/px4_msgs/msg/detail/dds_fastrtps/gimbal_controls__type_support.cpp.o\n'}
[449.394719] (px4_msgs) StdoutLine: {'line': b'[ 75%] Building CXX object CMakeFiles/px4_msgs__rosidl_typesupport_introspection_cpp.dir/rosidl_typesupport_introspection_cpp/px4_msgs/msg/detail/open_drone_id_system__type_support.cpp.o\n'}
[449.440096] (px4_msgs) StdoutLine: {'line': b'[ 76%] Building CXX object CMakeFiles/px4_msgs__rosidl_typesupport_cpp.dir/rosidl_typesupport_cpp/px4_msgs/msg/pwm_input__type_support.cpp.o\n'}
[449.455277] (-) TimerEvent: {}
[449.555453] (-) TimerEvent: {}
[449.655628] (-) TimerEvent: {}
[449.670276] (px4_msgs) StdoutLine: {'line': b'[ 76%] Building CXX object CMakeFiles/px4_msgs__rosidl_typesupport_introspection_cpp.dir/rosidl_typesupport_introspection_cpp/px4_msgs/msg/detail/orb_test_large__type_support.cpp.o\n'}
[449.755731] (-) TimerEvent: {}
[449.775537] (px4_msgs) StdoutLine: {'line': b'[ 76%] Building CXX object CMakeFiles/px4_msgs__rosidl_typesupport_fastrtps_cpp.dir/rosidl_typesupport_fastrtps_cpp/px4_msgs/msg/detail/dds_fastrtps/gpio_request__type_support.cpp.o\n'}
[449.856743] (-) TimerEvent: {}
[449.862471] (px4_msgs) StdoutLine: {'line': b'[ 76%] Building CXX object CMakeFiles/px4_msgs__rosidl_typesupport_cpp.dir/rosidl_typesupport_cpp/px4_msgs/msg/px4io_status__type_support.cpp.o\n'}
[449.956854] (-) TimerEvent: {}
[449.981961] (px4_msgs) StdoutLine: {'line': b'[ 76%] Building CXX object CMakeFiles/px4_msgs__rosidl_typesupport_introspection_cpp.dir/rosidl_typesupport_introspection_cpp/px4_msgs/msg/detail/open_drone_id_operator_id__type_support.cpp.o\n'}
[450.056980] (-) TimerEvent: {}
[450.157157] (-) TimerEvent: {}
[450.210636] (px4_msgs) StdoutLine: {'line': b'[ 76%] Building CXX object CMakeFiles/px4_msgs__rosidl_typesupport_cpp.dir/rosidl_typesupport_cpp/px4_msgs/msg/qshell_req__type_support.cpp.o\n'}
[450.241204] (px4_msgs) StdoutLine: {'line': b'[ 76%] Building CXX object CMakeFiles/px4_msgs__rosidl_typesupport_fastrtps_cpp.dir/rosidl_typesupport_fastrtps_cpp/px4_msgs/msg/detail/dds_fastrtps/gps_inject_data__type_support.cpp.o\n'}
[450.257254] (-) TimerEvent: {}
[450.357429] (-) TimerEvent: {}
[450.387614] (px4_msgs) StdoutLine: {'line': b'[ 76%] Building CXX object CMakeFiles/px4_msgs__rosidl_typesupport_introspection_cpp.dir/rosidl_typesupport_introspection_cpp/px4_msgs/msg/detail/orb_test_medium__type_support.cpp.o\n'}
[450.457537] (-) TimerEvent: {}
[450.557741] (-) TimerEvent: {}
[450.607494] (px4_msgs) StdoutLine: {'line': b'[ 76%] Building CXX object CMakeFiles/px4_msgs__rosidl_typesupport_cpp.dir/rosidl_typesupport_cpp/px4_msgs/msg/qshell_retval__type_support.cpp.o\n'}
[450.657775] (px4_msgs) StdoutLine: {'line': b'[ 76%] Building CXX object CMakeFiles/px4_msgs__rosidl_typesupport_introspection_cpp.dir/rosidl_typesupport_introspection_cpp/px4_msgs/msg/detail/orbit_status__type_support.cpp.o\n'}
[450.657982] (-) TimerEvent: {}
[450.695609] (px4_msgs) StdoutLine: {'line': b'[ 76%] Building CXX object CMakeFiles/px4_msgs__rosidl_typesupport_fastrtps_cpp.dir/rosidl_typesupport_fastrtps_cpp/px4_msgs/msg/detail/dds_fastrtps/gripper__type_support.cpp.o\n'}
[450.758096] (-) TimerEvent: {}
[450.858285] (-) TimerEvent: {}
[450.929799] (px4_msgs) StdoutLine: {'line': b'[ 76%] Building CXX object CMakeFiles/px4_msgs__rosidl_typesupport_introspection_cpp.dir/rosidl_typesupport_introspection_cpp/px4_msgs/msg/detail/parameter_reset_request__type_support.cpp.o\n'}
[450.958388] (-) TimerEvent: {}
[451.022566] (px4_msgs) StdoutLine: {'line': b'[ 76%] Building CXX object CMakeFiles/px4_msgs__rosidl_typesupport_cpp.dir/rosidl_typesupport_cpp/px4_msgs/msg/radio_status__type_support.cpp.o\n'}
[451.058498] (-) TimerEvent: {}
[451.110432] (px4_msgs) StdoutLine: {'line': b'[ 76%] Building CXX object CMakeFiles/px4_msgs__rosidl_typesupport_fastrtps_cpp.dir/rosidl_typesupport_fastrtps_cpp/px4_msgs/msg/detail/dds_fastrtps/gps_dump__type_support.cpp.o\n'}
[451.158607] (-) TimerEvent: {}
[451.258811] (-) TimerEvent: {}
[451.314500] (px4_msgs) StdoutLine: {'line': b'[ 76%] Building CXX object CMakeFiles/px4_msgs__rosidl_typesupport_introspection_cpp.dir/rosidl_typesupport_introspection_cpp/px4_msgs/msg/detail/parameter_set_value_request__type_support.cpp.o\n'}
[451.358912] (-) TimerEvent: {}
[451.433123] (px4_msgs) StdoutLine: {'line': b'[ 76%] Building CXX object CMakeFiles/px4_msgs__rosidl_typesupport_cpp.dir/rosidl_typesupport_cpp/px4_msgs/msg/pure_pursuit_status__type_support.cpp.o\n'}
[451.459011] (-) TimerEvent: {}
[451.526181] (px4_msgs) StdoutLine: {'line': b'[ 76%] Building CXX object CMakeFiles/px4_msgs__rosidl_typesupport_fastrtps_cpp.dir/rosidl_typesupport_fastrtps_cpp/px4_msgs/msg/detail/dds_fastrtps/health_report__type_support.cpp.o\n'}
[451.559113] (-) TimerEvent: {}
[451.614728] (px4_msgs) StdoutLine: {'line': b'[ 76%] Building CXX object CMakeFiles/px4_msgs__rosidl_typesupport_introspection_cpp.dir/rosidl_typesupport_introspection_cpp/px4_msgs/msg/detail/parameter_update__type_support.cpp.o\n'}
[451.659210] (-) TimerEvent: {}
[451.700725] (px4_msgs) StdoutLine: {'line': b'[ 76%] Building CXX object CMakeFiles/px4_msgs__rosidl_typesupport_cpp.dir/rosidl_typesupport_cpp/px4_msgs/msg/rate_ctrl_status__type_support.cpp.o\n'}
[451.759309] (-) TimerEvent: {}
[451.859491] (-) TimerEvent: {}
[451.939467] (px4_msgs) StdoutLine: {'line': b'[ 76%] Building CXX object CMakeFiles/px4_msgs__rosidl_typesupport_introspection_cpp.dir/rosidl_typesupport_introspection_cpp/px4_msgs/msg/detail/ping__type_support.cpp.o\n'}
[451.959594] (-) TimerEvent: {}
[451.997850] (px4_msgs) StdoutLine: {'line': b'[ 76%] Building CXX object CMakeFiles/px4_msgs__rosidl_typesupport_fastrtps_cpp.dir/rosidl_typesupport_fastrtps_cpp/px4_msgs/msg/detail/dds_fastrtps/gpio_in__type_support.cpp.o\n'}
[452.059724] (-) TimerEvent: {}
[452.080966] (px4_msgs) StdoutLine: {'line': b'[ 76%] Building CXX object CMakeFiles/px4_msgs__rosidl_typesupport_cpp.dir/rosidl_typesupport_cpp/px4_msgs/msg/rc_parameter_map__type_support.cpp.o\n'}
[452.159832] (-) TimerEvent: {}
[452.260008] (-) TimerEvent: {}
[452.345440] (px4_msgs) StdoutLine: {'line': b'[ 76%] Building CXX object CMakeFiles/px4_msgs__rosidl_typesupport_introspection_cpp.dir/rosidl_typesupport_introspection_cpp/px4_msgs/msg/detail/position_controller_landing_status__type_support.cpp.o\n'}
[452.350809] (px4_msgs) StdoutLine: {'line': b'[ 76%] Building CXX object CMakeFiles/px4_msgs__rosidl_typesupport_cpp.dir/rosidl_typesupport_cpp/px4_msgs/msg/rc_channels__type_support.cpp.o\n'}
[452.360117] (-) TimerEvent: {}
[452.460291] (-) TimerEvent: {}
[452.525305] (px4_msgs) StdoutLine: {'line': b'[ 76%] Building CXX object CMakeFiles/px4_msgs__rosidl_typesupport_fastrtps_cpp.dir/rosidl_typesupport_fastrtps_cpp/px4_msgs/msg/detail/dds_fastrtps/heater_status__type_support.cpp.o\n'}
[452.560402] (-) TimerEvent: {}
[452.660596] (-) TimerEvent: {}
[452.760730] (-) TimerEvent: {}
[452.769719] (px4_msgs) StdoutLine: {'line': b'[ 76%] Building CXX object CMakeFiles/px4_msgs__rosidl_typesupport_introspection_cpp.dir/rosidl_typesupport_introspection_cpp/px4_msgs/msg/detail/position_setpoint__type_support.cpp.o\n'}
[452.774988] (px4_msgs) StdoutLine: {'line': b'[ 76%] Building CXX object CMakeFiles/px4_msgs__rosidl_typesupport_cpp.dir/rosidl_typesupport_cpp/px4_msgs/msg/register_ext_component_reply__type_support.cpp.o\n'}
[452.860834] (-) TimerEvent: {}
[452.959749] (px4_msgs) StdoutLine: {'line': b'[ 76%] Building CXX object CMakeFiles/px4_msgs__rosidl_typesupport_fastrtps_cpp.dir/rosidl_typesupport_fastrtps_cpp/px4_msgs/msg/detail/dds_fastrtps/home_position__type_support.cpp.o\n'}
[452.960901] (-) TimerEvent: {}
[453.061047] (-) TimerEvent: {}
[453.089693] (px4_msgs) StdoutLine: {'line': b'[ 76%] Building CXX object CMakeFiles/px4_msgs__rosidl_typesupport_cpp.dir/rosidl_typesupport_cpp/px4_msgs/msg/register_ext_component_request__type_support.cpp.o\n'}
[453.161153] (-) TimerEvent: {}
[453.196364] (px4_msgs) StdoutLine: {'line': b'[ 76%] Building CXX object CMakeFiles/px4_msgs__rosidl_typesupport_introspection_cpp.dir/rosidl_typesupport_introspection_cpp/px4_msgs/msg/detail/position_controller_status__type_support.cpp.o\n'}
[453.261258] (-) TimerEvent: {}
[453.361429] (-) TimerEvent: {}
[453.362282] (px4_msgs) StdoutLine: {'line': b'[ 76%] Building CXX object CMakeFiles/px4_msgs__rosidl_typesupport_cpp.dir/rosidl_typesupport_cpp/px4_msgs/msg/rover_attitude_setpoint__type_support.cpp.o\n'}
[453.380345] (px4_msgs) StdoutLine: {'line': b'[ 76%] Building CXX object CMakeFiles/px4_msgs__rosidl_typesupport_fastrtps_cpp.dir/rosidl_typesupport_fastrtps_cpp/px4_msgs/msg/detail/dds_fastrtps/input_rc__type_support.cpp.o\n'}
[453.461532] (-) TimerEvent: {}
[453.561719] (-) TimerEvent: {}
[453.575794] (px4_msgs) StdoutLine: {'line': b'[ 76%] Building CXX object CMakeFiles/px4_msgs__rosidl_typesupport_introspection_cpp.dir/rosidl_typesupport_introspection_cpp/px4_msgs/msg/detail/parameter_set_value_response__type_support.cpp.o\n'}
[453.624794] (px4_msgs) StdoutLine: {'line': b'[ 76%] Building CXX object CMakeFiles/px4_msgs__rosidl_typesupport_cpp.dir/rosidl_typesupport_cpp/px4_msgs/msg/rover_attitude_status__type_support.cpp.o\n'}
[453.661821] (-) TimerEvent: {}
[453.762001] (-) TimerEvent: {}
[453.846825] (px4_msgs) StdoutLine: {'line': b'[ 76%] Building CXX object CMakeFiles/px4_msgs__rosidl_typesupport_fastrtps_cpp.dir/rosidl_typesupport_fastrtps_cpp/px4_msgs/msg/detail/dds_fastrtps/internal_combustion_engine_status__type_support.cpp.o\n'}
[453.862106] (-) TimerEvent: {}
[453.880567] (px4_msgs) StdoutLine: {'line': b'[ 76%] Building CXX object CMakeFiles/px4_msgs__rosidl_typesupport_introspection_cpp.dir/rosidl_typesupport_introspection_cpp/px4_msgs/msg/detail/parameter_set_used_request__type_support.cpp.o\n'}
[453.945827] (px4_msgs) StdoutLine: {'line': b'[ 76%] Building CXX object CMakeFiles/px4_msgs__rosidl_typesupport_cpp.dir/rosidl_typesupport_cpp/px4_msgs/msg/rover_position_setpoint__type_support.cpp.o\n'}
[453.962610] (-) TimerEvent: {}
[454.062787] (-) TimerEvent: {}
[454.162961] (-) TimerEvent: {}
[454.242332] (px4_msgs) StdoutLine: {'line': b'[ 76%] Building CXX object CMakeFiles/px4_msgs__rosidl_typesupport_cpp.dir/rosidl_typesupport_cpp/px4_msgs/msg/rover_rate_setpoint__type_support.cpp.o\n'}
[454.263066] (-) TimerEvent: {}
[454.324950] (px4_msgs) StdoutLine: {'line': b'[ 76%] Building CXX object CMakeFiles/px4_msgs__rosidl_typesupport_introspection_cpp.dir/rosidl_typesupport_introspection_cpp/px4_msgs/msg/detail/position_setpoint_triplet__type_support.cpp.o\n'}
[454.363166] (-) TimerEvent: {}
[454.386680] (px4_msgs) StdoutLine: {'line': b'[ 76%] Building CXX object CMakeFiles/px4_msgs__rosidl_typesupport_fastrtps_cpp.dir/rosidl_typesupport_fastrtps_cpp/px4_msgs/msg/detail/dds_fastrtps/irlock_report__type_support.cpp.o\n'}
[454.463263] (-) TimerEvent: {}
[454.530942] (px4_msgs) StdoutLine: {'line': b'[ 76%] Building CXX object CMakeFiles/px4_msgs__rosidl_typesupport_cpp.dir/rosidl_typesupport_cpp/px4_msgs/msg/rover_rate_status__type_support.cpp.o\n'}
[454.563371] (-) TimerEvent: {}
[454.663544] (-) TimerEvent: {}
[454.746074] (px4_msgs) StdoutLine: {'line': b'[ 76%] Building CXX object CMakeFiles/px4_msgs__rosidl_typesupport_introspection_cpp.dir/rosidl_typesupport_introspection_cpp/px4_msgs/msg/detail/power_button_state__type_support.cpp.o\n'}
[454.763650] (-) TimerEvent: {}
[454.796059] (px4_msgs) StdoutLine: {'line': b'[ 76%] Building CXX object CMakeFiles/px4_msgs__rosidl_typesupport_cpp.dir/rosidl_typesupport_cpp/px4_msgs/msg/rover_speed_setpoint__type_support.cpp.o\n'}
[454.815432] (px4_msgs) StdoutLine: {'line': b'[ 76%] Building CXX object CMakeFiles/px4_msgs__rosidl_typesupport_fastrtps_cpp.dir/rosidl_typesupport_fastrtps_cpp/px4_msgs/msg/detail/dds_fastrtps/landing_gear__type_support.cpp.o\n'}
[454.863723] (-) TimerEvent: {}
[454.963891] (-) TimerEvent: {}
[455.060804] (px4_msgs) StdoutLine: {'line': b'[ 76%] Building CXX object CMakeFiles/px4_msgs__rosidl_typesupport_cpp.dir/rosidl_typesupport_cpp/px4_msgs/msg/rover_speed_status__type_support.cpp.o\n'}
[455.064007] (-) TimerEvent: {}
[455.138598] (px4_msgs) StdoutLine: {'line': b'[ 76%] Building CXX object CMakeFiles/px4_msgs__rosidl_typesupport_introspection_cpp.dir/rosidl_typesupport_introspection_cpp/px4_msgs/msg/detail/power_monitor__type_support.cpp.o\n'}
[455.164113] (-) TimerEvent: {}
[455.264291] (-) TimerEvent: {}
[455.328941] (px4_msgs) StdoutLine: {'line': b'[ 76%] Building CXX object CMakeFiles/px4_msgs__rosidl_typesupport_fastrtps_cpp.dir/rosidl_typesupport_fastrtps_cpp/px4_msgs/msg/detail/dds_fastrtps/landing_gear_wheel__type_support.cpp.o\n'}
[455.364385] (-) TimerEvent: {}
[455.406931] (px4_msgs) StdoutLine: {'line': b'[ 76%] Building CXX object CMakeFiles/px4_msgs__rosidl_typesupport_introspection_cpp.dir/rosidl_typesupport_introspection_cpp/px4_msgs/msg/detail/pps_capture__type_support.cpp.o\n'}
[455.429070] (px4_msgs) StdoutLine: {'line': b'[ 76%] Building CXX object CMakeFiles/px4_msgs__rosidl_typesupport_cpp.dir/rosidl_typesupport_cpp/px4_msgs/msg/rover_steering_setpoint__type_support.cpp.o\n'}
[455.464480] (-) TimerEvent: {}
[455.564654] (-) TimerEvent: {}
[455.664844] (-) TimerEvent: {}
[455.669312] (px4_msgs) StdoutLine: {'line': b'[ 76%] Building CXX object CMakeFiles/px4_msgs__rosidl_typesupport_introspection_cpp.dir/rosidl_typesupport_introspection_cpp/px4_msgs/msg/detail/pure_pursuit_status__type_support.cpp.o\n'}
[455.691240] (px4_msgs) StdoutLine: {'line': b'[ 76%] Building CXX object CMakeFiles/px4_msgs__rosidl_typesupport_cpp.dir/rosidl_typesupport_cpp/px4_msgs/msg/rover_throttle_setpoint__type_support.cpp.o\n'}
[455.764944] (-) TimerEvent: {}
[455.865115] (-) TimerEvent: {}
[455.951067] (px4_msgs) StdoutLine: {'line': b'[ 76%] Building CXX object CMakeFiles/px4_msgs__rosidl_typesupport_introspection_cpp.dir/rosidl_typesupport_introspection_cpp/px4_msgs/msg/detail/pwm_input__type_support.cpp.o\n'}
[455.965224] (-) TimerEvent: {}
[455.967956] (px4_msgs) StdoutLine: {'line': b'[ 76%] Building CXX object CMakeFiles/px4_msgs__rosidl_typesupport_fastrtps_cpp.dir/rosidl_typesupport_fastrtps_cpp/px4_msgs/msg/detail/dds_fastrtps/landing_target_innovations__type_support.cpp.o\n'}
[455.971814] (px4_msgs) StdoutLine: {'line': b'[ 76%] Building CXX object CMakeFiles/px4_msgs__rosidl_typesupport_cpp.dir/rosidl_typesupport_cpp/px4_msgs/msg/rpm__type_support.cpp.o\n'}
[456.065322] (-) TimerEvent: {}
[456.165500] (-) TimerEvent: {}
[456.224099] (px4_msgs) StdoutLine: {'line': b'[ 77%] Building CXX object CMakeFiles/px4_msgs__rosidl_typesupport_introspection_cpp.dir/rosidl_typesupport_introspection_cpp/px4_msgs/msg/detail/px4io_status__type_support.cpp.o\n'}
[456.265603] (-) TimerEvent: {}
[456.267612] (px4_msgs) StdoutLine: {'line': b'[ 77%] Building CXX object CMakeFiles/px4_msgs__rosidl_typesupport_cpp.dir/rosidl_typesupport_cpp/px4_msgs/msg/rtl_status__type_support.cpp.o\n'}
[456.365720] (-) TimerEvent: {}
[456.409135] (px4_msgs) StdoutLine: {'line': b'[ 77%] Building CXX object CMakeFiles/px4_msgs__rosidl_typesupport_fastrtps_cpp.dir/rosidl_typesupport_fastrtps_cpp/px4_msgs/msg/detail/dds_fastrtps/landing_target_pose__type_support.cpp.o\n'}
[456.465829] (-) TimerEvent: {}
[456.519456] (px4_msgs) StdoutLine: {'line': b'[ 77%] Building CXX object CMakeFiles/px4_msgs__rosidl_typesupport_introspection_cpp.dir/rosidl_typesupport_introspection_cpp/px4_msgs/msg/detail/qshell_req__type_support.cpp.o\n'}
[456.537388] (px4_msgs) StdoutLine: {'line': b'[ 77%] Building CXX object CMakeFiles/px4_msgs__rosidl_typesupport_cpp.dir/rosidl_typesupport_cpp/px4_msgs/msg/rtl_time_estimate__type_support.cpp.o\n'}
[456.565921] (-) TimerEvent: {}
[456.666081] (-) TimerEvent: {}
[456.766260] (-) TimerEvent: {}
[456.802573] (px4_msgs) StdoutLine: {'line': b'[ 77%] Building CXX object CMakeFiles/px4_msgs__rosidl_typesupport_cpp.dir/rosidl_typesupport_cpp/px4_msgs/msg/satellite_info__type_support.cpp.o\n'}
[456.813017] (px4_msgs) StdoutLine: {'line': b'[ 77%] Building CXX object CMakeFiles/px4_msgs__rosidl_typesupport_introspection_cpp.dir/rosidl_typesupport_introspection_cpp/px4_msgs/msg/detail/qshell_retval__type_support.cpp.o\n'}
[456.866361] (-) TimerEvent: {}
[456.966535] (-) TimerEvent: {}
[456.999266] (px4_msgs) StdoutLine: {'line': b'[ 78%] Building CXX object CMakeFiles/px4_msgs__rosidl_typesupport_fastrtps_cpp.dir/rosidl_typesupport_fastrtps_cpp/px4_msgs/msg/detail/dds_fastrtps/lateral_control_configuration__type_support.cpp.o\n'}
[457.066636] (-) TimerEvent: {}
[457.077771] (px4_msgs) StdoutLine: {'line': b'[ 78%] Building CXX object CMakeFiles/px4_msgs__rosidl_typesupport_introspection_cpp.dir/rosidl_typesupport_introspection_cpp/px4_msgs/msg/detail/radio_status__type_support.cpp.o\n'}
[457.166746] (-) TimerEvent: {}
[457.187470] (px4_msgs) StdoutLine: {'line': b'[ 79%] Building CXX object CMakeFiles/px4_msgs__rosidl_typesupport_cpp.dir/rosidl_typesupport_cpp/px4_msgs/msg/sensor_accel__type_support.cpp.o\n'}
[457.266844] (-) TimerEvent: {}
[457.357214] (px4_msgs) StdoutLine: {'line': b'[ 79%] Building CXX object CMakeFiles/px4_msgs__rosidl_typesupport_introspection_cpp.dir/rosidl_typesupport_introspection_cpp/px4_msgs/msg/detail/rate_ctrl_status__type_support.cpp.o\n'}
[457.366942] (-) TimerEvent: {}
[457.436986] (px4_msgs) StdoutLine: {'line': b'[ 79%] Building CXX object CMakeFiles/px4_msgs__rosidl_typesupport_fastrtps_cpp.dir/rosidl_typesupport_fastrtps_cpp/px4_msgs/msg/detail/dds_fastrtps/launch_detection_status__type_support.cpp.o\n'}
[457.467043] (-) TimerEvent: {}
[457.567218] (-) TimerEvent: {}
[457.607476] (px4_msgs) StdoutLine: {'line': b'[ 79%] Building CXX object CMakeFiles/px4_msgs__rosidl_typesupport_cpp.dir/rosidl_typesupport_cpp/px4_msgs/msg/sensor_accel_fifo__type_support.cpp.o\n'}
[457.621869] (px4_msgs) StdoutLine: {'line': b'[ 79%] Building CXX object CMakeFiles/px4_msgs__rosidl_typesupport_introspection_cpp.dir/rosidl_typesupport_introspection_cpp/px4_msgs/msg/detail/rc_channels__type_support.cpp.o\n'}
[457.667322] (-) TimerEvent: {}
[457.767499] (-) TimerEvent: {}
[457.867689] (-) TimerEvent: {}
[457.907262] (px4_msgs) StdoutLine: {'line': b'[ 79%] Building CXX object CMakeFiles/px4_msgs__rosidl_typesupport_introspection_cpp.dir/rosidl_typesupport_introspection_cpp/px4_msgs/msg/detail/rc_parameter_map__type_support.cpp.o\n'}
[457.970826] (-) TimerEvent: {}
[457.988032] (px4_msgs) StdoutLine: {'line': b'[ 79%] Building CXX object CMakeFiles/px4_msgs__rosidl_typesupport_fastrtps_cpp.dir/rosidl_typesupport_fastrtps_cpp/px4_msgs/msg/detail/dds_fastrtps/led_control__type_support.cpp.o\n'}
[458.042559] (px4_msgs) StdoutLine: {'line': b'[ 79%] Building CXX object CMakeFiles/px4_msgs__rosidl_typesupport_cpp.dir/rosidl_typesupport_cpp/px4_msgs/msg/sensor_airflow__type_support.cpp.o\n'}
[458.071724] (-) TimerEvent: {}
[458.171910] (-) TimerEvent: {}
[458.272091] (-) TimerEvent: {}
[458.285963] (px4_msgs) StdoutLine: {'line': b'[ 79%] Building CXX object CMakeFiles/px4_msgs__rosidl_typesupport_introspection_cpp.dir/rosidl_typesupport_introspection_cpp/px4_msgs/msg/detail/register_ext_component_reply__type_support.cpp.o\n'}
[458.324541] (px4_msgs) StdoutLine: {'line': b'[ 79%] Building CXX object CMakeFiles/px4_msgs__rosidl_typesupport_cpp.dir/rosidl_typesupport_cpp/px4_msgs/msg/sensor_baro__type_support.cpp.o\n'}
[458.372199] (-) TimerEvent: {}
[458.472385] (-) TimerEvent: {}
[458.558430] (px4_msgs) StdoutLine: {'line': b'[ 79%] Building CXX object CMakeFiles/px4_msgs__rosidl_typesupport_introspection_cpp.dir/rosidl_typesupport_introspection_cpp/px4_msgs/msg/detail/register_ext_component_request__type_support.cpp.o\n'}
[458.572492] (-) TimerEvent: {}
[458.591475] (px4_msgs) StdoutLine: {'line': b'[ 79%] Building CXX object CMakeFiles/px4_msgs__rosidl_typesupport_cpp.dir/rosidl_typesupport_cpp/px4_msgs/msg/sensor_combined__type_support.cpp.o\n'}
[458.637058] (px4_msgs) StdoutLine: {'line': b'[ 79%] Building CXX object CMakeFiles/px4_msgs__rosidl_typesupport_fastrtps_cpp.dir/rosidl_typesupport_fastrtps_cpp/px4_msgs/msg/detail/dds_fastrtps/log_message__type_support.cpp.o\n'}
[458.672595] (-) TimerEvent: {}
[458.772729] (-) TimerEvent: {}
[458.856806] (px4_msgs) StdoutLine: {'line': b'[ 79%] Building CXX object CMakeFiles/px4_msgs__rosidl_typesupport_cpp.dir/rosidl_typesupport_cpp/px4_msgs/msg/sensor_correction__type_support.cpp.o\n'}
[458.872833] (-) TimerEvent: {}
[458.947679] (px4_msgs) StdoutLine: {'line': b'[ 79%] Building CXX object CMakeFiles/px4_msgs__rosidl_typesupport_introspection_cpp.dir/rosidl_typesupport_introspection_cpp/px4_msgs/msg/detail/rover_attitude_setpoint__type_support.cpp.o\n'}
[458.972941] (-) TimerEvent: {}
[459.073124] (-) TimerEvent: {}
[459.157389] (px4_msgs) StdoutLine: {'line': b'[ 79%] Building CXX object CMakeFiles/px4_msgs__rosidl_typesupport_fastrtps_cpp.dir/rosidl_typesupport_fastrtps_cpp/px4_msgs/msg/detail/dds_fastrtps/logger_status__type_support.cpp.o\n'}
[459.173219] (-) TimerEvent: {}
[459.239456] (px4_msgs) StdoutLine: {'line': b'[ 79%] Building CXX object CMakeFiles/px4_msgs__rosidl_typesupport_cpp.dir/rosidl_typesupport_cpp/px4_msgs/msg/sensor_gnss_relative__type_support.cpp.o\n'}
[459.273325] (-) TimerEvent: {}
[459.317995] (px4_msgs) StdoutLine: {'line': b'[ 79%] Building CXX object CMakeFiles/px4_msgs__rosidl_typesupport_introspection_cpp.dir/rosidl_typesupport_introspection_cpp/px4_msgs/msg/detail/rover_attitude_status__type_support.cpp.o\n'}
[459.373429] (-) TimerEvent: {}
[459.473606] (-) TimerEvent: {}
[459.573806] (-) TimerEvent: {}
[459.586722] (px4_msgs) StdoutLine: {'line': b'[ 79%] Building CXX object CMakeFiles/px4_msgs__rosidl_typesupport_introspection_cpp.dir/rosidl_typesupport_introspection_cpp/px4_msgs/msg/detail/rover_position_setpoint__type_support.cpp.o\n'}
[459.603853] (px4_msgs) StdoutLine: {'line': b'[ 79%] Building CXX object CMakeFiles/px4_msgs__rosidl_typesupport_cpp.dir/rosidl_typesupport_cpp/px4_msgs/msg/sensor_gnss_status__type_support.cpp.o\n'}
[459.635712] (px4_msgs) StdoutLine: {'line': b'[ 79%] Building CXX object CMakeFiles/px4_msgs__rosidl_typesupport_cpp.dir/rosidl_typesupport_cpp/px4_msgs/msg/sensor_gps__type_support.cpp.o\n'}
[459.635944] (px4_msgs) StdoutLine: {'line': b'[ 79%] Building CXX object CMakeFiles/px4_msgs__rosidl_typesupport_fastrtps_cpp.dir/rosidl_typesupport_fastrtps_cpp/px4_msgs/msg/detail/dds_fastrtps/longitudinal_control_configuration__type_support.cpp.o\n'}
[459.647859] (px4_msgs) StdoutLine: {'line': b'[ 79%] Building CXX object CMakeFiles/px4_msgs__rosidl_typesupport_fastrtps_cpp.dir/rosidl_typesupport_fastrtps_cpp/px4_msgs/msg/detail/dds_fastrtps/iridiumsbd_status__type_support.cpp.o\n'}
[459.674721] (-) TimerEvent: {}
[459.774903] (-) TimerEvent: {}
[459.875075] (-) TimerEvent: {}
[459.975264] (-) TimerEvent: {}
[460.076842] (-) TimerEvent: {}
[460.086844] (px4_msgs) StdoutLine: {'line': b'[ 79%] Building CXX object CMakeFiles/px4_msgs__rosidl_typesupport_cpp.dir/rosidl_typesupport_cpp/px4_msgs/msg/sensor_gyro__type_support.cpp.o\n'}
[460.178125] (-) TimerEvent: {}
[460.212244] (px4_msgs) StdoutLine: {'line': b'[ 79%] Building CXX object CMakeFiles/px4_msgs__rosidl_typesupport_introspection_cpp.dir/rosidl_typesupport_introspection_cpp/px4_msgs/msg/detail/rover_rate_setpoint__type_support.cpp.o\n'}
[460.278231] (-) TimerEvent: {}
[460.378419] (-) TimerEvent: {}
[460.409216] (px4_msgs) StdoutLine: {'line': b'[ 79%] Building CXX object CMakeFiles/px4_msgs__rosidl_typesupport_fastrtps_cpp.dir/rosidl_typesupport_fastrtps_cpp/px4_msgs/msg/detail/dds_fastrtps/mag_worker_data__type_support.cpp.o\n'}
[460.478518] (-) TimerEvent: {}
[460.490107] (px4_msgs) StdoutLine: {'line': b'[ 79%] Building CXX object CMakeFiles/px4_msgs__rosidl_typesupport_cpp.dir/rosidl_typesupport_cpp/px4_msgs/msg/sensor_gyro_fifo__type_support.cpp.o\n'}
[460.508833] (px4_msgs) StdoutLine: {'line': b'[ 79%] Building CXX object CMakeFiles/px4_msgs__rosidl_typesupport_fastrtps_cpp.dir/rosidl_typesupport_fastrtps_cpp/px4_msgs/msg/detail/dds_fastrtps/internal_combustion_engine_control__type_support.cpp.o\n'}
[460.542711] (px4_msgs) StdoutLine: {'line': b'[ 79%] Building CXX object CMakeFiles/px4_msgs__rosidl_typesupport_introspection_cpp.dir/rosidl_typesupport_introspection_cpp/px4_msgs/msg/detail/rover_rate_status__type_support.cpp.o\n'}
[460.544904] (px4_msgs) StdoutLine: {'line': b'[ 79%] Building CXX object CMakeFiles/px4_msgs__rosidl_typesupport_cpp.dir/rosidl_typesupport_cpp/px4_msgs/msg/sensor_gyro_fft__type_support.cpp.o\n'}
[460.578621] (-) TimerEvent: {}
[460.678812] (-) TimerEvent: {}
[460.778999] (-) TimerEvent: {}
[460.879176] (-) TimerEvent: {}
[460.959802] (px4_msgs) StdoutLine: {'line': b'[ 79%] Building CXX object CMakeFiles/px4_msgs__rosidl_typesupport_cpp.dir/rosidl_typesupport_cpp/px4_msgs/msg/sensor_hygrometer__type_support.cpp.o\n'}
[460.979284] (-) TimerEvent: {}
[461.076963] (px4_msgs) StdoutLine: {'line': b'[ 79%] Building CXX object CMakeFiles/px4_msgs__rosidl_typesupport_cpp.dir/rosidl_typesupport_cpp/px4_msgs/msg/sensor_mag__type_support.cpp.o\n'}
[461.079385] (-) TimerEvent: {}
[461.093194] (px4_msgs) StdoutLine: {'line': b'[ 79%] Building CXX object CMakeFiles/px4_msgs__rosidl_typesupport_introspection_cpp.dir/rosidl_typesupport_introspection_cpp/px4_msgs/msg/detail/rover_speed_setpoint__type_support.cpp.o\n'}
[461.152977] (px4_msgs) StdoutLine: {'line': b'[ 79%] Building CXX object CMakeFiles/px4_msgs__rosidl_typesupport_fastrtps_cpp.dir/rosidl_typesupport_fastrtps_cpp/px4_msgs/msg/detail/dds_fastrtps/magnetometer_bias_estimate__type_support.cpp.o\n'}
[461.179485] (-) TimerEvent: {}
[461.279657] (-) TimerEvent: {}
[461.310914] (px4_msgs) StdoutLine: {'line': b'[ 79%] Building CXX object CMakeFiles/px4_msgs__rosidl_typesupport_fastrtps_cpp.dir/rosidl_typesupport_fastrtps_cpp/px4_msgs/msg/detail/dds_fastrtps/manual_control_setpoint__type_support.cpp.o\n'}
[461.379725] (-) TimerEvent: {}
[461.449259] (px4_msgs) StdoutLine: {'line': b'[ 79%] Building CXX object CMakeFiles/px4_msgs__rosidl_typesupport_introspection_cpp.dir/rosidl_typesupport_introspection_cpp/px4_msgs/msg/detail/rover_steering_setpoint__type_support.cpp.o\n'}
[461.479823] (-) TimerEvent: {}
[461.580000] (-) TimerEvent: {}
[461.624160] (px4_msgs) StdoutLine: {'line': b'[ 79%] Building CXX object CMakeFiles/px4_msgs__rosidl_typesupport_fastrtps_cpp.dir/rosidl_typesupport_fastrtps_cpp/px4_msgs/msg/detail/dds_fastrtps/manual_control_switches__type_support.cpp.o\n'}
[461.629662] (px4_msgs) StdoutLine: {'line': b'[ 79%] Building CXX object CMakeFiles/px4_msgs__rosidl_typesupport_introspection_cpp.dir/rosidl_typesupport_introspection_cpp/px4_msgs/msg/detail/rover_speed_status__type_support.cpp.o\n'}
[461.635464] (px4_msgs) StdoutLine: {'line': b'[ 79%] Building CXX object CMakeFiles/px4_msgs__rosidl_typesupport_cpp.dir/rosidl_typesupport_cpp/px4_msgs/msg/sensor_optical_flow__type_support.cpp.o\n'}
[461.680099] (-) TimerEvent: {}
[461.780274] (-) TimerEvent: {}
[461.883726] (-) TimerEvent: {}
[461.986726] (-) TimerEvent: {}
[462.081854] (px4_msgs) StdoutLine: {'line': b'[ 79%] Building CXX object CMakeFiles/px4_msgs__rosidl_typesupport_cpp.dir/rosidl_typesupport_cpp/px4_msgs/msg/sensor_preflight_mag__type_support.cpp.o\n'}
[462.086822] (-) TimerEvent: {}
[462.186997] (-) TimerEvent: {}
[462.242217] (px4_msgs) StdoutLine: {'line': b'[ 79%] Building CXX object CMakeFiles/px4_msgs__rosidl_typesupport_fastrtps_cpp.dir/rosidl_typesupport_fastrtps_cpp/px4_msgs/msg/detail/dds_fastrtps/hover_thrust_estimate__type_support.cpp.o\n'}
[462.284876] (px4_msgs) StdoutLine: {'line': b'[ 79%] Building CXX object CMakeFiles/px4_msgs__rosidl_typesupport_introspection_cpp.dir/rosidl_typesupport_introspection_cpp/px4_msgs/msg/detail/rover_throttle_setpoint__type_support.cpp.o\n'}
[462.287089] (-) TimerEvent: {}
[462.298131] (px4_msgs) StdoutLine: {'line': b'[ 79%] Building CXX object CMakeFiles/px4_msgs__rosidl_typesupport_cpp.dir/rosidl_typesupport_cpp/px4_msgs/msg/sensor_selection__type_support.cpp.o\n'}
[462.388724] (-) TimerEvent: {}
[462.488907] (-) TimerEvent: {}
[462.519588] (px4_msgs) StdoutLine: {'line': b'[ 79%] Building CXX object CMakeFiles/px4_msgs__rosidl_typesupport_fastrtps_cpp.dir/rosidl_typesupport_fastrtps_cpp/px4_msgs/msg/detail/dds_fastrtps/mavlink_log__type_support.cpp.o\n'}
[462.520255] (px4_msgs) StdoutLine: {'line': b'[ 79%] Building CXX object CMakeFiles/px4_msgs__rosidl_typesupport_introspection_cpp.dir/rosidl_typesupport_introspection_cpp/px4_msgs/msg/detail/rpm__type_support.cpp.o\n'}
[462.589725] (-) TimerEvent: {}
[462.690044] (-) TimerEvent: {}
[462.788656] (px4_msgs) StdoutLine: {'line': b'[ 79%] Building CXX object CMakeFiles/px4_msgs__rosidl_typesupport_cpp.dir/rosidl_typesupport_cpp/px4_msgs/msg/sensor_uwb__type_support.cpp.o\n'}
[462.790115] (-) TimerEvent: {}
[462.800910] (px4_msgs) StdoutLine: {'line': b'[ 79%] Building CXX object CMakeFiles/px4_msgs__rosidl_typesupport_fastrtps_cpp.dir/rosidl_typesupport_fastrtps_cpp/px4_msgs/msg/detail/dds_fastrtps/geofence_status__type_support.cpp.o\n'}
[462.890241] (-) TimerEvent: {}
[462.994729] (-) TimerEvent: {}
[463.088857] (px4_msgs) StdoutLine: {'line': b'[ 80%] Building CXX object CMakeFiles/px4_msgs__rosidl_typesupport_introspection_cpp.dir/rosidl_typesupport_introspection_cpp/px4_msgs/msg/detail/rtl_status__type_support.cpp.o\n'}
[463.094828] (-) TimerEvent: {}
[463.190800] (px4_msgs) StdoutLine: {'line': b'[ 80%] Building CXX object CMakeFiles/px4_msgs__rosidl_typesupport_introspection_cpp.dir/rosidl_typesupport_introspection_cpp/px4_msgs/msg/detail/satellite_info__type_support.cpp.o\n'}
[463.196129] (-) TimerEvent: {}
[463.296308] (-) TimerEvent: {}
[463.396491] (-) TimerEvent: {}
[463.496676] (-) TimerEvent: {}
[463.524847] (px4_msgs) StdoutLine: {'line': b'[ 80%] Building CXX object CMakeFiles/px4_msgs__rosidl_typesupport_fastrtps_cpp.dir/rosidl_typesupport_fastrtps_cpp/px4_msgs/msg/detail/dds_fastrtps/mavlink_tunnel__type_support.cpp.o\n'}
[463.525704] (px4_msgs) StdoutLine: {'line': b'[ 80%] Building CXX object CMakeFiles/px4_msgs__rosidl_typesupport_introspection_cpp.dir/rosidl_typesupport_introspection_cpp/px4_msgs/msg/detail/sensor_accel_fifo__type_support.cpp.o\n'}
[463.548562] (px4_msgs) StdoutLine: {'line': b'[ 80%] Building CXX object CMakeFiles/px4_msgs__rosidl_typesupport_cpp.dir/rosidl_typesupport_cpp/px4_msgs/msg/sensors_status__type_support.cpp.o\n'}
[463.596727] (-) TimerEvent: {}
[463.696900] (-) TimerEvent: {}
[463.797075] (-) TimerEvent: {}
[463.897268] (-) TimerEvent: {}
[463.907283] (px4_msgs) StdoutLine: {'line': b'[ 80%] Building CXX object CMakeFiles/px4_msgs__rosidl_typesupport_introspection_cpp.dir/rosidl_typesupport_introspection_cpp/px4_msgs/msg/detail/sensor_airflow__type_support.cpp.o\n'}
[463.909851] (px4_msgs) StdoutLine: {'line': b'[ 80%] Building CXX object CMakeFiles/px4_msgs__rosidl_typesupport_cpp.dir/rosidl_typesupport_cpp/px4_msgs/msg/sensors_status_imu__type_support.cpp.o\n'}
[463.997725] (-) TimerEvent: {}
[464.065748] (px4_msgs) StdoutLine: {'line': b'[ 80%] Building CXX object CMakeFiles/px4_msgs__rosidl_typesupport_introspection_cpp.dir/rosidl_typesupport_introspection_cpp/px4_msgs/msg/detail/sensor_accel__type_support.cpp.o\n'}
[464.098726] (-) TimerEvent: {}
[464.200119] (-) TimerEvent: {}
[464.300311] (-) TimerEvent: {}
[464.400512] (-) TimerEvent: {}
[464.465747] (px4_msgs) StdoutLine: {'line': b'[ 80%] Building CXX object CMakeFiles/px4_msgs__rosidl_typesupport_fastrtps_cpp.dir/rosidl_typesupport_fastrtps_cpp/px4_msgs/msg/detail/dds_fastrtps/message_format_request__type_support.cpp.o\n'}
[464.500616] (-) TimerEvent: {}
[464.545329] (px4_msgs) StdoutLine: {'line': b'[ 80%] Building CXX object CMakeFiles/px4_msgs__rosidl_typesupport_cpp.dir/rosidl_typesupport_cpp/px4_msgs/msg/tecs_status__type_support.cpp.o\n'}
[464.586325] (px4_msgs) StdoutLine: {'line': b'[ 80%] Building CXX object CMakeFiles/px4_msgs__rosidl_typesupport_introspection_cpp.dir/rosidl_typesupport_introspection_cpp/px4_msgs/msg/detail/sensor_baro__type_support.cpp.o\n'}
[464.600723] (-) TimerEvent: {}
[464.700907] (-) TimerEvent: {}
[464.801103] (-) TimerEvent: {}
[464.901299] (-) TimerEvent: {}
[464.952140] (px4_msgs) StdoutLine: {'line': b'[ 80%] Building CXX object CMakeFiles/px4_msgs__rosidl_typesupport_fastrtps_cpp.dir/rosidl_typesupport_fastrtps_cpp/px4_msgs/msg/detail/dds_fastrtps/mission__type_support.cpp.o\n'}
[464.959029] (px4_msgs) StdoutLine: {'line': b'[ 80%] Building CXX object CMakeFiles/px4_msgs__rosidl_typesupport_cpp.dir/rosidl_typesupport_cpp/px4_msgs/msg/task_stack_info__type_support.cpp.o\n'}
[465.001397] (-) TimerEvent: {}
[465.014532] (px4_msgs) StdoutLine: {'line': b'[ 80%] Building CXX object CMakeFiles/px4_msgs__rosidl_typesupport_introspection_cpp.dir/rosidl_typesupport_introspection_cpp/px4_msgs/msg/detail/sensor_correction__type_support.cpp.o\n'}
[465.101497] (-) TimerEvent: {}
[465.201685] (-) TimerEvent: {}
[465.253800] (px4_msgs) StdoutLine: {'line': b'[ 80%] Building CXX object CMakeFiles/px4_msgs__rosidl_typesupport_cpp.dir/rosidl_typesupport_cpp/px4_msgs/msg/takeoff_status__type_support.cpp.o\n'}
[465.301734] (-) TimerEvent: {}
[465.401915] (-) TimerEvent: {}
[465.502147] (-) TimerEvent: {}
[465.515135] (px4_msgs) StdoutLine: {'line': b'[ 80%] Building CXX object CMakeFiles/px4_msgs__rosidl_typesupport_introspection_cpp.dir/rosidl_typesupport_introspection_cpp/px4_msgs/msg/detail/sensor_gnss_status__type_support.cpp.o\n'}
[465.518544] (px4_msgs) StdoutLine: {'line': b'[ 80%] Building CXX object CMakeFiles/px4_msgs__rosidl_typesupport_cpp.dir/rosidl_typesupport_cpp/px4_msgs/msg/system_power__type_support.cpp.o\n'}
[465.570443] (px4_msgs) StdoutLine: {'line': b'[ 80%] Building CXX object CMakeFiles/px4_msgs__rosidl_typesupport_fastrtps_cpp.dir/rosidl_typesupport_fastrtps_cpp/px4_msgs/msg/detail/dds_fastrtps/mount_orientation__type_support.cpp.o\n'}
[465.602256] (-) TimerEvent: {}
[465.702439] (-) TimerEvent: {}
[465.802629] (-) TimerEvent: {}
[465.902812] (-) TimerEvent: {}
[465.942312] (px4_msgs) StdoutLine: {'line': b'[ 80%] Building CXX object CMakeFiles/px4_msgs__rosidl_typesupport_introspection_cpp.dir/rosidl_typesupport_introspection_cpp/px4_msgs/msg/detail/sensor_hygrometer__type_support.cpp.o\n'}
[465.943364] (px4_msgs) StdoutLine: {'line': b'[ 81%] Building CXX object CMakeFiles/px4_msgs__rosidl_typesupport_cpp.dir/rosidl_typesupport_cpp/px4_msgs/msg/telemetry_status__type_support.cpp.o\n'}
[465.981331] (px4_msgs) StdoutLine: {'line': b'[ 81%] Building CXX object CMakeFiles/px4_msgs__rosidl_typesupport_fastrtps_cpp.dir/rosidl_typesupport_fastrtps_cpp/px4_msgs/msg/detail/dds_fastrtps/mode_completed__type_support.cpp.o\n'}
[466.002910] (-) TimerEvent: {}
[466.103069] (-) TimerEvent: {}
[466.203250] (-) TimerEvent: {}
[466.303428] (-) TimerEvent: {}
[466.372361] (px4_msgs) StdoutLine: {'line': b'[ 81%] Building CXX object CMakeFiles/px4_msgs__rosidl_typesupport_cpp.dir/rosidl_typesupport_cpp/px4_msgs/msg/tiltrotor_extra_controls__type_support.cpp.o\n'}
[466.372570] (px4_msgs) StdoutLine: {'line': b'[ 81%] Building CXX object CMakeFiles/px4_msgs__rosidl_typesupport_introspection_cpp.dir/rosidl_typesupport_introspection_cpp/px4_msgs/msg/detail/sensor_mag__type_support.cpp.o\n'}
[466.403536] (-) TimerEvent: {}
[466.421524] (px4_msgs) StdoutLine: {'line': b'[ 81%] Building CXX object CMakeFiles/px4_msgs__rosidl_typesupport_fastrtps_cpp.dir/rosidl_typesupport_fastrtps_cpp/px4_msgs/msg/detail/dds_fastrtps/navigator_status__type_support.cpp.o\n'}
[466.503635] (-) TimerEvent: {}
[466.603806] (-) TimerEvent: {}
[466.635538] (px4_msgs) StdoutLine: {'line': b'[ 82%] Building CXX object CMakeFiles/px4_msgs__rosidl_typesupport_cpp.dir/rosidl_typesupport_cpp/px4_msgs/msg/timesync_status__type_support.cpp.o\n'}
[466.703913] (-) TimerEvent: {}
[466.781282] (px4_msgs) StdoutLine: {'line': b'[ 82%] Building CXX object CMakeFiles/px4_msgs__rosidl_typesupport_introspection_cpp.dir/rosidl_typesupport_introspection_cpp/px4_msgs/msg/detail/sensor_preflight_mag__type_support.cpp.o\n'}
[466.804010] (-) TimerEvent: {}
[466.901088] (px4_msgs) StdoutLine: {'line': b'[ 82%] Building CXX object CMakeFiles/px4_msgs__rosidl_typesupport_cpp.dir/rosidl_typesupport_cpp/px4_msgs/msg/trajectory_setpoint__type_support.cpp.o\n'}
[466.904107] (-) TimerEvent: {}
[467.004287] (-) TimerEvent: {}
[467.064073] (px4_msgs) StdoutLine: {'line': b'[ 82%] Building CXX object CMakeFiles/px4_msgs__rosidl_typesupport_fastrtps_cpp.dir/rosidl_typesupport_fastrtps_cpp/px4_msgs/msg/detail/dds_fastrtps/mission_result__type_support.cpp.o\n'}
[467.104390] (-) TimerEvent: {}
[467.146390] (px4_msgs) StdoutLine: {'line': b'[ 82%] Building CXX object CMakeFiles/px4_msgs__rosidl_typesupport_introspection_cpp.dir/rosidl_typesupport_introspection_cpp/px4_msgs/msg/detail/sensor_selection__type_support.cpp.o\n'}
[467.196246] (px4_msgs) StdoutLine: {'line': b'[ 82%] Building CXX object CMakeFiles/px4_msgs__rosidl_typesupport_cpp.dir/rosidl_typesupport_cpp/px4_msgs/msg/transponder_report__type_support.cpp.o\n'}
[467.204491] (-) TimerEvent: {}
[467.304656] (-) TimerEvent: {}
[467.404837] (-) TimerEvent: {}
[467.412105] (px4_msgs) StdoutLine: {'line': b'[ 82%] Building CXX object CMakeFiles/px4_msgs__rosidl_typesupport_introspection_cpp.dir/rosidl_typesupport_introspection_cpp/px4_msgs/msg/detail/sensor_optical_flow__type_support.cpp.o\n'}
[467.462194] (px4_msgs) StdoutLine: {'line': b'[ 82%] Building CXX object CMakeFiles/px4_msgs__rosidl_typesupport_cpp.dir/rosidl_typesupport_cpp/px4_msgs/msg/tune_control__type_support.cpp.o\n'}
[467.504938] (-) TimerEvent: {}
[467.605123] (-) TimerEvent: {}
[467.686236] (px4_msgs) StdoutLine: {'line': b'[ 82%] Building CXX object CMakeFiles/px4_msgs__rosidl_typesupport_introspection_cpp.dir/rosidl_typesupport_introspection_cpp/px4_msgs/msg/detail/sensor_gyro_fifo__type_support.cpp.o\n'}
[467.705218] (-) TimerEvent: {}
[467.728061] (px4_msgs) StdoutLine: {'line': b'[ 82%] Building CXX object CMakeFiles/px4_msgs__rosidl_typesupport_cpp.dir/rosidl_typesupport_cpp/px4_msgs/msg/trajectory_setpoint6dof__type_support.cpp.o\n'}
[467.733381] (px4_msgs) StdoutLine: {'line': b'[ 82%] Building CXX object CMakeFiles/px4_msgs__rosidl_typesupport_fastrtps_cpp.dir/rosidl_typesupport_fastrtps_cpp/px4_msgs/msg/detail/dds_fastrtps/open_drone_id_operator_id__type_support.cpp.o\n'}
[467.805318] (-) TimerEvent: {}
[467.905496] (-) TimerEvent: {}
[467.967861] (px4_msgs) StdoutLine: {'line': b'[ 82%] Building CXX object CMakeFiles/px4_msgs__rosidl_typesupport_introspection_cpp.dir/rosidl_typesupport_introspection_cpp/px4_msgs/msg/detail/sensor_uwb__type_support.cpp.o\n'}
[468.005665] (-) TimerEvent: {}
[468.008563] (px4_msgs) StdoutLine: {'line': b'[ 82%] Building CXX object CMakeFiles/px4_msgs__rosidl_typesupport_cpp.dir/rosidl_typesupport_cpp/px4_msgs/msg/uavcan_parameter_request__type_support.cpp.o\n'}
[468.106735] (-) TimerEvent: {}
[468.207079] (-) TimerEvent: {}
[468.307251] (-) TimerEvent: {}
[468.317491] (px4_msgs) StdoutLine: {'line': b'[ 82%] Building CXX object CMakeFiles/px4_msgs__rosidl_typesupport_fastrtps_cpp.dir/rosidl_typesupport_fastrtps_cpp/px4_msgs/msg/detail/dds_fastrtps/open_drone_id_arm_status__type_support.cpp.o\n'}
[468.406510] (px4_msgs) StdoutLine: {'line': b'[ 82%] Building CXX object CMakeFiles/px4_msgs__rosidl_typesupport_introspection_cpp.dir/rosidl_typesupport_introspection_cpp/px4_msgs/msg/detail/sensors_status__type_support.cpp.o\n'}
[468.407322] (-) TimerEvent: {}
[468.427613] (px4_msgs) StdoutLine: {'line': b'[ 82%] Building CXX object CMakeFiles/px4_msgs__rosidl_typesupport_cpp.dir/rosidl_typesupport_cpp/px4_msgs/msg/uavcan_parameter_value__type_support.cpp.o\n'}
[468.507438] (-) TimerEvent: {}
[468.607622] (-) TimerEvent: {}
[468.707817] (-) TimerEvent: {}
[468.737566] (px4_msgs) StdoutLine: {'line': b'[ 82%] Building CXX object CMakeFiles/px4_msgs__rosidl_typesupport_fastrtps_cpp.dir/rosidl_typesupport_fastrtps_cpp/px4_msgs/msg/detail/dds_fastrtps/open_drone_id_self_id__type_support.cpp.o\n'}
[468.807923] (-) TimerEvent: {}
[468.850516] (px4_msgs) StdoutLine: {'line': b'[ 82%] Building CXX object CMakeFiles/px4_msgs__rosidl_typesupport_cpp.dir/rosidl_typesupport_cpp/px4_msgs/msg/ulog_stream__type_support.cpp.o\n'}
[468.855806] (px4_msgs) StdoutLine: {'line': b'[ 82%] Building CXX object CMakeFiles/px4_msgs__rosidl_typesupport_introspection_cpp.dir/rosidl_typesupport_introspection_cpp/px4_msgs/msg/detail/sensors_status_imu__type_support.cpp.o\n'}
[468.908030] (-) TimerEvent: {}
[469.008220] (-) TimerEvent: {}
[469.108393] (-) TimerEvent: {}
[469.164457] (px4_msgs) StdoutLine: {'line': b'[ 82%] Building CXX object CMakeFiles/px4_msgs__rosidl_typesupport_introspection_cpp.dir/rosidl_typesupport_introspection_cpp/px4_msgs/msg/detail/system_power__type_support.cpp.o\n'}
[469.205251] (px4_msgs) StdoutLine: {'line': b'[ 82%] Building CXX object CMakeFiles/px4_msgs__rosidl_typesupport_fastrtps_cpp.dir/rosidl_typesupport_fastrtps_cpp/px4_msgs/msg/detail/dds_fastrtps/open_drone_id_system__type_support.cpp.o\n'}
[469.208488] (-) TimerEvent: {}
[469.211486] (px4_msgs) StdoutLine: {'line': b'[ 82%] Building CXX object CMakeFiles/px4_msgs__rosidl_typesupport_cpp.dir/rosidl_typesupport_cpp/px4_msgs/msg/ulog_stream_ack__type_support.cpp.o\n'}
[469.308593] (-) TimerEvent: {}
[469.408775] (-) TimerEvent: {}
[469.475439] (px4_msgs) StdoutLine: {'line': b'[ 82%] Building CXX object CMakeFiles/px4_msgs__rosidl_typesupport_cpp.dir/rosidl_typesupport_cpp/px4_msgs/msg/unregister_ext_component__type_support.cpp.o\n'}
[469.508875] (-) TimerEvent: {}
[469.586279] (px4_msgs) StdoutLine: {'line': b'[ 82%] Building CXX object CMakeFiles/px4_msgs__rosidl_typesupport_introspection_cpp.dir/rosidl_typesupport_introspection_cpp/px4_msgs/msg/detail/task_stack_info__type_support.cpp.o\n'}
[469.608975] (-) TimerEvent: {}
[469.709138] (-) TimerEvent: {}
[469.775120] (px4_msgs) StdoutLine: {'line': b'[ 82%] Building CXX object CMakeFiles/px4_msgs__rosidl_typesupport_fastrtps_cpp.dir/rosidl_typesupport_fastrtps_cpp/px4_msgs/msg/detail/dds_fastrtps/orb_test__type_support.cpp.o\n'}
[469.809245] (-) TimerEvent: {}
[469.849371] (px4_msgs) StdoutLine: {'line': b'[ 82%] Building CXX object CMakeFiles/px4_msgs__rosidl_typesupport_cpp.dir/rosidl_typesupport_cpp/px4_msgs/msg/vehicle_acceleration__type_support.cpp.o\n'}
[469.909351] (-) TimerEvent: {}
[469.949309] (px4_msgs) StdoutLine: {'line': b'[ 82%] Building CXX object CMakeFiles/px4_msgs__rosidl_typesupport_introspection_cpp.dir/rosidl_typesupport_introspection_cpp/px4_msgs/msg/detail/telemetry_status__type_support.cpp.o\n'}
[470.009457] (-) TimerEvent: {}
[470.109639] (-) TimerEvent: {}
[470.206488] (px4_msgs) StdoutLine: {'line': b'[ 82%] Building CXX object CMakeFiles/px4_msgs__rosidl_typesupport_fastrtps_cpp.dir/rosidl_typesupport_fastrtps_cpp/px4_msgs/msg/detail/dds_fastrtps/orb_test_large__type_support.cpp.o\n'}
[470.209726] (-) TimerEvent: {}
[470.235335] (px4_msgs) StdoutLine: {'line': b'[ 82%] Building CXX object CMakeFiles/px4_msgs__rosidl_typesupport_introspection_cpp.dir/rosidl_typesupport_introspection_cpp/px4_msgs/msg/detail/tiltrotor_extra_controls__type_support.cpp.o\n'}
[470.271076] (px4_msgs) StdoutLine: {'line': b'[ 82%] Building CXX object CMakeFiles/px4_msgs__rosidl_typesupport_cpp.dir/rosidl_typesupport_cpp/px4_msgs/msg/vehicle_air_data__type_support.cpp.o\n'}
[470.309822] (-) TimerEvent: {}
[470.409994] (-) TimerEvent: {}
[470.510164] (-) TimerEvent: {}
[470.516247] (px4_msgs) StdoutLine: {'line': b'[ 82%] Building CXX object CMakeFiles/px4_msgs__rosidl_typesupport_introspection_cpp.dir/rosidl_typesupport_introspection_cpp/px4_msgs/msg/detail/tecs_status__type_support.cpp.o\n'}
[470.610272] (-) TimerEvent: {}
[470.616107] (px4_msgs) StdoutLine: {'line': b'[ 82%] Building CXX object CMakeFiles/px4_msgs__rosidl_typesupport_cpp.dir/rosidl_typesupport_cpp/px4_msgs/msg/vehicle_angular_acceleration_setpoint__type_support.cpp.o\n'}
[470.639717] (px4_msgs) StdoutLine: {'line': b'[ 82%] Building CXX object CMakeFiles/px4_msgs__rosidl_typesupport_fastrtps_cpp.dir/rosidl_typesupport_fastrtps_cpp/px4_msgs/msg/detail/dds_fastrtps/orb_test_medium__type_support.cpp.o\n'}
[470.710385] (-) TimerEvent: {}
[470.782443] (px4_msgs) StdoutLine: {'line': b'[ 83%] Building CXX object CMakeFiles/px4_msgs__rosidl_typesupport_introspection_cpp.dir/rosidl_typesupport_introspection_cpp/px4_msgs/msg/detail/timesync_status__type_support.cpp.o\n'}
[470.810491] (-) TimerEvent: {}
[470.895690] (px4_msgs) StdoutLine: {'line': b'[ 83%] Building CXX object CMakeFiles/px4_msgs__rosidl_typesupport_cpp.dir/rosidl_typesupport_cpp/px4_msgs/msg/vehicle_attitude__type_support.cpp.o\n'}
[470.910600] (-) TimerEvent: {}
[471.010783] (-) TimerEvent: {}
[471.058484] (px4_msgs) StdoutLine: {'line': b'[ 83%] Building CXX object CMakeFiles/px4_msgs__rosidl_typesupport_introspection_cpp.dir/rosidl_typesupport_introspection_cpp/px4_msgs/msg/detail/trajectory_setpoint__type_support.cpp.o\n'}
[471.095713] (px4_msgs) StdoutLine: {'line': b'[ 83%] Building CXX object CMakeFiles/px4_msgs__rosidl_typesupport_fastrtps_cpp.dir/rosidl_typesupport_fastrtps_cpp/px4_msgs/msg/detail/dds_fastrtps/orbit_status__type_support.cpp.o\n'}
[471.110885] (-) TimerEvent: {}
[471.211468] (-) TimerEvent: {}
[471.306917] (px4_msgs) StdoutLine: {'line': b'[ 83%] Building CXX object CMakeFiles/px4_msgs__rosidl_typesupport_cpp.dir/rosidl_typesupport_cpp/px4_msgs/msg/vehicle_angular_velocity__type_support.cpp.o\n'}
[471.311574] (-) TimerEvent: {}
[471.353582] (px4_msgs) StdoutLine: {'line': b'[ 83%] Building CXX object CMakeFiles/px4_msgs__rosidl_typesupport_introspection_cpp.dir/rosidl_typesupport_introspection_cpp/px4_msgs/msg/detail/trajectory_setpoint6dof__type_support.cpp.o\n'}
[471.411676] (-) TimerEvent: {}
[471.511858] (-) TimerEvent: {}
[471.528343] (px4_msgs) StdoutLine: {'line': b'[ 83%] Building CXX object CMakeFiles/px4_msgs__rosidl_typesupport_fastrtps_cpp.dir/rosidl_typesupport_fastrtps_cpp/px4_msgs/msg/detail/dds_fastrtps/parameter_set_used_request__type_support.cpp.o\n'}
[471.611965] (-) TimerEvent: {}
[471.633390] (px4_msgs) StdoutLine: {'line': b'[ 83%] Building CXX object CMakeFiles/px4_msgs__rosidl_typesupport_introspection_cpp.dir/rosidl_typesupport_introspection_cpp/px4_msgs/msg/detail/transponder_report__type_support.cpp.o\n'}
[471.712066] (-) TimerEvent: {}
[471.724314] (px4_msgs) StdoutLine: {'line': b'[ 83%] Building CXX object CMakeFiles/px4_msgs__rosidl_typesupport_cpp.dir/rosidl_typesupport_cpp/px4_msgs/msg/vehicle_attitude_setpoint__type_support.cpp.o\n'}
[471.812171] (-) TimerEvent: {}
[471.912357] (-) TimerEvent: {}
[471.912984] (px4_msgs) StdoutLine: {'line': b'[ 83%] Building CXX object CMakeFiles/px4_msgs__rosidl_typesupport_introspection_cpp.dir/rosidl_typesupport_introspection_cpp/px4_msgs/msg/detail/tune_control__type_support.cpp.o\n'}
[472.012458] (-) TimerEvent: {}
[472.058577] (px4_msgs) StdoutLine: {'line': b'[ 83%] Building CXX object CMakeFiles/px4_msgs__rosidl_typesupport_fastrtps_cpp.dir/rosidl_typesupport_fastrtps_cpp/px4_msgs/msg/detail/dds_fastrtps/parameter_reset_request__type_support.cpp.o\n'}
[472.112564] (-) TimerEvent: {}
[472.147696] (px4_msgs) StdoutLine: {'line': b'[ 83%] Building CXX object CMakeFiles/px4_msgs__rosidl_typesupport_cpp.dir/rosidl_typesupport_cpp/px4_msgs/msg/vehicle_command__type_support.cpp.o\n'}
[472.206451] (px4_msgs) StdoutLine: {'line': b'[ 83%] Building CXX object CMakeFiles/px4_msgs__rosidl_typesupport_introspection_cpp.dir/rosidl_typesupport_introspection_cpp/px4_msgs/msg/detail/uavcan_parameter_request__type_support.cpp.o\n'}
[472.212675] (-) TimerEvent: {}
[472.312850] (-) TimerEvent: {}
[472.413028] (-) TimerEvent: {}
[472.479542] (px4_msgs) StdoutLine: {'line': b'[ 83%] Building CXX object CMakeFiles/px4_msgs__rosidl_typesupport_fastrtps_cpp.dir/rosidl_typesupport_fastrtps_cpp/px4_msgs/msg/detail/dds_fastrtps/parameter_set_value_request__type_support.cpp.o\n'}
[472.486544] (px4_msgs) StdoutLine: {'line': b'[ 83%] Building CXX object CMakeFiles/px4_msgs__rosidl_typesupport_introspection_cpp.dir/rosidl_typesupport_introspection_cpp/px4_msgs/msg/detail/uavcan_parameter_value__type_support.cpp.o\n'}
[472.513129] (-) TimerEvent: {}
[472.565777] (px4_msgs) StdoutLine: {'line': b'[ 83%] Building CXX object CMakeFiles/px4_msgs__rosidl_typesupport_cpp.dir/rosidl_typesupport_cpp/px4_msgs/msg/vehicle_constraints__type_support.cpp.o\n'}
[472.613238] (-) TimerEvent: {}
[472.713422] (-) TimerEvent: {}
[472.764383] (px4_msgs) StdoutLine: {'line': b'[ 83%] Building CXX object CMakeFiles/px4_msgs__rosidl_typesupport_introspection_cpp.dir/rosidl_typesupport_introspection_cpp/px4_msgs/msg/detail/ulog_stream__type_support.cpp.o\n'}
[472.813530] (-) TimerEvent: {}
[472.913724] (-) TimerEvent: {}
[472.986350] (px4_msgs) StdoutLine: {'line': b'[ 83%] Building CXX object CMakeFiles/px4_msgs__rosidl_typesupport_cpp.dir/rosidl_typesupport_cpp/px4_msgs/msg/vehicle_control_mode__type_support.cpp.o\n'}
[473.013821] (-) TimerEvent: {}
[473.036296] (px4_msgs) StdoutLine: {'line': b'[ 83%] Building CXX object CMakeFiles/px4_msgs__rosidl_typesupport_introspection_cpp.dir/rosidl_typesupport_introspection_cpp/px4_msgs/msg/detail/ulog_stream_ack__type_support.cpp.o\n'}
[473.113929] (-) TimerEvent: {}
[473.127013] (px4_msgs) StdoutLine: {'line': b'[ 83%] Building CXX object CMakeFiles/px4_msgs__rosidl_typesupport_fastrtps_cpp.dir/rosidl_typesupport_fastrtps_cpp/px4_msgs/msg/detail/dds_fastrtps/parameter_set_value_response__type_support.cpp.o\n'}
[473.214039] (-) TimerEvent: {}
[473.293874] (px4_msgs) StdoutLine: {'line': b'[ 83%] Building CXX object CMakeFiles/px4_msgs__rosidl_typesupport_cpp.dir/rosidl_typesupport_cpp/px4_msgs/msg/vehicle_command_ack__type_support.cpp.o\n'}
[473.314693] (-) TimerEvent: {}
[473.414848] (-) TimerEvent: {}
[473.420209] (px4_msgs) StdoutLine: {'line': b'[ 83%] Building CXX object CMakeFiles/px4_msgs__rosidl_typesupport_introspection_cpp.dir/rosidl_typesupport_introspection_cpp/px4_msgs/msg/detail/unregister_ext_component__type_support.cpp.o\n'}
[473.514945] (-) TimerEvent: {}
[473.560770] (px4_msgs) StdoutLine: {'line': b'[ 83%] Building CXX object CMakeFiles/px4_msgs__rosidl_typesupport_cpp.dir/rosidl_typesupport_cpp/px4_msgs/msg/vehicle_global_position__type_support.cpp.o\n'}
[473.619728] (-) TimerEvent: {}
[473.699978] (px4_msgs) StdoutLine: {'line': b'[ 83%] Building CXX object CMakeFiles/px4_msgs__rosidl_typesupport_fastrtps_cpp.dir/rosidl_typesupport_fastrtps_cpp/px4_msgs/msg/detail/dds_fastrtps/ping__type_support.cpp.o\n'}
[473.719829] (-) TimerEvent: {}
[473.820019] (-) TimerEvent: {}
[473.864749] (px4_msgs) StdoutLine: {'line': b'[ 83%] Building CXX object CMakeFiles/px4_msgs__rosidl_typesupport_introspection_cpp.dir/rosidl_typesupport_introspection_cpp/px4_msgs/msg/detail/vehicle_acceleration__type_support.cpp.o\n'}
[473.921738] (-) TimerEvent: {}
[473.957763] (px4_msgs) StdoutLine: {'line': b'[ 83%] Building CXX object CMakeFiles/px4_msgs__rosidl_typesupport_cpp.dir/rosidl_typesupport_cpp/px4_msgs/msg/vehicle_imu__type_support.cpp.o\n'}
[474.021845] (-) TimerEvent: {}
[474.122028] (-) TimerEvent: {}
[474.210072] (px4_msgs) StdoutLine: {'line': b'[ 83%] Building CXX object CMakeFiles/px4_msgs__rosidl_typesupport_fastrtps_cpp.dir/rosidl_typesupport_fastrtps_cpp/px4_msgs/msg/detail/dds_fastrtps/parameter_update__type_support.cpp.o\n'}
[474.222129] (-) TimerEvent: {}
[474.224825] (px4_msgs) StdoutLine: {'line': b'[ 83%] Building CXX object CMakeFiles/px4_msgs__rosidl_typesupport_introspection_cpp.dir/rosidl_typesupport_introspection_cpp/px4_msgs/msg/detail/vehicle_angular_acceleration_setpoint__type_support.cpp.o\n'}
[474.227429] (px4_msgs) StdoutLine: {'line': b'[ 84%] Building CXX object CMakeFiles/px4_msgs__rosidl_typesupport_cpp.dir/rosidl_typesupport_cpp/px4_msgs/msg/vehicle_imu_status__type_support.cpp.o\n'}
[474.238709] (px4_msgs) StdoutLine: {'line': b'[ 84%] Building CXX object CMakeFiles/px4_msgs__rosidl_typesupport_introspection_cpp.dir/rosidl_typesupport_introspection_cpp/px4_msgs/msg/detail/vehicle_air_data__type_support.cpp.o\n'}
[474.322236] (-) TimerEvent: {}
[474.422422] (-) TimerEvent: {}
[474.504789] (px4_msgs) StdoutLine: {'line': b'[ 84%] Building CXX object CMakeFiles/px4_msgs__rosidl_typesupport_fastrtps_cpp.dir/rosidl_typesupport_fastrtps_cpp/px4_msgs/msg/detail/dds_fastrtps/position_controller_landing_status__type_support.cpp.o\n'}
[474.505062] (px4_msgs) StdoutLine: {'line': b'[ 84%] Building CXX object CMakeFiles/px4_msgs__rosidl_typesupport_cpp.dir/rosidl_typesupport_cpp/px4_msgs/msg/vehicle_land_detected__type_support.cpp.o\n'}
[474.505217] (px4_msgs) StdoutLine: {'line': b'[ 84%] Building CXX object CMakeFiles/px4_msgs__rosidl_typesupport_introspection_cpp.dir/rosidl_typesupport_introspection_cpp/px4_msgs/msg/detail/vehicle_angular_velocity__type_support.cpp.o\n'}
[474.522527] (-) TimerEvent: {}
[474.622736] (-) TimerEvent: {}
[474.722993] (-) TimerEvent: {}
[474.823728] (-) TimerEvent: {}
[474.846855] (px4_msgs) StdoutLine: {'line': b'[ 84%] Building CXX object CMakeFiles/px4_msgs__rosidl_typesupport_cpp.dir/rosidl_typesupport_cpp/px4_msgs/msg/vehicle_local_position__type_support.cpp.o\n'}
[474.861849] (px4_msgs) StdoutLine: {'line': b'[ 84%] Building CXX object CMakeFiles/px4_msgs__rosidl_typesupport_fastrtps_cpp.dir/rosidl_typesupport_fastrtps_cpp/px4_msgs/msg/detail/dds_fastrtps/position_controller_status__type_support.cpp.o\n'}
[474.923823] (-) TimerEvent: {}
[474.963257] (px4_msgs) StdoutLine: {'line': b'[ 84%] Building CXX object CMakeFiles/px4_msgs__rosidl_typesupport_introspection_cpp.dir/rosidl_typesupport_introspection_cpp/px4_msgs/msg/detail/vehicle_attitude__type_support.cpp.o\n'}
[475.023926] (-) TimerEvent: {}
[475.124101] (-) TimerEvent: {}
[475.200222] (px4_msgs) StdoutLine: {'line': b'[ 84%] Building CXX object CMakeFiles/px4_msgs__rosidl_typesupport_fastrtps_cpp.dir/rosidl_typesupport_fastrtps_cpp/px4_msgs/msg/detail/dds_fastrtps/position_setpoint__type_support.cpp.o\n'}
[475.224202] (-) TimerEvent: {}
[475.309373] (px4_msgs) StdoutLine: {'line': b'[ 84%] Building CXX object CMakeFiles/px4_msgs__rosidl_typesupport_cpp.dir/rosidl_typesupport_cpp/px4_msgs/msg/vehicle_local_position_setpoint__type_support.cpp.o\n'}
[475.324299] (-) TimerEvent: {}
[475.402522] (px4_msgs) StdoutLine: {'line': b'[ 84%] Building CXX object CMakeFiles/px4_msgs__rosidl_typesupport_introspection_cpp.dir/rosidl_typesupport_introspection_cpp/px4_msgs/msg/detail/vehicle_attitude_setpoint__type_support.cpp.o\n'}
[475.424409] (-) TimerEvent: {}
[475.524720] (-) TimerEvent: {}
[475.561857] (px4_msgs) StdoutLine: {'line': b'[ 84%] Building CXX object CMakeFiles/px4_msgs__rosidl_typesupport_fastrtps_cpp.dir/rosidl_typesupport_fastrtps_cpp/px4_msgs/msg/detail/dds_fastrtps/onboard_computer_status__type_support.cpp.o\n'}
[475.563466] (px4_msgs) StdoutLine: {'line': b'[ 84%] Building CXX object CMakeFiles/px4_msgs__rosidl_typesupport_cpp.dir/rosidl_typesupport_cpp/px4_msgs/msg/vehicle_odometry__type_support.cpp.o\n'}
[475.624816] (-) TimerEvent: {}
[475.724987] (-) TimerEvent: {}
[475.744879] (px4_msgs) StdoutLine: {'line': b'[ 84%] Building CXX object CMakeFiles/px4_msgs__rosidl_typesupport_introspection_cpp.dir/rosidl_typesupport_introspection_cpp/px4_msgs/msg/detail/vehicle_command__type_support.cpp.o\n'}
[475.756702] (px4_msgs) StdoutLine: {'line': b'[ 84%] Building CXX object CMakeFiles/px4_msgs__rosidl_typesupport_cpp.dir/rosidl_typesupport_cpp/px4_msgs/msg/vehicle_magnetometer__type_support.cpp.o\n'}
[475.810742] (px4_msgs) StdoutLine: {'line': b'[ 84%] Building CXX object CMakeFiles/px4_msgs__rosidl_typesupport_introspection_cpp.dir/rosidl_typesupport_introspection_cpp/px4_msgs/msg/detail/vehicle_command_ack__type_support.cpp.o\n'}
[475.825724] (-) TimerEvent: {}
[475.902005] (px4_msgs) StdoutLine: {'line': b'[ 84%] Building CXX object CMakeFiles/px4_msgs__rosidl_typesupport_fastrtps_cpp.dir/rosidl_typesupport_fastrtps_cpp/px4_msgs/msg/detail/dds_fastrtps/neural_control__type_support.cpp.o\n'}
[475.925820] (-) TimerEvent: {}
[476.029721] (-) TimerEvent: {}
[476.129910] (-) TimerEvent: {}
[476.172849] (px4_msgs) StdoutLine: {'line': b'[ 84%] Building CXX object CMakeFiles/px4_msgs__rosidl_typesupport_cpp.dir/rosidl_typesupport_cpp/px4_msgs/msg/vehicle_optical_flow__type_support.cpp.o\n'}
[476.230004] (-) TimerEvent: {}
[476.304221] (px4_msgs) StdoutLine: {'line': b'[ 84%] Building CXX object CMakeFiles/px4_msgs__rosidl_typesupport_introspection_cpp.dir/rosidl_typesupport_introspection_cpp/px4_msgs/msg/detail/vehicle_control_mode__type_support.cpp.o\n'}
[476.330105] (-) TimerEvent: {}
[476.409422] (px4_msgs) StdoutLine: {'line': b'[ 84%] Building CXX object CMakeFiles/px4_msgs__rosidl_typesupport_fastrtps_cpp.dir/rosidl_typesupport_fastrtps_cpp/px4_msgs/msg/detail/dds_fastrtps/position_setpoint_triplet__type_support.cpp.o\n'}
[476.430201] (-) TimerEvent: {}
[476.435548] (px4_msgs) StdoutLine: {'line': b'[ 84%] Building CXX object CMakeFiles/px4_msgs__rosidl_typesupport_cpp.dir/rosidl_typesupport_cpp/px4_msgs/msg/vehicle_optical_flow_vel__type_support.cpp.o\n'}
[476.457726] (px4_msgs) StdoutLine: {'line': b'[ 84%] Building CXX object CMakeFiles/px4_msgs__rosidl_typesupport_introspection_cpp.dir/rosidl_typesupport_introspection_cpp/px4_msgs/msg/detail/vehicle_global_position__type_support.cpp.o\n'}
[476.480268] (px4_msgs) StdoutLine: {'line': b'[ 84%] Building CXX object CMakeFiles/px4_msgs__rosidl_typesupport_introspection_cpp.dir/rosidl_typesupport_introspection_cpp/px4_msgs/msg/detail/vehicle_constraints__type_support.cpp.o\n'}
[476.530298] (-) TimerEvent: {}
[476.630475] (-) TimerEvent: {}
[476.730658] (-) TimerEvent: {}
[476.817914] (px4_msgs) StdoutLine: {'line': b'[ 84%] Building CXX object CMakeFiles/px4_msgs__rosidl_typesupport_fastrtps_cpp.dir/rosidl_typesupport_fastrtps_cpp/px4_msgs/msg/detail/dds_fastrtps/message_format_response__type_support.cpp.o\n'}
[476.832734] (-) TimerEvent: {}
[476.932917] (-) TimerEvent: {}
[476.960121] (px4_msgs) StdoutLine: {'line': b'[ 84%] Building CXX object CMakeFiles/px4_msgs__rosidl_typesupport_introspection_cpp.dir/rosidl_typesupport_introspection_cpp/px4_msgs/msg/detail/vehicle_imu_status__type_support.cpp.o\n'}
[476.960341] (px4_msgs) StdoutLine: {'line': b'[ 84%] Building CXX object CMakeFiles/px4_msgs__rosidl_typesupport_cpp.dir/rosidl_typesupport_cpp/px4_msgs/msg/vehicle_rates_setpoint__type_support.cpp.o\n'}
[477.034722] (-) TimerEvent: {}
[477.134894] (-) TimerEvent: {}
[477.136136] (px4_msgs) StdoutLine: {'line': b'[ 84%] Building CXX object CMakeFiles/px4_msgs__rosidl_typesupport_introspection_cpp.dir/rosidl_typesupport_introspection_cpp/px4_msgs/msg/detail/vehicle_land_detected__type_support.cpp.o\n'}
[477.225590] (px4_msgs) StdoutLine: {'line': b'[ 84%] Building CXX object CMakeFiles/px4_msgs__rosidl_typesupport_introspection_cpp.dir/rosidl_typesupport_introspection_cpp/px4_msgs/msg/detail/vehicle_imu__type_support.cpp.o\n'}
[477.234990] (-) TimerEvent: {}
[477.336726] (-) TimerEvent: {}
[477.427660] (px4_msgs) StdoutLine: {'line': b'[ 85%] Building CXX object CMakeFiles/px4_msgs__rosidl_typesupport_fastrtps_cpp.dir/rosidl_typesupport_fastrtps_cpp/px4_msgs/msg/detail/dds_fastrtps/power_monitor__type_support.cpp.o\n'}
[477.430803] (px4_msgs) StdoutLine: {'line': b'[ 85%] Building CXX object CMakeFiles/px4_msgs__rosidl_typesupport_cpp.dir/rosidl_typesupport_cpp/px4_msgs/msg/vehicle_roi__type_support.cpp.o\n'}
[477.436828] (-) TimerEvent: {}
[477.461771] (px4_msgs) StdoutLine: {'line': b'[ 85%] Building CXX object CMakeFiles/px4_msgs__rosidl_typesupport_fastrtps_cpp.dir/rosidl_typesupport_fastrtps_cpp/px4_msgs/msg/detail/dds_fastrtps/power_button_state__type_support.cpp.o\n'}
[477.536926] (-) TimerEvent: {}
[477.637100] (-) TimerEvent: {}
[477.737733] (-) TimerEvent: {}
[477.795259] (px4_msgs) StdoutLine: {'line': b'[ 86%] Building CXX object CMakeFiles/px4_msgs__rosidl_typesupport_introspection_cpp.dir/rosidl_typesupport_introspection_cpp/px4_msgs/msg/detail/vehicle_local_position__type_support.cpp.o\n'}
[477.840259] (-) TimerEvent: {}
[477.844718] (px4_msgs) StdoutLine: {'line': b'[ 86%] Building CXX object CMakeFiles/px4_msgs__rosidl_typesupport_cpp.dir/rosidl_typesupport_cpp/px4_msgs/msg/vehicle_status__type_support.cpp.o\n'}
[477.846920] (px4_msgs) StdoutLine: {'line': b'[ 86%] Building CXX object CMakeFiles/px4_msgs__rosidl_typesupport_fastrtps_cpp.dir/rosidl_typesupport_fastrtps_cpp/px4_msgs/msg/detail/dds_fastrtps/pure_pursuit_status__type_support.cpp.o\n'}
[477.894443] (px4_msgs) StdoutLine: {'line': b'[ 86%] Building CXX object CMakeFiles/px4_msgs__rosidl_typesupport_introspection_cpp.dir/rosidl_typesupport_introspection_cpp/px4_msgs/msg/detail/vehicle_local_position_setpoint__type_support.cpp.o\n'}
[477.940362] (-) TimerEvent: {}
[478.042730] (-) TimerEvent: {}
[478.138544] (px4_msgs) StdoutLine: {'line': b'[ 86%] Building CXX object CMakeFiles/px4_msgs__rosidl_typesupport_cpp.dir/rosidl_typesupport_cpp/px4_msgs/msg/vehicle_thrust_setpoint__type_support.cpp.o\n'}
[478.142829] (-) TimerEvent: {}
[478.243009] (-) TimerEvent: {}
[478.343182] (-) TimerEvent: {}
[478.443357] (-) TimerEvent: {}
[478.492751] (px4_msgs) StdoutLine: {'line': b'[ 86%] Building CXX object CMakeFiles/px4_msgs__rosidl_typesupport_fastrtps_cpp.dir/rosidl_typesupport_fastrtps_cpp/px4_msgs/msg/detail/dds_fastrtps/pps_capture__type_support.cpp.o\n'}
[478.495780] (px4_msgs) StdoutLine: {'line': b'[ 86%] Building CXX object CMakeFiles/px4_msgs__rosidl_typesupport_introspection_cpp.dir/rosidl_typesupport_introspection_cpp/px4_msgs/msg/detail/vehicle_magnetometer__type_support.cpp.o\n'}
[478.545749] (-) TimerEvent: {}
[478.647740] (px4_msgs) StdoutLine: {'line': b'[ 86%] Building CXX object CMakeFiles/px4_msgs__rosidl_typesupport_introspection_cpp.dir/rosidl_typesupport_introspection_cpp/px4_msgs/msg/detail/vehicle_odometry__type_support.cpp.o\n'}
[478.647986] (-) TimerEvent: {}
[478.748123] (-) TimerEvent: {}
[478.848307] (-) TimerEvent: {}
[478.864275] (px4_msgs) StdoutLine: {'line': b'[ 86%] Building CXX object CMakeFiles/px4_msgs__rosidl_typesupport_cpp.dir/rosidl_typesupport_cpp/px4_msgs/msg/vehicle_torque_setpoint__type_support.cpp.o\n'}
[478.890815] (px4_msgs) StdoutLine: {'line': b'[ 86%] Building CXX object CMakeFiles/px4_msgs__rosidl_typesupport_fastrtps_cpp.dir/rosidl_typesupport_fastrtps_cpp/px4_msgs/msg/detail/dds_fastrtps/px4io_status__type_support.cpp.o\n'}
[478.892884] (px4_msgs) StdoutLine: {'line': b'[ 86%] Building CXX object CMakeFiles/px4_msgs__rosidl_typesupport_introspection_cpp.dir/rosidl_typesupport_introspection_cpp/px4_msgs/msg/detail/vehicle_optical_flow__type_support.cpp.o\n'}
[478.907842] (px4_msgs) StdoutLine: {'line': b'[ 86%] Building CXX object CMakeFiles/px4_msgs__rosidl_typesupport_fastrtps_cpp.dir/rosidl_typesupport_fastrtps_cpp/px4_msgs/msg/detail/dds_fastrtps/pwm_input__type_support.cpp.o\n'}
[478.948407] (-) TimerEvent: {}
[479.048586] (-) TimerEvent: {}
[479.148742] (-) TimerEvent: {}
[479.252728] (-) TimerEvent: {}
[479.352914] (-) TimerEvent: {}
[479.455752] (-) TimerEvent: {}
[479.555929] (-) TimerEvent: {}
[479.566323] (px4_msgs) StdoutLine: {'line': b'[ 86%] Building CXX object CMakeFiles/px4_msgs__rosidl_typesupport_cpp.dir/rosidl_typesupport_cpp/px4_msgs/msg/velocity_limits__type_support.cpp.o\n'}
[479.623810] (px4_msgs) StdoutLine: {'line': b'[ 86%] Building CXX object CMakeFiles/px4_msgs__rosidl_typesupport_introspection_cpp.dir/rosidl_typesupport_introspection_cpp/px4_msgs/msg/detail/vehicle_roi__type_support.cpp.o\n'}
[479.656026] (-) TimerEvent: {}
[479.756334] (-) TimerEvent: {}
[479.856503] (-) TimerEvent: {}
[479.862229] (px4_msgs) StdoutLine: {'line': b'[ 86%] Building CXX object CMakeFiles/px4_msgs__rosidl_typesupport_fastrtps_cpp.dir/rosidl_typesupport_fastrtps_cpp/px4_msgs/msg/detail/dds_fastrtps/qshell_retval__type_support.cpp.o\n'}
[479.942067] (px4_msgs) StdoutLine: {'line': b'[ 86%] Building CXX object CMakeFiles/px4_msgs__rosidl_typesupport_cpp.dir/rosidl_typesupport_cpp/px4_msgs/msg/vtol_vehicle_status__type_support.cpp.o\n'}
[479.956609] (-) TimerEvent: {}
[480.021373] (px4_msgs) StdoutLine: {'line': b'[ 86%] Building CXX object CMakeFiles/px4_msgs__rosidl_typesupport_introspection_cpp.dir/rosidl_typesupport_introspection_cpp/px4_msgs/msg/detail/vehicle_thrust_setpoint__type_support.cpp.o\n'}
[480.056719] (-) TimerEvent: {}
[480.156896] (-) TimerEvent: {}
[480.257075] (-) TimerEvent: {}
[480.268369] (px4_msgs) StdoutLine: {'line': b'[ 86%] Building CXX object CMakeFiles/px4_msgs__rosidl_typesupport_fastrtps_cpp.dir/rosidl_typesupport_fastrtps_cpp/px4_msgs/msg/detail/dds_fastrtps/qshell_req__type_support.cpp.o\n'}
[480.325829] (px4_msgs) StdoutLine: {'line': b'[ 86%] Building CXX object CMakeFiles/px4_msgs__rosidl_typesupport_cpp.dir/rosidl_typesupport_cpp/px4_msgs/msg/wheel_encoders__type_support.cpp.o\n'}
[480.357175] (-) TimerEvent: {}
[480.400034] (px4_msgs) StdoutLine: {'line': b'[ 86%] Building CXX object CMakeFiles/px4_msgs__rosidl_typesupport_introspection_cpp.dir/rosidl_typesupport_introspection_cpp/px4_msgs/msg/detail/velocity_limits__type_support.cpp.o\n'}
[480.457276] (-) TimerEvent: {}
[480.557468] (-) TimerEvent: {}
[480.657646] (-) TimerEvent: {}
[480.679391] (px4_msgs) StdoutLine: {'line': b'[ 86%] Building CXX object CMakeFiles/px4_msgs__rosidl_typesupport_introspection_cpp.dir/rosidl_typesupport_introspection_cpp/px4_msgs/msg/detail/vehicle_torque_setpoint__type_support.cpp.o\n'}
[480.749706] (px4_msgs) StdoutLine: {'line': b'[ 86%] Building CXX object CMakeFiles/px4_msgs__rosidl_typesupport_cpp.dir/rosidl_typesupport_cpp/px4_msgs/msg/wind__type_support.cpp.o\n'}
[480.757738] (-) TimerEvent: {}
[480.842776] (px4_msgs) StdoutLine: {'line': b'[ 86%] Building CXX object CMakeFiles/px4_msgs__rosidl_typesupport_fastrtps_cpp.dir/rosidl_typesupport_fastrtps_cpp/px4_msgs/msg/detail/dds_fastrtps/rate_ctrl_status__type_support.cpp.o\n'}
[480.857845] (-) TimerEvent: {}
[480.958022] (-) TimerEvent: {}
[481.058200] (-) TimerEvent: {}
[481.084794] (px4_msgs) StdoutLine: {'line': b'[ 86%] Building CXX object CMakeFiles/px4_msgs__rosidl_typesupport_introspection_cpp.dir/rosidl_typesupport_introspection_cpp/px4_msgs/msg/detail/vtol_vehicle_status__type_support.cpp.o\n'}
[481.137348] (px4_msgs) StdoutLine: {'line': b'[ 86%] Building CXX object CMakeFiles/px4_msgs__rosidl_typesupport_cpp.dir/rosidl_typesupport_cpp/px4_msgs/msg/yaw_estimator_status__type_support.cpp.o\n'}
[481.158299] (-) TimerEvent: {}
[481.258487] (-) TimerEvent: {}
[481.350654] (px4_msgs) StdoutLine: {'line': b'[ 86%] Building CXX object CMakeFiles/px4_msgs__rosidl_typesupport_fastrtps_cpp.dir/rosidl_typesupport_fastrtps_cpp/px4_msgs/msg/detail/dds_fastrtps/rc_channels__type_support.cpp.o\n'}
[481.358594] (-) TimerEvent: {}
[481.400796] (px4_msgs) StdoutLine: {'line': b'[ 86%] Building CXX object CMakeFiles/px4_msgs__rosidl_typesupport_cpp.dir/rosidl_typesupport_cpp/px4_msgs/srv/vehicle_command__type_support.cpp.o\n'}
[481.458711] (-) TimerEvent: {}
[481.498256] (px4_msgs) StdoutLine: {'line': b'[ 86%] Building CXX object CMakeFiles/px4_msgs__rosidl_typesupport_introspection_cpp.dir/rosidl_typesupport_introspection_cpp/px4_msgs/msg/detail/vehicle_status__type_support.cpp.o\n'}
[481.558816] (-) TimerEvent: {}
[481.658981] (-) TimerEvent: {}
[481.759151] (-) TimerEvent: {}
[481.853950] (px4_msgs) StdoutLine: {'line': b'[ 86%] Building CXX object CMakeFiles/px4_msgs__rosidl_typesupport_fastrtps_cpp.dir/rosidl_typesupport_fastrtps_cpp/px4_msgs/msg/detail/dds_fastrtps/rover_attitude_setpoint__type_support.cpp.o\n'}
[481.859260] (-) TimerEvent: {}
[481.893031] (px4_msgs) StdoutLine: {'line': b'[ 86%] Linking CXX shared library libpx4_msgs__rosidl_typesupport_cpp.so\n'}
[481.916718] (px4_msgs) StdoutLine: {'line': b'[ 86%] Building CXX object CMakeFiles/px4_msgs__rosidl_typesupport_introspection_cpp.dir/rosidl_typesupport_introspection_cpp/px4_msgs/msg/detail/wheel_encoders__type_support.cpp.o\n'}
[481.959368] (-) TimerEvent: {}
[482.059545] (-) TimerEvent: {}
[482.081201] (px4_msgs) StdoutLine: {'line': b'[ 86%] Built target px4_msgs__rosidl_typesupport_cpp\n'}
[482.159646] (-) TimerEvent: {}
[482.193069] (px4_msgs) StdoutLine: {'line': b'[ 86%] Building CXX object CMakeFiles/px4_msgs__rosidl_typesupport_introspection_cpp.dir/rosidl_typesupport_introspection_cpp/px4_msgs/msg/detail/wind__type_support.cpp.o\n'}
[482.259752] (-) TimerEvent: {}
[482.261123] (px4_msgs) StdoutLine: {'line': b'[ 86%] Building CXX object CMakeFiles/px4_msgs__rosidl_typesupport_fastrtps_cpp.dir/rosidl_typesupport_fastrtps_cpp/px4_msgs/msg/detail/dds_fastrtps/rover_rate_setpoint__type_support.cpp.o\n'}
[482.359856] (-) TimerEvent: {}
[482.456988] (px4_msgs) StdoutLine: {'line': b'[ 86%] Building CXX object CMakeFiles/px4_msgs__rosidl_typesupport_introspection_cpp.dir/rosidl_typesupport_introspection_cpp/px4_msgs/msg/detail/yaw_estimator_status__type_support.cpp.o\n'}
[482.459950] (-) TimerEvent: {}
[482.560132] (-) TimerEvent: {}
[482.654231] (px4_msgs) StdoutLine: {'line': b'[ 86%] Building CXX object CMakeFiles/px4_msgs__rosidl_typesupport_fastrtps_cpp.dir/rosidl_typesupport_fastrtps_cpp/px4_msgs/msg/detail/dds_fastrtps/rover_rate_status__type_support.cpp.o\n'}
[482.660234] (-) TimerEvent: {}
[482.732260] (px4_msgs) StdoutLine: {'line': b'[ 86%] Building CXX object CMakeFiles/px4_msgs__rosidl_typesupport_introspection_cpp.dir/rosidl_typesupport_introspection_cpp/px4_msgs/srv/detail/vehicle_command__type_support.cpp.o\n'}
[482.760341] (-) TimerEvent: {}
[482.860515] (-) TimerEvent: {}
[482.960706] (-) TimerEvent: {}
[483.048969] (px4_msgs) StdoutLine: {'line': b'[ 86%] Building CXX object CMakeFiles/px4_msgs__rosidl_typesupport_fastrtps_cpp.dir/rosidl_typesupport_fastrtps_cpp/px4_msgs/msg/detail/dds_fastrtps/rover_speed_setpoint__type_support.cpp.o\n'}
[483.060812] (-) TimerEvent: {}
[483.103412] (px4_msgs) StdoutLine: {'line': b'[ 86%] Building CXX object CMakeFiles/px4_msgs__rosidl_typesupport_introspection_cpp.dir/rosidl_typesupport_introspection_cpp/px4_msgs/msg/detail/vehicle_rates_setpoint__type_support.cpp.o\n'}
[483.160912] (-) TimerEvent: {}
[483.261076] (-) TimerEvent: {}
[483.361256] (-) TimerEvent: {}
[483.385815] (px4_msgs) StdoutLine: {'line': b'[ 86%] Building CXX object CMakeFiles/px4_msgs__rosidl_typesupport_introspection_cpp.dir/rosidl_typesupport_introspection_cpp/px4_msgs/msg/detail/vehicle_optical_flow_vel__type_support.cpp.o\n'}
[483.446145] (px4_msgs) StdoutLine: {'line': b'[ 86%] Building CXX object CMakeFiles/px4_msgs__rosidl_typesupport_fastrtps_cpp.dir/rosidl_typesupport_fastrtps_cpp/px4_msgs/msg/detail/dds_fastrtps/rover_throttle_setpoint__type_support.cpp.o\n'}
[483.461372] (-) TimerEvent: {}
[483.561558] (-) TimerEvent: {}
[483.661744] (-) TimerEvent: {}
[483.666479] (px4_msgs) StdoutLine: {'line': b'[ 86%] Linking CXX shared library libpx4_msgs__rosidl_typesupport_introspection_cpp.so\n'}
[483.761843] (-) TimerEvent: {}
[483.823428] (px4_msgs) StdoutLine: {'line': b'[ 86%] Built target px4_msgs__rosidl_typesupport_introspection_cpp\n'}
[483.838164] (px4_msgs) StdoutLine: {'line': b'[ 86%] Building CXX object CMakeFiles/px4_msgs__rosidl_typesupport_fastrtps_cpp.dir/rosidl_typesupport_fastrtps_cpp/px4_msgs/msg/detail/dds_fastrtps/rtl_status__type_support.cpp.o\n'}
[483.861956] (-) TimerEvent: {}
[483.962130] (-) TimerEvent: {}
[484.062300] (-) TimerEvent: {}
[484.162479] (-) TimerEvent: {}
[484.232498] (px4_msgs) StdoutLine: {'line': b'[ 86%] Building CXX object CMakeFiles/px4_msgs__rosidl_typesupport_fastrtps_cpp.dir/rosidl_typesupport_fastrtps_cpp/px4_msgs/msg/detail/dds_fastrtps/rtl_time_estimate__type_support.cpp.o\n'}
[484.262593] (-) TimerEvent: {}
[484.363719] (-) TimerEvent: {}
[484.464073] (-) TimerEvent: {}
[484.564228] (-) TimerEvent: {}
[484.650452] (px4_msgs) StdoutLine: {'line': b'[ 86%] Building CXX object CMakeFiles/px4_msgs__rosidl_typesupport_fastrtps_cpp.dir/rosidl_typesupport_fastrtps_cpp/px4_msgs/msg/detail/dds_fastrtps/satellite_info__type_support.cpp.o\n'}
[484.664336] (-) TimerEvent: {}
[484.764502] (-) TimerEvent: {}
[484.864681] (-) TimerEvent: {}
[484.964843] (-) TimerEvent: {}
[485.044307] (px4_msgs) StdoutLine: {'line': b'[ 86%] Building CXX object CMakeFiles/px4_msgs__rosidl_typesupport_fastrtps_cpp.dir/rosidl_typesupport_fastrtps_cpp/px4_msgs/msg/detail/dds_fastrtps/sensor_accel__type_support.cpp.o\n'}
[485.064938] (-) TimerEvent: {}
[485.165121] (-) TimerEvent: {}
[485.265281] (-) TimerEvent: {}
[485.365435] (-) TimerEvent: {}
[485.452867] (px4_msgs) StdoutLine: {'line': b'[ 87%] Building CXX object CMakeFiles/px4_msgs__rosidl_typesupport_fastrtps_cpp.dir/rosidl_typesupport_fastrtps_cpp/px4_msgs/msg/detail/dds_fastrtps/sensor_accel_fifo__type_support.cpp.o\n'}
[485.465535] (-) TimerEvent: {}
[485.565709] (-) TimerEvent: {}
[485.665878] (-) TimerEvent: {}
[485.766038] (-) TimerEvent: {}
[485.853983] (px4_msgs) StdoutLine: {'line': b'[ 87%] Building CXX object CMakeFiles/px4_msgs__rosidl_typesupport_fastrtps_cpp.dir/rosidl_typesupport_fastrtps_cpp/px4_msgs/msg/detail/dds_fastrtps/sensor_airflow__type_support.cpp.o\n'}
[485.866134] (-) TimerEvent: {}
[485.966296] (-) TimerEvent: {}
[486.066453] (-) TimerEvent: {}
[486.166612] (-) TimerEvent: {}
[486.243351] (px4_msgs) StdoutLine: {'line': b'[ 87%] Building CXX object CMakeFiles/px4_msgs__rosidl_typesupport_fastrtps_cpp.dir/rosidl_typesupport_fastrtps_cpp/px4_msgs/msg/detail/dds_fastrtps/sensor_baro__type_support.cpp.o\n'}
[486.266730] (-) TimerEvent: {}
[486.366875] (-) TimerEvent: {}
[486.467044] (-) TimerEvent: {}
[486.567209] (-) TimerEvent: {}
[486.633437] (px4_msgs) StdoutLine: {'line': b'[ 87%] Building CXX object CMakeFiles/px4_msgs__rosidl_typesupport_fastrtps_cpp.dir/rosidl_typesupport_fastrtps_cpp/px4_msgs/msg/detail/dds_fastrtps/sensor_combined__type_support.cpp.o\n'}
[486.667322] (-) TimerEvent: {}
[486.767488] (-) TimerEvent: {}
[486.867660] (-) TimerEvent: {}
[486.967817] (-) TimerEvent: {}
[487.030554] (px4_msgs) StdoutLine: {'line': b'[ 87%] Building CXX object CMakeFiles/px4_msgs__rosidl_typesupport_fastrtps_cpp.dir/rosidl_typesupport_fastrtps_cpp/px4_msgs/msg/detail/dds_fastrtps/sensor_correction__type_support.cpp.o\n'}
[487.067904] (-) TimerEvent: {}
[487.168075] (-) TimerEvent: {}
[487.268243] (-) TimerEvent: {}
[487.368415] (-) TimerEvent: {}
[487.449406] (px4_msgs) StdoutLine: {'line': b'[ 87%] Building CXX object CMakeFiles/px4_msgs__rosidl_typesupport_fastrtps_cpp.dir/rosidl_typesupport_fastrtps_cpp/px4_msgs/msg/detail/dds_fastrtps/sensor_gnss_relative__type_support.cpp.o\n'}
[487.468527] (-) TimerEvent: {}
[487.568699] (-) TimerEvent: {}
[487.668844] (-) TimerEvent: {}
[487.769007] (-) TimerEvent: {}
[487.855615] (px4_msgs) StdoutLine: {'line': b'[ 87%] Building CXX object CMakeFiles/px4_msgs__rosidl_typesupport_fastrtps_cpp.dir/rosidl_typesupport_fastrtps_cpp/px4_msgs/msg/detail/dds_fastrtps/sensor_gnss_status__type_support.cpp.o\n'}
[487.869123] (-) TimerEvent: {}
[487.969287] (-) TimerEvent: {}
[488.069457] (-) TimerEvent: {}
[488.169631] (-) TimerEvent: {}
[488.269940] (-) TimerEvent: {}
[488.282987] (px4_msgs) StdoutLine: {'line': b'[ 87%] Building CXX object CMakeFiles/px4_msgs__rosidl_typesupport_fastrtps_cpp.dir/rosidl_typesupport_fastrtps_cpp/px4_msgs/msg/detail/dds_fastrtps/sensor_gps__type_support.cpp.o\n'}
[488.370057] (-) TimerEvent: {}
[488.470228] (-) TimerEvent: {}
[488.570399] (-) TimerEvent: {}
[488.670573] (-) TimerEvent: {}
[488.717417] (px4_msgs) StdoutLine: {'line': b'[ 87%] Building CXX object CMakeFiles/px4_msgs__rosidl_typesupport_fastrtps_cpp.dir/rosidl_typesupport_fastrtps_cpp/px4_msgs/msg/detail/dds_fastrtps/sensor_gyro__type_support.cpp.o\n'}
[488.770692] (-) TimerEvent: {}
[488.870866] (-) TimerEvent: {}
[488.971026] (-) TimerEvent: {}
[489.071196] (-) TimerEvent: {}
[489.112790] (px4_msgs) StdoutLine: {'line': b'[ 87%] Building CXX object CMakeFiles/px4_msgs__rosidl_typesupport_fastrtps_cpp.dir/rosidl_typesupport_fastrtps_cpp/px4_msgs/msg/detail/dds_fastrtps/sensor_gyro_fft__type_support.cpp.o\n'}
[489.171312] (-) TimerEvent: {}
[489.271454] (-) TimerEvent: {}
[489.371607] (-) TimerEvent: {}
[489.471790] (-) TimerEvent: {}
[489.530040] (px4_msgs) StdoutLine: {'line': b'[ 87%] Building CXX object CMakeFiles/px4_msgs__rosidl_typesupport_fastrtps_cpp.dir/rosidl_typesupport_fastrtps_cpp/px4_msgs/msg/detail/dds_fastrtps/rover_steering_setpoint__type_support.cpp.o\n'}
[489.532539] (px4_msgs) StdoutLine: {'line': b'[ 87%] Building CXX object CMakeFiles/px4_msgs__rosidl_typesupport_fastrtps_cpp.dir/rosidl_typesupport_fastrtps_cpp/px4_msgs/msg/detail/dds_fastrtps/sensor_gyro_fifo__type_support.cpp.o\n'}
[489.532764] (px4_msgs) StdoutLine: {'line': b'[ 87%] Building CXX object CMakeFiles/px4_msgs__rosidl_typesupport_fastrtps_cpp.dir/rosidl_typesupport_fastrtps_cpp/px4_msgs/msg/detail/dds_fastrtps/rpm__type_support.cpp.o\n'}
[489.571894] (-) TimerEvent: {}
[489.672081] (-) TimerEvent: {}
[489.772268] (-) TimerEvent: {}
[489.872460] (-) TimerEvent: {}
[489.970812] (px4_msgs) StdoutLine: {'line': b'[ 87%] Building CXX object CMakeFiles/px4_msgs__rosidl_typesupport_fastrtps_cpp.dir/rosidl_typesupport_fastrtps_cpp/px4_msgs/msg/detail/dds_fastrtps/sensor_hygrometer__type_support.cpp.o\n'}
[489.972739] (-) TimerEvent: {}
[490.072916] (-) TimerEvent: {}
[490.172757] (px4_msgs) StdoutLine: {'line': b'[ 87%] Building CXX object CMakeFiles/px4_msgs__rosidl_typesupport_fastrtps_cpp.dir/rosidl_typesupport_fastrtps_cpp/px4_msgs/msg/detail/dds_fastrtps/sensor_mag__type_support.cpp.o\n'}
[490.172942] (-) TimerEvent: {}
[490.175945] (px4_msgs) StdoutLine: {'line': b'[ 87%] Building CXX object CMakeFiles/px4_msgs__rosidl_typesupport_fastrtps_cpp.dir/rosidl_typesupport_fastrtps_cpp/px4_msgs/msg/detail/dds_fastrtps/sensor_optical_flow__type_support.cpp.o\n'}
[490.273720] (-) TimerEvent: {}
[490.373886] (-) TimerEvent: {}
[490.448831] (px4_msgs) StdoutLine: {'line': b'[ 87%] Building CXX object CMakeFiles/px4_msgs__rosidl_typesupport_fastrtps_cpp.dir/rosidl_typesupport_fastrtps_cpp/px4_msgs/msg/detail/dds_fastrtps/sensor_preflight_mag__type_support.cpp.o\n'}
[490.475712] (-) TimerEvent: {}
[490.478618] (px4_msgs) StdoutLine: {'line': b'[ 87%] Building CXX object CMakeFiles/px4_msgs__rosidl_typesupport_fastrtps_cpp.dir/rosidl_typesupport_fastrtps_cpp/px4_msgs/msg/detail/dds_fastrtps/sensor_selection__type_support.cpp.o\n'}
[490.483134] (px4_msgs) StdoutLine: {'line': b'[ 87%] Building CXX object CMakeFiles/px4_msgs__rosidl_typesupport_fastrtps_cpp.dir/rosidl_typesupport_fastrtps_cpp/px4_msgs/msg/detail/dds_fastrtps/rover_speed_status__type_support.cpp.o\n'}
[490.575814] (-) TimerEvent: {}
[490.676003] (-) TimerEvent: {}
[490.776726] (-) TimerEvent: {}
[490.876909] (-) TimerEvent: {}
[490.887725] (px4_msgs) StdoutLine: {'line': b'[ 87%] Building CXX object CMakeFiles/px4_msgs__rosidl_typesupport_fastrtps_cpp.dir/rosidl_typesupport_fastrtps_cpp/px4_msgs/msg/detail/dds_fastrtps/rover_position_setpoint__type_support.cpp.o\n'}
[490.979726] (-) TimerEvent: {}
[491.036834] (px4_msgs) StdoutLine: {'line': b'[ 87%] Building CXX object CMakeFiles/px4_msgs__rosidl_typesupport_fastrtps_cpp.dir/rosidl_typesupport_fastrtps_cpp/px4_msgs/msg/detail/dds_fastrtps/sensor_uwb__type_support.cpp.o\n'}
[491.079823] (-) TimerEvent: {}
[491.179995] (-) TimerEvent: {}
[491.202742] (px4_msgs) StdoutLine: {'line': b'[ 87%] Building CXX object CMakeFiles/px4_msgs__rosidl_typesupport_fastrtps_cpp.dir/rosidl_typesupport_fastrtps_cpp/px4_msgs/msg/detail/dds_fastrtps/sensors_status__type_support.cpp.o\n'}
[491.220544] (px4_msgs) StdoutLine: {'line': b'[ 87%] Building CXX object CMakeFiles/px4_msgs__rosidl_typesupport_fastrtps_cpp.dir/rosidl_typesupport_fastrtps_cpp/px4_msgs/msg/detail/dds_fastrtps/sensors_status_imu__type_support.cpp.o\n'}
[491.241346] (px4_msgs) StdoutLine: {'line': b'[ 87%] Building CXX object CMakeFiles/px4_msgs__rosidl_typesupport_fastrtps_cpp.dir/rosidl_typesupport_fastrtps_cpp/px4_msgs/msg/detail/dds_fastrtps/system_power__type_support.cpp.o\n'}
[491.280095] (-) TimerEvent: {}
[491.380276] (-) TimerEvent: {}
[491.483742] (-) TimerEvent: {}
[491.583943] (-) TimerEvent: {}
[491.684108] (-) TimerEvent: {}
[491.713751] (px4_msgs) StdoutLine: {'line': b'[ 87%] Building CXX object CMakeFiles/px4_msgs__rosidl_typesupport_fastrtps_cpp.dir/rosidl_typesupport_fastrtps_cpp/px4_msgs/msg/detail/dds_fastrtps/rc_parameter_map__type_support.cpp.o\n'}
[491.721769] (px4_msgs) StdoutLine: {'line': b'[ 87%] Building CXX object CMakeFiles/px4_msgs__rosidl_typesupport_fastrtps_cpp.dir/rosidl_typesupport_fastrtps_cpp/px4_msgs/msg/detail/dds_fastrtps/takeoff_status__type_support.cpp.o\n'}
[491.784213] (-) TimerEvent: {}
[491.890724] (-) TimerEvent: {}
[491.893318] (px4_msgs) StdoutLine: {'line': b'[ 87%] Building CXX object CMakeFiles/px4_msgs__rosidl_typesupport_fastrtps_cpp.dir/rosidl_typesupport_fastrtps_cpp/px4_msgs/msg/detail/dds_fastrtps/task_stack_info__type_support.cpp.o\n'}
[491.990824] (-) TimerEvent: {}
[491.997492] (px4_msgs) StdoutLine: {'line': b'[ 87%] Building CXX object CMakeFiles/px4_msgs__rosidl_typesupport_fastrtps_cpp.dir/rosidl_typesupport_fastrtps_cpp/px4_msgs/msg/detail/dds_fastrtps/tecs_status__type_support.cpp.o\n'}
[492.090243] (px4_msgs) StdoutLine: {'line': b'[ 87%] Building CXX object CMakeFiles/px4_msgs__rosidl_typesupport_fastrtps_cpp.dir/rosidl_typesupport_fastrtps_cpp/px4_msgs/msg/detail/dds_fastrtps/telemetry_status__type_support.cpp.o\n'}
[492.090892] (-) TimerEvent: {}
[492.184675] (px4_msgs) StdoutLine: {'line': b'[ 88%] Building CXX object CMakeFiles/px4_msgs__rosidl_typesupport_fastrtps_cpp.dir/rosidl_typesupport_fastrtps_cpp/px4_msgs/msg/detail/dds_fastrtps/tiltrotor_extra_controls__type_support.cpp.o\n'}
[492.191001] (-) TimerEvent: {}
[492.291196] (-) TimerEvent: {}
[492.391383] (-) TimerEvent: {}
[492.491570] (-) TimerEvent: {}
[492.591732] (-) TimerEvent: {}
[492.684452] (px4_msgs) StdoutLine: {'line': b'[ 88%] Building CXX object CMakeFiles/px4_msgs__rosidl_typesupport_fastrtps_cpp.dir/rosidl_typesupport_fastrtps_cpp/px4_msgs/msg/detail/dds_fastrtps/timesync_status__type_support.cpp.o\n'}
[492.685838] (px4_msgs) StdoutLine: {'line': b'[ 88%] Building CXX object CMakeFiles/px4_msgs__rosidl_typesupport_fastrtps_cpp.dir/rosidl_typesupport_fastrtps_cpp/px4_msgs/msg/detail/dds_fastrtps/radio_status__type_support.cpp.o\n'}
[492.691830] (-) TimerEvent: {}
[492.734803] (px4_msgs) StdoutLine: {'line': b'[ 88%] Building CXX object CMakeFiles/px4_msgs__rosidl_typesupport_fastrtps_cpp.dir/rosidl_typesupport_fastrtps_cpp/px4_msgs/msg/detail/dds_fastrtps/trajectory_setpoint__type_support.cpp.o\n'}
[492.791929] (-) TimerEvent: {}
[492.841923] (px4_msgs) StdoutLine: {'line': b'[ 88%] Building CXX object CMakeFiles/px4_msgs__rosidl_typesupport_fastrtps_cpp.dir/rosidl_typesupport_fastrtps_cpp/px4_msgs/msg/detail/dds_fastrtps/trajectory_setpoint6dof__type_support.cpp.o\n'}
[492.892023] (-) TimerEvent: {}
[492.992730] (-) TimerEvent: {}
[493.092914] (-) TimerEvent: {}
[493.100776] (px4_msgs) StdoutLine: {'line': b'[ 88%] Building CXX object CMakeFiles/px4_msgs__rosidl_typesupport_fastrtps_cpp.dir/rosidl_typesupport_fastrtps_cpp/px4_msgs/msg/detail/dds_fastrtps/transponder_report__type_support.cpp.o\n'}
[493.193023] (-) TimerEvent: {}
[493.293729] (-) TimerEvent: {}
[493.314734] (px4_msgs) StdoutLine: {'line': b'[ 88%] Building CXX object CMakeFiles/px4_msgs__rosidl_typesupport_fastrtps_cpp.dir/rosidl_typesupport_fastrtps_cpp/px4_msgs/msg/detail/dds_fastrtps/tune_control__type_support.cpp.o\n'}
[493.320692] (px4_msgs) StdoutLine: {'line': b'[ 88%] Building CXX object CMakeFiles/px4_msgs__rosidl_typesupport_fastrtps_cpp.dir/rosidl_typesupport_fastrtps_cpp/px4_msgs/msg/detail/dds_fastrtps/uavcan_parameter_request__type_support.cpp.o\n'}
[493.393825] (-) TimerEvent: {}
[493.494010] (-) TimerEvent: {}
[493.594198] (-) TimerEvent: {}
[493.694375] (-) TimerEvent: {}
[493.751620] (px4_msgs) StdoutLine: {'line': b'[ 88%] Building CXX object CMakeFiles/px4_msgs__rosidl_typesupport_fastrtps_cpp.dir/rosidl_typesupport_fastrtps_cpp/px4_msgs/msg/detail/dds_fastrtps/uavcan_parameter_value__type_support.cpp.o\n'}
[493.760642] (px4_msgs) StdoutLine: {'line': b'[ 88%] Building CXX object CMakeFiles/px4_msgs__rosidl_typesupport_fastrtps_cpp.dir/rosidl_typesupport_fastrtps_cpp/px4_msgs/msg/detail/dds_fastrtps/ulog_stream__type_support.cpp.o\n'}
[493.794478] (-) TimerEvent: {}
[493.895724] (-) TimerEvent: {}
[493.977127] (px4_msgs) StdoutLine: {'line': b'[ 88%] Building CXX object CMakeFiles/px4_msgs__rosidl_typesupport_fastrtps_cpp.dir/rosidl_typesupport_fastrtps_cpp/px4_msgs/msg/detail/dds_fastrtps/ulog_stream_ack__type_support.cpp.o\n'}
[493.996733] (-) TimerEvent: {}
[494.091955] (px4_msgs) StdoutLine: {'line': b'[ 88%] Building CXX object CMakeFiles/px4_msgs__rosidl_typesupport_fastrtps_cpp.dir/rosidl_typesupport_fastrtps_cpp/px4_msgs/msg/detail/dds_fastrtps/unregister_ext_component__type_support.cpp.o\n'}
[494.096827] (-) TimerEvent: {}
[494.141584] (px4_msgs) StdoutLine: {'line': b'[ 88%] Building CXX object CMakeFiles/px4_msgs__rosidl_typesupport_fastrtps_cpp.dir/rosidl_typesupport_fastrtps_cpp/px4_msgs/msg/detail/dds_fastrtps/vehicle_acceleration__type_support.cpp.o\n'}
[494.199727] (-) TimerEvent: {}
[494.299903] (-) TimerEvent: {}
[494.400726] (-) TimerEvent: {}
[494.500900] (-) TimerEvent: {}
[494.602734] (-) TimerEvent: {}
[494.705728] (-) TimerEvent: {}
[494.808727] (-) TimerEvent: {}
[494.908914] (-) TimerEvent: {}
[495.009101] (-) TimerEvent: {}
[495.109285] (-) TimerEvent: {}
[495.181431] (px4_msgs) StdoutLine: {'line': b'[ 88%] Building CXX object CMakeFiles/px4_msgs__rosidl_typesupport_fastrtps_cpp.dir/rosidl_typesupport_fastrtps_cpp/px4_msgs/msg/detail/dds_fastrtps/vehicle_command_ack__type_support.cpp.o\n'}
[495.209376] (-) TimerEvent: {}
[495.309545] (-) TimerEvent: {}
[495.409722] (-) TimerEvent: {}
[495.509899] (-) TimerEvent: {}
[495.572911] (px4_msgs) StdoutLine: {'line': b'[ 88%] Building CXX object CMakeFiles/px4_msgs__rosidl_typesupport_fastrtps_cpp.dir/rosidl_typesupport_fastrtps_cpp/px4_msgs/msg/detail/dds_fastrtps/vehicle_constraints__type_support.cpp.o\n'}
[495.610006] (-) TimerEvent: {}
[495.710191] (-) TimerEvent: {}
[495.810362] (-) TimerEvent: {}
[495.910535] (-) TimerEvent: {}
[495.963187] (px4_msgs) StdoutLine: {'line': b'[ 88%] Building CXX object CMakeFiles/px4_msgs__rosidl_typesupport_fastrtps_cpp.dir/rosidl_typesupport_fastrtps_cpp/px4_msgs/msg/detail/dds_fastrtps/vehicle_control_mode__type_support.cpp.o\n'}
[496.010635] (-) TimerEvent: {}
[496.110812] (-) TimerEvent: {}
[496.210983] (-) TimerEvent: {}
[496.311149] (-) TimerEvent: {}
[496.368541] (px4_msgs) StdoutLine: {'line': b'[ 88%] Building CXX object CMakeFiles/px4_msgs__rosidl_typesupport_fastrtps_cpp.dir/rosidl_typesupport_fastrtps_cpp/px4_msgs/msg/detail/dds_fastrtps/vehicle_global_position__type_support.cpp.o\n'}
[496.411264] (-) TimerEvent: {}
[496.511438] (-) TimerEvent: {}
[496.611613] (-) TimerEvent: {}
[496.711761] (-) TimerEvent: {}
[496.778973] (px4_msgs) StdoutLine: {'line': b'[ 88%] Building CXX object CMakeFiles/px4_msgs__rosidl_typesupport_fastrtps_cpp.dir/rosidl_typesupport_fastrtps_cpp/px4_msgs/msg/detail/dds_fastrtps/vehicle_imu__type_support.cpp.o\n'}
[496.811875] (-) TimerEvent: {}
[496.912043] (-) TimerEvent: {}
[497.014722] (-) TimerEvent: {}
[497.114924] (-) TimerEvent: {}
[497.201145] (px4_msgs) StdoutLine: {'line': b'[ 88%] Building CXX object CMakeFiles/px4_msgs__rosidl_typesupport_fastrtps_cpp.dir/rosidl_typesupport_fastrtps_cpp/px4_msgs/msg/detail/dds_fastrtps/vehicle_imu_status__type_support.cpp.o\n'}
[497.215035] (-) TimerEvent: {}
[497.315200] (-) TimerEvent: {}
[497.415368] (-) TimerEvent: {}
[497.515553] (-) TimerEvent: {}
[497.615728] (-) TimerEvent: {}
[497.633003] (px4_msgs) StdoutLine: {'line': b'[ 89%] Building CXX object CMakeFiles/px4_msgs__rosidl_typesupport_fastrtps_cpp.dir/rosidl_typesupport_fastrtps_cpp/px4_msgs/msg/detail/dds_fastrtps/vehicle_land_detected__type_support.cpp.o\n'}
[497.715847] (-) TimerEvent: {}
[497.816020] (-) TimerEvent: {}
[497.916195] (-) TimerEvent: {}
[498.016366] (-) TimerEvent: {}
[498.016649] (px4_msgs) StdoutLine: {'line': b'[ 89%] Building CXX object CMakeFiles/px4_msgs__rosidl_typesupport_fastrtps_cpp.dir/rosidl_typesupport_fastrtps_cpp/px4_msgs/msg/detail/dds_fastrtps/vehicle_local_position__type_support.cpp.o\n'}
[498.116481] (-) TimerEvent: {}
[498.216651] (-) TimerEvent: {}
[498.316831] (-) TimerEvent: {}
[498.416998] (-) TimerEvent: {}
[498.452897] (px4_msgs) StdoutLine: {'line': b'[ 89%] Building CXX object CMakeFiles/px4_msgs__rosidl_typesupport_fastrtps_cpp.dir/rosidl_typesupport_fastrtps_cpp/px4_msgs/msg/detail/dds_fastrtps/vehicle_local_position_setpoint__type_support.cpp.o\n'}
[498.517110] (-) TimerEvent: {}
[498.617277] (-) TimerEvent: {}
[498.717451] (-) TimerEvent: {}
[498.817620] (-) TimerEvent: {}
[498.845723] (px4_msgs) StdoutLine: {'line': b'[ 89%] Building CXX object CMakeFiles/px4_msgs__rosidl_typesupport_fastrtps_cpp.dir/rosidl_typesupport_fastrtps_cpp/px4_msgs/msg/detail/dds_fastrtps/vehicle_magnetometer__type_support.cpp.o\n'}
[498.917740] (-) TimerEvent: {}
[499.017924] (-) TimerEvent: {}
[499.118099] (-) TimerEvent: {}
[499.218273] (-) TimerEvent: {}
[499.236484] (px4_msgs) StdoutLine: {'line': b'[ 89%] Building CXX object CMakeFiles/px4_msgs__rosidl_typesupport_fastrtps_cpp.dir/rosidl_typesupport_fastrtps_cpp/px4_msgs/msg/detail/dds_fastrtps/vehicle_odometry__type_support.cpp.o\n'}
[499.236624] (px4_msgs) StdoutLine: {'line': b'[ 89%] Building CXX object CMakeFiles/px4_msgs__rosidl_typesupport_fastrtps_cpp.dir/rosidl_typesupport_fastrtps_cpp/px4_msgs/msg/detail/dds_fastrtps/vehicle_command__type_support.cpp.o\n'}
[499.318373] (-) TimerEvent: {}
[499.418549] (-) TimerEvent: {}
[499.518735] (-) TimerEvent: {}
[499.618905] (-) TimerEvent: {}
[499.663883] (px4_msgs) StdoutLine: {'line': b'[ 89%] Building CXX object CMakeFiles/px4_msgs__rosidl_typesupport_fastrtps_cpp.dir/rosidl_typesupport_fastrtps_cpp/px4_msgs/msg/detail/dds_fastrtps/vehicle_attitude__type_support.cpp.o\n'}
[499.664110] (px4_msgs) StdoutLine: {'line': b'[ 89%] Building CXX object CMakeFiles/px4_msgs__rosidl_typesupport_fastrtps_cpp.dir/rosidl_typesupport_fastrtps_cpp/px4_msgs/msg/detail/dds_fastrtps/vehicle_optical_flow__type_support.cpp.o\n'}
[499.666318] (px4_msgs) StdoutLine: {'line': b'[ 89%] Building CXX object CMakeFiles/px4_msgs__rosidl_typesupport_fastrtps_cpp.dir/rosidl_typesupport_fastrtps_cpp/px4_msgs/msg/detail/dds_fastrtps/vehicle_attitude_setpoint__type_support.cpp.o\n'}
[499.719009] (-) TimerEvent: {}
[499.819179] (-) TimerEvent: {}
[499.919354] (-) TimerEvent: {}
[500.019534] (-) TimerEvent: {}
[500.111806] (px4_msgs) StdoutLine: {'line': b'[ 89%] Building CXX object CMakeFiles/px4_msgs__rosidl_typesupport_fastrtps_cpp.dir/rosidl_typesupport_fastrtps_cpp/px4_msgs/msg/detail/dds_fastrtps/vehicle_rates_setpoint__type_support.cpp.o\n'}
[500.119648] (-) TimerEvent: {}
[500.219870] (-) TimerEvent: {}
[500.320051] (-) TimerEvent: {}
[500.336019] (px4_msgs) StdoutLine: {'line': b'[ 89%] Building CXX object CMakeFiles/px4_msgs__rosidl_typesupport_fastrtps_cpp.dir/rosidl_typesupport_fastrtps_cpp/px4_msgs/msg/detail/dds_fastrtps/vehicle_roi__type_support.cpp.o\n'}
[500.349227] (px4_msgs) StdoutLine: {'line': b'[ 89%] Building CXX object CMakeFiles/px4_msgs__rosidl_typesupport_fastrtps_cpp.dir/rosidl_typesupport_fastrtps_cpp/px4_msgs/msg/detail/dds_fastrtps/vehicle_status__type_support.cpp.o\n'}
[500.420159] (-) TimerEvent: {}
[500.520348] (-) TimerEvent: {}
[500.565060] (px4_msgs) StdoutLine: {'line': b'[ 89%] Building CXX object CMakeFiles/px4_msgs__rosidl_typesupport_fastrtps_cpp.dir/rosidl_typesupport_fastrtps_cpp/px4_msgs/msg/detail/dds_fastrtps/vehicle_thrust_setpoint__type_support.cpp.o\n'}
[500.575340] (px4_msgs) StdoutLine: {'line': b'[ 89%] Building CXX object CMakeFiles/px4_msgs__rosidl_typesupport_fastrtps_cpp.dir/rosidl_typesupport_fastrtps_cpp/px4_msgs/msg/detail/dds_fastrtps/vehicle_optical_flow_vel__type_support.cpp.o\n'}
[500.620445] (-) TimerEvent: {}
[500.722755] (-) TimerEvent: {}
[500.822936] (-) TimerEvent: {}
[500.923127] (-) TimerEvent: {}
[500.929085] (px4_msgs) StdoutLine: {'line': b'[ 89%] Building CXX object CMakeFiles/px4_msgs__rosidl_typesupport_fastrtps_cpp.dir/rosidl_typesupport_fastrtps_cpp/px4_msgs/msg/detail/dds_fastrtps/vehicle_torque_setpoint__type_support.cpp.o\n'}
[501.025727] (-) TimerEvent: {}
[501.125913] (-) TimerEvent: {}
[501.141923] (px4_msgs) StdoutLine: {'line': b'[ 89%] Building CXX object CMakeFiles/px4_msgs__rosidl_typesupport_fastrtps_cpp.dir/rosidl_typesupport_fastrtps_cpp/px4_msgs/msg/detail/dds_fastrtps/velocity_limits__type_support.cpp.o\n'}
[501.226018] (-) TimerEvent: {}
[501.326198] (-) TimerEvent: {}
[501.362438] (px4_msgs) StdoutLine: {'line': b'[ 89%] Building CXX object CMakeFiles/px4_msgs__rosidl_typesupport_fastrtps_cpp.dir/rosidl_typesupport_fastrtps_cpp/px4_msgs/msg/detail/dds_fastrtps/vtol_vehicle_status__type_support.cpp.o\n'}
[501.420849] (px4_msgs) StdoutLine: {'line': b'[ 89%] Building CXX object CMakeFiles/px4_msgs__rosidl_typesupport_fastrtps_cpp.dir/rosidl_typesupport_fastrtps_cpp/px4_msgs/msg/detail/dds_fastrtps/wheel_encoders__type_support.cpp.o\n'}
[501.426299] (-) TimerEvent: {}
[501.526481] (-) TimerEvent: {}
[501.614296] (px4_msgs) StdoutLine: {'line': b'[ 89%] Building CXX object CMakeFiles/px4_msgs__rosidl_typesupport_fastrtps_cpp.dir/rosidl_typesupport_fastrtps_cpp/px4_msgs/msg/detail/dds_fastrtps/vehicle_angular_velocity__type_support.cpp.o\n'}
[501.626019] (px4_msgs) StdoutLine: {'line': b'[ 89%] Building CXX object CMakeFiles/px4_msgs__rosidl_typesupport_fastrtps_cpp.dir/rosidl_typesupport_fastrtps_cpp/px4_msgs/msg/detail/dds_fastrtps/wind__type_support.cpp.o\n'}
[501.626989] (-) TimerEvent: {}
[501.727137] (-) TimerEvent: {}
[501.827318] (-) TimerEvent: {}
[501.834040] (px4_msgs) StdoutLine: {'line': b'[ 89%] Building CXX object CMakeFiles/px4_msgs__rosidl_typesupport_fastrtps_cpp.dir/rosidl_typesupport_fastrtps_cpp/px4_msgs/msg/detail/dds_fastrtps/yaw_estimator_status__type_support.cpp.o\n'}
[501.927420] (-) TimerEvent: {}
[502.028732] (-) TimerEvent: {}
[502.078338] (px4_msgs) StdoutLine: {'line': b'[ 89%] Building CXX object CMakeFiles/px4_msgs__rosidl_typesupport_fastrtps_cpp.dir/rosidl_typesupport_fastrtps_cpp/px4_msgs/srv/detail/dds_fastrtps/vehicle_command__type_support.cpp.o\n'}
[502.128849] (-) TimerEvent: {}
[502.229048] (-) TimerEvent: {}
[502.331730] (-) TimerEvent: {}
[502.431918] (-) TimerEvent: {}
[502.479517] (px4_msgs) StdoutLine: {'line': b'[ 89%] Building CXX object CMakeFiles/px4_msgs__rosidl_typesupport_fastrtps_cpp.dir/rosidl_typesupport_fastrtps_cpp/px4_msgs/msg/detail/dds_fastrtps/vehicle_air_data__type_support.cpp.o\n'}
[502.483722] (px4_msgs) StdoutLine: {'line': b'[ 89%] Building CXX object CMakeFiles/px4_msgs__rosidl_typesupport_fastrtps_cpp.dir/rosidl_typesupport_fastrtps_cpp/px4_msgs/msg/detail/dds_fastrtps/vehicle_angular_acceleration_setpoint__type_support.cpp.o\n'}
[502.532015] (-) TimerEvent: {}
[502.632192] (-) TimerEvent: {}
[502.732363] (-) TimerEvent: {}
[502.832551] (-) TimerEvent: {}
[502.932736] (-) TimerEvent: {}
[503.034727] (-) TimerEvent: {}
[503.134915] (-) TimerEvent: {}
[503.235224] (-) TimerEvent: {}
[503.310368] (px4_msgs) StdoutLine: {'line': b'[ 89%] Linking CXX shared library libpx4_msgs__rosidl_typesupport_fastrtps_cpp.so\n'}
[503.335331] (-) TimerEvent: {}
[503.435509] (-) TimerEvent: {}
[503.481040] (px4_msgs) StdoutLine: {'line': b'[ 89%] Built target px4_msgs__rosidl_typesupport_fastrtps_cpp\n'}
[503.501530] (px4_msgs) StdoutLine: {'line': b'[ 89%] Built target px4_msgs\n'}
[503.532065] (px4_msgs) StdoutLine: {'line': b'[ 89%] Generating Python code for ROS interfaces\n'}
[503.535629] (-) TimerEvent: {}
[503.635779] (-) TimerEvent: {}
[503.735922] (-) TimerEvent: {}
[503.836065] (-) TimerEvent: {}
[503.936233] (-) TimerEvent: {}
[504.036389] (-) TimerEvent: {}
[504.136536] (-) TimerEvent: {}
[504.236689] (-) TimerEvent: {}
[504.336813] (-) TimerEvent: {}
[504.436937] (-) TimerEvent: {}
[504.537076] (-) TimerEvent: {}
[504.637222] (-) TimerEvent: {}
[504.737372] (-) TimerEvent: {}
[504.837526] (-) TimerEvent: {}
[504.937685] (-) TimerEvent: {}
[505.037810] (-) TimerEvent: {}
[505.137951] (-) TimerEvent: {}
[505.238098] (-) TimerEvent: {}
[505.338252] (-) TimerEvent: {}
[505.438396] (-) TimerEvent: {}
[505.538555] (-) TimerEvent: {}
[505.638716] (-) TimerEvent: {}
[505.738839] (-) TimerEvent: {}
[505.838993] (-) TimerEvent: {}
[505.939148] (-) TimerEvent: {}
[506.039297] (-) TimerEvent: {}
[506.139458] (-) TimerEvent: {}
[506.239590] (-) TimerEvent: {}
[506.339728] (-) TimerEvent: {}
[506.439865] (-) TimerEvent: {}
[506.540024] (-) TimerEvent: {}
[506.640177] (-) TimerEvent: {}
[506.740332] (-) TimerEvent: {}
[506.840493] (-) TimerEvent: {}
[506.940645] (-) TimerEvent: {}
[507.040782] (-) TimerEvent: {}
[507.140930] (-) TimerEvent: {}
[507.241087] (-) TimerEvent: {}
[507.341246] (-) TimerEvent: {}
[507.441398] (-) TimerEvent: {}
[507.541552] (-) TimerEvent: {}
[507.641709] (-) TimerEvent: {}
[507.741841] (-) TimerEvent: {}
[507.841998] (-) TimerEvent: {}
[507.942174] (-) TimerEvent: {}
[508.042341] (-) TimerEvent: {}
[508.142493] (-) TimerEvent: {}
[508.242619] (-) TimerEvent: {}
[508.342701] (-) TimerEvent: {}
[508.442821] (-) TimerEvent: {}
[508.542942] (-) TimerEvent: {}
[508.643093] (-) TimerEvent: {}
[508.743238] (-) TimerEvent: {}
[508.843384] (-) TimerEvent: {}
[508.943540] (-) TimerEvent: {}
[509.043696] (-) TimerEvent: {}
[509.143825] (-) TimerEvent: {}
[509.243961] (-) TimerEvent: {}
[509.344115] (-) TimerEvent: {}
[509.445712] (-) TimerEvent: {}
[509.545870] (-) TimerEvent: {}
[509.646003] (-) TimerEvent: {}
[509.746135] (-) TimerEvent: {}
[509.846279] (-) TimerEvent: {}
[509.946420] (-) TimerEvent: {}
[510.046559] (-) TimerEvent: {}
[510.146702] (-) TimerEvent: {}
[510.246830] (-) TimerEvent: {}
[510.346962] (-) TimerEvent: {}
[510.447105] (-) TimerEvent: {}
[510.547249] (-) TimerEvent: {}
[510.647390] (-) TimerEvent: {}
[510.747530] (-) TimerEvent: {}
[510.847664] (-) TimerEvent: {}
[510.947805] (-) TimerEvent: {}
[511.047942] (-) TimerEvent: {}
[511.148084] (-) TimerEvent: {}
[511.248223] (-) TimerEvent: {}
[511.348365] (-) TimerEvent: {}
[511.448502] (-) TimerEvent: {}
[511.548635] (-) TimerEvent: {}
[511.648774] (-) TimerEvent: {}
[511.748911] (-) TimerEvent: {}
[511.849051] (-) TimerEvent: {}
[511.949193] (-) TimerEvent: {}
[512.049339] (-) TimerEvent: {}
[512.149487] (-) TimerEvent: {}
[512.249625] (-) TimerEvent: {}
[512.349795] (-) TimerEvent: {}
[512.449942] (-) TimerEvent: {}
[512.550092] (-) TimerEvent: {}
[512.650253] (-) TimerEvent: {}
[512.750402] (-) TimerEvent: {}
[512.850549] (-) TimerEvent: {}
[512.950704] (-) TimerEvent: {}
[513.050856] (-) TimerEvent: {}
[513.151004] (-) TimerEvent: {}
[513.251153] (-) TimerEvent: {}
[513.351301] (-) TimerEvent: {}
[513.451455] (-) TimerEvent: {}
[513.551600] (-) TimerEvent: {}
[513.651750] (-) TimerEvent: {}
[513.751896] (-) TimerEvent: {}
[513.852046] (-) TimerEvent: {}
[513.952196] (-) TimerEvent: {}
[514.052350] (-) TimerEvent: {}
[514.152514] (-) TimerEvent: {}
[514.252681] (-) TimerEvent: {}
[514.352831] (-) TimerEvent: {}
[514.452980] (-) TimerEvent: {}
[514.553130] (-) TimerEvent: {}
[514.653279] (-) TimerEvent: {}
[514.753425] (-) TimerEvent: {}
[514.853578] (-) TimerEvent: {}
[514.953736] (-) TimerEvent: {}
[515.053884] (-) TimerEvent: {}
[515.154029] (-) TimerEvent: {}
[515.254189] (-) TimerEvent: {}
[515.354343] (-) TimerEvent: {}
[515.454498] (-) TimerEvent: {}
[515.554647] (-) TimerEvent: {}
[515.654775] (-) TimerEvent: {}
[515.754930] (-) TimerEvent: {}
[515.855079] (-) TimerEvent: {}
[515.955227] (-) TimerEvent: {}
[516.055367] (-) TimerEvent: {}
[516.155526] (-) TimerEvent: {}
[516.255684] (-) TimerEvent: {}
[516.355832] (-) TimerEvent: {}
[516.455981] (-) TimerEvent: {}
[516.556135] (-) TimerEvent: {}
[516.656289] (-) TimerEvent: {}
[516.756440] (-) TimerEvent: {}
[516.856592] (-) TimerEvent: {}
[516.956755] (-) TimerEvent: {}
[517.056916] (-) TimerEvent: {}
[517.157069] (-) TimerEvent: {}
[517.257221] (-) TimerEvent: {}
[517.357372] (-) TimerEvent: {}
[517.457525] (-) TimerEvent: {}
[517.557685] (-) TimerEvent: {}
[517.657838] (-) TimerEvent: {}
[517.757992] (-) TimerEvent: {}
[517.858123] (-) TimerEvent: {}
[517.958285] (-) TimerEvent: {}
[518.058433] (-) TimerEvent: {}
[518.158583] (-) TimerEvent: {}
[518.258725] (-) TimerEvent: {}
[518.358872] (-) TimerEvent: {}
[518.459025] (-) TimerEvent: {}
[518.559179] (-) TimerEvent: {}
[518.659330] (-) TimerEvent: {}
[518.759487] (-) TimerEvent: {}
[518.859624] (-) TimerEvent: {}
[518.959764] (-) TimerEvent: {}
[519.059886] (-) TimerEvent: {}
[519.160045] (-) TimerEvent: {}
[519.260194] (-) TimerEvent: {}
[519.360347] (-) TimerEvent: {}
[519.460494] (-) TimerEvent: {}
[519.560648] (-) TimerEvent: {}
[519.660786] (-) TimerEvent: {}
[519.760934] (-) TimerEvent: {}
[519.861087] (-) TimerEvent: {}
[519.961256] (-) TimerEvent: {}
[520.061420] (-) TimerEvent: {}
[520.161574] (-) TimerEvent: {}
[520.261734] (-) TimerEvent: {}
[520.361880] (-) TimerEvent: {}
[520.462019] (-) TimerEvent: {}
[520.562166] (-) TimerEvent: {}
[520.662318] (-) TimerEvent: {}
[520.762467] (-) TimerEvent: {}
[520.862619] (-) TimerEvent: {}
[520.962745] (-) TimerEvent: {}
[521.062873] (-) TimerEvent: {}
[521.163025] (-) TimerEvent: {}
[521.263178] (-) TimerEvent: {}
[521.363333] (-) TimerEvent: {}
[521.463493] (-) TimerEvent: {}
[521.563659] (-) TimerEvent: {}
[521.663811] (-) TimerEvent: {}
[521.763960] (-) TimerEvent: {}
[521.864117] (-) TimerEvent: {}
[521.964272] (-) TimerEvent: {}
[522.064423] (-) TimerEvent: {}
[522.164574] (-) TimerEvent: {}
[522.264727] (-) TimerEvent: {}
[522.364854] (-) TimerEvent: {}
[522.465007] (-) TimerEvent: {}
[522.565710] (-) TimerEvent: {}
[522.665861] (-) TimerEvent: {}
[522.766011] (-) TimerEvent: {}
[522.866156] (-) TimerEvent: {}
[522.966304] (-) TimerEvent: {}
[523.066460] (-) TimerEvent: {}
[523.166621] (-) TimerEvent: {}
[523.266743] (-) TimerEvent: {}
[523.366868] (-) TimerEvent: {}
[523.467018] (-) TimerEvent: {}
[523.567172] (-) TimerEvent: {}
[523.667320] (-) TimerEvent: {}
[523.767472] (-) TimerEvent: {}
[523.867630] (-) TimerEvent: {}
[523.967785] (-) TimerEvent: {}
[524.067931] (-) TimerEvent: {}
[524.168080] (-) TimerEvent: {}
[524.268229] (-) TimerEvent: {}
[524.368379] (-) TimerEvent: {}
[524.468524] (-) TimerEvent: {}
[524.568683] (-) TimerEvent: {}
[524.668812] (-) TimerEvent: {}
[524.768966] (-) TimerEvent: {}
[524.869116] (-) TimerEvent: {}
[524.969267] (-) TimerEvent: {}
[525.069416] (-) TimerEvent: {}
[525.169571] (-) TimerEvent: {}
[525.269720] (-) TimerEvent: {}
[525.369865] (-) TimerEvent: {}
[525.470015] (-) TimerEvent: {}
[525.570165] (-) TimerEvent: {}
[525.670320] (-) TimerEvent: {}
[525.770473] (-) TimerEvent: {}
[525.870620] (-) TimerEvent: {}
[525.970743] (-) TimerEvent: {}
[526.070864] (-) TimerEvent: {}
[526.171015] (-) TimerEvent: {}
[526.271176] (-) TimerEvent: {}
[526.371339] (-) TimerEvent: {}
[526.471487] (-) TimerEvent: {}
[526.571640] (-) TimerEvent: {}
[526.671778] (-) TimerEvent: {}
[526.771904] (-) TimerEvent: {}
[526.872057] (-) TimerEvent: {}
[526.972205] (-) TimerEvent: {}
[527.072355] (-) TimerEvent: {}
[527.172505] (-) TimerEvent: {}
[527.272652] (-) TimerEvent: {}
[527.372783] (-) TimerEvent: {}
[527.472929] (-) TimerEvent: {}
[527.573077] (-) TimerEvent: {}
[527.673225] (-) TimerEvent: {}
[527.773376] (-) TimerEvent: {}
[527.873526] (-) TimerEvent: {}
[527.973678] (-) TimerEvent: {}
[528.073846] (-) TimerEvent: {}
[528.173995] (-) TimerEvent: {}
[528.274142] (-) TimerEvent: {}
[528.374290] (-) TimerEvent: {}
[528.474440] (-) TimerEvent: {}
[528.574588] (-) TimerEvent: {}
[528.674728] (-) TimerEvent: {}
[528.774851] (-) TimerEvent: {}
[528.874999] (-) TimerEvent: {}
[528.975149] (-) TimerEvent: {}
[529.075712] (-) TimerEvent: {}
[529.175869] (-) TimerEvent: {}
[529.276020] (-) TimerEvent: {}
[529.376171] (-) TimerEvent: {}
[529.476316] (-) TimerEvent: {}
[529.576468] (-) TimerEvent: {}
[529.676619] (-) TimerEvent: {}
[529.776748] (-) TimerEvent: {}
[529.876875] (-) TimerEvent: {}
[529.977029] (-) TimerEvent: {}
[530.077184] (-) TimerEvent: {}
[530.177329] (-) TimerEvent: {}
[530.277475] (-) TimerEvent: {}
[530.377639] (-) TimerEvent: {}
[530.477781] (-) TimerEvent: {}
[530.577931] (-) TimerEvent: {}
[530.678077] (-) TimerEvent: {}
[530.778201] (-) TimerEvent: {}
[530.878349] (-) TimerEvent: {}
[530.978499] (-) TimerEvent: {}
[531.078651] (-) TimerEvent: {}
[531.178782] (-) TimerEvent: {}
[531.278902] (-) TimerEvent: {}
[531.379054] (-) TimerEvent: {}
[531.479203] (-) TimerEvent: {}
[531.579355] (-) TimerEvent: {}
[531.679507] (-) TimerEvent: {}
[531.779654] (-) TimerEvent: {}
[531.879817] (-) TimerEvent: {}
[531.979977] (-) TimerEvent: {}
[532.080130] (-) TimerEvent: {}
[532.180277] (-) TimerEvent: {}
[532.280425] (-) TimerEvent: {}
[532.380570] (-) TimerEvent: {}
[532.480723] (-) TimerEvent: {}
[532.580857] (-) TimerEvent: {}
[532.681004] (-) TimerEvent: {}
[532.781159] (-) TimerEvent: {}
[532.881327] (-) TimerEvent: {}
[532.981453] (-) TimerEvent: {}
[533.081580] (-) TimerEvent: {}
[533.181703] (-) TimerEvent: {}
[533.281826] (-) TimerEvent: {}
[533.381974] (-) TimerEvent: {}
[533.482124] (-) TimerEvent: {}
[533.582268] (-) TimerEvent: {}
[533.682422] (-) TimerEvent: {}
[533.782570] (-) TimerEvent: {}
[533.882723] (-) TimerEvent: {}
[533.982849] (-) TimerEvent: {}
[534.084745] (-) TimerEvent: {}
[534.184884] (-) TimerEvent: {}
[534.285005] (-) TimerEvent: {}
[534.385154] (-) TimerEvent: {}
[534.485297] (-) TimerEvent: {}
[534.585443] (-) TimerEvent: {}
[534.685596] (-) TimerEvent: {}
[534.785742] (-) TimerEvent: {}
[534.885887] (-) TimerEvent: {}
[534.986030] (-) TimerEvent: {}
[535.086177] (-) TimerEvent: {}
[535.186322] (-) TimerEvent: {}
[535.286459] (-) TimerEvent: {}
[535.386603] (-) TimerEvent: {}
[535.486752] (-) TimerEvent: {}
[535.586896] (-) TimerEvent: {}
[535.687033] (-) TimerEvent: {}
[535.787175] (-) TimerEvent: {}
[535.887321] (-) TimerEvent: {}
[535.987466] (-) TimerEvent: {}
[536.087613] (-) TimerEvent: {}
[536.187764] (-) TimerEvent: {}
[536.287911] (-) TimerEvent: {}
[536.388052] (-) TimerEvent: {}
[536.488197] (-) TimerEvent: {}
[536.588334] (-) TimerEvent: {}
[536.688478] (-) TimerEvent: {}
[536.788624] (-) TimerEvent: {}
[536.888764] (-) TimerEvent: {}
[536.988929] (-) TimerEvent: {}
[537.089080] (-) TimerEvent: {}
[537.189216] (-) TimerEvent: {}
[537.289404] (-) TimerEvent: {}
[537.389561] (-) TimerEvent: {}
[537.489726] (-) TimerEvent: {}
[537.589884] (-) TimerEvent: {}
[537.690044] (-) TimerEvent: {}
[537.790210] (-) TimerEvent: {}
[537.890347] (-) TimerEvent: {}
[537.990522] (-) TimerEvent: {}
[538.090664] (-) TimerEvent: {}
[538.190846] (-) TimerEvent: {}
[538.291707] (-) TimerEvent: {}
[538.391878] (-) TimerEvent: {}
[538.492022] (-) TimerEvent: {}
[538.592177] (-) TimerEvent: {}
[538.692307] (-) TimerEvent: {}
[538.792462] (-) TimerEvent: {}
[538.892587] (-) TimerEvent: {}
[538.992734] (-) TimerEvent: {}
[539.092864] (-) TimerEvent: {}
[539.193022] (-) TimerEvent: {}
[539.293168] (-) TimerEvent: {}
[539.393323] (-) TimerEvent: {}
[539.493475] (-) TimerEvent: {}
[539.593633] (-) TimerEvent: {}
[539.693735] (-) TimerEvent: {}
[539.793872] (-) TimerEvent: {}
[539.894025] (-) TimerEvent: {}
[539.994183] (-) TimerEvent: {}
[540.094336] (-) TimerEvent: {}
[540.194490] (-) TimerEvent: {}
[540.294642] (-) TimerEvent: {}
[540.394787] (-) TimerEvent: {}
[540.494932] (-) TimerEvent: {}
[540.595087] (-) TimerEvent: {}
[540.695233] (-) TimerEvent: {}
[540.795708] (-) TimerEvent: {}
[540.896087] (-) TimerEvent: {}
[540.996257] (-) TimerEvent: {}
[541.096411] (-) TimerEvent: {}
[541.196580] (-) TimerEvent: {}
[541.296727] (-) TimerEvent: {}
[541.396855] (-) TimerEvent: {}
[541.497003] (-) TimerEvent: {}
[541.597133] (-) TimerEvent: {}
[541.697285] (-) TimerEvent: {}
[541.797443] (-) TimerEvent: {}
[541.897596] (-) TimerEvent: {}
[541.997734] (-) TimerEvent: {}
[542.097896] (-) TimerEvent: {}
[542.198048] (-) TimerEvent: {}
[542.298204] (-) TimerEvent: {}
[542.398361] (-) TimerEvent: {}
[542.498520] (-) TimerEvent: {}
[542.598681] (-) TimerEvent: {}
[542.698837] (-) TimerEvent: {}
[542.799004] (-) TimerEvent: {}
[542.899164] (-) TimerEvent: {}
[542.999306] (-) TimerEvent: {}
[543.099470] (-) TimerEvent: {}
[543.199627] (-) TimerEvent: {}
[543.299787] (-) TimerEvent: {}
[543.399943] (-) TimerEvent: {}
[543.500093] (-) TimerEvent: {}
[543.600248] (-) TimerEvent: {}
[543.700398] (-) TimerEvent: {}
[543.800554] (-) TimerEvent: {}
[543.900711] (-) TimerEvent: {}
[544.000862] (-) TimerEvent: {}
[544.101037] (-) TimerEvent: {}
[544.201194] (-) TimerEvent: {}
[544.301345] (-) TimerEvent: {}
[544.401505] (-) TimerEvent: {}
[544.501665] (-) TimerEvent: {}
[544.601827] (-) TimerEvent: {}
[544.701990] (-) TimerEvent: {}
[544.802154] (-) TimerEvent: {}
[544.902310] (-) TimerEvent: {}
[545.002449] (-) TimerEvent: {}
[545.102611] (-) TimerEvent: {}
[545.202772] (-) TimerEvent: {}
[545.302926] (-) TimerEvent: {}
[545.403083] (-) TimerEvent: {}
[545.511713] (-) TimerEvent: {}
[545.611893] (-) TimerEvent: {}
[545.712051] (-) TimerEvent: {}
[545.812225] (-) TimerEvent: {}
[545.912379] (-) TimerEvent: {}
[546.012519] (-) TimerEvent: {}
[546.112687] (-) TimerEvent: {}
[546.212846] (-) TimerEvent: {}
[546.313000] (-) TimerEvent: {}
[546.413158] (-) TimerEvent: {}
[546.513312] (-) TimerEvent: {}
[546.613469] (-) TimerEvent: {}
[546.713622] (-) TimerEvent: {}
[546.813783] (-) TimerEvent: {}
[546.913941] (-) TimerEvent: {}
[547.014102] (-) TimerEvent: {}
[547.114258] (-) TimerEvent: {}
[547.214415] (-) TimerEvent: {}
[547.314573] (-) TimerEvent: {}
[547.414725] (-) TimerEvent: {}
[547.514876] (-) TimerEvent: {}
[547.615033] (-) TimerEvent: {}
[547.715202] (-) TimerEvent: {}
[547.815365] (-) TimerEvent: {}
[547.915523] (-) TimerEvent: {}
[548.015665] (-) TimerEvent: {}
[548.115842] (-) TimerEvent: {}
[548.215996] (-) TimerEvent: {}
[548.316151] (-) TimerEvent: {}
[548.416310] (-) TimerEvent: {}
[548.516465] (-) TimerEvent: {}
[548.616622] (-) TimerEvent: {}
[548.716782] (-) TimerEvent: {}
[548.816931] (-) TimerEvent: {}
[548.917088] (-) TimerEvent: {}
[549.017229] (-) TimerEvent: {}
[549.117373] (-) TimerEvent: {}
[549.217523] (-) TimerEvent: {}
[549.317679] (-) TimerEvent: {}
[549.417826] (-) TimerEvent: {}
[549.517969] (-) TimerEvent: {}
[549.618119] (-) TimerEvent: {}
[549.718282] (-) TimerEvent: {}
[549.818443] (-) TimerEvent: {}
[549.918595] (-) TimerEvent: {}
[550.018719] (-) TimerEvent: {}
[550.118847] (-) TimerEvent: {}
[550.218991] (-) TimerEvent: {}
[550.319144] (-) TimerEvent: {}
[550.419296] (-) TimerEvent: {}
[550.519446] (-) TimerEvent: {}
[550.619599] (-) TimerEvent: {}
[550.719727] (-) TimerEvent: {}
[550.819861] (-) TimerEvent: {}
[550.920006] (-) TimerEvent: {}
[551.020161] (-) TimerEvent: {}
[551.120323] (-) TimerEvent: {}
[551.220482] (-) TimerEvent: {}
[551.320635] (-) TimerEvent: {}
[551.420723] (-) TimerEvent: {}
[551.520853] (-) TimerEvent: {}
[551.621002] (-) TimerEvent: {}
[551.721153] (-) TimerEvent: {}
[551.821304] (-) TimerEvent: {}
[551.921456] (-) TimerEvent: {}
[552.021610] (-) TimerEvent: {}
[552.121725] (-) TimerEvent: {}
[552.221853] (-) TimerEvent: {}
[552.321998] (-) TimerEvent: {}
[552.422169] (-) TimerEvent: {}
[552.522334] (-) TimerEvent: {}
[552.622487] (-) TimerEvent: {}
[552.722642] (-) TimerEvent: {}
[552.822778] (-) TimerEvent: {}
[552.922927] (-) TimerEvent: {}
[553.023086] (-) TimerEvent: {}
[553.123240] (-) TimerEvent: {}
[553.224714] (-) TimerEvent: {}
[553.324890] (-) TimerEvent: {}
[553.425056] (-) TimerEvent: {}
[553.525221] (-) TimerEvent: {}
[553.625376] (-) TimerEvent: {}
[553.725538] (-) TimerEvent: {}
[553.825696] (-) TimerEvent: {}
[553.925828] (-) TimerEvent: {}
[554.025989] (-) TimerEvent: {}
[554.126146] (-) TimerEvent: {}
[554.226304] (-) TimerEvent: {}
[554.326457] (-) TimerEvent: {}
[554.426611] (-) TimerEvent: {}
[554.526765] (-) TimerEvent: {}
[554.626893] (-) TimerEvent: {}
[554.727040] (-) TimerEvent: {}
[554.827193] (-) TimerEvent: {}
[554.927348] (-) TimerEvent: {}
[555.027503] (-) TimerEvent: {}
[555.127658] (-) TimerEvent: {}
[555.227819] (-) TimerEvent: {}
[555.327971] (-) TimerEvent: {}
[555.428130] (-) TimerEvent: {}
[555.528304] (-) TimerEvent: {}
[555.628463] (-) TimerEvent: {}
[555.728611] (-) TimerEvent: {}
[555.828771] (-) TimerEvent: {}
[555.928912] (-) TimerEvent: {}
[556.031711] (-) TimerEvent: {}
[556.131887] (-) TimerEvent: {}
[556.232039] (-) TimerEvent: {}
[556.332194] (-) TimerEvent: {}
[556.432348] (-) TimerEvent: {}
[556.532500] (-) TimerEvent: {}
[556.632633] (-) TimerEvent: {}
[556.732787] (-) TimerEvent: {}
[556.832930] (-) TimerEvent: {}
[556.933075] (-) TimerEvent: {}
[557.033227] (-) TimerEvent: {}
[557.133376] (-) TimerEvent: {}
[557.233517] (-) TimerEvent: {}
[557.333656] (-) TimerEvent: {}
[557.433813] (-) TimerEvent: {}
[557.533956] (-) TimerEvent: {}
[557.634101] (-) TimerEvent: {}
[557.734243] (-) TimerEvent: {}
[557.834388] (-) TimerEvent: {}
[557.934532] (-) TimerEvent: {}
[558.036708] (-) TimerEvent: {}
[558.136868] (-) TimerEvent: {}
[558.237011] (-) TimerEvent: {}
[558.337159] (-) TimerEvent: {}
[558.437301] (-) TimerEvent: {}
[558.537446] (-) TimerEvent: {}
[558.637589] (-) TimerEvent: {}
[558.737707] (-) TimerEvent: {}
[558.837851] (-) TimerEvent: {}
[558.937996] (-) TimerEvent: {}
[559.038139] (-) TimerEvent: {}
[559.138284] (-) TimerEvent: {}
[559.238427] (-) TimerEvent: {}
[559.338571] (-) TimerEvent: {}
[559.438713] (-) TimerEvent: {}
[559.538857] (-) TimerEvent: {}
[559.638998] (-) TimerEvent: {}
[559.739139] (-) TimerEvent: {}
[559.839281] (-) TimerEvent: {}
[559.939422] (-) TimerEvent: {}
[560.039566] (-) TimerEvent: {}
[560.139705] (-) TimerEvent: {}
[560.239847] (-) TimerEvent: {}
[560.339990] (-) TimerEvent: {}
[560.440138] (-) TimerEvent: {}
[560.540280] (-) TimerEvent: {}
[560.640428] (-) TimerEvent: {}
[560.740566] (-) TimerEvent: {}
[560.840705] (-) TimerEvent: {}
[560.940843] (-) TimerEvent: {}
[561.040982] (-) TimerEvent: {}
[561.141124] (-) TimerEvent: {}
[561.241262] (-) TimerEvent: {}
[561.341409] (-) TimerEvent: {}
[561.441567] (-) TimerEvent: {}
[561.541719] (-) TimerEvent: {}
[561.641856] (-) TimerEvent: {}
[561.742003] (-) TimerEvent: {}
[561.842146] (-) TimerEvent: {}
[561.942290] (-) TimerEvent: {}
[562.042436] (-) TimerEvent: {}
[562.142577] (-) TimerEvent: {}
[562.242717] (-) TimerEvent: {}
[562.342858] (-) TimerEvent: {}
[562.443712] (-) TimerEvent: {}
[562.543869] (-) TimerEvent: {}
[562.644012] (-) TimerEvent: {}
[562.744154] (-) TimerEvent: {}
[562.844300] (-) TimerEvent: {}
[562.944449] (-) TimerEvent: {}
[563.044590] (-) TimerEvent: {}
[563.144705] (-) TimerEvent: {}
[563.244842] (-) TimerEvent: {}
[563.344985] (-) TimerEvent: {}
[563.445124] (-) TimerEvent: {}
[563.545265] (-) TimerEvent: {}
[563.645400] (-) TimerEvent: {}
[563.745540] (-) TimerEvent: {}
[563.845700] (-) TimerEvent: {}
[563.945850] (-) TimerEvent: {}
[564.045989] (-) TimerEvent: {}
[564.146130] (-) TimerEvent: {}
[564.246275] (-) TimerEvent: {}
[564.346419] (-) TimerEvent: {}
[564.446557] (-) TimerEvent: {}
[564.546729] (-) TimerEvent: {}
[564.646886] (-) TimerEvent: {}
[564.747022] (-) TimerEvent: {}
[564.847157] (-) TimerEvent: {}
[564.947297] (-) TimerEvent: {}
[565.047452] (-) TimerEvent: {}
[565.147634] (-) TimerEvent: {}
[565.247804] (-) TimerEvent: {}
[565.347961] (-) TimerEvent: {}
[565.448119] (-) TimerEvent: {}
[565.548274] (-) TimerEvent: {}
[565.648434] (-) TimerEvent: {}
[565.748590] (-) TimerEvent: {}
[565.848755] (-) TimerEvent: {}
[565.948922] (-) TimerEvent: {}
[566.049086] (-) TimerEvent: {}
[566.149241] (-) TimerEvent: {}
[566.249413] (-) TimerEvent: {}
[566.349579] (-) TimerEvent: {}
[566.449740] (-) TimerEvent: {}
[566.549883] (-) TimerEvent: {}
[566.650011] (-) TimerEvent: {}
[566.750162] (-) TimerEvent: {}
[566.850326] (-) TimerEvent: {}
[566.950488] (-) TimerEvent: {}
[567.052715] (-) TimerEvent: {}
[567.152890] (-) TimerEvent: {}
[567.253044] (-) TimerEvent: {}
[567.353204] (-) TimerEvent: {}
[567.453358] (-) TimerEvent: {}
[567.553515] (-) TimerEvent: {}
[567.653672] (-) TimerEvent: {}
[567.753841] (-) TimerEvent: {}
[567.854003] (-) TimerEvent: {}
[567.954158] (-) TimerEvent: {}
[568.054312] (-) TimerEvent: {}
[568.154474] (-) TimerEvent: {}
[568.254632] (-) TimerEvent: {}
[568.354800] (-) TimerEvent: {}
[568.454961] (-) TimerEvent: {}
[568.555121] (-) TimerEvent: {}
[568.655282] (-) TimerEvent: {}
[568.755365] (-) TimerEvent: {}
[568.855534] (-) TimerEvent: {}
[568.955714] (-) TimerEvent: {}
[569.055866] (-) TimerEvent: {}
[569.156037] (-) TimerEvent: {}
[569.256191] (-) TimerEvent: {}
[569.356361] (-) TimerEvent: {}
[569.456528] (-) TimerEvent: {}
[569.556685] (-) TimerEvent: {}
[569.656833] (-) TimerEvent: {}
[569.756981] (-) TimerEvent: {}
[569.857130] (-) TimerEvent: {}
[569.957283] (-) TimerEvent: {}
[570.057433] (-) TimerEvent: {}
[570.157585] (-) TimerEvent: {}
[570.257733] (-) TimerEvent: {}
[570.357885] (-) TimerEvent: {}
[570.458037] (-) TimerEvent: {}
[570.558187] (-) TimerEvent: {}
[570.658339] (-) TimerEvent: {}
[570.758491] (-) TimerEvent: {}
[570.858645] (-) TimerEvent: {}
[570.958807] (-) TimerEvent: {}
[571.058956] (-) TimerEvent: {}
[571.159107] (-) TimerEvent: {}
[571.260361] (-) TimerEvent: {}
[571.360633] (-) TimerEvent: {}
[571.461043] (-) TimerEvent: {}
[571.563790] (-) TimerEvent: {}
[571.663958] (-) TimerEvent: {}
[571.765805] (-) TimerEvent: {}
[571.865966] (-) TimerEvent: {}
[571.966140] (-) TimerEvent: {}
[572.066316] (-) TimerEvent: {}
[572.166488] (-) TimerEvent: {}
[572.250059] (px4_msgs) StdoutLine: {'line': b'[ 89%] Built target px4_msgs__py\n'}
[572.266586] (-) TimerEvent: {}
[572.299976] (px4_msgs) StdoutLine: {'line': b'[ 89%] Building C object CMakeFiles/px4_msgs__rosidl_generator_py.dir/rosidl_generator_py/px4_msgs/msg/_action_request_s.c.o\n'}
[572.302844] (px4_msgs) StdoutLine: {'line': b'[ 89%] Building C object CMakeFiles/px4_msgs__rosidl_generator_py.dir/rosidl_generator_py/px4_msgs/msg/_actuator_outputs_s.c.o\n'}
[572.307867] (px4_msgs) StdoutLine: {'line': b'[ 89%] Building C object CMakeFiles/px4_msgs__rosidl_generator_py.dir/rosidl_generator_py/px4_msgs/msg/_actuator_armed_s.c.o\n'}
[572.308139] (px4_msgs) StdoutLine: {'line': b'[ 89%] Building C object CMakeFiles/px4_msgs__rosidl_generator_py.dir/rosidl_generator_py/px4_msgs/msg/_actuator_controls_status_s.c.o\n'}
[572.328251] (px4_msgs) StdoutLine: {'line': b'[ 89%] Building C object CMakeFiles/px4_msgs__rosidl_generator_py.dir/rosidl_generator_py/px4_msgs/msg/_actuator_servos_trim_s.c.o\n'}
[572.328484] (px4_msgs) StdoutLine: {'line': b'[ 89%] Building C object CMakeFiles/px4_msgs__rosidl_generator_py.dir/rosidl_generator_py/px4_msgs/msg/_actuator_servos_s.c.o\n'}
[572.328756] (px4_msgs) StdoutLine: {'line': b'[ 90%] Building C object CMakeFiles/px4_msgs__rosidl_generator_py.dir/rosidl_generator_py/px4_msgs/msg/_actuator_motors_s.c.o\n'}
[572.328903] (px4_msgs) StdoutLine: {'line': b'[ 90%] Building C object CMakeFiles/px4_msgs__rosidl_generator_py.dir/rosidl_generator_py/px4_msgs/msg/_actuator_test_s.c.o\n'}
[572.366767] (-) TimerEvent: {}
[572.466942] (-) TimerEvent: {}
[572.572759] (-) TimerEvent: {}
[572.647823] (px4_msgs) StdoutLine: {'line': b'[ 90%] Building C object CMakeFiles/px4_msgs__rosidl_generator_py.dir/rosidl_generator_py/px4_msgs/msg/_adc_report_s.c.o\n'}
[572.661798] (px4_msgs) StdoutLine: {'line': b'[ 90%] Building C object CMakeFiles/px4_msgs__rosidl_generator_py.dir/rosidl_generator_py/px4_msgs/msg/_airspeed_s.c.o\n'}
[572.667573] (px4_msgs) StdoutLine: {'line': b'[ 90%] Building C object CMakeFiles/px4_msgs__rosidl_generator_py.dir/rosidl_generator_py/px4_msgs/msg/_airspeed_validated_s.c.o\n'}
[572.670586] (px4_msgs) StdoutLine: {'line': b'[ 90%] Building C object CMakeFiles/px4_msgs__rosidl_generator_py.dir/rosidl_generator_py/px4_msgs/msg/_airspeed_wind_s.c.o\n'}
[572.671552] (px4_msgs) StdoutLine: {'line': b'[ 90%] Building C object CMakeFiles/px4_msgs__rosidl_generator_py.dir/rosidl_generator_py/px4_msgs/msg/_arming_check_request_s.c.o\n'}
[572.673776] (-) TimerEvent: {}
[572.675348] (px4_msgs) StdoutLine: {'line': b'[ 90%] Building C object CMakeFiles/px4_msgs__rosidl_generator_py.dir/rosidl_generator_py/px4_msgs/msg/_arming_check_reply_s.c.o\n'}
[572.682565] (px4_msgs) StdoutLine: {'line': b'[ 90%] Building C object CMakeFiles/px4_msgs__rosidl_generator_py.dir/rosidl_generator_py/px4_msgs/msg/_autotune_attitude_control_status_s.c.o\n'}
[572.687922] (px4_msgs) StdoutLine: {'line': b'[ 90%] Building C object CMakeFiles/px4_msgs__rosidl_generator_py.dir/rosidl_generator_py/px4_msgs/msg/_battery_info_s.c.o\n'}
[572.775727] (-) TimerEvent: {}
[572.875898] (-) TimerEvent: {}
[572.964638] (px4_msgs) StdoutLine: {'line': b'[ 90%] Building C object CMakeFiles/px4_msgs__rosidl_generator_py.dir/rosidl_generator_py/px4_msgs/msg/_battery_status_s.c.o\n'}
[572.978723] (-) TimerEvent: {}
[572.980843] (px4_msgs) StdoutLine: {'line': b'[ 90%] Building C object CMakeFiles/px4_msgs__rosidl_generator_py.dir/rosidl_generator_py/px4_msgs/msg/_button_event_s.c.o\n'}
[572.985685] (px4_msgs) StdoutLine: {'line': b'[ 90%] Building C object CMakeFiles/px4_msgs__rosidl_generator_py.dir/rosidl_generator_py/px4_msgs/msg/_camera_capture_s.c.o\n'}
[573.032719] (px4_msgs) StdoutLine: {'line': b'[ 90%] Building C object CMakeFiles/px4_msgs__rosidl_generator_py.dir/rosidl_generator_py/px4_msgs/msg/_camera_status_s.c.o\n'}
[573.037356] (px4_msgs) StdoutLine: {'line': b'[ 90%] Building C object CMakeFiles/px4_msgs__rosidl_generator_py.dir/rosidl_generator_py/px4_msgs/msg/_camera_trigger_s.c.o\n'}
[573.080732] (-) TimerEvent: {}
[573.094257] (px4_msgs) StdoutLine: {'line': b'[ 90%] Building C object CMakeFiles/px4_msgs__rosidl_generator_py.dir/rosidl_generator_py/px4_msgs/msg/_can_interface_status_s.c.o\n'}
[573.118105] (px4_msgs) StdoutLine: {'line': b'[ 90%] Building C object CMakeFiles/px4_msgs__rosidl_generator_py.dir/rosidl_generator_py/px4_msgs/msg/_cellular_status_s.c.o\n'}
[573.130052] (px4_msgs) StdoutLine: {'line': b'[ 90%] Building C object CMakeFiles/px4_msgs__rosidl_generator_py.dir/rosidl_generator_py/px4_msgs/msg/_collision_constraints_s.c.o\n'}
[573.180825] (-) TimerEvent: {}
[573.283728] (-) TimerEvent: {}
[573.295855] (px4_msgs) StdoutLine: {'line': b'[ 90%] Building C object CMakeFiles/px4_msgs__rosidl_generator_py.dir/rosidl_generator_py/px4_msgs/msg/_config_overrides_s.c.o\n'}
[573.377777] (px4_msgs) StdoutLine: {'line': b'[ 90%] Building C object CMakeFiles/px4_msgs__rosidl_generator_py.dir/rosidl_generator_py/px4_msgs/msg/_control_allocator_status_s.c.o\n'}
[573.383828] (-) TimerEvent: {}
[573.385368] (px4_msgs) StdoutLine: {'line': b'[ 90%] Building C object CMakeFiles/px4_msgs__rosidl_generator_py.dir/rosidl_generator_py/px4_msgs/msg/_cpuload_s.c.o\n'}
[573.415334] (px4_msgs) StdoutLine: {'line': b'[ 91%] Building C object CMakeFiles/px4_msgs__rosidl_generator_py.dir/rosidl_generator_py/px4_msgs/msg/_dataman_request_s.c.o\n'}
[573.427114] (px4_msgs) StdoutLine: {'line': b'[ 91%] Building C object CMakeFiles/px4_msgs__rosidl_generator_py.dir/rosidl_generator_py/px4_msgs/msg/_dataman_response_s.c.o\n'}
[573.483911] (px4_msgs) StdoutLine: {'line': b'[ 91%] Building C object CMakeFiles/px4_msgs__rosidl_generator_py.dir/rosidl_generator_py/px4_msgs/msg/_debug_array_s.c.o\n'}
[573.484150] (-) TimerEvent: {}
[573.487404] (px4_msgs) StdoutLine: {'line': b'[ 91%] Building C object CMakeFiles/px4_msgs__rosidl_generator_py.dir/rosidl_generator_py/px4_msgs/msg/_debug_key_value_s.c.o\n'}
[573.514905] (px4_msgs) StdoutLine: {'line': b'[ 91%] Building C object CMakeFiles/px4_msgs__rosidl_generator_py.dir/rosidl_generator_py/px4_msgs/msg/_debug_value_s.c.o\n'}
[573.584453] (-) TimerEvent: {}
[573.591262] (px4_msgs) StdoutLine: {'line': b'[ 91%] Building C object CMakeFiles/px4_msgs__rosidl_generator_py.dir/rosidl_generator_py/px4_msgs/msg/_debug_vect_s.c.o\n'}
[573.658387] (px4_msgs) StdoutLine: {'line': b'[ 91%] Building C object CMakeFiles/px4_msgs__rosidl_generator_py.dir/rosidl_generator_py/px4_msgs/msg/_differential_pressure_s.c.o\n'}
[573.687721] (-) TimerEvent: {}
[573.731810] (px4_msgs) StdoutLine: {'line': b'[ 91%] Building C object CMakeFiles/px4_msgs__rosidl_generator_py.dir/rosidl_generator_py/px4_msgs/msg/_distance_sensor_s.c.o\n'}
[573.762791] (px4_msgs) StdoutLine: {'line': b'[ 91%] Building C object CMakeFiles/px4_msgs__rosidl_generator_py.dir/rosidl_generator_py/px4_msgs/msg/_distance_sensor_mode_change_request_s.c.o\n'}
[573.769821] (px4_msgs) StdoutLine: {'line': b'[ 91%] Building C object CMakeFiles/px4_msgs__rosidl_generator_py.dir/rosidl_generator_py/px4_msgs/msg/_dronecan_node_status_s.c.o\n'}
[573.787822] (-) TimerEvent: {}
[573.799675] (px4_msgs) StdoutLine: {'line': b'[ 91%] Building C object CMakeFiles/px4_msgs__rosidl_generator_py.dir/rosidl_generator_py/px4_msgs/msg/_ekf2_timestamps_s.c.o\n'}
[573.811054] (px4_msgs) StdoutLine: {'line': b'[ 91%] Building C object CMakeFiles/px4_msgs__rosidl_generator_py.dir/rosidl_generator_py/px4_msgs/msg/_esc_report_s.c.o\n'}
[573.887922] (-) TimerEvent: {}
[573.906363] (px4_msgs) StdoutLine: {'line': b'[ 91%] Building C object CMakeFiles/px4_msgs__rosidl_generator_py.dir/rosidl_generator_py/px4_msgs/msg/_esc_status_s.c.o\n'}
[573.988019] (-) TimerEvent: {}
[574.010896] (px4_msgs) StdoutLine: {'line': b'[ 91%] Building C object CMakeFiles/px4_msgs__rosidl_generator_py.dir/rosidl_generator_py/px4_msgs/msg/_estimator_aid_source1d_s.c.o\n'}
[574.073038] (px4_msgs) StdoutLine: {'line': b'[ 91%] Building C object CMakeFiles/px4_msgs__rosidl_generator_py.dir/rosidl_generator_py/px4_msgs/msg/_estimator_aid_source2d_s.c.o\n'}
[574.085826] (px4_msgs) StdoutLine: {'line': b'[ 91%] Building C object CMakeFiles/px4_msgs__rosidl_generator_py.dir/rosidl_generator_py/px4_msgs/msg/_estimator_aid_source3d_s.c.o\n'}
[574.088117] (-) TimerEvent: {}
[574.097721] (px4_msgs) StdoutLine: {'line': b'[ 91%] Building C object CMakeFiles/px4_msgs__rosidl_generator_py.dir/rosidl_generator_py/px4_msgs/msg/_estimator_bias_s.c.o\n'}
[574.178571] (px4_msgs) StdoutLine: {'line': b'[ 91%] Building C object CMakeFiles/px4_msgs__rosidl_generator_py.dir/rosidl_generator_py/px4_msgs/msg/_estimator_bias3d_s.c.o\n'}
[574.188214] (-) TimerEvent: {}
[574.230780] (px4_msgs) StdoutLine: {'line': b'[ 91%] Building C object CMakeFiles/px4_msgs__rosidl_generator_py.dir/rosidl_generator_py/px4_msgs/msg/_estimator_event_flags_s.c.o\n'}
[574.255834] (px4_msgs) StdoutLine: {'line': b'[ 91%] Building C object CMakeFiles/px4_msgs__rosidl_generator_py.dir/rosidl_generator_py/px4_msgs/msg/_estimator_gps_status_s.c.o\n'}
[574.288310] (-) TimerEvent: {}
[574.384720] (px4_msgs) StdoutLine: {'line': b'[ 91%] Building C object CMakeFiles/px4_msgs__rosidl_generator_py.dir/rosidl_generator_py/px4_msgs/msg/_estimator_innovations_s.c.o\n'}
[574.388422] (-) TimerEvent: {}
[574.410897] (px4_msgs) StdoutLine: {'line': b'[ 91%] Building C object CMakeFiles/px4_msgs__rosidl_generator_py.dir/rosidl_generator_py/px4_msgs/msg/_estimator_selector_status_s.c.o\n'}
[574.488526] (-) TimerEvent: {}
[574.489224] (px4_msgs) StdoutLine: {'line': b'[ 91%] Building C object CMakeFiles/px4_msgs__rosidl_generator_py.dir/rosidl_generator_py/px4_msgs/msg/_estimator_sensor_bias_s.c.o\n'}
[574.516723] (px4_msgs) StdoutLine: {'line': b'[ 92%] Building C object CMakeFiles/px4_msgs__rosidl_generator_py.dir/rosidl_generator_py/px4_msgs/msg/_estimator_states_s.c.o\n'}
[574.588625] (-) TimerEvent: {}
[574.629614] (px4_msgs) StdoutLine: {'line': b'[ 92%] Building C object CMakeFiles/px4_msgs__rosidl_generator_py.dir/rosidl_generator_py/px4_msgs/msg/_estimator_status_s.c.o\n'}
[574.654737] (px4_msgs) StdoutLine: {'line': b'[ 92%] Building C object CMakeFiles/px4_msgs__rosidl_generator_py.dir/rosidl_generator_py/px4_msgs/msg/_estimator_status_flags_s.c.o\n'}
[574.688754] (-) TimerEvent: {}
[574.691847] (px4_msgs) StdoutLine: {'line': b'[ 92%] Building C object CMakeFiles/px4_msgs__rosidl_generator_py.dir/rosidl_generator_py/px4_msgs/msg/_event_s.c.o\n'}
[574.728261] (px4_msgs) StdoutLine: {'line': b'[ 92%] Building C object CMakeFiles/px4_msgs__rosidl_generator_py.dir/rosidl_generator_py/px4_msgs/msg/_failsafe_flags_s.c.o\n'}
[574.788851] (-) TimerEvent: {}
[574.889740] (-) TimerEvent: {}
[574.930240] (px4_msgs) StdoutLine: {'line': b'[ 92%] Building C object CMakeFiles/px4_msgs__rosidl_generator_py.dir/rosidl_generator_py/px4_msgs/msg/_failure_detector_status_s.c.o\n'}
[574.989832] (-) TimerEvent: {}
[575.000911] (px4_msgs) StdoutLine: {'line': b'[ 92%] Building C object CMakeFiles/px4_msgs__rosidl_generator_py.dir/rosidl_generator_py/px4_msgs/msg/_figure_eight_status_s.c.o\n'}
[575.001122] (px4_msgs) StdoutLine: {'line': b'[ 92%] Building C object CMakeFiles/px4_msgs__rosidl_generator_py.dir/rosidl_generator_py/px4_msgs/msg/_fixed_wing_lateral_guidance_status_s.c.o\n'}
[575.065764] (px4_msgs) StdoutLine: {'line': b'[ 92%] Building C object CMakeFiles/px4_msgs__rosidl_generator_py.dir/rosidl_generator_py/px4_msgs/msg/_fixed_wing_lateral_setpoint_s.c.o\n'}
[575.076162] (px4_msgs) StdoutLine: {'line': b'[ 92%] Building C object CMakeFiles/px4_msgs__rosidl_generator_py.dir/rosidl_generator_py/px4_msgs/msg/_fixed_wing_lateral_status_s.c.o\n'}
[575.089925] (-) TimerEvent: {}
[575.158709] (px4_msgs) StdoutLine: {'line': b'[ 92%] Building C object CMakeFiles/px4_msgs__rosidl_generator_py.dir/rosidl_generator_py/px4_msgs/msg/_fixed_wing_longitudinal_setpoint_s.c.o\n'}
[575.190023] (-) TimerEvent: {}
[575.248142] (px4_msgs) StdoutLine: {'line': b'[ 92%] Building C object CMakeFiles/px4_msgs__rosidl_generator_py.dir/rosidl_generator_py/px4_msgs/msg/_fixed_wing_runway_control_s.c.o\n'}
[575.290129] (-) TimerEvent: {}
[575.348738] (px4_msgs) StdoutLine: {'line': b'[ 92%] Building C object CMakeFiles/px4_msgs__rosidl_generator_py.dir/rosidl_generator_py/px4_msgs/msg/_flight_phase_estimation_s.c.o\n'}
[575.390223] (-) TimerEvent: {}
[575.401111] (px4_msgs) StdoutLine: {'line': b'[ 92%] Building C object CMakeFiles/px4_msgs__rosidl_generator_py.dir/rosidl_generator_py/px4_msgs/msg/_follow_target_s.c.o\n'}
[575.421685] (px4_msgs) StdoutLine: {'line': b'[ 92%] Building C object CMakeFiles/px4_msgs__rosidl_generator_py.dir/rosidl_generator_py/px4_msgs/msg/_follow_target_estimator_s.c.o\n'}
[575.490977] (-) TimerEvent: {}
[575.513092] (px4_msgs) StdoutLine: {'line': b'[ 92%] Building C object CMakeFiles/px4_msgs__rosidl_generator_py.dir/rosidl_generator_py/px4_msgs/msg/_follow_target_status_s.c.o\n'}
[575.532719] (px4_msgs) StdoutLine: {'line': b'[ 92%] Building C object CMakeFiles/px4_msgs__rosidl_generator_py.dir/rosidl_generator_py/px4_msgs/msg/_fuel_tank_status_s.c.o\n'}
[575.555839] (px4_msgs) StdoutLine: {'line': b'[ 92%] Building C object CMakeFiles/px4_msgs__rosidl_generator_py.dir/rosidl_generator_py/px4_msgs/msg/_generator_status_s.c.o\n'}
[575.568610] (px4_msgs) StdoutLine: {'line': b'[ 92%] Building C object CMakeFiles/px4_msgs__rosidl_generator_py.dir/rosidl_generator_py/px4_msgs/msg/_geofence_result_s.c.o\n'}
[575.593727] (-) TimerEvent: {}
[575.693911] (-) TimerEvent: {}
[575.729345] (px4_msgs) StdoutLine: {'line': b'[ 92%] Building C object CMakeFiles/px4_msgs__rosidl_generator_py.dir/rosidl_generator_py/px4_msgs/msg/_geofence_status_s.c.o\n'}
[575.794015] (-) TimerEvent: {}
[575.798841] (px4_msgs) StdoutLine: {'line': b'[ 92%] Building C object CMakeFiles/px4_msgs__rosidl_generator_py.dir/rosidl_generator_py/px4_msgs/msg/_gimbal_controls_s.c.o\n'}
[575.832573] (px4_msgs) StdoutLine: {'line': b'[ 92%] Building C object CMakeFiles/px4_msgs__rosidl_generator_py.dir/rosidl_generator_py/px4_msgs/msg/_gimbal_device_attitude_status_s.c.o\n'}
[575.867292] (px4_msgs) StdoutLine: {'line': b'[ 92%] Building C object CMakeFiles/px4_msgs__rosidl_generator_py.dir/rosidl_generator_py/px4_msgs/msg/_gimbal_device_information_s.c.o\n'}
[575.894113] (-) TimerEvent: {}
[575.925976] (px4_msgs) StdoutLine: {'line': b'[ 93%] Building C object CMakeFiles/px4_msgs__rosidl_generator_py.dir/rosidl_generator_py/px4_msgs/msg/_gimbal_manager_information_s.c.o\n'}
[575.926204] (px4_msgs) StdoutLine: {'line': b'[ 93%] Building C object CMakeFiles/px4_msgs__rosidl_generator_py.dir/rosidl_generator_py/px4_msgs/msg/_gimbal_device_set_attitude_s.c.o\n'}
[575.959297] (px4_msgs) StdoutLine: {'line': b'[ 93%] Building C object CMakeFiles/px4_msgs__rosidl_generator_py.dir/rosidl_generator_py/px4_msgs/msg/_gimbal_manager_set_attitude_s.c.o\n'}
[575.994207] (-) TimerEvent: {}
[576.056836] (px4_msgs) StdoutLine: {'line': b'[ 93%] Building C object CMakeFiles/px4_msgs__rosidl_generator_py.dir/rosidl_generator_py/px4_msgs/msg/_gimbal_manager_set_manual_control_s.c.o\n'}
[576.071747] (px4_msgs) StdoutLine: {'line': b'[ 93%] Building C object CMakeFiles/px4_msgs__rosidl_generator_py.dir/rosidl_generator_py/px4_msgs/msg/_gimbal_manager_status_s.c.o\n'}
[576.094309] (-) TimerEvent: {}
[576.197735] (-) TimerEvent: {}
[576.286461] (px4_msgs) StdoutLine: {'line': b'[ 93%] Building C object CMakeFiles/px4_msgs__rosidl_generator_py.dir/rosidl_generator_py/px4_msgs/msg/_goto_setpoint_s.c.o\n'}
[576.299724] (-) TimerEvent: {}
[576.382711] (px4_msgs) StdoutLine: {'line': b'[ 93%] Building C object CMakeFiles/px4_msgs__rosidl_generator_py.dir/rosidl_generator_py/px4_msgs/msg/_gpio_config_s.c.o\n'}
[576.399824] (-) TimerEvent: {}
[576.401895] (px4_msgs) StdoutLine: {'line': b'[ 93%] Building C object CMakeFiles/px4_msgs__rosidl_generator_py.dir/rosidl_generator_py/px4_msgs/msg/_gpio_in_s.c.o\n'}
[576.432119] (px4_msgs) StdoutLine: {'line': b'[ 93%] Building C object CMakeFiles/px4_msgs__rosidl_generator_py.dir/rosidl_generator_py/px4_msgs/msg/_gpio_out_s.c.o\n'}
[576.441842] (px4_msgs) StdoutLine: {'line': b'[ 93%] Building C object CMakeFiles/px4_msgs__rosidl_generator_py.dir/rosidl_generator_py/px4_msgs/msg/_gpio_request_s.c.o\n'}
[576.468779] (px4_msgs) StdoutLine: {'line': b'[ 93%] Building C object CMakeFiles/px4_msgs__rosidl_generator_py.dir/rosidl_generator_py/px4_msgs/msg/_gps_dump_s.c.o\n'}
[576.499925] (-) TimerEvent: {}
[576.521724] (px4_msgs) StdoutLine: {'line': b'[ 93%] Building C object CMakeFiles/px4_msgs__rosidl_generator_py.dir/rosidl_generator_py/px4_msgs/msg/_gps_inject_data_s.c.o\n'}
[576.565146] (px4_msgs) StdoutLine: {'line': b'[ 93%] Building C object CMakeFiles/px4_msgs__rosidl_generator_py.dir/rosidl_generator_py/px4_msgs/msg/_gripper_s.c.o\n'}
[576.600024] (-) TimerEvent: {}
[576.683868] (px4_msgs) StdoutLine: {'line': b'[ 93%] Building C object CMakeFiles/px4_msgs__rosidl_generator_py.dir/rosidl_generator_py/px4_msgs/msg/_health_report_s.c.o\n'}
[576.685061] (px4_msgs) StdoutLine: {'line': b'[ 93%] Building C object CMakeFiles/px4_msgs__rosidl_generator_py.dir/rosidl_generator_py/px4_msgs/msg/_heater_status_s.c.o\n'}
[576.704714] (-) TimerEvent: {}
[576.773083] (px4_msgs) StdoutLine: {'line': b'[ 93%] Building C object CMakeFiles/px4_msgs__rosidl_generator_py.dir/rosidl_generator_py/px4_msgs/msg/_home_position_s.c.o\n'}
[576.804810] (-) TimerEvent: {}
[576.829843] (px4_msgs) StdoutLine: {'line': b'[ 93%] Building C object CMakeFiles/px4_msgs__rosidl_generator_py.dir/rosidl_generator_py/px4_msgs/msg/_hover_thrust_estimate_s.c.o\n'}
[576.856990] (px4_msgs) StdoutLine: {'line': b'[ 93%] Building C object CMakeFiles/px4_msgs__rosidl_generator_py.dir/rosidl_generator_py/px4_msgs/msg/_input_rc_s.c.o\n'}
[576.900843] (px4_msgs) StdoutLine: {'line': b'[ 93%] Building C object CMakeFiles/px4_msgs__rosidl_generator_py.dir/rosidl_generator_py/px4_msgs/msg/_internal_combustion_engine_control_s.c.o\n'}
[576.907741] (-) TimerEvent: {}
[576.963278] (px4_msgs) StdoutLine: {'line': b'[ 93%] Building C object CMakeFiles/px4_msgs__rosidl_generator_py.dir/rosidl_generator_py/px4_msgs/msg/_internal_combustion_engine_status_s.c.o\n'}
[577.008742] (-) TimerEvent: {}
[577.010859] (px4_msgs) StdoutLine: {'line': b'[ 93%] Building C object CMakeFiles/px4_msgs__rosidl_generator_py.dir/rosidl_generator_py/px4_msgs/msg/_iridiumsbd_status_s.c.o\n'}
[577.034746] (px4_msgs) StdoutLine: {'line': b'[ 93%] Building C object CMakeFiles/px4_msgs__rosidl_generator_py.dir/rosidl_generator_py/px4_msgs/msg/_irlock_report_s.c.o\n'}
[577.108847] (-) TimerEvent: {}
[577.187217] (px4_msgs) StdoutLine: {'line': b'[ 93%] Building C object CMakeFiles/px4_msgs__rosidl_generator_py.dir/rosidl_generator_py/px4_msgs/msg/_landing_gear_s.c.o\n'}
[577.211722] (-) TimerEvent: {}
[577.241069] (px4_msgs) StdoutLine: {'line': b'[ 93%] Building C object CMakeFiles/px4_msgs__rosidl_generator_py.dir/rosidl_generator_py/px4_msgs/msg/_landing_gear_wheel_s.c.o\n'}
[577.255847] (px4_msgs) StdoutLine: {'line': b'[ 93%] Building C object CMakeFiles/px4_msgs__rosidl_generator_py.dir/rosidl_generator_py/px4_msgs/msg/_landing_target_innovations_s.c.o\n'}
[577.311820] (-) TimerEvent: {}
[577.325233] (px4_msgs) StdoutLine: {'line': b'[ 94%] Building C object CMakeFiles/px4_msgs__rosidl_generator_py.dir/rosidl_generator_py/px4_msgs/msg/_landing_target_pose_s.c.o\n'}
[577.400839] (px4_msgs) StdoutLine: {'line': b'[ 94%] Building C object CMakeFiles/px4_msgs__rosidl_generator_py.dir/rosidl_generator_py/px4_msgs/msg/_lateral_control_configuration_s.c.o\n'}
[577.411916] (-) TimerEvent: {}
[577.471741] (px4_msgs) StdoutLine: {'line': b'[ 94%] Building C object CMakeFiles/px4_msgs__rosidl_generator_py.dir/rosidl_generator_py/px4_msgs/msg/_launch_detection_status_s.c.o\n'}
[577.478743] (px4_msgs) StdoutLine: {'line': b'[ 94%] Building C object CMakeFiles/px4_msgs__rosidl_generator_py.dir/rosidl_generator_py/px4_msgs/msg/_led_control_s.c.o\n'}
[577.512010] (-) TimerEvent: {}
[577.512305] (px4_msgs) StdoutLine: {'line': b'[ 94%] Building C object CMakeFiles/px4_msgs__rosidl_generator_py.dir/rosidl_generator_py/px4_msgs/msg/_log_message_s.c.o\n'}
[577.546832] (px4_msgs) StdoutLine: {'line': b'[ 94%] Building C object CMakeFiles/px4_msgs__rosidl_generator_py.dir/rosidl_generator_py/px4_msgs/msg/_longitudinal_control_configuration_s.c.o\n'}
[577.548604] (px4_msgs) StdoutLine: {'line': b'[ 94%] Building C object CMakeFiles/px4_msgs__rosidl_generator_py.dir/rosidl_generator_py/px4_msgs/msg/_logger_status_s.c.o\n'}
[577.608921] (px4_msgs) StdoutLine: {'line': b'[ 94%] Building C object CMakeFiles/px4_msgs__rosidl_generator_py.dir/rosidl_generator_py/px4_msgs/msg/_mag_worker_data_s.c.o\n'}
[577.612111] (-) TimerEvent: {}
[577.713721] (-) TimerEvent: {}
[577.786712] (px4_msgs) StdoutLine: {'line': b'[ 94%] Building C object CMakeFiles/px4_msgs__rosidl_generator_py.dir/rosidl_generator_py/px4_msgs/msg/_magnetometer_bias_estimate_s.c.o\n'}
[577.814725] (-) TimerEvent: {}
[577.850057] (px4_msgs) StdoutLine: {'line': b'[ 94%] Building C object CMakeFiles/px4_msgs__rosidl_generator_py.dir/rosidl_generator_py/px4_msgs/msg/_manual_control_setpoint_s.c.o\n'}
[577.881732] (px4_msgs) StdoutLine: {'line': b'[ 94%] Building C object CMakeFiles/px4_msgs__rosidl_generator_py.dir/rosidl_generator_py/px4_msgs/msg/_manual_control_switches_s.c.o\n'}
[577.889883] (px4_msgs) StdoutLine: {'line': b'[ 94%] Building C object CMakeFiles/px4_msgs__rosidl_generator_py.dir/rosidl_generator_py/px4_msgs/msg/_mavlink_log_s.c.o\n'}
[577.892513] (px4_msgs) StdoutLine: {'line': b'[ 94%] Building C object CMakeFiles/px4_msgs__rosidl_generator_py.dir/rosidl_generator_py/px4_msgs/msg/_mavlink_tunnel_s.c.o\n'}
[577.914825] (-) TimerEvent: {}
[577.950857] (px4_msgs) StdoutLine: {'line': b'[ 94%] Building C object CMakeFiles/px4_msgs__rosidl_generator_py.dir/rosidl_generator_py/px4_msgs/msg/_message_format_request_s.c.o\n'}
[577.956843] (px4_msgs) StdoutLine: {'line': b'[ 94%] Building C object CMakeFiles/px4_msgs__rosidl_generator_py.dir/rosidl_generator_py/px4_msgs/msg/_message_format_response_s.c.o\n'}
[578.014919] (-) TimerEvent: {}
[578.115738] (-) TimerEvent: {}
[578.142912] (px4_msgs) StdoutLine: {'line': b'[ 94%] Building C object CMakeFiles/px4_msgs__rosidl_generator_py.dir/rosidl_generator_py/px4_msgs/msg/_mission_s.c.o\n'}
[578.215836] (-) TimerEvent: {}
[578.255143] (px4_msgs) StdoutLine: {'line': b'[ 94%] Building C object CMakeFiles/px4_msgs__rosidl_generator_py.dir/rosidl_generator_py/px4_msgs/msg/_mission_result_s.c.o\n'}
[578.315720] (px4_msgs) StdoutLine: {'line': b'[ 94%] Building C object CMakeFiles/px4_msgs__rosidl_generator_py.dir/rosidl_generator_py/px4_msgs/msg/_mode_completed_s.c.o\n'}
[578.315951] (-) TimerEvent: {}
[578.320729] (px4_msgs) StdoutLine: {'line': b'[ 94%] Building C object CMakeFiles/px4_msgs__rosidl_generator_py.dir/rosidl_generator_py/px4_msgs/msg/_mount_orientation_s.c.o\n'}
[578.368880] (px4_msgs) StdoutLine: {'line': b'[ 94%] Building C object CMakeFiles/px4_msgs__rosidl_generator_py.dir/rosidl_generator_py/px4_msgs/msg/_navigator_mission_item_s.c.o\n'}
[578.410851] (px4_msgs) StdoutLine: {'line': b'[ 94%] Building C object CMakeFiles/px4_msgs__rosidl_generator_py.dir/rosidl_generator_py/px4_msgs/msg/_navigator_status_s.c.o\n'}
[578.416055] (-) TimerEvent: {}
[578.423660] (px4_msgs) StdoutLine: {'line': b'[ 94%] Building C object CMakeFiles/px4_msgs__rosidl_generator_py.dir/rosidl_generator_py/px4_msgs/msg/_neural_control_s.c.o\n'}
[578.514141] (px4_msgs) StdoutLine: {'line': b'[ 94%] Building C object CMakeFiles/px4_msgs__rosidl_generator_py.dir/rosidl_generator_py/px4_msgs/msg/_normalized_unsigned_setpoint_s.c.o\n'}
[578.516139] (-) TimerEvent: {}
[578.618705] (px4_msgs) StdoutLine: {'line': b'[ 94%] Building C object CMakeFiles/px4_msgs__rosidl_generator_py.dir/rosidl_generator_py/px4_msgs/msg/_obstacle_distance_s.c.o\n'}
[578.618925] (-) TimerEvent: {}
[578.642427] (px4_msgs) StdoutLine: {'line': b'[ 95%] Building C object CMakeFiles/px4_msgs__rosidl_generator_py.dir/rosidl_generator_py/px4_msgs/msg/_offboard_control_mode_s.c.o\n'}
[578.692726] (px4_msgs) StdoutLine: {'line': b'[ 95%] Building C object CMakeFiles/px4_msgs__rosidl_generator_py.dir/rosidl_generator_py/px4_msgs/msg/_onboard_computer_status_s.c.o\n'}
[578.719043] (-) TimerEvent: {}
[578.737720] (px4_msgs) StdoutLine: {'line': b'[ 95%] Building C object CMakeFiles/px4_msgs__rosidl_generator_py.dir/rosidl_generator_py/px4_msgs/msg/_open_drone_id_arm_status_s.c.o\n'}
[578.744718] (px4_msgs) StdoutLine: {'line': b'[ 95%] Building C object CMakeFiles/px4_msgs__rosidl_generator_py.dir/rosidl_generator_py/px4_msgs/msg/_open_drone_id_operator_id_s.c.o\n'}
[578.819141] (-) TimerEvent: {}
[578.823976] (px4_msgs) StdoutLine: {'line': b'[ 95%] Building C object CMakeFiles/px4_msgs__rosidl_generator_py.dir/rosidl_generator_py/px4_msgs/msg/_open_drone_id_self_id_s.c.o\n'}
[578.848661] (px4_msgs) StdoutLine: {'line': b'[ 95%] Building C object CMakeFiles/px4_msgs__rosidl_generator_py.dir/rosidl_generator_py/px4_msgs/msg/_open_drone_id_system_s.c.o\n'}
[578.919242] (-) TimerEvent: {}
[578.941471] (px4_msgs) StdoutLine: {'line': b'[ 95%] Building C object CMakeFiles/px4_msgs__rosidl_generator_py.dir/rosidl_generator_py/px4_msgs/msg/_orb_test_s.c.o\n'}
[579.019339] (-) TimerEvent: {}
[579.064443] (px4_msgs) StdoutLine: {'line': b'[ 95%] Building C object CMakeFiles/px4_msgs__rosidl_generator_py.dir/rosidl_generator_py/px4_msgs/msg/_orb_test_large_s.c.o\n'}
[579.071145] (px4_msgs) StdoutLine: {'line': b'[ 95%] Building C object CMakeFiles/px4_msgs__rosidl_generator_py.dir/rosidl_generator_py/px4_msgs/msg/_orb_test_medium_s.c.o\n'}
[579.119436] (-) TimerEvent: {}
[579.178770] (px4_msgs) StdoutLine: {'line': b'[ 95%] Building C object CMakeFiles/px4_msgs__rosidl_generator_py.dir/rosidl_generator_py/px4_msgs/msg/_orbit_status_s.c.o\n'}
[579.209743] (px4_msgs) StdoutLine: {'line': b'[ 95%] Building C object CMakeFiles/px4_msgs__rosidl_generator_py.dir/rosidl_generator_py/px4_msgs/msg/_parameter_reset_request_s.c.o\n'}
[579.219541] (-) TimerEvent: {}
[579.257230] (px4_msgs) StdoutLine: {'line': b'[ 95%] Building C object CMakeFiles/px4_msgs__rosidl_generator_py.dir/rosidl_generator_py/px4_msgs/msg/_parameter_set_used_request_s.c.o\n'}
[579.319641] (-) TimerEvent: {}
[579.322234] (px4_msgs) StdoutLine: {'line': b'[ 95%] Building C object CMakeFiles/px4_msgs__rosidl_generator_py.dir/rosidl_generator_py/px4_msgs/msg/_parameter_set_value_request_s.c.o\n'}
[579.343718] (px4_msgs) StdoutLine: {'line': b'[ 95%] Building C object CMakeFiles/px4_msgs__rosidl_generator_py.dir/rosidl_generator_py/px4_msgs/msg/_parameter_set_value_response_s.c.o\n'}
[579.407287] (px4_msgs) StdoutLine: {'line': b'[ 95%] Building C object CMakeFiles/px4_msgs__rosidl_generator_py.dir/rosidl_generator_py/px4_msgs/msg/_parameter_update_s.c.o\n'}
[579.419728] (-) TimerEvent: {}
[579.441838] (px4_msgs) StdoutLine: {'line': b'[ 95%] Building C object CMakeFiles/px4_msgs__rosidl_generator_py.dir/rosidl_generator_py/px4_msgs/msg/_ping_s.c.o\n'}
[579.456827] (px4_msgs) StdoutLine: {'line': b'[ 95%] Building C object CMakeFiles/px4_msgs__rosidl_generator_py.dir/rosidl_generator_py/px4_msgs/msg/_position_controller_landing_status_s.c.o\n'}
[579.519826] (-) TimerEvent: {}
[579.530933] (px4_msgs) StdoutLine: {'line': b'[ 95%] Building C object CMakeFiles/px4_msgs__rosidl_generator_py.dir/rosidl_generator_py/px4_msgs/msg/_position_controller_status_s.c.o\n'}
[579.619491] (px4_msgs) StdoutLine: {'line': b'[ 95%] Building C object CMakeFiles/px4_msgs__rosidl_generator_py.dir/rosidl_generator_py/px4_msgs/msg/_position_setpoint_s.c.o\n'}
[579.620406] (-) TimerEvent: {}
[579.695434] (px4_msgs) StdoutLine: {'line': b'[ 95%] Building C object CMakeFiles/px4_msgs__rosidl_generator_py.dir/rosidl_generator_py/px4_msgs/msg/_position_setpoint_triplet_s.c.o\n'}
[579.720518] (-) TimerEvent: {}
[579.762716] (px4_msgs) StdoutLine: {'line': b'[ 95%] Building C object CMakeFiles/px4_msgs__rosidl_generator_py.dir/rosidl_generator_py/px4_msgs/msg/_power_button_state_s.c.o\n'}
[579.789553] (px4_msgs) StdoutLine: {'line': b'[ 95%] Building C object CMakeFiles/px4_msgs__rosidl_generator_py.dir/rosidl_generator_py/px4_msgs/msg/_power_monitor_s.c.o\n'}
[579.820620] (-) TimerEvent: {}
[579.837723] (px4_msgs) StdoutLine: {'line': b'[ 95%] Building C object CMakeFiles/px4_msgs__rosidl_generator_py.dir/rosidl_generator_py/px4_msgs/msg/_pps_capture_s.c.o\n'}
[579.880007] (px4_msgs) StdoutLine: {'line': b'[ 95%] Building C object CMakeFiles/px4_msgs__rosidl_generator_py.dir/rosidl_generator_py/px4_msgs/msg/_pure_pursuit_status_s.c.o\n'}
[579.920857] (-) TimerEvent: {}
[579.936180] (px4_msgs) StdoutLine: {'line': b'[ 96%] Building C object CMakeFiles/px4_msgs__rosidl_generator_py.dir/rosidl_generator_py/px4_msgs/msg/_pwm_input_s.c.o\n'}
[579.950836] (px4_msgs) StdoutLine: {'line': b'[ 96%] Building C object CMakeFiles/px4_msgs__rosidl_generator_py.dir/rosidl_generator_py/px4_msgs/msg/_px4io_status_s.c.o\n'}
[580.026720] (-) TimerEvent: {}
[580.128718] (-) TimerEvent: {}
[580.142976] (px4_msgs) StdoutLine: {'line': b'[ 96%] Building C object CMakeFiles/px4_msgs__rosidl_generator_py.dir/rosidl_generator_py/px4_msgs/msg/_qshell_req_s.c.o\n'}
[580.173186] (px4_msgs) StdoutLine: {'line': b'[ 96%] Building C object CMakeFiles/px4_msgs__rosidl_generator_py.dir/rosidl_generator_py/px4_msgs/msg/_qshell_retval_s.c.o\n'}
[580.194821] (px4_msgs) StdoutLine: {'line': b'[ 96%] Building C object CMakeFiles/px4_msgs__rosidl_generator_py.dir/rosidl_generator_py/px4_msgs/msg/_radio_status_s.c.o\n'}
[580.210239] (px4_msgs) StdoutLine: {'line': b'[ 96%] Building C object CMakeFiles/px4_msgs__rosidl_generator_py.dir/rosidl_generator_py/px4_msgs/msg/_rate_ctrl_status_s.c.o\n'}
[580.228821] (-) TimerEvent: {}
[580.247295] (px4_msgs) StdoutLine: {'line': b'[ 96%] Building C object CMakeFiles/px4_msgs__rosidl_generator_py.dir/rosidl_generator_py/px4_msgs/msg/_rc_channels_s.c.o\n'}
[580.282090] (px4_msgs) StdoutLine: {'line': b'[ 96%] Building C object CMakeFiles/px4_msgs__rosidl_generator_py.dir/rosidl_generator_py/px4_msgs/msg/_rc_parameter_map_s.c.o\n'}
[580.328910] (-) TimerEvent: {}
[580.366729] (px4_msgs) StdoutLine: {'line': b'[ 96%] Building C object CMakeFiles/px4_msgs__rosidl_generator_py.dir/rosidl_generator_py/px4_msgs/msg/_register_ext_component_reply_s.c.o\n'}
[580.406385] (px4_msgs) StdoutLine: {'line': b'[ 96%] Building C object CMakeFiles/px4_msgs__rosidl_generator_py.dir/rosidl_generator_py/px4_msgs/msg/_register_ext_component_request_s.c.o\n'}
[580.429006] (-) TimerEvent: {}
[580.527712] (px4_msgs) StdoutLine: {'line': b'[ 96%] Building C object CMakeFiles/px4_msgs__rosidl_generator_py.dir/rosidl_generator_py/px4_msgs/msg/_rover_attitude_setpoint_s.c.o\n'}
[580.529084] (-) TimerEvent: {}
[580.601787] (px4_msgs) StdoutLine: {'line': b'[ 96%] Building C object CMakeFiles/px4_msgs__rosidl_generator_py.dir/rosidl_generator_py/px4_msgs/msg/_rover_attitude_status_s.c.o\n'}
[580.614866] (px4_msgs) StdoutLine: {'line': b'[ 96%] Building C object CMakeFiles/px4_msgs__rosidl_generator_py.dir/rosidl_generator_py/px4_msgs/msg/_rover_position_setpoint_s.c.o\n'}
[580.633750] (-) TimerEvent: {}
[580.694314] (px4_msgs) StdoutLine: {'line': b'[ 96%] Building C object CMakeFiles/px4_msgs__rosidl_generator_py.dir/rosidl_generator_py/px4_msgs/msg/_rover_rate_setpoint_s.c.o\n'}
[580.721658] (px4_msgs) StdoutLine: {'line': b'[ 96%] Building C object CMakeFiles/px4_msgs__rosidl_generator_py.dir/rosidl_generator_py/px4_msgs/msg/_rover_rate_status_s.c.o\n'}
[580.729833] (px4_msgs) StdoutLine: {'line': b'[ 96%] Building C object CMakeFiles/px4_msgs__rosidl_generator_py.dir/rosidl_generator_py/px4_msgs/msg/_rover_speed_setpoint_s.c.o\n'}
[580.733834] (-) TimerEvent: {}
[580.783837] (px4_msgs) StdoutLine: {'line': b'[ 96%] Building C object CMakeFiles/px4_msgs__rosidl_generator_py.dir/rosidl_generator_py/px4_msgs/msg/_rover_speed_status_s.c.o\n'}
[580.833940] (-) TimerEvent: {}
[580.839708] (px4_msgs) StdoutLine: {'line': b'[ 96%] Building C object CMakeFiles/px4_msgs__rosidl_generator_py.dir/rosidl_generator_py/px4_msgs/msg/_rover_steering_setpoint_s.c.o\n'}
[580.860936] (px4_msgs) StdoutLine: {'line': b'[ 96%] Building C object CMakeFiles/px4_msgs__rosidl_generator_py.dir/rosidl_generator_py/px4_msgs/msg/_rover_throttle_setpoint_s.c.o\n'}
[580.935728] (-) TimerEvent: {}
[580.946065] (px4_msgs) StdoutLine: {'line': b'[ 96%] Building C object CMakeFiles/px4_msgs__rosidl_generator_py.dir/rosidl_generator_py/px4_msgs/msg/_rpm_s.c.o\n'}
[581.014084] (px4_msgs) StdoutLine: {'line': b'[ 96%] Building C object CMakeFiles/px4_msgs__rosidl_generator_py.dir/rosidl_generator_py/px4_msgs/msg/_rtl_status_s.c.o\n'}
[581.035829] (-) TimerEvent: {}
[581.117798] (px4_msgs) StdoutLine: {'line': b'[ 96%] Building C object CMakeFiles/px4_msgs__rosidl_generator_py.dir/rosidl_generator_py/px4_msgs/msg/_rtl_time_estimate_s.c.o\n'}
[581.137732] (-) TimerEvent: {}
[581.144846] (px4_msgs) StdoutLine: {'line': b'[ 96%] Building C object CMakeFiles/px4_msgs__rosidl_generator_py.dir/rosidl_generator_py/px4_msgs/msg/_satellite_info_s.c.o\n'}
[581.158844] (px4_msgs) StdoutLine: {'line': b'[ 96%] Building C object CMakeFiles/px4_msgs__rosidl_generator_py.dir/rosidl_generator_py/px4_msgs/msg/_sensor_accel_s.c.o\n'}
[581.237833] (-) TimerEvent: {}
[581.245722] (px4_msgs) StdoutLine: {'line': b'[ 96%] Building C object CMakeFiles/px4_msgs__rosidl_generator_py.dir/rosidl_generator_py/px4_msgs/msg/_sensor_airflow_s.c.o\n'}
[581.247903] (px4_msgs) StdoutLine: {'line': b'[ 97%] Building C object CMakeFiles/px4_msgs__rosidl_generator_py.dir/rosidl_generator_py/px4_msgs/msg/_sensor_accel_fifo_s.c.o\n'}
[581.262861] (px4_msgs) StdoutLine: {'line': b'[ 97%] Building C object CMakeFiles/px4_msgs__rosidl_generator_py.dir/rosidl_generator_py/px4_msgs/msg/_sensor_baro_s.c.o\n'}
[581.332454] (px4_msgs) StdoutLine: {'line': b'[ 97%] Building C object CMakeFiles/px4_msgs__rosidl_generator_py.dir/rosidl_generator_py/px4_msgs/msg/_sensor_combined_s.c.o\n'}
[581.339628] (-) TimerEvent: {}
[581.414578] (px4_msgs) StdoutLine: {'line': b'[ 97%] Building C object CMakeFiles/px4_msgs__rosidl_generator_py.dir/rosidl_generator_py/px4_msgs/msg/_sensor_correction_s.c.o\n'}
[581.439724] (-) TimerEvent: {}
[581.530721] (px4_msgs) StdoutLine: {'line': b'[ 97%] Building C object CMakeFiles/px4_msgs__rosidl_generator_py.dir/rosidl_generator_py/px4_msgs/msg/_sensor_gnss_relative_s.c.o\n'}
[581.539827] (-) TimerEvent: {}
[581.617770] (px4_msgs) StdoutLine: {'line': b'[ 97%] Building C object CMakeFiles/px4_msgs__rosidl_generator_py.dir/rosidl_generator_py/px4_msgs/msg/_sensor_gnss_status_s.c.o\n'}
[581.627523] (px4_msgs) StdoutLine: {'line': b'[ 97%] Building C object CMakeFiles/px4_msgs__rosidl_generator_py.dir/rosidl_generator_py/px4_msgs/msg/_sensor_gps_s.c.o\n'}
[581.642791] (-) TimerEvent: {}
[581.648841] (px4_msgs) StdoutLine: {'line': b'[ 97%] Building C object CMakeFiles/px4_msgs__rosidl_generator_py.dir/rosidl_generator_py/px4_msgs/msg/_sensor_gyro_s.c.o\n'}
[581.687462] (px4_msgs) StdoutLine: {'line': b'[ 97%] Building C object CMakeFiles/px4_msgs__rosidl_generator_py.dir/rosidl_generator_py/px4_msgs/msg/_sensor_gyro_fft_s.c.o\n'}
[581.736075] (px4_msgs) StdoutLine: {'line': b'[ 97%] Building C object CMakeFiles/px4_msgs__rosidl_generator_py.dir/rosidl_generator_py/px4_msgs/msg/_sensor_gyro_fifo_s.c.o\n'}
[581.742885] (-) TimerEvent: {}
[581.843065] (-) TimerEvent: {}
[581.888454] (px4_msgs) StdoutLine: {'line': b'[ 97%] Building C object CMakeFiles/px4_msgs__rosidl_generator_py.dir/rosidl_generator_py/px4_msgs/msg/_sensor_hygrometer_s.c.o\n'}
[581.943167] (-) TimerEvent: {}
[582.043345] (-) TimerEvent: {}
[582.108827] (px4_msgs) StdoutLine: {'line': b'[ 97%] Building C object CMakeFiles/px4_msgs__rosidl_generator_py.dir/rosidl_generator_py/px4_msgs/msg/_sensor_mag_s.c.o\n'}
[582.144847] (-) TimerEvent: {}
[582.170914] (px4_msgs) StdoutLine: {'line': b'[ 97%] Building C object CMakeFiles/px4_msgs__rosidl_generator_py.dir/rosidl_generator_py/px4_msgs/msg/_sensor_optical_flow_s.c.o\n'}
[582.191429] (px4_msgs) StdoutLine: {'line': b'[ 97%] Building C object CMakeFiles/px4_msgs__rosidl_generator_py.dir/rosidl_generator_py/px4_msgs/msg/_sensor_preflight_mag_s.c.o\n'}
[582.201927] (px4_msgs) StdoutLine: {'line': b'[ 97%] Building C object CMakeFiles/px4_msgs__rosidl_generator_py.dir/rosidl_generator_py/px4_msgs/msg/_sensors_status_s.c.o\n'}
[582.202142] (px4_msgs) StdoutLine: {'line': b'[ 97%] Building C object CMakeFiles/px4_msgs__rosidl_generator_py.dir/rosidl_generator_py/px4_msgs/msg/_sensor_selection_s.c.o\n'}
[582.202263] (px4_msgs) StdoutLine: {'line': b'[ 97%] Building C object CMakeFiles/px4_msgs__rosidl_generator_py.dir/rosidl_generator_py/px4_msgs/msg/_sensor_uwb_s.c.o\n'}
[582.220707] (px4_msgs) StdoutLine: {'line': b'[ 97%] Building C object CMakeFiles/px4_msgs__rosidl_generator_py.dir/rosidl_generator_py/px4_msgs/msg/_sensors_status_imu_s.c.o\n'}
[582.246186] (-) TimerEvent: {}
[582.288440] (px4_msgs) StdoutLine: {'line': b'[ 97%] Building C object CMakeFiles/px4_msgs__rosidl_generator_py.dir/rosidl_generator_py/px4_msgs/msg/_system_power_s.c.o\n'}
[582.346282] (-) TimerEvent: {}
[582.446454] (-) TimerEvent: {}
[582.496095] (px4_msgs) StdoutLine: {'line': b'[ 97%] Building C object CMakeFiles/px4_msgs__rosidl_generator_py.dir/rosidl_generator_py/px4_msgs/msg/_takeoff_status_s.c.o\n'}
[582.550709] (px4_msgs) StdoutLine: {'line': b'[ 97%] Building C object CMakeFiles/px4_msgs__rosidl_generator_py.dir/rosidl_generator_py/px4_msgs/msg/_task_stack_info_s.c.o\n'}
[582.550935] (-) TimerEvent: {}
[582.562386] (px4_msgs) StdoutLine: {'line': b'[ 97%] Building C object CMakeFiles/px4_msgs__rosidl_generator_py.dir/rosidl_generator_py/px4_msgs/msg/_tecs_status_s.c.o\n'}
[582.622838] (px4_msgs) StdoutLine: {'line': b'[ 98%] Building C object CMakeFiles/px4_msgs__rosidl_generator_py.dir/rosidl_generator_py/px4_msgs/msg/_telemetry_status_s.c.o\n'}
[582.651051] (-) TimerEvent: {}
[582.727124] (px4_msgs) StdoutLine: {'line': b'[ 98%] Building C object CMakeFiles/px4_msgs__rosidl_generator_py.dir/rosidl_generator_py/px4_msgs/msg/_tiltrotor_extra_controls_s.c.o\n'}
[582.740833] (px4_msgs) StdoutLine: {'line': b'[ 98%] Building C object CMakeFiles/px4_msgs__rosidl_generator_py.dir/rosidl_generator_py/px4_msgs/msg/_timesync_status_s.c.o\n'}
[582.751149] (-) TimerEvent: {}
[582.766855] (px4_msgs) StdoutLine: {'line': b'[ 98%] Building C object CMakeFiles/px4_msgs__rosidl_generator_py.dir/rosidl_generator_py/px4_msgs/msg/_trajectory_setpoint_s.c.o\n'}
[582.770840] (px4_msgs) StdoutLine: {'line': b'[ 98%] Building C object CMakeFiles/px4_msgs__rosidl_generator_py.dir/rosidl_generator_py/px4_msgs/msg/_trajectory_setpoint6dof_s.c.o\n'}
[582.844736] (px4_msgs) StdoutLine: {'line': b'[ 98%] Building C object CMakeFiles/px4_msgs__rosidl_generator_py.dir/rosidl_generator_py/px4_msgs/msg/_transponder_report_s.c.o\n'}
[582.851734] (-) TimerEvent: {}
[582.934234] (px4_msgs) StdoutLine: {'line': b'[ 98%] Building C object CMakeFiles/px4_msgs__rosidl_generator_py.dir/rosidl_generator_py/px4_msgs/msg/_tune_control_s.c.o\n'}
[582.951829] (-) TimerEvent: {}
[582.957725] (px4_msgs) StdoutLine: {'line': b'[ 98%] Building C object CMakeFiles/px4_msgs__rosidl_generator_py.dir/rosidl_generator_py/px4_msgs/msg/_uavcan_parameter_request_s.c.o\n'}
[583.051928] (-) TimerEvent: {}
[583.107565] (px4_msgs) StdoutLine: {'line': b'[ 98%] Building C object CMakeFiles/px4_msgs__rosidl_generator_py.dir/rosidl_generator_py/px4_msgs/msg/_uavcan_parameter_value_s.c.o\n'}
[583.133675] (px4_msgs) StdoutLine: {'line': b'[ 98%] Building C object CMakeFiles/px4_msgs__rosidl_generator_py.dir/rosidl_generator_py/px4_msgs/msg/_ulog_stream_s.c.o\n'}
[583.147859] (px4_msgs) StdoutLine: {'line': b'[ 98%] Building C object CMakeFiles/px4_msgs__rosidl_generator_py.dir/rosidl_generator_py/px4_msgs/msg/_ulog_stream_ack_s.c.o\n'}
[583.154724] (-) TimerEvent: {}
[583.233730] (px4_msgs) StdoutLine: {'line': b'[ 98%] Building C object CMakeFiles/px4_msgs__rosidl_generator_py.dir/rosidl_generator_py/px4_msgs/msg/_unregister_ext_component_s.c.o\n'}
[583.255720] (px4_msgs) StdoutLine: {'line': b'[ 98%] Building C object CMakeFiles/px4_msgs__rosidl_generator_py.dir/rosidl_generator_py/px4_msgs/msg/_vehicle_acceleration_s.c.o\n'}
[583.255919] (-) TimerEvent: {}
[583.356048] (-) TimerEvent: {}
[583.364044] (px4_msgs) StdoutLine: {'line': b'[ 98%] Building C object CMakeFiles/px4_msgs__rosidl_generator_py.dir/rosidl_generator_py/px4_msgs/msg/_vehicle_air_data_s.c.o\n'}
[583.379842] (px4_msgs) StdoutLine: {'line': b'[ 98%] Building C object CMakeFiles/px4_msgs__rosidl_generator_py.dir/rosidl_generator_py/px4_msgs/msg/_vehicle_angular_acceleration_setpoint_s.c.o\n'}
[583.400637] (px4_msgs) StdoutLine: {'line': b'[ 98%] Building C object CMakeFiles/px4_msgs__rosidl_generator_py.dir/rosidl_generator_py/px4_msgs/msg/_vehicle_angular_velocity_s.c.o\n'}
[583.456148] (-) TimerEvent: {}
[583.477938] (px4_msgs) StdoutLine: {'line': b'[ 98%] Building C object CMakeFiles/px4_msgs__rosidl_generator_py.dir/rosidl_generator_py/px4_msgs/msg/_vehicle_attitude_s.c.o\n'}
[583.547351] (px4_msgs) StdoutLine: {'line': b'[ 98%] Building C object CMakeFiles/px4_msgs__rosidl_generator_py.dir/rosidl_generator_py/px4_msgs/msg/_vehicle_attitude_setpoint_s.c.o\n'}
[583.556251] (-) TimerEvent: {}
[583.603836] (px4_msgs) StdoutLine: {'line': b'[ 98%] Building C object CMakeFiles/px4_msgs__rosidl_generator_py.dir/rosidl_generator_py/px4_msgs/msg/_vehicle_command_s.c.o\n'}
[583.617107] (px4_msgs) StdoutLine: {'line': b'[ 98%] Building C object CMakeFiles/px4_msgs__rosidl_generator_py.dir/rosidl_generator_py/px4_msgs/msg/_vehicle_command_ack_s.c.o\n'}
[583.648725] (px4_msgs) StdoutLine: {'line': b'[ 98%] Building C object CMakeFiles/px4_msgs__rosidl_generator_py.dir/rosidl_generator_py/px4_msgs/msg/_vehicle_constraints_s.c.o\n'}
[583.656563] (-) TimerEvent: {}
[583.736247] (px4_msgs) StdoutLine: {'line': b'[ 98%] Building C object CMakeFiles/px4_msgs__rosidl_generator_py.dir/rosidl_generator_py/px4_msgs/msg/_vehicle_control_mode_s.c.o\n'}
[583.756659] (-) TimerEvent: {}
[583.762714] (px4_msgs) StdoutLine: {'line': b'[ 98%] Building C object CMakeFiles/px4_msgs__rosidl_generator_py.dir/rosidl_generator_py/px4_msgs/msg/_vehicle_global_position_s.c.o\n'}
[583.812699] (px4_msgs) StdoutLine: {'line': b'[ 98%] Building C object CMakeFiles/px4_msgs__rosidl_generator_py.dir/rosidl_generator_py/px4_msgs/msg/_vehicle_imu_s.c.o\n'}
[583.856730] (-) TimerEvent: {}
[583.858490] (px4_msgs) StdoutLine: {'line': b'[ 99%] Building C object CMakeFiles/px4_msgs__rosidl_generator_py.dir/rosidl_generator_py/px4_msgs/msg/_vehicle_imu_status_s.c.o\n'}
[583.936841] (px4_msgs) StdoutLine: {'line': b'[ 99%] Building C object CMakeFiles/px4_msgs__rosidl_generator_py.dir/rosidl_generator_py/px4_msgs/msg/_vehicle_land_detected_s.c.o\n'}
[583.959852] (-) TimerEvent: {}
[584.052712] (px4_msgs) StdoutLine: {'line': b'[ 99%] Building C object CMakeFiles/px4_msgs__rosidl_generator_py.dir/rosidl_generator_py/px4_msgs/msg/_vehicle_local_position_setpoint_s.c.o\n'}
[584.059725] (px4_msgs) StdoutLine: {'line': b'[ 99%] Building C object CMakeFiles/px4_msgs__rosidl_generator_py.dir/rosidl_generator_py/px4_msgs/msg/_vehicle_local_position_s.c.o\n'}
[584.059935] (-) TimerEvent: {}
[584.092725] (px4_msgs) StdoutLine: {'line': b'[ 99%] Building C object CMakeFiles/px4_msgs__rosidl_generator_py.dir/rosidl_generator_py/px4_msgs/msg/_vehicle_magnetometer_s.c.o\n'}
[584.114108] (px4_msgs) StdoutLine: {'line': b'[ 99%] Building C object CMakeFiles/px4_msgs__rosidl_generator_py.dir/rosidl_generator_py/px4_msgs/msg/_vehicle_odometry_s.c.o\n'}
[584.160046] (-) TimerEvent: {}
[584.231725] (px4_msgs) StdoutLine: {'line': b'[ 99%] Building C object CMakeFiles/px4_msgs__rosidl_generator_py.dir/rosidl_generator_py/px4_msgs/msg/_vehicle_optical_flow_s.c.o\n'}
[584.260546] (-) TimerEvent: {}
[584.270595] (px4_msgs) StdoutLine: {'line': b'[ 99%] Building C object CMakeFiles/px4_msgs__rosidl_generator_py.dir/rosidl_generator_py/px4_msgs/msg/_vehicle_optical_flow_vel_s.c.o\n'}
[584.298624] (px4_msgs) StdoutLine: {'line': b'[ 99%] Building C object CMakeFiles/px4_msgs__rosidl_generator_py.dir/rosidl_generator_py/px4_msgs/msg/_vehicle_rates_setpoint_s.c.o\n'}
[584.333590] (px4_msgs) StdoutLine: {'line': b'[ 99%] Building C object CMakeFiles/px4_msgs__rosidl_generator_py.dir/rosidl_generator_py/px4_msgs/msg/_vehicle_roi_s.c.o\n'}
[584.360630] (-) TimerEvent: {}
[584.460940] (-) TimerEvent: {}
[584.500714] (px4_msgs) StdoutLine: {'line': b'[ 99%] Building C object CMakeFiles/px4_msgs__rosidl_generator_py.dir/rosidl_generator_py/px4_msgs/msg/_vehicle_status_s.c.o\n'}
[584.563722] (-) TimerEvent: {}
[584.575762] (px4_msgs) StdoutLine: {'line': b'[ 99%] Building C object CMakeFiles/px4_msgs__rosidl_generator_py.dir/rosidl_generator_py/px4_msgs/msg/_vehicle_thrust_setpoint_s.c.o\n'}
[584.632217] (px4_msgs) StdoutLine: {'line': b'[ 99%] Building C object CMakeFiles/px4_msgs__rosidl_generator_py.dir/rosidl_generator_py/px4_msgs/msg/_vehicle_torque_setpoint_s.c.o\n'}
[584.662187] (px4_msgs) StdoutLine: {'line': b'[ 99%] Building C object CMakeFiles/px4_msgs__rosidl_generator_py.dir/rosidl_generator_py/px4_msgs/msg/_velocity_limits_s.c.o\n'}
[584.667725] (-) TimerEvent: {}
[584.674723] (px4_msgs) StdoutLine: {'line': b'[ 99%] Building C object CMakeFiles/px4_msgs__rosidl_generator_py.dir/rosidl_generator_py/px4_msgs/msg/_vtol_vehicle_status_s.c.o\n'}
[584.719834] (px4_msgs) StdoutLine: {'line': b'[ 99%] Building C object CMakeFiles/px4_msgs__rosidl_generator_py.dir/rosidl_generator_py/px4_msgs/msg/_wheel_encoders_s.c.o\n'}
[584.733747] (px4_msgs) StdoutLine: {'line': b'[ 99%] Building C object CMakeFiles/px4_msgs__rosidl_generator_py.dir/rosidl_generator_py/px4_msgs/msg/_wind_s.c.o\n'}
[584.767822] (-) TimerEvent: {}
[584.809524] (px4_msgs) StdoutLine: {'line': b'[ 99%] Building C object CMakeFiles/px4_msgs__rosidl_generator_py.dir/rosidl_generator_py/px4_msgs/msg/_yaw_estimator_status_s.c.o\n'}
[584.867917] (-) TimerEvent: {}
[584.954340] (px4_msgs) StdoutLine: {'line': b'[ 99%] Building C object CMakeFiles/px4_msgs__rosidl_generator_py.dir/rosidl_generator_py/px4_msgs/srv/_vehicle_command_s.c.o\n'}
[584.968732] (-) TimerEvent: {}
[585.072723] (-) TimerEvent: {}
[585.172907] (-) TimerEvent: {}
[585.273097] (-) TimerEvent: {}
[585.276138] (px4_msgs) StdoutLine: {'line': b'[ 99%] Linking C shared library libpx4_msgs__rosidl_generator_py.so\n'}
[585.373204] (-) TimerEvent: {}
[585.376879] (px4_msgs) StdoutLine: {'line': b'[ 99%] Built target px4_msgs__rosidl_generator_py\n'}
[585.395649] (px4_msgs) StdoutLine: {'line': b'[ 99%] Building C object CMakeFiles/px4_msgs_s__rosidl_typesupport_introspection_c.dir/rosidl_generator_py/px4_msgs/_px4_msgs_s.ep.rosidl_typesupport_introspection_c.c.o\n'}
[585.395887] (px4_msgs) StdoutLine: {'line': b'[ 99%] Building C object CMakeFiles/px4_msgs_s__rosidl_typesupport_fastrtps_c.dir/rosidl_generator_py/px4_msgs/_px4_msgs_s.ep.rosidl_typesupport_fastrtps_c.c.o\n'}
[585.396041] (px4_msgs) StdoutLine: {'line': b'[ 99%] Building C object CMakeFiles/px4_msgs_s__rosidl_typesupport_c.dir/rosidl_generator_py/px4_msgs/_px4_msgs_s.ep.rosidl_typesupport_c.c.o\n'}
[585.473307] (-) TimerEvent: {}
[585.573488] (-) TimerEvent: {}
[585.673680] (-) TimerEvent: {}
[585.773852] (-) TimerEvent: {}
[585.874025] (-) TimerEvent: {}
[585.974193] (-) TimerEvent: {}
[586.074357] (-) TimerEvent: {}
[586.154190] (px4_msgs) StdoutLine: {'line': b'[ 99%] Linking C shared module rosidl_generator_py/px4_msgs/px4_msgs_s__rosidl_typesupport_c.so\n'}
[586.166987] (px4_msgs) StdoutLine: {'line': b'[100%] Linking C shared module rosidl_generator_py/px4_msgs/px4_msgs_s__rosidl_typesupport_introspection_c.so\n'}
[586.174465] (-) TimerEvent: {}
[586.198200] (px4_msgs) StdoutLine: {'line': b'[100%] Built target px4_msgs_s__rosidl_typesupport_c\n'}
[586.209800] (px4_msgs) StdoutLine: {'line': b'[100%] Built target px4_msgs_s__rosidl_typesupport_introspection_c\n'}
[586.274559] (-) TimerEvent: {}
[586.374719] (-) TimerEvent: {}
[586.427365] (px4_msgs) StdoutLine: {'line': b'[100%] Linking C shared module rosidl_generator_py/px4_msgs/px4_msgs_s__rosidl_typesupport_fastrtps_c.so\n'}
[586.469538] (px4_msgs) StdoutLine: {'line': b'[100%] Built target px4_msgs_s__rosidl_typesupport_fastrtps_c\n'}
[586.474810] (-) TimerEvent: {}
[586.483128] (px4_msgs) CommandEnded: {'returncode': 0}
[586.483878] (px4_msgs) JobProgress: {'identifier': 'px4_msgs', 'progress': 'install'}
[586.493373] (px4_msgs) Command: {'cmd': ['/usr/bin/cmake', '--install', '/home/hamad/ws_offboard_control/build/px4_msgs'], 'cwd': '/home/hamad/ws_offboard_control/build/px4_msgs', 'env': OrderedDict({'GJS_DEBUG_TOPICS': 'JS ERROR;JS LOG', 'LESSOPEN': '| /usr/bin/lesspipe %s', 'VSCODE_CWD': '/home/hamad', 'VSCODE_ESM_ENTRYPOINT': 'vs/workbench/api/node/extensionHostProcess', 'GZ_SIM_RESOURCE_PATH': '/opt/ros/jazzy/share', 'USER': 'hamad', 'VSCODE_NLS_CONFIG': '{"userLocale":"en-us","osLocale":"en-us","resolvedLanguage":"en","defaultMessagesFile":"/usr/share/cursor/resources/app/out/nls.messages.json","locale":"en-us","availableLanguages":{}}', 'GZ_CONFIG_PATH': '/opt/ros/jazzy/opt/gz_sim_vendor/share/gz:/opt/ros/jazzy/opt/sdformat_vendor/share/gz:/opt/ros/jazzy/opt/gz_gui_vendor/share/gz:/opt/ros/jazzy/opt/gz_transport_vendor/share/gz:/opt/ros/jazzy/opt/gz_rendering_vendor/share/gz:/opt/ros/jazzy/opt/gz_plugin_vendor/share/gz:/opt/ros/jazzy/opt/gz_fuel_tools_vendor/share/gz:/opt/ros/jazzy/opt/gz_msgs_vendor/share/gz:/opt/ros/jazzy/opt/gz_common_vendor/share/gz', 'VSCODE_HANDLES_UNCAUGHT_ERRORS': 'true', 'XDG_SESSION_TYPE': 'x11', 'CLUTTER_DISABLE_MIPMAPPED_TEXT': '1', 'SHLVL': '1', 'LD_LIBRARY_PATH': '/opt/ros/jazzy/opt/gz_sim_vendor/lib:/opt/ros/jazzy/opt/gz_sensors_vendor/lib:/opt/ros/jazzy/opt/gz_physics_vendor/lib:/opt/ros/jazzy/opt/sdformat_vendor/lib:/opt/ros/jazzy/opt/rviz_ogre_vendor/lib:/opt/ros/jazzy/lib/x86_64-linux-gnu:/opt/ros/jazzy/opt/gz_gui_vendor/lib:/opt/ros/jazzy/opt/gz_transport_vendor/lib:/opt/ros/jazzy/opt/gz_rendering_vendor/lib:/opt/ros/jazzy/opt/gz_plugin_vendor/lib:/opt/ros/jazzy/opt/gz_fuel_tools_vendor/lib:/opt/ros/jazzy/opt/gz_msgs_vendor/lib:/opt/ros/jazzy/opt/gz_common_vendor/lib:/opt/ros/jazzy/opt/gz_math_vendor/lib:/opt/ros/jazzy/opt/gz_utils_vendor/lib:/opt/ros/jazzy/opt/gz_tools_vendor/lib:/opt/ros/jazzy/opt/gz_ogre_next_vendor/lib:/opt/ros/jazzy/opt/gz_dartsim_vendor/lib:/opt/ros/jazzy/opt/gz_cmake_vendor/lib:/opt/ros/jazzy/lib', 'HOME': '/home/hamad', 'CHROME_DESKTOP': 'cursor.desktop', 'OLDPWD': '/home/hamad/ws_offboard_control', 'DESKTOP_SESSION': 'ubuntu', 'VSCODE_IPC_HOOK': '/run/user/1000/vscode-083de33d-2.0.-main.sock', 'GIO_LAUNCHED_DESKTOP_FILE': '/usr/share/applications/cursor.desktop', 'ROS_PYTHON_VERSION': '3', 'GNOME_SHELL_SESSION_MODE': 'ubuntu', 'GTK_MODULES': 'gail:atk-bridge', 'PS1': '(.local) ${debian_chroot:+($debian_chroot)}\\u@\\h:\\w\\$', 'MANAGERPID': '1366', 'SYSTEMD_EXEC_PID': '1683', 'GSM_SKIP_SSH_AGENT_WORKAROUND': 'true', 'NO_COLOR': '1', 'DBUS_SESSION_BUS_ADDRESS': 'unix:path=/run/user/1000/bus', 'GIO_LAUNCHED_DESKTOP_FILE_PID': '9744', 'VSCODE_CRASH_REPORTER_PROCESS_TYPE': 'extensionHost', 'DEBUGINFOD_URLS': 'https://debuginfod.ubuntu.com', 'ROS_DISTRO': 'jazzy', 'LOGNAME': 'hamad', 'FORCE_COLOR': '0', 'JOURNAL_STREAM': '9:12057', '_': '/usr/bin/colcon', 'ROS_VERSION': '2', 'MEMORY_PRESSURE_WATCH': '/sys/fs/cgroup/user.slice/user-1000.slice/user@1000.service/session.slice/org.gnome.Shell@x11.service/memory.pressure', 'XDG_SESSION_CLASS': 'user', 'USERNAME': 'hamad', 'TERM': 'dumb', 'GNOME_DESKTOP_SESSION_ID': 'this-is-deprecated', 'COMPOSER_NO_INTERACTION': '1', 'WINDOWPATH': '2', 'PATH': '/opt/ros/jazzy/opt/gz_msgs_vendor/bin:/opt/ros/jazzy/opt/gz_tools_vendor/bin:/opt/ros/jazzy/opt/gz_ogre_next_vendor/bin:/opt/ros/jazzy/bin:/home/hamad/.local/bin:/home/hamad/.local/bin:/home/hamad/.local/bin:/home/hamad/.local/bin:/home/hamad/.local/bin:/usr/local/sbin:/usr/local/bin:/usr/sbin:/usr/bin:/sbin:/bin:/usr/games:/usr/local/games:/snap/bin:/snap/bin:/opt/xtensa-esp-elf/bin/:/opt/xtensa-esp-elf/bin/:/opt/xtensa-esp-elf/bin/:/opt/xtensa-esp-elf/bin/', 'SESSION_MANAGER': 'local/SWARM:@/tmp/.ICE-unix/1654,unix/SWARM:/tmp/.ICE-unix/1654', 'INVOCATION_ID': 'b1d4b60504904a00b6acfc3ddbd1a85f', 'GTK3_MODULES': 'xapp-gtk3-module', 'XDG_MENU_PREFIX': 'gnome-', 'VSCODE_PROCESS_TITLE': 'extension-host  [2-3]', 'XDG_RUNTIME_DIR': '/run/user/1000', 'GDK_BACKEND': 'x11', 'CURSOR_AGENT': '1', 'DISPLAY': ':0', 'LANG': 'en_US.UTF-8', 'XDG_CURRENT_DESKTOP': 'Unity', 'VIRTUAL_ENV_PROMPT': '(.local)', 'XMODIFIERS': '@im=ibus', 'XDG_SESSION_DESKTOP': 'ubuntu', 'XAUTHORITY': '/run/user/1000/gdm/Xauthority', 'LS_COLORS': '', 'SBX_CHROME_API_RQ': '1', 'CURSOR_TRACE_ID': 'a7249a84a9d448249f434958b396e20d', 'SSH_AUTH_SOCK': '/run/user/1000/keyring/ssh', 'AMENT_PREFIX_PATH': '/opt/ros/jazzy', 'ORIGINAL_XDG_CURRENT_DESKTOP': 'ubuntu:GNOME', 'SHELL': '/bin/bash', 'QT_ACCESSIBILITY': '1', 'GDMSESSION': 'ubuntu', 'LESSCLOSE': '/usr/bin/lesspipe %s %s', 'GPG_AGENT_INFO': '/run/user/1000/gnupg/S.gpg-agent:0:1', 'GJS_DEBUG_OUTPUT': 'stderr', 'VIRTUAL_ENV': '/home/hamad/.local', 'ROS_AUTOMATIC_DISCOVERY_RANGE': 'SUBNET', 'QT_IM_MODULE': 'ibus', 'PWD': '/home/hamad/ws_offboard_control/build/px4_msgs', 'LC_ALL': 'en_US.UTF-8', 'XDG_CONFIG_DIRS': '/etc/xdg/xdg-ubuntu:/etc/xdg', 'VSCODE_CODE_CACHE_PATH': '/home/hamad/.config/Cursor/CachedData/ba90f2f88e4911312761abab9492c42442117cf0', 'XDG_DATA_DIRS': '/usr/share/ubuntu:/usr/share/gnome:/usr/local/share/:/usr/share/:/var/lib/snapd/desktop', 'PYTHONPATH': '/opt/ros/jazzy/lib/python3.12/site-packages', 'COLCON': '1', 'MEMORY_PRESSURE_WRITE': 'c29tZSAyMDAwMDAgMjAwMDAwMAA=', 'CMAKE_PREFIX_PATH': '/opt/ros/jazzy/opt/gz_sim_vendor:/opt/ros/jazzy/opt/gz_sensors_vendor:/opt/ros/jazzy/opt/gz_physics_vendor:/opt/ros/jazzy/opt/sdformat_vendor:/opt/ros/jazzy/opt/gz_gui_vendor:/opt/ros/jazzy/opt/gz_transport_vendor:/opt/ros/jazzy/opt/gz_rendering_vendor:/opt/ros/jazzy/opt/gz_plugin_vendor:/opt/ros/jazzy/opt/gz_fuel_tools_vendor:/opt/ros/jazzy/opt/gz_msgs_vendor:/opt/ros/jazzy/opt/gz_common_vendor:/opt/ros/jazzy/opt/gz_math_vendor:/opt/ros/jazzy/opt/gz_utils_vendor:/opt/ros/jazzy/opt/gz_tools_vendor:/opt/ros/jazzy/opt/gz_ogre_next_vendor:/opt/ros/jazzy/opt/gz_dartsim_vendor:/opt/ros/jazzy/opt/gz_cmake_vendor:/opt/ros/jazzy', 'VSCODE_PID': '9744'}), 'shell': False}
[586.508491] (px4_msgs) StdoutLine: {'line': b'-- Install configuration: ""\n'}
[586.508752] (px4_msgs) StdoutLine: {'line': b'-- Installing: /home/hamad/ws_offboard_control/install/px4_msgs/share/ament_index/resource_index/rosidl_interfaces/px4_msgs\n'}
[586.508921] (px4_msgs) StdoutLine: {'line': b'-- Installing: /home/hamad/ws_offboard_control/install/px4_msgs/share/px4_msgs/msg/ActionRequest.json\n'}
[586.509096] (px4_msgs) StdoutLine: {'line': b'-- Installing: /home/hamad/ws_offboard_control/install/px4_msgs/share/px4_msgs/msg/ActuatorArmed.json\n'}
[586.509261] (px4_msgs) StdoutLine: {'line': b'-- Installing: /home/hamad/ws_offboard_control/install/px4_msgs/share/px4_msgs/msg/ActuatorControlsStatus.json\n'}
[586.509423] (px4_msgs) StdoutLine: {'line': b'-- Installing: /home/hamad/ws_offboard_control/install/px4_msgs/share/px4_msgs/msg/ActuatorMotors.json\n'}
[586.509575] (px4_msgs) StdoutLine: {'line': b'-- Installing: /home/hamad/ws_offboard_control/install/px4_msgs/share/px4_msgs/msg/ActuatorOutputs.json\n'}
[586.509737] (px4_msgs) StdoutLine: {'line': b'-- Installing: /home/hamad/ws_offboard_control/install/px4_msgs/share/px4_msgs/msg/ActuatorServos.json\n'}
[586.509890] (px4_msgs) StdoutLine: {'line': b'-- Installing: /home/hamad/ws_offboard_control/install/px4_msgs/share/px4_msgs/msg/ActuatorServosTrim.json\n'}
[586.510042] (px4_msgs) StdoutLine: {'line': b'-- Installing: /home/hamad/ws_offboard_control/install/px4_msgs/share/px4_msgs/msg/ActuatorTest.json\n'}
[586.510192] (px4_msgs) StdoutLine: {'line': b'-- Installing: /home/hamad/ws_offboard_control/install/px4_msgs/share/px4_msgs/msg/AdcReport.json\n'}
[586.510345] (px4_msgs) StdoutLine: {'line': b'-- Installing: /home/hamad/ws_offboard_control/install/px4_msgs/share/px4_msgs/msg/Airspeed.json\n'}
[586.510490] (px4_msgs) StdoutLine: {'line': b'-- Installing: /home/hamad/ws_offboard_control/install/px4_msgs/share/px4_msgs/msg/AirspeedValidated.json\n'}
[586.510640] (px4_msgs) StdoutLine: {'line': b'-- Installing: /home/hamad/ws_offboard_control/install/px4_msgs/share/px4_msgs/msg/AirspeedWind.json\n'}
[586.510798] (px4_msgs) StdoutLine: {'line': b'-- Installing: /home/hamad/ws_offboard_control/install/px4_msgs/share/px4_msgs/msg/ArmingCheckReply.json\n'}
[586.510947] (px4_msgs) StdoutLine: {'line': b'-- Installing: /home/hamad/ws_offboard_control/install/px4_msgs/share/px4_msgs/msg/ArmingCheckRequest.json\n'}
[586.511097] (px4_msgs) StdoutLine: {'line': b'-- Installing: /home/hamad/ws_offboard_control/install/px4_msgs/share/px4_msgs/msg/AutotuneAttitudeControlStatus.json\n'}
[586.511249] (px4_msgs) StdoutLine: {'line': b'-- Installing: /home/hamad/ws_offboard_control/install/px4_msgs/share/px4_msgs/msg/BatteryInfo.json\n'}
[586.511395] (px4_msgs) StdoutLine: {'line': b'-- Installing: /home/hamad/ws_offboard_control/install/px4_msgs/share/px4_msgs/msg/BatteryStatus.json\n'}
[586.511544] (px4_msgs) StdoutLine: {'line': b'-- Installing: /home/hamad/ws_offboard_control/install/px4_msgs/share/px4_msgs/msg/ButtonEvent.json\n'}
[586.511693] (px4_msgs) StdoutLine: {'line': b'-- Installing: /home/hamad/ws_offboard_control/install/px4_msgs/share/px4_msgs/msg/CameraCapture.json\n'}
[586.511852] (px4_msgs) StdoutLine: {'line': b'-- Installing: /home/hamad/ws_offboard_control/install/px4_msgs/share/px4_msgs/msg/CameraStatus.json\n'}
[586.512010] (px4_msgs) StdoutLine: {'line': b'-- Installing: /home/hamad/ws_offboard_control/install/px4_msgs/share/px4_msgs/msg/CameraTrigger.json\n'}
[586.512161] (px4_msgs) StdoutLine: {'line': b'-- Installing: /home/hamad/ws_offboard_control/install/px4_msgs/share/px4_msgs/msg/CanInterfaceStatus.json\n'}
[586.512312] (px4_msgs) StdoutLine: {'line': b'-- Installing: /home/hamad/ws_offboard_control/install/px4_msgs/share/px4_msgs/msg/CellularStatus.json\n'}
[586.512460] (px4_msgs) StdoutLine: {'line': b'-- Installing: /home/hamad/ws_offboard_control/install/px4_msgs/share/px4_msgs/msg/CollisionConstraints.json\n'}
[586.512608] (px4_msgs) StdoutLine: {'line': b'-- Installing: /home/hamad/ws_offboard_control/install/px4_msgs/share/px4_msgs/msg/ConfigOverrides.json\n'}
[586.512774] (px4_msgs) StdoutLine: {'line': b'-- Installing: /home/hamad/ws_offboard_control/install/px4_msgs/share/px4_msgs/msg/ControlAllocatorStatus.json\n'}
[586.512936] (px4_msgs) StdoutLine: {'line': b'-- Installing: /home/hamad/ws_offboard_control/install/px4_msgs/share/px4_msgs/msg/Cpuload.json\n'}
[586.513084] (px4_msgs) StdoutLine: {'line': b'-- Installing: /home/hamad/ws_offboard_control/install/px4_msgs/share/px4_msgs/msg/DatamanRequest.json\n'}
[586.513242] (px4_msgs) StdoutLine: {'line': b'-- Installing: /home/hamad/ws_offboard_control/install/px4_msgs/share/px4_msgs/msg/DatamanResponse.json\n'}
[586.513398] (px4_msgs) StdoutLine: {'line': b'-- Installing: /home/hamad/ws_offboard_control/install/px4_msgs/share/px4_msgs/msg/DebugArray.json\n'}
[586.513571] (px4_msgs) StdoutLine: {'line': b'-- Installing: /home/hamad/ws_offboard_control/install/px4_msgs/share/px4_msgs/msg/DebugKeyValue.json\n'}
[586.513739] (px4_msgs) StdoutLine: {'line': b'-- Installing: /home/hamad/ws_offboard_control/install/px4_msgs/share/px4_msgs/msg/DebugValue.json\n'}
[586.513894] (px4_msgs) StdoutLine: {'line': b'-- Installing: /home/hamad/ws_offboard_control/install/px4_msgs/share/px4_msgs/msg/DebugVect.json\n'}
[586.514053] (px4_msgs) StdoutLine: {'line': b'-- Installing: /home/hamad/ws_offboard_control/install/px4_msgs/share/px4_msgs/msg/DifferentialPressure.json\n'}
[586.514213] (px4_msgs) StdoutLine: {'line': b'-- Installing: /home/hamad/ws_offboard_control/install/px4_msgs/share/px4_msgs/msg/DistanceSensor.json\n'}
[586.514367] (px4_msgs) StdoutLine: {'line': b'-- Installing: /home/hamad/ws_offboard_control/install/px4_msgs/share/px4_msgs/msg/DistanceSensorModeChangeRequest.json\n'}
[586.514517] (px4_msgs) StdoutLine: {'line': b'-- Installing: /home/hamad/ws_offboard_control/install/px4_msgs/share/px4_msgs/msg/DronecanNodeStatus.json\n'}
[586.514673] (px4_msgs) StdoutLine: {'line': b'-- Installing: /home/hamad/ws_offboard_control/install/px4_msgs/share/px4_msgs/msg/Ekf2Timestamps.json\n'}
[586.514826] (px4_msgs) StdoutLine: {'line': b'-- Installing: /home/hamad/ws_offboard_control/install/px4_msgs/share/px4_msgs/msg/EscReport.json\n'}
[586.514979] (px4_msgs) StdoutLine: {'line': b'-- Installing: /home/hamad/ws_offboard_control/install/px4_msgs/share/px4_msgs/msg/EscStatus.json\n'}
[586.515130] (px4_msgs) StdoutLine: {'line': b'-- Installing: /home/hamad/ws_offboard_control/install/px4_msgs/share/px4_msgs/msg/EstimatorAidSource1d.json\n'}
[586.515275] (px4_msgs) StdoutLine: {'line': b'-- Installing: /home/hamad/ws_offboard_control/install/px4_msgs/share/px4_msgs/msg/EstimatorAidSource2d.json\n'}
[586.515421] (px4_msgs) StdoutLine: {'line': b'-- Installing: /home/hamad/ws_offboard_control/install/px4_msgs/share/px4_msgs/msg/EstimatorAidSource3d.json\n'}
[586.515573] (px4_msgs) StdoutLine: {'line': b'-- Installing: /home/hamad/ws_offboard_control/install/px4_msgs/share/px4_msgs/msg/EstimatorBias.json\n'}
[586.515730] (px4_msgs) StdoutLine: {'line': b'-- Installing: /home/hamad/ws_offboard_control/install/px4_msgs/share/px4_msgs/msg/EstimatorBias3d.json\n'}
[586.515883] (px4_msgs) StdoutLine: {'line': b'-- Installing: /home/hamad/ws_offboard_control/install/px4_msgs/share/px4_msgs/msg/EstimatorEventFlags.json\n'}
[586.516046] (px4_msgs) StdoutLine: {'line': b'-- Installing: /home/hamad/ws_offboard_control/install/px4_msgs/share/px4_msgs/msg/EstimatorGpsStatus.json\n'}
[586.516217] (px4_msgs) StdoutLine: {'line': b'-- Installing: /home/hamad/ws_offboard_control/install/px4_msgs/share/px4_msgs/msg/EstimatorInnovations.json\n'}
[586.516373] (px4_msgs) StdoutLine: {'line': b'-- Installing: /home/hamad/ws_offboard_control/install/px4_msgs/share/px4_msgs/msg/EstimatorSelectorStatus.json\n'}
[586.516535] (px4_msgs) StdoutLine: {'line': b'-- Installing: /home/hamad/ws_offboard_control/install/px4_msgs/share/px4_msgs/msg/EstimatorSensorBias.json\n'}
[586.516707] (px4_msgs) StdoutLine: {'line': b'-- Installing: /home/hamad/ws_offboard_control/install/px4_msgs/share/px4_msgs/msg/EstimatorStates.json\n'}
[586.516866] (px4_msgs) StdoutLine: {'line': b'-- Installing: /home/hamad/ws_offboard_control/install/px4_msgs/share/px4_msgs/msg/EstimatorStatus.json\n'}
[586.517033] (px4_msgs) StdoutLine: {'line': b'-- Installing: /home/hamad/ws_offboard_control/install/px4_msgs/share/px4_msgs/msg/EstimatorStatusFlags.json\n'}
[586.517200] (px4_msgs) StdoutLine: {'line': b'-- Installing: /home/hamad/ws_offboard_control/install/px4_msgs/share/px4_msgs/msg/Event.json\n'}
[586.517359] (px4_msgs) StdoutLine: {'line': b'-- Installing: /home/hamad/ws_offboard_control/install/px4_msgs/share/px4_msgs/msg/FailsafeFlags.json\n'}
[586.517521] (px4_msgs) StdoutLine: {'line': b'-- Installing: /home/hamad/ws_offboard_control/install/px4_msgs/share/px4_msgs/msg/FailureDetectorStatus.json\n'}
[586.517687] (px4_msgs) StdoutLine: {'line': b'-- Installing: /home/hamad/ws_offboard_control/install/px4_msgs/share/px4_msgs/msg/FigureEightStatus.json\n'}
[586.517855] (px4_msgs) StdoutLine: {'line': b'-- Installing: /home/hamad/ws_offboard_control/install/px4_msgs/share/px4_msgs/msg/FixedWingLateralGuidanceStatus.json\n'}
[586.518017] (px4_msgs) StdoutLine: {'line': b'-- Installing: /home/hamad/ws_offboard_control/install/px4_msgs/share/px4_msgs/msg/FixedWingLateralSetpoint.json\n'}
[586.518232] (px4_msgs) StdoutLine: {'line': b'-- Installing: /home/hamad/ws_offboard_control/install/px4_msgs/share/px4_msgs/msg/FixedWingLateralStatus.json\n'}
[586.518384] (px4_msgs) StdoutLine: {'line': b'-- Installing: /home/hamad/ws_offboard_control/install/px4_msgs/share/px4_msgs/msg/FixedWingLongitudinalSetpoint.json\n'}
[586.518530] (px4_msgs) StdoutLine: {'line': b'-- Installing: /home/hamad/ws_offboard_control/install/px4_msgs/share/px4_msgs/msg/FixedWingRunwayControl.json\n'}
[586.518689] (px4_msgs) StdoutLine: {'line': b'-- Installing: /home/hamad/ws_offboard_control/install/px4_msgs/share/px4_msgs/msg/FlightPhaseEstimation.json\n'}
[586.518842] (px4_msgs) StdoutLine: {'line': b'-- Installing: /home/hamad/ws_offboard_control/install/px4_msgs/share/px4_msgs/msg/FollowTarget.json\n'}
[586.518994] (px4_msgs) StdoutLine: {'line': b'-- Installing: /home/hamad/ws_offboard_control/install/px4_msgs/share/px4_msgs/msg/FollowTargetEstimator.json\n'}
[586.519162] (px4_msgs) StdoutLine: {'line': b'-- Installing: /home/hamad/ws_offboard_control/install/px4_msgs/share/px4_msgs/msg/FollowTargetStatus.json\n'}
[586.519319] (px4_msgs) StdoutLine: {'line': b'-- Installing: /home/hamad/ws_offboard_control/install/px4_msgs/share/px4_msgs/msg/FuelTankStatus.json\n'}
[586.519478] (px4_msgs) StdoutLine: {'line': b'-- Installing: /home/hamad/ws_offboard_control/install/px4_msgs/share/px4_msgs/msg/GeneratorStatus.json\n'}
[586.519639] (px4_msgs) StdoutLine: {'line': b'-- Installing: /home/hamad/ws_offboard_control/install/px4_msgs/share/px4_msgs/msg/GeofenceResult.json\n'}
[586.519812] (px4_msgs) StdoutLine: {'line': b'-- Installing: /home/hamad/ws_offboard_control/install/px4_msgs/share/px4_msgs/msg/GeofenceStatus.json\n'}
[586.519978] (px4_msgs) StdoutLine: {'line': b'-- Installing: /home/hamad/ws_offboard_control/install/px4_msgs/share/px4_msgs/msg/GimbalControls.json\n'}
[586.520139] (px4_msgs) StdoutLine: {'line': b'-- Installing: /home/hamad/ws_offboard_control/install/px4_msgs/share/px4_msgs/msg/GimbalDeviceAttitudeStatus.json\n'}
[586.520295] (px4_msgs) StdoutLine: {'line': b'-- Installing: /home/hamad/ws_offboard_control/install/px4_msgs/share/px4_msgs/msg/GimbalDeviceInformation.json\n'}
[586.520452] (px4_msgs) StdoutLine: {'line': b'-- Installing: /home/hamad/ws_offboard_control/install/px4_msgs/share/px4_msgs/msg/GimbalDeviceSetAttitude.json\n'}
[586.520609] (px4_msgs) StdoutLine: {'line': b'-- Installing: /home/hamad/ws_offboard_control/install/px4_msgs/share/px4_msgs/msg/GimbalManagerInformation.json\n'}
[586.520774] (px4_msgs) StdoutLine: {'line': b'-- Installing: /home/hamad/ws_offboard_control/install/px4_msgs/share/px4_msgs/msg/GimbalManagerSetAttitude.json\n'}
[586.520929] (px4_msgs) StdoutLine: {'line': b'-- Installing: /home/hamad/ws_offboard_control/install/px4_msgs/share/px4_msgs/msg/GimbalManagerSetManualControl.json\n'}
[586.521076] (px4_msgs) StdoutLine: {'line': b'-- Installing: /home/hamad/ws_offboard_control/install/px4_msgs/share/px4_msgs/msg/GimbalManagerStatus.json\n'}
[586.521227] (px4_msgs) StdoutLine: {'line': b'-- Installing: /home/hamad/ws_offboard_control/install/px4_msgs/share/px4_msgs/msg/GotoSetpoint.json\n'}
[586.521378] (px4_msgs) StdoutLine: {'line': b'-- Installing: /home/hamad/ws_offboard_control/install/px4_msgs/share/px4_msgs/msg/GpioConfig.json\n'}
[586.521525] (px4_msgs) StdoutLine: {'line': b'-- Installing: /home/hamad/ws_offboard_control/install/px4_msgs/share/px4_msgs/msg/GpioIn.json\n'}
[586.521685] (px4_msgs) StdoutLine: {'line': b'-- Installing: /home/hamad/ws_offboard_control/install/px4_msgs/share/px4_msgs/msg/GpioOut.json\n'}
[586.521841] (px4_msgs) StdoutLine: {'line': b'-- Installing: /home/hamad/ws_offboard_control/install/px4_msgs/share/px4_msgs/msg/GpioRequest.json\n'}
[586.521988] (px4_msgs) StdoutLine: {'line': b'-- Installing: /home/hamad/ws_offboard_control/install/px4_msgs/share/px4_msgs/msg/GpsDump.json\n'}
[586.522131] (px4_msgs) StdoutLine: {'line': b'-- Installing: /home/hamad/ws_offboard_control/install/px4_msgs/share/px4_msgs/msg/GpsInjectData.json\n'}
[586.522281] (px4_msgs) StdoutLine: {'line': b'-- Installing: /home/hamad/ws_offboard_control/install/px4_msgs/share/px4_msgs/msg/Gripper.json\n'}
[586.522436] (px4_msgs) StdoutLine: {'line': b'-- Installing: /home/hamad/ws_offboard_control/install/px4_msgs/share/px4_msgs/msg/HealthReport.json\n'}
[586.522583] (px4_msgs) StdoutLine: {'line': b'-- Installing: /home/hamad/ws_offboard_control/install/px4_msgs/share/px4_msgs/msg/HeaterStatus.json\n'}
[586.522741] (px4_msgs) StdoutLine: {'line': b'-- Installing: /home/hamad/ws_offboard_control/install/px4_msgs/share/px4_msgs/msg/HomePosition.json\n'}
[586.522955] (px4_msgs) StdoutLine: {'line': b'-- Installing: /home/hamad/ws_offboard_control/install/px4_msgs/share/px4_msgs/msg/HoverThrustEstimate.json\n'}
[586.523116] (px4_msgs) StdoutLine: {'line': b'-- Installing: /home/hamad/ws_offboard_control/install/px4_msgs/share/px4_msgs/msg/InputRc.json\n'}
[586.523270] (px4_msgs) StdoutLine: {'line': b'-- Installing: /home/hamad/ws_offboard_control/install/px4_msgs/share/px4_msgs/msg/InternalCombustionEngineControl.json\n'}
[586.523443] (px4_msgs) StdoutLine: {'line': b'-- Installing: /home/hamad/ws_offboard_control/install/px4_msgs/share/px4_msgs/msg/InternalCombustionEngineStatus.json\n'}
[586.523605] (px4_msgs) StdoutLine: {'line': b'-- Installing: /home/hamad/ws_offboard_control/install/px4_msgs/share/px4_msgs/msg/IridiumsbdStatus.json\n'}
[586.523779] (px4_msgs) StdoutLine: {'line': b'-- Installing: /home/hamad/ws_offboard_control/install/px4_msgs/share/px4_msgs/msg/IrlockReport.json\n'}
[586.523943] (px4_msgs) StdoutLine: {'line': b'-- Installing: /home/hamad/ws_offboard_control/install/px4_msgs/share/px4_msgs/msg/LandingGear.json\n'}
[586.524143] (px4_msgs) StdoutLine: {'line': b'-- Installing: /home/hamad/ws_offboard_control/install/px4_msgs/share/px4_msgs/msg/LandingGearWheel.json\n'}
[586.524286] (px4_msgs) StdoutLine: {'line': b'-- Installing: /home/hamad/ws_offboard_control/install/px4_msgs/share/px4_msgs/msg/LandingTargetInnovations.json\n'}
[586.524390] (px4_msgs) StdoutLine: {'line': b'-- Installing: /home/hamad/ws_offboard_control/install/px4_msgs/share/px4_msgs/msg/LandingTargetPose.json\n'}
[586.524542] (px4_msgs) StdoutLine: {'line': b'-- Installing: /home/hamad/ws_offboard_control/install/px4_msgs/share/px4_msgs/msg/LateralControlConfiguration.json\n'}
[586.524698] (px4_msgs) StdoutLine: {'line': b'-- Installing: /home/hamad/ws_offboard_control/install/px4_msgs/share/px4_msgs/msg/LaunchDetectionStatus.json\n'}
[586.524851] (px4_msgs) StdoutLine: {'line': b'-- Installing: /home/hamad/ws_offboard_control/install/px4_msgs/share/px4_msgs/msg/LedControl.json\n'}
[586.525001] (px4_msgs) StdoutLine: {'line': b'-- Installing: /home/hamad/ws_offboard_control/install/px4_msgs/share/px4_msgs/msg/LogMessage.json\n'}
[586.525152] (px4_msgs) StdoutLine: {'line': b'-- Installing: /home/hamad/ws_offboard_control/install/px4_msgs/share/px4_msgs/msg/LoggerStatus.json\n'}
[586.525314] (px4_msgs) StdoutLine: {'line': b'-- Installing: /home/hamad/ws_offboard_control/install/px4_msgs/share/px4_msgs/msg/LongitudinalControlConfiguration.json\n'}
[586.525461] (px4_msgs) StdoutLine: {'line': b'-- Installing: /home/hamad/ws_offboard_control/install/px4_msgs/share/px4_msgs/msg/MagWorkerData.json\n'}
[586.525615] (px4_msgs) StdoutLine: {'line': b'-- Installing: /home/hamad/ws_offboard_control/install/px4_msgs/share/px4_msgs/msg/MagnetometerBiasEstimate.json\n'}
[586.525774] (px4_msgs) StdoutLine: {'line': b'-- Installing: /home/hamad/ws_offboard_control/install/px4_msgs/share/px4_msgs/msg/ManualControlSetpoint.json\n'}
[586.525933] (px4_msgs) StdoutLine: {'line': b'-- Installing: /home/hamad/ws_offboard_control/install/px4_msgs/share/px4_msgs/msg/ManualControlSwitches.json\n'}
[586.526086] (px4_msgs) StdoutLine: {'line': b'-- Installing: /home/hamad/ws_offboard_control/install/px4_msgs/share/px4_msgs/msg/MavlinkLog.json\n'}
[586.526239] (px4_msgs) StdoutLine: {'line': b'-- Installing: /home/hamad/ws_offboard_control/install/px4_msgs/share/px4_msgs/msg/MavlinkTunnel.json\n'}
[586.526389] (px4_msgs) StdoutLine: {'line': b'-- Installing: /home/hamad/ws_offboard_control/install/px4_msgs/share/px4_msgs/msg/MessageFormatRequest.json\n'}
[586.526538] (px4_msgs) StdoutLine: {'line': b'-- Installing: /home/hamad/ws_offboard_control/install/px4_msgs/share/px4_msgs/msg/MessageFormatResponse.json\n'}
[586.526690] (px4_msgs) StdoutLine: {'line': b'-- Installing: /home/hamad/ws_offboard_control/install/px4_msgs/share/px4_msgs/msg/Mission.json\n'}
[586.526835] (px4_msgs) StdoutLine: {'line': b'-- Installing: /home/hamad/ws_offboard_control/install/px4_msgs/share/px4_msgs/msg/MissionResult.json\n'}
[586.526979] (px4_msgs) StdoutLine: {'line': b'-- Installing: /home/hamad/ws_offboard_control/install/px4_msgs/share/px4_msgs/msg/ModeCompleted.json\n'}
[586.527125] (px4_msgs) StdoutLine: {'line': b'-- Installing: /home/hamad/ws_offboard_control/install/px4_msgs/share/px4_msgs/msg/MountOrientation.json\n'}
[586.527278] (px4_msgs) StdoutLine: {'line': b'-- Installing: /home/hamad/ws_offboard_control/install/px4_msgs/share/px4_msgs/msg/NavigatorMissionItem.json\n'}
[586.527431] (px4_msgs) StdoutLine: {'line': b'-- Installing: /home/hamad/ws_offboard_control/install/px4_msgs/share/px4_msgs/msg/NavigatorStatus.json\n'}
[586.527591] (px4_msgs) StdoutLine: {'line': b'-- Installing: /home/hamad/ws_offboard_control/install/px4_msgs/share/px4_msgs/msg/NeuralControl.json\n'}
[586.527757] (px4_msgs) StdoutLine: {'line': b'-- Installing: /home/hamad/ws_offboard_control/install/px4_msgs/share/px4_msgs/msg/NormalizedUnsignedSetpoint.json\n'}
[586.527912] (px4_msgs) StdoutLine: {'line': b'-- Installing: /home/hamad/ws_offboard_control/install/px4_msgs/share/px4_msgs/msg/ObstacleDistance.json\n'}
[586.528078] (px4_msgs) StdoutLine: {'line': b'-- Installing: /home/hamad/ws_offboard_control/install/px4_msgs/share/px4_msgs/msg/OffboardControlMode.json\n'}
[586.528240] (px4_msgs) StdoutLine: {'line': b'-- Installing: /home/hamad/ws_offboard_control/install/px4_msgs/share/px4_msgs/msg/OnboardComputerStatus.json\n'}
[586.528416] (px4_msgs) StdoutLine: {'line': b'-- Installing: /home/hamad/ws_offboard_control/install/px4_msgs/share/px4_msgs/msg/OpenDroneIdArmStatus.json\n'}
[586.528637] (px4_msgs) StdoutLine: {'line': b'-- Installing: /home/hamad/ws_offboard_control/install/px4_msgs/share/px4_msgs/msg/OpenDroneIdOperatorId.json\n'}
[586.528837] (px4_msgs) StdoutLine: {'line': b'-- Installing: /home/hamad/ws_offboard_control/install/px4_msgs/share/px4_msgs/msg/OpenDroneIdSelfId.json\n'}
[586.529074] (px4_msgs) StdoutLine: {'line': b'-- Installing: /home/hamad/ws_offboard_control/install/px4_msgs/share/px4_msgs/msg/OpenDroneIdSystem.json\n'}
[586.529186] (px4_msgs) StdoutLine: {'line': b'-- Installing: /home/hamad/ws_offboard_control/install/px4_msgs/share/px4_msgs/msg/OrbTest.json\n'}
[586.529400] (px4_msgs) StdoutLine: {'line': b'-- Installing: /home/hamad/ws_offboard_control/install/px4_msgs/share/px4_msgs/msg/OrbTestLarge.json\n'}
[586.529576] (px4_msgs) StdoutLine: {'line': b'-- Installing: /home/hamad/ws_offboard_control/install/px4_msgs/share/px4_msgs/msg/OrbTestMedium.json\n'}
[586.529711] (px4_msgs) StdoutLine: {'line': b'-- Installing: /home/hamad/ws_offboard_control/install/px4_msgs/share/px4_msgs/msg/OrbitStatus.json\n'}
[586.529868] (px4_msgs) StdoutLine: {'line': b'-- Installing: /home/hamad/ws_offboard_control/install/px4_msgs/share/px4_msgs/msg/ParameterResetRequest.json\n'}
[586.530024] (px4_msgs) StdoutLine: {'line': b'-- Installing: /home/hamad/ws_offboard_control/install/px4_msgs/share/px4_msgs/msg/ParameterSetUsedRequest.json\n'}
[586.530207] (px4_msgs) StdoutLine: {'line': b'-- Installing: /home/hamad/ws_offboard_control/install/px4_msgs/share/px4_msgs/msg/ParameterSetValueRequest.json\n'}
[586.530372] (px4_msgs) StdoutLine: {'line': b'-- Installing: /home/hamad/ws_offboard_control/install/px4_msgs/share/px4_msgs/msg/ParameterSetValueResponse.json\n'}
[586.530551] (px4_msgs) StdoutLine: {'line': b'-- Installing: /home/hamad/ws_offboard_control/install/px4_msgs/share/px4_msgs/msg/ParameterUpdate.json\n'}
[586.530775] (px4_msgs) StdoutLine: {'line': b'-- Installing: /home/hamad/ws_offboard_control/install/px4_msgs/share/px4_msgs/msg/Ping.json\n'}
[586.530936] (px4_msgs) StdoutLine: {'line': b'-- Installing: /home/hamad/ws_offboard_control/install/px4_msgs/share/px4_msgs/msg/PositionControllerLandingStatus.json\n'}
[586.531124] (px4_msgs) StdoutLine: {'line': b'-- Installing: /home/hamad/ws_offboard_control/install/px4_msgs/share/px4_msgs/msg/PositionControllerStatus.json\n'}
[586.531311] (px4_msgs) StdoutLine: {'line': b'-- Installing: /home/hamad/ws_offboard_control/install/px4_msgs/share/px4_msgs/msg/PositionSetpoint.json\n'}
[586.531543] (px4_msgs) StdoutLine: {'line': b'-- Installing: /home/hamad/ws_offboard_control/install/px4_msgs/share/px4_msgs/msg/PositionSetpointTriplet.json\n'}
[586.531695] (px4_msgs) StdoutLine: {'line': b'-- Installing: /home/hamad/ws_offboard_control/install/px4_msgs/share/px4_msgs/msg/PowerButtonState.json\n'}
[586.531935] (px4_msgs) StdoutLine: {'line': b'-- Installing: /home/hamad/ws_offboard_control/install/px4_msgs/share/px4_msgs/msg/PowerMonitor.json\n'}
[586.532193] (px4_msgs) StdoutLine: {'line': b'-- Installing: /home/hamad/ws_offboard_control/install/px4_msgs/share/px4_msgs/msg/PpsCapture.json\n'}
[586.532378] (px4_msgs) StdoutLine: {'line': b'-- Installing: /home/hamad/ws_offboard_control/install/px4_msgs/share/px4_msgs/msg/PurePursuitStatus.json\n'}
[586.532528] (px4_msgs) StdoutLine: {'line': b'-- Installing: /home/hamad/ws_offboard_control/install/px4_msgs/share/px4_msgs/msg/PwmInput.json\n'}
[586.532741] (px4_msgs) StdoutLine: {'line': b'-- Installing: /home/hamad/ws_offboard_control/install/px4_msgs/share/px4_msgs/msg/Px4ioStatus.json\n'}
[586.532875] (px4_msgs) StdoutLine: {'line': b'-- Installing: /home/hamad/ws_offboard_control/install/px4_msgs/share/px4_msgs/msg/QshellReq.json\n'}
[586.533011] (px4_msgs) StdoutLine: {'line': b'-- Installing: /home/hamad/ws_offboard_control/install/px4_msgs/share/px4_msgs/msg/QshellRetval.json\n'}
[586.533319] (px4_msgs) StdoutLine: {'line': b'-- Installing: /home/hamad/ws_offboard_control/install/px4_msgs/share/px4_msgs/msg/RadioStatus.json\n'}
[586.533607] (px4_msgs) StdoutLine: {'line': b'-- Installing: /home/hamad/ws_offboard_control/install/px4_msgs/share/px4_msgs/msg/RateCtrlStatus.json\n'}
[586.533813] (px4_msgs) StdoutLine: {'line': b'-- Installing: /home/hamad/ws_offboard_control/install/px4_msgs/share/px4_msgs/msg/RcChannels.json\n'}
[586.533924] (px4_msgs) StdoutLine: {'line': b'-- Installing: /home/hamad/ws_offboard_control/install/px4_msgs/share/px4_msgs/msg/RcParameterMap.json\n'}
[586.534024] (px4_msgs) StdoutLine: {'line': b'-- Installing: /home/hamad/ws_offboard_control/install/px4_msgs/share/px4_msgs/msg/RegisterExtComponentReply.json\n'}
[586.534126] (px4_msgs) StdoutLine: {'line': b'-- Installing: /home/hamad/ws_offboard_control/install/px4_msgs/share/px4_msgs/msg/RegisterExtComponentRequest.json\n'}
[586.534236] (px4_msgs) StdoutLine: {'line': b'-- Installing: /home/hamad/ws_offboard_control/install/px4_msgs/share/px4_msgs/msg/RoverAttitudeSetpoint.json\n'}
[586.534349] (px4_msgs) StdoutLine: {'line': b'-- Installing: /home/hamad/ws_offboard_control/install/px4_msgs/share/px4_msgs/msg/RoverAttitudeStatus.json\n'}
[586.535187] (px4_msgs) StdoutLine: {'line': b'-- Installing: /home/hamad/ws_offboard_control/install/px4_msgs/share/px4_msgs/msg/RoverPositionSetpoint.json\n'}
[586.535482] (px4_msgs) StdoutLine: {'line': b'-- Installing: /home/hamad/ws_offboard_control/install/px4_msgs/share/px4_msgs/msg/RoverRateSetpoint.json\n'}
[586.535685] (px4_msgs) StdoutLine: {'line': b'-- Installing: /home/hamad/ws_offboard_control/install/px4_msgs/share/px4_msgs/msg/RoverRateStatus.json\n'}
[586.535873] (px4_msgs) StdoutLine: {'line': b'-- Installing: /home/hamad/ws_offboard_control/install/px4_msgs/share/px4_msgs/msg/RoverSpeedSetpoint.json\n'}
[586.535994] (px4_msgs) StdoutLine: {'line': b'-- Installing: /home/hamad/ws_offboard_control/install/px4_msgs/share/px4_msgs/msg/RoverSpeedStatus.json\n'}
[586.536109] (px4_msgs) StdoutLine: {'line': b'-- Installing: /home/hamad/ws_offboard_control/install/px4_msgs/share/px4_msgs/msg/RoverSteeringSetpoint.json\n'}
[586.536225] (px4_msgs) StdoutLine: {'line': b'-- Installing: /home/hamad/ws_offboard_control/install/px4_msgs/share/px4_msgs/msg/RoverThrottleSetpoint.json\n'}
[586.536337] (px4_msgs) StdoutLine: {'line': b'-- Installing: /home/hamad/ws_offboard_control/install/px4_msgs/share/px4_msgs/msg/Rpm.json\n'}
[586.536462] (px4_msgs) StdoutLine: {'line': b'-- Installing: /home/hamad/ws_offboard_control/install/px4_msgs/share/px4_msgs/msg/RtlStatus.json\n'}
[586.536615] (px4_msgs) StdoutLine: {'line': b'-- Installing: /home/hamad/ws_offboard_control/install/px4_msgs/share/px4_msgs/msg/RtlTimeEstimate.json\n'}
[586.536759] (px4_msgs) StdoutLine: {'line': b'-- Installing: /home/hamad/ws_offboard_control/install/px4_msgs/share/px4_msgs/msg/SatelliteInfo.json\n'}
[586.537055] (px4_msgs) StdoutLine: {'line': b'-- Installing: /home/hamad/ws_offboard_control/install/px4_msgs/share/px4_msgs/msg/SensorAccel.json\n'}
[586.537270] (px4_msgs) StdoutLine: {'line': b'-- Installing: /home/hamad/ws_offboard_control/install/px4_msgs/share/px4_msgs/msg/SensorAccelFifo.json\n'}
[586.537401] (px4_msgs) StdoutLine: {'line': b'-- Installing: /home/hamad/ws_offboard_control/install/px4_msgs/share/px4_msgs/msg/SensorAirflow.json\n'}
[586.537529] (px4_msgs) StdoutLine: {'line': b'-- Installing: /home/hamad/ws_offboard_control/install/px4_msgs/share/px4_msgs/msg/SensorBaro.json\n'}
[586.537695] (px4_msgs) StdoutLine: {'line': b'-- Installing: /home/hamad/ws_offboard_control/install/px4_msgs/share/px4_msgs/msg/SensorCombined.json\n'}
[586.538020] (px4_msgs) StdoutLine: {'line': b'-- Installing: /home/hamad/ws_offboard_control/install/px4_msgs/share/px4_msgs/msg/SensorCorrection.json\n'}
[586.538132] (px4_msgs) StdoutLine: {'line': b'-- Installing: /home/hamad/ws_offboard_control/install/px4_msgs/share/px4_msgs/msg/SensorGnssRelative.json\n'}
[586.538368] (px4_msgs) StdoutLine: {'line': b'-- Installing: /home/hamad/ws_offboard_control/install/px4_msgs/share/px4_msgs/msg/SensorGnssStatus.json\n'}
[586.538546] (px4_msgs) StdoutLine: {'line': b'-- Installing: /home/hamad/ws_offboard_control/install/px4_msgs/share/px4_msgs/msg/SensorGps.json\n'}
[586.538725] (px4_msgs) StdoutLine: {'line': b'-- Installing: /home/hamad/ws_offboard_control/install/px4_msgs/share/px4_msgs/msg/SensorGyro.json\n'}
[586.538904] (px4_msgs) StdoutLine: {'line': b'-- Installing: /home/hamad/ws_offboard_control/install/px4_msgs/share/px4_msgs/msg/SensorGyroFft.json\n'}
[586.539115] (px4_msgs) StdoutLine: {'line': b'-- Installing: /home/hamad/ws_offboard_control/install/px4_msgs/share/px4_msgs/msg/SensorGyroFifo.json\n'}
[586.539352] (px4_msgs) StdoutLine: {'line': b'-- Installing: /home/hamad/ws_offboard_control/install/px4_msgs/share/px4_msgs/msg/SensorHygrometer.json\n'}
[586.539545] (px4_msgs) StdoutLine: {'line': b'-- Installing: /home/hamad/ws_offboard_control/install/px4_msgs/share/px4_msgs/msg/SensorMag.json\n'}
[586.539741] (px4_msgs) StdoutLine: {'line': b'-- Installing: /home/hamad/ws_offboard_control/install/px4_msgs/share/px4_msgs/msg/SensorOpticalFlow.json\n'}
[586.540448] (px4_msgs) StdoutLine: {'line': b'-- Installing: /home/hamad/ws_offboard_control/install/px4_msgs/share/px4_msgs/msg/SensorPreflightMag.json\n'}
[586.541241] (px4_msgs) StdoutLine: {'line': b'-- Installing: /home/hamad/ws_offboard_control/install/px4_msgs/share/px4_msgs/msg/SensorSelection.json\n'}
[586.542010] (px4_msgs) StdoutLine: {'line': b'-- Installing: /home/hamad/ws_offboard_control/install/px4_msgs/share/px4_msgs/msg/SensorUwb.json\n'}
[586.542524] (px4_msgs) StdoutLine: {'line': b'-- Installing: /home/hamad/ws_offboard_control/install/px4_msgs/share/px4_msgs/msg/SensorsStatus.json\n'}
[586.542788] (px4_msgs) StdoutLine: {'line': b'-- Installing: /home/hamad/ws_offboard_control/install/px4_msgs/share/px4_msgs/msg/SensorsStatusImu.json\n'}
[586.542917] (px4_msgs) StdoutLine: {'line': b'-- Installing: /home/hamad/ws_offboard_control/install/px4_msgs/share/px4_msgs/msg/SystemPower.json\n'}
[586.543175] (px4_msgs) StdoutLine: {'line': b'-- Installing: /home/hamad/ws_offboard_control/install/px4_msgs/share/px4_msgs/msg/TakeoffStatus.json\n'}
[586.543300] (px4_msgs) StdoutLine: {'line': b'-- Installing: /home/hamad/ws_offboard_control/install/px4_msgs/share/px4_msgs/msg/TaskStackInfo.json\n'}
[586.543518] (px4_msgs) StdoutLine: {'line': b'-- Installing: /home/hamad/ws_offboard_control/install/px4_msgs/share/px4_msgs/msg/TecsStatus.json\n'}
[586.543629] (px4_msgs) StdoutLine: {'line': b'-- Installing: /home/hamad/ws_offboard_control/install/px4_msgs/share/px4_msgs/msg/TelemetryStatus.json\n'}
[586.543813] (px4_msgs) StdoutLine: {'line': b'-- Installing: /home/hamad/ws_offboard_control/install/px4_msgs/share/px4_msgs/msg/TiltrotorExtraControls.json\n'}
[586.543988] (px4_msgs) StdoutLine: {'line': b'-- Installing: /home/hamad/ws_offboard_control/install/px4_msgs/share/px4_msgs/msg/TimesyncStatus.json\n'}
[586.544158] (px4_msgs) StdoutLine: {'line': b'-- Installing: /home/hamad/ws_offboard_control/install/px4_msgs/share/px4_msgs/msg/TrajectorySetpoint.json\n'}
[586.544274] (px4_msgs) StdoutLine: {'line': b'-- Installing: /home/hamad/ws_offboard_control/install/px4_msgs/share/px4_msgs/msg/TrajectorySetpoint6dof.json\n'}
[586.544397] (px4_msgs) StdoutLine: {'line': b'-- Installing: /home/hamad/ws_offboard_control/install/px4_msgs/share/px4_msgs/msg/TransponderReport.json\n'}
[586.544574] (px4_msgs) StdoutLine: {'line': b'-- Installing: /home/hamad/ws_offboard_control/install/px4_msgs/share/px4_msgs/msg/TuneControl.json\n'}
[586.544753] (px4_msgs) StdoutLine: {'line': b'-- Installing: /home/hamad/ws_offboard_control/install/px4_msgs/share/px4_msgs/msg/UavcanParameterRequest.json\n'}
[586.544923] (px4_msgs) StdoutLine: {'line': b'-- Installing: /home/hamad/ws_offboard_control/install/px4_msgs/share/px4_msgs/msg/UavcanParameterValue.json\n'}
[586.545094] (px4_msgs) StdoutLine: {'line': b'-- Installing: /home/hamad/ws_offboard_control/install/px4_msgs/share/px4_msgs/msg/UlogStream.json\n'}
[586.545262] (px4_msgs) StdoutLine: {'line': b'-- Installing: /home/hamad/ws_offboard_control/install/px4_msgs/share/px4_msgs/msg/UlogStreamAck.json\n'}
[586.545375] (px4_msgs) StdoutLine: {'line': b'-- Installing: /home/hamad/ws_offboard_control/install/px4_msgs/share/px4_msgs/msg/UnregisterExtComponent.json\n'}
[586.545488] (px4_msgs) StdoutLine: {'line': b'-- Installing: /home/hamad/ws_offboard_control/install/px4_msgs/share/px4_msgs/msg/VehicleAcceleration.json\n'}
[586.545597] (px4_msgs) StdoutLine: {'line': b'-- Installing: /home/hamad/ws_offboard_control/install/px4_msgs/share/px4_msgs/msg/VehicleAirData.json\n'}
[586.545717] (px4_msgs) StdoutLine: {'line': b'-- Installing: /home/hamad/ws_offboard_control/install/px4_msgs/share/px4_msgs/msg/VehicleAngularAccelerationSetpoint.json\n'}
[586.545831] (px4_msgs) StdoutLine: {'line': b'-- Installing: /home/hamad/ws_offboard_control/install/px4_msgs/share/px4_msgs/msg/VehicleAngularVelocity.json\n'}
[586.545949] (px4_msgs) StdoutLine: {'line': b'-- Installing: /home/hamad/ws_offboard_control/install/px4_msgs/share/px4_msgs/msg/VehicleAttitude.json\n'}
[586.546066] (px4_msgs) StdoutLine: {'line': b'-- Installing: /home/hamad/ws_offboard_control/install/px4_msgs/share/px4_msgs/msg/VehicleAttitudeSetpoint.json\n'}
[586.546190] (px4_msgs) StdoutLine: {'line': b'-- Installing: /home/hamad/ws_offboard_control/install/px4_msgs/share/px4_msgs/msg/VehicleCommand.json\n'}
[586.546320] (px4_msgs) StdoutLine: {'line': b'-- Installing: /home/hamad/ws_offboard_control/install/px4_msgs/share/px4_msgs/msg/VehicleCommandAck.json\n'}
[586.546477] (px4_msgs) StdoutLine: {'line': b'-- Installing: /home/hamad/ws_offboard_control/install/px4_msgs/share/px4_msgs/msg/VehicleConstraints.json\n'}
[586.546625] (px4_msgs) StdoutLine: {'line': b'-- Installing: /home/hamad/ws_offboard_control/install/px4_msgs/share/px4_msgs/msg/VehicleControlMode.json\n'}
[586.546897] (px4_msgs) StdoutLine: {'line': b'-- Installing: /home/hamad/ws_offboard_control/install/px4_msgs/share/px4_msgs/msg/VehicleGlobalPosition.json\n'}
[586.547075] (px4_msgs) StdoutLine: {'line': b'-- Installing: /home/hamad/ws_offboard_control/install/px4_msgs/share/px4_msgs/msg/VehicleImu.json\n'}
[586.547307] (px4_msgs) StdoutLine: {'line': b'-- Installing: /home/hamad/ws_offboard_control/install/px4_msgs/share/px4_msgs/msg/VehicleImuStatus.json\n'}
[586.547427] (px4_msgs) StdoutLine: {'line': b'-- Installing: /home/hamad/ws_offboard_control/install/px4_msgs/share/px4_msgs/msg/VehicleLandDetected.json\n'}
[586.547767] (px4_msgs) StdoutLine: {'line': b'-- Installing: /home/hamad/ws_offboard_control/install/px4_msgs/share/px4_msgs/msg/VehicleLocalPosition.json\n'}
[586.547910] (px4_msgs) StdoutLine: {'line': b'-- Installing: /home/hamad/ws_offboard_control/install/px4_msgs/share/px4_msgs/msg/VehicleLocalPositionSetpoint.json\n'}
[586.548287] (px4_msgs) StdoutLine: {'line': b'-- Installing: /home/hamad/ws_offboard_control/install/px4_msgs/share/px4_msgs/msg/VehicleMagnetometer.json\n'}
[586.548596] (px4_msgs) StdoutLine: {'line': b'-- Installing: /home/hamad/ws_offboard_control/install/px4_msgs/share/px4_msgs/msg/VehicleOdometry.json\n'}
[586.548965] (px4_msgs) StdoutLine: {'line': b'-- Installing: /home/hamad/ws_offboard_control/install/px4_msgs/share/px4_msgs/msg/VehicleOpticalFlow.json\n'}
[586.549230] (px4_msgs) StdoutLine: {'line': b'-- Installing: /home/hamad/ws_offboard_control/install/px4_msgs/share/px4_msgs/msg/VehicleOpticalFlowVel.json\n'}
[586.549427] (px4_msgs) StdoutLine: {'line': b'-- Installing: /home/hamad/ws_offboard_control/install/px4_msgs/share/px4_msgs/msg/VehicleRatesSetpoint.json\n'}
[586.549543] (px4_msgs) StdoutLine: {'line': b'-- Installing: /home/hamad/ws_offboard_control/install/px4_msgs/share/px4_msgs/msg/VehicleRoi.json\n'}
[586.549657] (px4_msgs) StdoutLine: {'line': b'-- Installing: /home/hamad/ws_offboard_control/install/px4_msgs/share/px4_msgs/msg/VehicleStatus.json\n'}
[586.549788] (px4_msgs) StdoutLine: {'line': b'-- Installing: /home/hamad/ws_offboard_control/install/px4_msgs/share/px4_msgs/msg/VehicleThrustSetpoint.json\n'}
[586.550169] (px4_msgs) StdoutLine: {'line': b'-- Installing: /home/hamad/ws_offboard_control/install/px4_msgs/share/px4_msgs/msg/VehicleTorqueSetpoint.json\n'}
[586.550498] (px4_msgs) StdoutLine: {'line': b'-- Installing: /home/hamad/ws_offboard_control/install/px4_msgs/share/px4_msgs/msg/VelocityLimits.json\n'}
[586.550757] (px4_msgs) StdoutLine: {'line': b'-- Installing: /home/hamad/ws_offboard_control/install/px4_msgs/share/px4_msgs/msg/VtolVehicleStatus.json\n'}
[586.550950] (px4_msgs) StdoutLine: {'line': b'-- Installing: /home/hamad/ws_offboard_control/install/px4_msgs/share/px4_msgs/msg/WheelEncoders.json\n'}
[586.551188] (px4_msgs) StdoutLine: {'line': b'-- Installing: /home/hamad/ws_offboard_control/install/px4_msgs/share/px4_msgs/msg/Wind.json\n'}
[586.551635] (px4_msgs) StdoutLine: {'line': b'-- Installing: /home/hamad/ws_offboard_control/install/px4_msgs/share/px4_msgs/msg/YawEstimatorStatus.json\n'}
[586.551800] (px4_msgs) StdoutLine: {'line': b'-- Installing: /home/hamad/ws_offboard_control/install/px4_msgs/share/px4_msgs/srv/VehicleCommand.json\n'}
[586.551907] (px4_msgs) StdoutLine: {'line': b'-- Installing: /home/hamad/ws_offboard_control/install/px4_msgs/include/px4_msgs/px4_msgs\n'}
[586.552012] (px4_msgs) StdoutLine: {'line': b'-- Installing: /home/hamad/ws_offboard_control/install/px4_msgs/include/px4_msgs/px4_msgs/msg\n'}
[586.552115] (px4_msgs) StdoutLine: {'line': b'-- Installing: /home/hamad/ws_offboard_control/install/px4_msgs/include/px4_msgs/px4_msgs/msg/geofence_result.h\n'}
[586.552461] (px4_msgs) StdoutLine: {'line': b'-- Installing: /home/hamad/ws_offboard_control/install/px4_msgs/include/px4_msgs/px4_msgs/msg/mag_worker_data.h\n'}
[586.552646] (px4_msgs) StdoutLine: {'line': b'-- Installing: /home/hamad/ws_offboard_control/install/px4_msgs/include/px4_msgs/px4_msgs/msg/fuel_tank_status.h\n'}
[586.552841] (px4_msgs) StdoutLine: {'line': b'-- Installing: /home/hamad/ws_offboard_control/install/px4_msgs/include/px4_msgs/px4_msgs/msg/estimator_bias3d.h\n'}
[586.553069] (px4_msgs) StdoutLine: {'line': b'-- Installing: /home/hamad/ws_offboard_control/install/px4_msgs/include/px4_msgs/px4_msgs/msg/rtl_status.h\n'}
[586.553323] (px4_msgs) StdoutLine: {'line': b'-- Installing: /home/hamad/ws_offboard_control/install/px4_msgs/include/px4_msgs/px4_msgs/msg/rosidl_generator_c__visibility_control.h\n'}
[586.553794] (px4_msgs) StdoutLine: {'line': b'-- Installing: /home/hamad/ws_offboard_control/install/px4_msgs/include/px4_msgs/px4_msgs/msg/timesync_status.h\n'}
[586.554160] (px4_msgs) StdoutLine: {'line': b'-- Installing: /home/hamad/ws_offboard_control/install/px4_msgs/include/px4_msgs/px4_msgs/msg/button_event.h\n'}
[586.554439] (px4_msgs) StdoutLine: {'line': b'-- Installing: /home/hamad/ws_offboard_control/install/px4_msgs/include/px4_msgs/px4_msgs/msg/position_setpoint.h\n'}
[586.554555] (px4_msgs) StdoutLine: {'line': b'-- Installing: /home/hamad/ws_offboard_control/install/px4_msgs/include/px4_msgs/px4_msgs/msg/mode_completed.h\n'}
[586.554822] (px4_msgs) StdoutLine: {'line': b'-- Installing: /home/hamad/ws_offboard_control/install/px4_msgs/include/px4_msgs/px4_msgs/msg/dataman_response.h\n'}
[586.555063] (px4_msgs) StdoutLine: {'line': b'-- Installing: /home/hamad/ws_offboard_control/install/px4_msgs/include/px4_msgs/px4_msgs/msg/navigator_mission_item.h\n'}
[586.555194] (px4_msgs) StdoutLine: {'line': b'-- Installing: /home/hamad/ws_offboard_control/install/px4_msgs/include/px4_msgs/px4_msgs/msg/rover_position_setpoint.h\n'}
[586.555312] (px4_msgs) StdoutLine: {'line': b'-- Installing: /home/hamad/ws_offboard_control/install/px4_msgs/include/px4_msgs/px4_msgs/msg/neural_control.h\n'}
[586.555417] (px4_msgs) StdoutLine: {'line': b'-- Installing: /home/hamad/ws_offboard_control/install/px4_msgs/include/px4_msgs/px4_msgs/msg/ulog_stream.h\n'}
[586.555519] (px4_msgs) StdoutLine: {'line': b'-- Installing: /home/hamad/ws_offboard_control/install/px4_msgs/include/px4_msgs/px4_msgs/msg/vehicle_magnetometer.h\n'}
[586.555622] (px4_msgs) StdoutLine: {'line': b'-- Installing: /home/hamad/ws_offboard_control/install/px4_msgs/include/px4_msgs/px4_msgs/msg/open_drone_id_operator_id.h\n'}
[586.555741] (px4_msgs) StdoutLine: {'line': b'-- Installing: /home/hamad/ws_offboard_control/install/px4_msgs/include/px4_msgs/px4_msgs/msg/normalized_unsigned_setpoint.h\n'}
[586.555844] (px4_msgs) StdoutLine: {'line': b'-- Installing: /home/hamad/ws_offboard_control/install/px4_msgs/include/px4_msgs/px4_msgs/msg/sensor_gyro_fifo.h\n'}
[586.555947] (px4_msgs) StdoutLine: {'line': b'-- Installing: /home/hamad/ws_offboard_control/install/px4_msgs/include/px4_msgs/px4_msgs/msg/gripper.h\n'}
[586.556048] (px4_msgs) StdoutLine: {'line': b'-- Installing: /home/hamad/ws_offboard_control/install/px4_msgs/include/px4_msgs/px4_msgs/msg/gpio_out.h\n'}
[586.556150] (px4_msgs) StdoutLine: {'line': b'-- Installing: /home/hamad/ws_offboard_control/install/px4_msgs/include/px4_msgs/px4_msgs/msg/sensor_gnss_relative.h\n'}
[586.556252] (px4_msgs) StdoutLine: {'line': b'-- Installing: /home/hamad/ws_offboard_control/install/px4_msgs/include/px4_msgs/px4_msgs/msg/camera_status.h\n'}
[586.556713] (px4_msgs) StdoutLine: {'line': b'-- Installing: /home/hamad/ws_offboard_control/install/px4_msgs/include/px4_msgs/px4_msgs/msg/autotune_attitude_control_status.h\n'}
[586.557059] (px4_msgs) StdoutLine: {'line': b'-- Installing: /home/hamad/ws_offboard_control/install/px4_msgs/include/px4_msgs/px4_msgs/msg/gps_inject_data.h\n'}
[586.557390] (px4_msgs) StdoutLine: {'line': b'-- Installing: /home/hamad/ws_offboard_control/install/px4_msgs/include/px4_msgs/px4_msgs/msg/pps_capture.h\n'}
[586.557686] (px4_msgs) StdoutLine: {'line': b'-- Installing: /home/hamad/ws_offboard_control/install/px4_msgs/include/px4_msgs/px4_msgs/msg/vehicle_optical_flow.h\n'}
[586.558020] (px4_msgs) StdoutLine: {'line': b'-- Installing: /home/hamad/ws_offboard_control/install/px4_msgs/include/px4_msgs/px4_msgs/msg/sensors_status.h\n'}
[586.558282] (px4_msgs) StdoutLine: {'line': b'-- Installing: /home/hamad/ws_offboard_control/install/px4_msgs/include/px4_msgs/px4_msgs/msg/adc_report.h\n'}
[586.558481] (px4_msgs) StdoutLine: {'line': b'-- Installing: /home/hamad/ws_offboard_control/install/px4_msgs/include/px4_msgs/px4_msgs/msg/landing_gear_wheel.h\n'}
[586.558615] (px4_msgs) StdoutLine: {'line': b'-- Installing: /home/hamad/ws_offboard_control/install/px4_msgs/include/px4_msgs/px4_msgs/msg/follow_target_estimator.h\n'}
[586.558733] (px4_msgs) StdoutLine: {'line': b'-- Installing: /home/hamad/ws_offboard_control/install/px4_msgs/include/px4_msgs/px4_msgs/msg/vehicle_imu.h\n'}
[586.558833] (px4_msgs) StdoutLine: {'line': b'-- Installing: /home/hamad/ws_offboard_control/install/px4_msgs/include/px4_msgs/px4_msgs/msg/sensor_baro.h\n'}
[586.558933] (px4_msgs) StdoutLine: {'line': b'-- Installing: /home/hamad/ws_offboard_control/install/px4_msgs/include/px4_msgs/px4_msgs/msg/vehicle_local_position_setpoint.h\n'}
[586.559033] (px4_msgs) StdoutLine: {'line': b'-- Installing: /home/hamad/ws_offboard_control/install/px4_msgs/include/px4_msgs/px4_msgs/msg/mavlink_tunnel.h\n'}
[586.559148] (px4_msgs) StdoutLine: {'line': b'-- Installing: /home/hamad/ws_offboard_control/install/px4_msgs/include/px4_msgs/px4_msgs/msg/register_ext_component_request.h\n'}
[586.559272] (px4_msgs) StdoutLine: {'line': b'-- Installing: /home/hamad/ws_offboard_control/install/px4_msgs/include/px4_msgs/px4_msgs/msg/landing_target_innovations.h\n'}
[586.559412] (px4_msgs) StdoutLine: {'line': b'-- Installing: /home/hamad/ws_offboard_control/install/px4_msgs/include/px4_msgs/px4_msgs/msg/sensor_gyro.h\n'}
[586.559802] (px4_msgs) StdoutLine: {'line': b'-- Installing: /home/hamad/ws_offboard_control/install/px4_msgs/include/px4_msgs/px4_msgs/msg/qshell_retval.h\n'}
[586.560054] (px4_msgs) StdoutLine: {'line': b'-- Installing: /home/hamad/ws_offboard_control/install/px4_msgs/include/px4_msgs/px4_msgs/msg/fixed_wing_lateral_guidance_status.h\n'}
[586.560276] (px4_msgs) StdoutLine: {'line': b'-- Installing: /home/hamad/ws_offboard_control/install/px4_msgs/include/px4_msgs/px4_msgs/msg/rpm.h\n'}
[586.560443] (px4_msgs) StdoutLine: {'line': b'-- Installing: /home/hamad/ws_offboard_control/install/px4_msgs/include/px4_msgs/px4_msgs/msg/fixed_wing_longitudinal_setpoint.h\n'}
[586.560655] (px4_msgs) StdoutLine: {'line': b'-- Installing: /home/hamad/ws_offboard_control/install/px4_msgs/include/px4_msgs/px4_msgs/msg/vehicle_optical_flow_vel.h\n'}
[586.560941] (px4_msgs) StdoutLine: {'line': b'-- Installing: /home/hamad/ws_offboard_control/install/px4_msgs/include/px4_msgs/px4_msgs/msg/debug_vect.h\n'}
[586.561147] (px4_msgs) StdoutLine: {'line': b'-- Installing: /home/hamad/ws_offboard_control/install/px4_msgs/include/px4_msgs/px4_msgs/msg/vehicle_imu_status.h\n'}
[586.561415] (px4_msgs) StdoutLine: {'line': b'-- Installing: /home/hamad/ws_offboard_control/install/px4_msgs/include/px4_msgs/px4_msgs/msg/vehicle_acceleration.h\n'}
[586.561631] (px4_msgs) StdoutLine: {'line': b'-- Installing: /home/hamad/ws_offboard_control/install/px4_msgs/include/px4_msgs/px4_msgs/msg/ulog_stream_ack.h\n'}
[586.561802] (px4_msgs) StdoutLine: {'line': b'-- Installing: /home/hamad/ws_offboard_control/install/px4_msgs/include/px4_msgs/px4_msgs/msg/generator_status.h\n'}
[586.562011] (px4_msgs) StdoutLine: {'line': b'-- Installing: /home/hamad/ws_offboard_control/install/px4_msgs/include/px4_msgs/px4_msgs/msg/orb_test_large.h\n'}
[586.562120] (px4_msgs) StdoutLine: {'line': b'-- Installing: /home/hamad/ws_offboard_control/install/px4_msgs/include/px4_msgs/px4_msgs/msg/gimbal_controls.h\n'}
[586.562366] (px4_msgs) StdoutLine: {'line': b'-- Installing: /home/hamad/ws_offboard_control/install/px4_msgs/include/px4_msgs/px4_msgs/msg/differential_pressure.h\n'}
[586.562717] (px4_msgs) StdoutLine: {'line': b'-- Installing: /home/hamad/ws_offboard_control/install/px4_msgs/include/px4_msgs/px4_msgs/msg/vehicle_status.h\n'}
[586.562974] (px4_msgs) StdoutLine: {'line': b'-- Installing: /home/hamad/ws_offboard_control/install/px4_msgs/include/px4_msgs/px4_msgs/msg/rover_attitude_setpoint.h\n'}
[586.563191] (px4_msgs) StdoutLine: {'line': b'-- Installing: /home/hamad/ws_offboard_control/install/px4_msgs/include/px4_msgs/px4_msgs/msg/tune_control.h\n'}
[586.563463] (px4_msgs) StdoutLine: {'line': b'-- Installing: /home/hamad/ws_offboard_control/install/px4_msgs/include/px4_msgs/px4_msgs/msg/power_button_state.h\n'}
[586.563749] (px4_msgs) StdoutLine: {'line': b'-- Installing: /home/hamad/ws_offboard_control/install/px4_msgs/include/px4_msgs/px4_msgs/msg/vehicle_odometry.h\n'}
[586.563972] (px4_msgs) StdoutLine: {'line': b'-- Installing: /home/hamad/ws_offboard_control/install/px4_msgs/include/px4_msgs/px4_msgs/msg/sensor_airflow.h\n'}
[586.564079] (px4_msgs) StdoutLine: {'line': b'-- Installing: /home/hamad/ws_offboard_control/install/px4_msgs/include/px4_msgs/px4_msgs/msg/gimbal_device_attitude_status.h\n'}
[586.564183] (px4_msgs) StdoutLine: {'line': b'-- Installing: /home/hamad/ws_offboard_control/install/px4_msgs/include/px4_msgs/px4_msgs/msg/config_overrides.h\n'}
[586.564452] (px4_msgs) StdoutLine: {'line': b'-- Installing: /home/hamad/ws_offboard_control/install/px4_msgs/include/px4_msgs/px4_msgs/msg/vehicle_attitude.h\n'}
[586.564636] (px4_msgs) StdoutLine: {'line': b'-- Installing: /home/hamad/ws_offboard_control/install/px4_msgs/include/px4_msgs/px4_msgs/msg/estimator_aid_source3d.h\n'}
[586.564756] (px4_msgs) StdoutLine: {'line': b'-- Installing: /home/hamad/ws_offboard_control/install/px4_msgs/include/px4_msgs/px4_msgs/msg/vehicle_global_position.h\n'}
[586.564857] (px4_msgs) StdoutLine: {'line': b'-- Installing: /home/hamad/ws_offboard_control/install/px4_msgs/include/px4_msgs/px4_msgs/msg/action_request.h\n'}
[586.564958] (px4_msgs) StdoutLine: {'line': b'-- Installing: /home/hamad/ws_offboard_control/install/px4_msgs/include/px4_msgs/px4_msgs/msg/airspeed_wind.h\n'}
[586.565059] (px4_msgs) StdoutLine: {'line': b'-- Installing: /home/hamad/ws_offboard_control/install/px4_msgs/include/px4_msgs/px4_msgs/msg/led_control.h\n'}
[586.565159] (px4_msgs) StdoutLine: {'line': b'-- Installing: /home/hamad/ws_offboard_control/install/px4_msgs/include/px4_msgs/px4_msgs/msg/message_format_response.h\n'}
[586.565261] (px4_msgs) StdoutLine: {'line': b'-- Installing: /home/hamad/ws_offboard_control/install/px4_msgs/include/px4_msgs/px4_msgs/msg/internal_combustion_engine_control.h\n'}
[586.565365] (px4_msgs) StdoutLine: {'line': b'-- Installing: /home/hamad/ws_offboard_control/install/px4_msgs/include/px4_msgs/px4_msgs/msg/uavcan_parameter_request.h\n'}
[586.565465] (px4_msgs) StdoutLine: {'line': b'-- Installing: /home/hamad/ws_offboard_control/install/px4_msgs/include/px4_msgs/px4_msgs/msg/parameter_set_value_request.h\n'}
[586.565568] (px4_msgs) StdoutLine: {'line': b'-- Installing: /home/hamad/ws_offboard_control/install/px4_msgs/include/px4_msgs/px4_msgs/msg/sensor_preflight_mag.h\n'}
[586.565776] (px4_msgs) StdoutLine: {'line': b'-- Installing: /home/hamad/ws_offboard_control/install/px4_msgs/include/px4_msgs/px4_msgs/msg/rate_ctrl_status.h\n'}
[586.565884] (px4_msgs) StdoutLine: {'line': b'-- Installing: /home/hamad/ws_offboard_control/install/px4_msgs/include/px4_msgs/px4_msgs/msg/transponder_report.h\n'}
[586.565987] (px4_msgs) StdoutLine: {'line': b'-- Installing: /home/hamad/ws_offboard_control/install/px4_msgs/include/px4_msgs/px4_msgs/msg/takeoff_status.h\n'}
[586.566090] (px4_msgs) StdoutLine: {'line': b'-- Installing: /home/hamad/ws_offboard_control/install/px4_msgs/include/px4_msgs/px4_msgs/msg/rc_parameter_map.h\n'}
[586.566214] (px4_msgs) StdoutLine: {'line': b'-- Installing: /home/hamad/ws_offboard_control/install/px4_msgs/include/px4_msgs/px4_msgs/msg/offboard_control_mode.h\n'}
[586.566630] (px4_msgs) StdoutLine: {'line': b'-- Installing: /home/hamad/ws_offboard_control/install/px4_msgs/include/px4_msgs/px4_msgs/msg/mission.h\n'}
[586.566928] (px4_msgs) StdoutLine: {'line': b'-- Installing: /home/hamad/ws_offboard_control/install/px4_msgs/include/px4_msgs/px4_msgs/msg/iridiumsbd_status.h\n'}
[586.567209] (px4_msgs) StdoutLine: {'line': b'-- Installing: /home/hamad/ws_offboard_control/install/px4_msgs/include/px4_msgs/px4_msgs/msg/position_controller_landing_status.h\n'}
[586.567314] (px4_msgs) StdoutLine: {'line': b'-- Installing: /home/hamad/ws_offboard_control/install/px4_msgs/include/px4_msgs/px4_msgs/msg/can_interface_status.h\n'}
[586.567418] (px4_msgs) StdoutLine: {'line': b'-- Installing: /home/hamad/ws_offboard_control/install/px4_msgs/include/px4_msgs/px4_msgs/msg/sensor_gyro_fft.h\n'}
[586.567520] (px4_msgs) StdoutLine: {'line': b'-- Installing: /home/hamad/ws_offboard_control/install/px4_msgs/include/px4_msgs/px4_msgs/msg/estimator_gps_status.h\n'}
[586.567634] (px4_msgs) StdoutLine: {'line': b'-- Installing: /home/hamad/ws_offboard_control/install/px4_msgs/include/px4_msgs/px4_msgs/msg/vehicle_control_mode.h\n'}
[586.567880] (px4_msgs) StdoutLine: {'line': b'-- Installing: /home/hamad/ws_offboard_control/install/px4_msgs/include/px4_msgs/px4_msgs/msg/position_controller_status.h\n'}
[586.568218] (px4_msgs) StdoutLine: {'line': b'-- Installing: /home/hamad/ws_offboard_control/install/px4_msgs/include/px4_msgs/px4_msgs/msg/qshell_req.h\n'}
[586.568493] (px4_msgs) StdoutLine: {'line': b'-- Installing: /home/hamad/ws_offboard_control/install/px4_msgs/include/px4_msgs/px4_msgs/msg/sensor_uwb.h\n'}
[586.568761] (px4_msgs) StdoutLine: {'line': b'-- Installing: /home/hamad/ws_offboard_control/install/px4_msgs/include/px4_msgs/px4_msgs/msg/logger_status.h\n'}
[586.569028] (px4_msgs) StdoutLine: {'line': b'-- Installing: /home/hamad/ws_offboard_control/install/px4_msgs/include/px4_msgs/px4_msgs/msg/vehicle_constraints.h\n'}
[586.569287] (px4_msgs) StdoutLine: {'line': b'-- Installing: /home/hamad/ws_offboard_control/install/px4_msgs/include/px4_msgs/px4_msgs/msg/tecs_status.h\n'}
[586.569538] (px4_msgs) StdoutLine: {'line': b'-- Installing: /home/hamad/ws_offboard_control/install/px4_msgs/include/px4_msgs/px4_msgs/msg/battery_status.h\n'}
[586.569775] (px4_msgs) StdoutLine: {'line': b'-- Installing: /home/hamad/ws_offboard_control/install/px4_msgs/include/px4_msgs/px4_msgs/msg/lateral_control_configuration.h\n'}
[586.569976] (px4_msgs) StdoutLine: {'line': b'-- Installing: /home/hamad/ws_offboard_control/install/px4_msgs/include/px4_msgs/px4_msgs/msg/parameter_set_value_response.h\n'}
[586.570286] (px4_msgs) StdoutLine: {'line': b'-- Installing: /home/hamad/ws_offboard_control/install/px4_msgs/include/px4_msgs/px4_msgs/msg/open_drone_id_arm_status.h\n'}
[586.570621] (px4_msgs) StdoutLine: {'line': b'-- Installing: /home/hamad/ws_offboard_control/install/px4_msgs/include/px4_msgs/px4_msgs/msg/position_setpoint_triplet.h\n'}
[586.570886] (px4_msgs) StdoutLine: {'line': b'-- Installing: /home/hamad/ws_offboard_control/install/px4_msgs/include/px4_msgs/px4_msgs/msg/vehicle_torque_setpoint.h\n'}
[586.571127] (px4_msgs) StdoutLine: {'line': b'-- Installing: /home/hamad/ws_offboard_control/install/px4_msgs/include/px4_msgs/px4_msgs/msg/estimator_states.h\n'}
[586.571246] (px4_msgs) StdoutLine: {'line': b'-- Installing: /home/hamad/ws_offboard_control/install/px4_msgs/include/px4_msgs/px4_msgs/msg/vehicle_air_data.h\n'}
[586.571362] (px4_msgs) StdoutLine: {'line': b'-- Installing: /home/hamad/ws_offboard_control/install/px4_msgs/include/px4_msgs/px4_msgs/msg/orb_test.h\n'}
[586.571553] (px4_msgs) StdoutLine: {'line': b'-- Installing: /home/hamad/ws_offboard_control/install/px4_msgs/include/px4_msgs/px4_msgs/msg/event.h\n'}
[586.571757] (px4_msgs) StdoutLine: {'line': b'-- Installing: /home/hamad/ws_offboard_control/install/px4_msgs/include/px4_msgs/px4_msgs/msg/vehicle_thrust_setpoint.h\n'}
[586.572008] (px4_msgs) StdoutLine: {'line': b'-- Installing: /home/hamad/ws_offboard_control/install/px4_msgs/include/px4_msgs/px4_msgs/msg/health_report.h\n'}
[586.572261] (px4_msgs) StdoutLine: {'line': b'-- Installing: /home/hamad/ws_offboard_control/install/px4_msgs/include/px4_msgs/px4_msgs/msg/sensor_hygrometer.h\n'}
[586.572367] (px4_msgs) StdoutLine: {'line': b'-- Installing: /home/hamad/ws_offboard_control/install/px4_msgs/include/px4_msgs/px4_msgs/msg/mount_orientation.h\n'}
[586.572635] (px4_msgs) StdoutLine: {'line': b'-- Installing: /home/hamad/ws_offboard_control/install/px4_msgs/include/px4_msgs/px4_msgs/msg/estimator_selector_status.h\n'}
[586.572892] (px4_msgs) StdoutLine: {'line': b'-- Installing: /home/hamad/ws_offboard_control/install/px4_msgs/include/px4_msgs/px4_msgs/msg/battery_info.h\n'}
[586.573134] (px4_msgs) StdoutLine: {'line': b'-- Installing: /home/hamad/ws_offboard_control/install/px4_msgs/include/px4_msgs/px4_msgs/msg/figure_eight_status.h\n'}
[586.573370] (px4_msgs) StdoutLine: {'line': b'-- Installing: /home/hamad/ws_offboard_control/install/px4_msgs/include/px4_msgs/px4_msgs/msg/sensor_accel_fifo.h\n'}
[586.573487] (px4_msgs) StdoutLine: {'line': b'-- Installing: /home/hamad/ws_offboard_control/install/px4_msgs/include/px4_msgs/px4_msgs/msg/onboard_computer_status.h\n'}
[586.573733] (px4_msgs) StdoutLine: {'line': b'-- Installing: /home/hamad/ws_offboard_control/install/px4_msgs/include/px4_msgs/px4_msgs/msg/rover_speed_status.h\n'}
[586.573954] (px4_msgs) StdoutLine: {'line': b'-- Installing: /home/hamad/ws_offboard_control/install/px4_msgs/include/px4_msgs/px4_msgs/msg/estimator_aid_source2d.h\n'}
[586.574187] (px4_msgs) StdoutLine: {'line': b'-- Installing: /home/hamad/ws_offboard_control/install/px4_msgs/include/px4_msgs/px4_msgs/msg/rover_throttle_setpoint.h\n'}
[586.574363] (px4_msgs) StdoutLine: {'line': b'-- Installing: /home/hamad/ws_offboard_control/install/px4_msgs/include/px4_msgs/px4_msgs/msg/estimator_status.h\n'}
[586.574535] (px4_msgs) StdoutLine: {'line': b'-- Installing: /home/hamad/ws_offboard_control/install/px4_msgs/include/px4_msgs/px4_msgs/msg/unregister_ext_component.h\n'}
[586.574649] (px4_msgs) StdoutLine: {'line': b'-- Installing: /home/hamad/ws_offboard_control/install/px4_msgs/include/px4_msgs/px4_msgs/msg/actuator_controls_status.h\n'}
[586.574771] (px4_msgs) StdoutLine: {'line': b'-- Installing: /home/hamad/ws_offboard_control/install/px4_msgs/include/px4_msgs/px4_msgs/msg/distance_sensor_mode_change_request.h\n'}
[586.574985] (-) TimerEvent: {}
[586.575074] (px4_msgs) StdoutLine: {'line': b'-- Installing: /home/hamad/ws_offboard_control/install/px4_msgs/include/px4_msgs/px4_msgs/msg/gimbal_device_information.h\n'}
[586.575200] (px4_msgs) StdoutLine: {'line': b'-- Installing: /home/hamad/ws_offboard_control/install/px4_msgs/include/px4_msgs/px4_msgs/msg/vehicle_attitude_setpoint.h\n'}
[586.575422] (px4_msgs) StdoutLine: {'line': b'-- Installing: /home/hamad/ws_offboard_control/install/px4_msgs/include/px4_msgs/px4_msgs/msg/open_drone_id_self_id.h\n'}
[586.575678] (px4_msgs) StdoutLine: {'line': b'-- Installing: /home/hamad/ws_offboard_control/install/px4_msgs/include/px4_msgs/px4_msgs/msg/longitudinal_control_configuration.h\n'}
[586.575938] (px4_msgs) StdoutLine: {'line': b'-- Installing: /home/hamad/ws_offboard_control/install/px4_msgs/include/px4_msgs/px4_msgs/msg/actuator_servos.h\n'}
[586.576205] (px4_msgs) StdoutLine: {'line': b'-- Installing: /home/hamad/ws_offboard_control/install/px4_msgs/include/px4_msgs/px4_msgs/msg/ping.h\n'}
[586.576464] (px4_msgs) StdoutLine: {'line': b'-- Installing: /home/hamad/ws_offboard_control/install/px4_msgs/include/px4_msgs/px4_msgs/msg/gps_dump.h\n'}
[586.576699] (px4_msgs) StdoutLine: {'line': b'-- Installing: /home/hamad/ws_offboard_control/install/px4_msgs/include/px4_msgs/px4_msgs/msg/debug_array.h\n'}
[586.576896] (px4_msgs) StdoutLine: {'line': b'-- Installing: /home/hamad/ws_offboard_control/install/px4_msgs/include/px4_msgs/px4_msgs/msg/control_allocator_status.h\n'}
[586.577147] (px4_msgs) StdoutLine: {'line': b'-- Installing: /home/hamad/ws_offboard_control/install/px4_msgs/include/px4_msgs/px4_msgs/msg/sensors_status_imu.h\n'}
[586.577728] (px4_msgs) StdoutLine: {'line': b'-- Installing: /home/hamad/ws_offboard_control/install/px4_msgs/include/px4_msgs/px4_msgs/msg/obstacle_distance.h\n'}
[586.577977] (px4_msgs) StdoutLine: {'line': b'-- Installing: /home/hamad/ws_offboard_control/install/px4_msgs/include/px4_msgs/px4_msgs/msg/follow_target.h\n'}
[586.578198] (px4_msgs) StdoutLine: {'line': b'-- Installing: /home/hamad/ws_offboard_control/install/px4_msgs/include/px4_msgs/px4_msgs/msg/trajectory_setpoint.h\n'}
[586.578430] (px4_msgs) StdoutLine: {'line': b'-- Installing: /home/hamad/ws_offboard_control/install/px4_msgs/include/px4_msgs/px4_msgs/msg/camera_capture.h\n'}
[586.578608] (px4_msgs) StdoutLine: {'line': b'-- Installing: /home/hamad/ws_offboard_control/install/px4_msgs/include/px4_msgs/px4_msgs/msg/fixed_wing_lateral_status.h\n'}
[586.578826] (px4_msgs) StdoutLine: {'line': b'-- Installing: /home/hamad/ws_offboard_control/install/px4_msgs/include/px4_msgs/px4_msgs/msg/magnetometer_bias_estimate.h\n'}
[586.579005] (px4_msgs) StdoutLine: {'line': b'-- Installing: /home/hamad/ws_offboard_control/install/px4_msgs/include/px4_msgs/px4_msgs/msg/estimator_bias.h\n'}
[586.579220] (px4_msgs) StdoutLine: {'line': b'-- Installing: /home/hamad/ws_offboard_control/install/px4_msgs/include/px4_msgs/px4_msgs/msg/estimator_sensor_bias.h\n'}
[586.579463] (px4_msgs) StdoutLine: {'line': b'-- Installing: /home/hamad/ws_offboard_control/install/px4_msgs/include/px4_msgs/px4_msgs/msg/sensor_optical_flow.h\n'}
[586.579717] (px4_msgs) StdoutLine: {'line': b'-- Installing: /home/hamad/ws_offboard_control/install/px4_msgs/include/px4_msgs/px4_msgs/msg/parameter_set_used_request.h\n'}
[586.579987] (px4_msgs) StdoutLine: {'line': b'-- Installing: /home/hamad/ws_offboard_control/install/px4_msgs/include/px4_msgs/px4_msgs/msg/px4io_status.h\n'}
[586.580243] (px4_msgs) StdoutLine: {'line': b'-- Installing: /home/hamad/ws_offboard_control/install/px4_msgs/include/px4_msgs/px4_msgs/msg/gimbal_device_set_attitude.h\n'}
[586.580501] (px4_msgs) StdoutLine: {'line': b'-- Installing: /home/hamad/ws_offboard_control/install/px4_msgs/include/px4_msgs/px4_msgs/msg/estimator_aid_source1d.h\n'}
[586.580786] (px4_msgs) StdoutLine: {'line': b'-- Installing: /home/hamad/ws_offboard_control/install/px4_msgs/include/px4_msgs/px4_msgs/msg/landing_target_pose.h\n'}
[586.581049] (px4_msgs) StdoutLine: {'line': b'-- Installing: /home/hamad/ws_offboard_control/install/px4_msgs/include/px4_msgs/px4_msgs/msg/heater_status.h\n'}
[586.581278] (px4_msgs) StdoutLine: {'line': b'-- Installing: /home/hamad/ws_offboard_control/install/px4_msgs/include/px4_msgs/px4_msgs/msg/arming_check_request.h\n'}
[586.581531] (px4_msgs) StdoutLine: {'line': b'-- Installing: /home/hamad/ws_offboard_control/install/px4_msgs/include/px4_msgs/px4_msgs/msg/vehicle_command_ack.h\n'}
[586.581744] (px4_msgs) StdoutLine: {'line': b'-- Installing: /home/hamad/ws_offboard_control/install/px4_msgs/include/px4_msgs/px4_msgs/msg/vehicle_angular_acceleration_setpoint.h\n'}
[586.581939] (px4_msgs) StdoutLine: {'line': b'-- Installing: /home/hamad/ws_offboard_control/install/px4_msgs/include/px4_msgs/px4_msgs/msg/vehicle_local_position.h\n'}
[586.582126] (px4_msgs) StdoutLine: {'line': b'-- Installing: /home/hamad/ws_offboard_control/install/px4_msgs/include/px4_msgs/px4_msgs/msg/rover_steering_setpoint.h\n'}
[586.582678] (px4_msgs) StdoutLine: {'line': b'-- Installing: /home/hamad/ws_offboard_control/install/px4_msgs/include/px4_msgs/px4_msgs/msg/mavlink_log.h\n'}
[586.582926] (px4_msgs) StdoutLine: {'line': b'-- Installing: /home/hamad/ws_offboard_control/install/px4_msgs/include/px4_msgs/px4_msgs/msg/gimbal_manager_set_attitude.h\n'}
[586.583168] (px4_msgs) StdoutLine: {'line': b'-- Installing: /home/hamad/ws_offboard_control/install/px4_msgs/include/px4_msgs/px4_msgs/msg/failsafe_flags.h\n'}
[586.583407] (px4_msgs) StdoutLine: {'line': b'-- Installing: /home/hamad/ws_offboard_control/install/px4_msgs/include/px4_msgs/px4_msgs/msg/internal_combustion_engine_status.h\n'}
[586.583626] (px4_msgs) StdoutLine: {'line': b'-- Installing: /home/hamad/ws_offboard_control/install/px4_msgs/include/px4_msgs/px4_msgs/msg/gpio_request.h\n'}
[586.583817] (px4_msgs) StdoutLine: {'line': b'-- Installing: /home/hamad/ws_offboard_control/install/px4_msgs/include/px4_msgs/px4_msgs/msg/camera_trigger.h\n'}
[586.584068] (px4_msgs) StdoutLine: {'line': b'-- Installing: /home/hamad/ws_offboard_control/install/px4_msgs/include/px4_msgs/px4_msgs/msg/detail\n'}
[586.584250] (px4_msgs) StdoutLine: {'line': b'-- Installing: /home/hamad/ws_offboard_control/install/px4_msgs/include/px4_msgs/px4_msgs/msg/detail/differential_pressure__type_support.c\n'}
[586.584559] (px4_msgs) StdoutLine: {'line': b'-- Installing: /home/hamad/ws_offboard_control/install/px4_msgs/include/px4_msgs/px4_msgs/msg/detail/estimator_sensor_bias__type_support.c\n'}
[586.584823] (px4_msgs) StdoutLine: {'line': b'-- Installing: /home/hamad/ws_offboard_control/install/px4_msgs/include/px4_msgs/px4_msgs/msg/detail/parameter_reset_request__struct.h\n'}
[586.585074] (px4_msgs) StdoutLine: {'line': b'-- Installing: /home/hamad/ws_offboard_control/install/px4_msgs/include/px4_msgs/px4_msgs/msg/detail/parameter_set_value_response__type_support.c\n'}
[586.585278] (px4_msgs) StdoutLine: {'line': b'-- Installing: /home/hamad/ws_offboard_control/install/px4_msgs/include/px4_msgs/px4_msgs/msg/detail/goto_setpoint__type_support.c\n'}
[586.585556] (px4_msgs) StdoutLine: {'line': b'-- Installing: /home/hamad/ws_offboard_control/install/px4_msgs/include/px4_msgs/px4_msgs/msg/detail/gimbal_controls__type_support.h\n'}
[586.585764] (px4_msgs) StdoutLine: {'line': b'-- Installing: /home/hamad/ws_offboard_control/install/px4_msgs/include/px4_msgs/px4_msgs/msg/detail/qshell_req__type_support.h\n'}
[586.585877] (px4_msgs) StdoutLine: {'line': b'-- Installing: /home/hamad/ws_offboard_control/install/px4_msgs/include/px4_msgs/px4_msgs/msg/detail/led_control__type_support.c\n'}
[586.586050] (px4_msgs) StdoutLine: {'line': b'-- Installing: /home/hamad/ws_offboard_control/install/px4_msgs/include/px4_msgs/px4_msgs/msg/detail/landing_target_pose__functions.h\n'}
[586.586320] (px4_msgs) StdoutLine: {'line': b'-- Installing: /home/hamad/ws_offboard_control/install/px4_msgs/include/px4_msgs/px4_msgs/msg/detail/camera_capture__functions.h\n'}
[586.586648] (px4_msgs) StdoutLine: {'line': b'-- Installing: /home/hamad/ws_offboard_control/install/px4_msgs/include/px4_msgs/px4_msgs/msg/detail/fixed_wing_runway_control__struct.h\n'}
[586.586903] (px4_msgs) StdoutLine: {'line': b'-- Installing: /home/hamad/ws_offboard_control/install/px4_msgs/include/px4_msgs/px4_msgs/msg/detail/debug_key_value__functions.c\n'}
[586.587158] (px4_msgs) StdoutLine: {'line': b'-- Installing: /home/hamad/ws_offboard_control/install/px4_msgs/include/px4_msgs/px4_msgs/msg/detail/estimator_aid_source1d__type_support.c\n'}
[586.587278] (px4_msgs) StdoutLine: {'line': b'-- Installing: /home/hamad/ws_offboard_control/install/px4_msgs/include/px4_msgs/px4_msgs/msg/detail/uavcan_parameter_request__struct.h\n'}
[586.587516] (px4_msgs) StdoutLine: {'line': b'-- Installing: /home/hamad/ws_offboard_control/install/px4_msgs/include/px4_msgs/px4_msgs/msg/detail/cpuload__type_support.h\n'}
[586.587700] (px4_msgs) StdoutLine: {'line': b'-- Installing: /home/hamad/ws_offboard_control/install/px4_msgs/include/px4_msgs/px4_msgs/msg/detail/yaw_estimator_status__type_support.h\n'}
[586.587923] (px4_msgs) StdoutLine: {'line': b'-- Installing: /home/hamad/ws_offboard_control/install/px4_msgs/include/px4_msgs/px4_msgs/msg/detail/camera_capture__type_support.c\n'}
[586.588102] (px4_msgs) StdoutLine: {'line': b'-- Installing: /home/hamad/ws_offboard_control/install/px4_msgs/include/px4_msgs/px4_msgs/msg/detail/obstacle_distance__description.c\n'}
[586.588304] (px4_msgs) StdoutLine: {'line': b'-- Installing: /home/hamad/ws_offboard_control/install/px4_msgs/include/px4_msgs/px4_msgs/msg/detail/debug_array__description.c\n'}
[586.588476] (px4_msgs) StdoutLine: {'line': b'-- Installing: /home/hamad/ws_offboard_control/install/px4_msgs/include/px4_msgs/px4_msgs/msg/detail/open_drone_id_self_id__type_support.h\n'}
[586.588714] (px4_msgs) StdoutLine: {'line': b'-- Installing: /home/hamad/ws_offboard_control/install/px4_msgs/include/px4_msgs/px4_msgs/msg/detail/actuator_controls_status__type_support.h\n'}
[586.588825] (px4_msgs) StdoutLine: {'line': b'-- Installing: /home/hamad/ws_offboard_control/install/px4_msgs/include/px4_msgs/px4_msgs/msg/detail/debug_value__type_support.h\n'}
[586.589097] (px4_msgs) StdoutLine: {'line': b'-- Installing: /home/hamad/ws_offboard_control/install/px4_msgs/include/px4_msgs/px4_msgs/msg/detail/vehicle_attitude__functions.h\n'}
[586.589211] (px4_msgs) StdoutLine: {'line': b'-- Installing: /home/hamad/ws_offboard_control/install/px4_msgs/include/px4_msgs/px4_msgs/msg/detail/action_request__struct.h\n'}
[586.589467] (px4_msgs) StdoutLine: {'line': b'-- Installing: /home/hamad/ws_offboard_control/install/px4_msgs/include/px4_msgs/px4_msgs/msg/detail/sensor_gnss_status__type_support.c\n'}
[586.589717] (px4_msgs) StdoutLine: {'line': b'-- Installing: /home/hamad/ws_offboard_control/install/px4_msgs/include/px4_msgs/px4_msgs/msg/detail/dataman_response__functions.c\n'}
[586.589977] (px4_msgs) StdoutLine: {'line': b'-- Installing: /home/hamad/ws_offboard_control/install/px4_msgs/include/px4_msgs/px4_msgs/msg/detail/timesync_status__struct.h\n'}
[586.590226] (px4_msgs) StdoutLine: {'line': b'-- Installing: /home/hamad/ws_offboard_control/install/px4_msgs/include/px4_msgs/px4_msgs/msg/detail/gimbal_device_information__functions.h\n'}
[586.590482] (px4_msgs) StdoutLine: {'line': b'-- Installing: /home/hamad/ws_offboard_control/install/px4_msgs/include/px4_msgs/px4_msgs/msg/detail/fixed_wing_lateral_status__functions.h\n'}
[586.590745] (px4_msgs) StdoutLine: {'line': b'-- Installing: /home/hamad/ws_offboard_control/install/px4_msgs/include/px4_msgs/px4_msgs/msg/detail/ping__type_support.c\n'}
[586.590885] (px4_msgs) StdoutLine: {'line': b'-- Installing: /home/hamad/ws_offboard_control/install/px4_msgs/include/px4_msgs/px4_msgs/msg/detail/normalized_unsigned_setpoint__type_support.c\n'}
[586.591022] (px4_msgs) StdoutLine: {'line': b'-- Installing: /home/hamad/ws_offboard_control/install/px4_msgs/include/px4_msgs/px4_msgs/msg/detail/uavcan_parameter_value__type_support.c\n'}
[586.591157] (px4_msgs) StdoutLine: {'line': b'-- Installing: /home/hamad/ws_offboard_control/install/px4_msgs/include/px4_msgs/px4_msgs/msg/detail/vehicle_optical_flow__description.c\n'}
[586.591452] (px4_msgs) StdoutLine: {'line': b'-- Installing: /home/hamad/ws_offboard_control/install/px4_msgs/include/px4_msgs/px4_msgs/msg/detail/vehicle_roi__struct.h\n'}
[586.591582] (px4_msgs) StdoutLine: {'line': b'-- Installing: /home/hamad/ws_offboard_control/install/px4_msgs/include/px4_msgs/px4_msgs/msg/detail/vtol_vehicle_status__functions.h\n'}
[586.591739] (px4_msgs) StdoutLine: {'line': b'-- Installing: /home/hamad/ws_offboard_control/install/px4_msgs/include/px4_msgs/px4_msgs/msg/detail/dronecan_node_status__struct.h\n'}
[586.592095] (px4_msgs) StdoutLine: {'line': b'-- Installing: /home/hamad/ws_offboard_control/install/px4_msgs/include/px4_msgs/px4_msgs/msg/detail/gpio_config__description.c\n'}
[586.592220] (px4_msgs) StdoutLine: {'line': b'-- Installing: /home/hamad/ws_offboard_control/install/px4_msgs/include/px4_msgs/px4_msgs/msg/detail/gimbal_device_set_attitude__functions.c\n'}
[586.592509] (px4_msgs) StdoutLine: {'line': b'-- Installing: /home/hamad/ws_offboard_control/install/px4_msgs/include/px4_msgs/px4_msgs/msg/detail/mode_completed__struct.h\n'}
[586.592743] (px4_msgs) StdoutLine: {'line': b'-- Installing: /home/hamad/ws_offboard_control/install/px4_msgs/include/px4_msgs/px4_msgs/msg/detail/goto_setpoint__type_support.h\n'}
[586.593044] (px4_msgs) StdoutLine: {'line': b'-- Installing: /home/hamad/ws_offboard_control/install/px4_msgs/include/px4_msgs/px4_msgs/msg/detail/health_report__functions.h\n'}
[586.593256] (px4_msgs) StdoutLine: {'line': b'-- Installing: /home/hamad/ws_offboard_control/install/px4_msgs/include/px4_msgs/px4_msgs/msg/detail/wheel_encoders__functions.c\n'}
[586.593453] (px4_msgs) StdoutLine: {'line': b'-- Installing: /home/hamad/ws_offboard_control/install/px4_msgs/include/px4_msgs/px4_msgs/msg/detail/sensor_gnss_relative__struct.h\n'}
[586.593659] (px4_msgs) StdoutLine: {'line': b'-- Installing: /home/hamad/ws_offboard_control/install/px4_msgs/include/px4_msgs/px4_msgs/msg/detail/rate_ctrl_status__functions.c\n'}
[586.593915] (px4_msgs) StdoutLine: {'line': b'-- Installing: /home/hamad/ws_offboard_control/install/px4_msgs/include/px4_msgs/px4_msgs/msg/detail/airspeed_wind__type_support.c\n'}
[586.594113] (px4_msgs) StdoutLine: {'line': b'-- Installing: /home/hamad/ws_offboard_control/install/px4_msgs/include/px4_msgs/px4_msgs/msg/detail/estimator_status__functions.h\n'}
[586.594316] (px4_msgs) StdoutLine: {'line': b'-- Installing: /home/hamad/ws_offboard_control/install/px4_msgs/include/px4_msgs/px4_msgs/msg/detail/vehicle_acceleration__type_support.h\n'}
[586.594527] (px4_msgs) StdoutLine: {'line': b'-- Installing: /home/hamad/ws_offboard_control/install/px4_msgs/include/px4_msgs/px4_msgs/msg/detail/vehicle_angular_acceleration_setpoint__functions.c\n'}
[586.594730] (px4_msgs) StdoutLine: {'line': b'-- Installing: /home/hamad/ws_offboard_control/install/px4_msgs/include/px4_msgs/px4_msgs/msg/detail/airspeed_wind__type_support.h\n'}
[586.594920] (px4_msgs) StdoutLine: {'line': b'-- Installing: /home/hamad/ws_offboard_control/install/px4_msgs/include/px4_msgs/px4_msgs/msg/detail/failsafe_flags__functions.c\n'}
[586.595105] (px4_msgs) StdoutLine: {'line': b'-- Installing: /home/hamad/ws_offboard_control/install/px4_msgs/include/px4_msgs/px4_msgs/msg/detail/estimator_event_flags__struct.h\n'}
[586.595355] (px4_msgs) StdoutLine: {'line': b'-- Installing: /home/hamad/ws_offboard_control/install/px4_msgs/include/px4_msgs/px4_msgs/msg/detail/estimator_states__functions.h\n'}
[586.595560] (px4_msgs) StdoutLine: {'line': b'-- Installing: /home/hamad/ws_offboard_control/install/px4_msgs/include/px4_msgs/px4_msgs/msg/detail/ping__description.c\n'}
[586.595788] (px4_msgs) StdoutLine: {'line': b'-- Installing: /home/hamad/ws_offboard_control/install/px4_msgs/include/px4_msgs/px4_msgs/msg/detail/sensor_hygrometer__type_support.h\n'}
[586.596019] (px4_msgs) StdoutLine: {'line': b'-- Installing: /home/hamad/ws_offboard_control/install/px4_msgs/include/px4_msgs/px4_msgs/msg/detail/yaw_estimator_status__functions.c\n'}
[586.596216] (px4_msgs) StdoutLine: {'line': b'-- Installing: /home/hamad/ws_offboard_control/install/px4_msgs/include/px4_msgs/px4_msgs/msg/detail/rover_speed_setpoint__functions.c\n'}
[586.596441] (px4_msgs) StdoutLine: {'line': b'-- Installing: /home/hamad/ws_offboard_control/install/px4_msgs/include/px4_msgs/px4_msgs/msg/detail/rtl_status__type_support.h\n'}
[586.596637] (px4_msgs) StdoutLine: {'line': b'-- Installing: /home/hamad/ws_offboard_control/install/px4_msgs/include/px4_msgs/px4_msgs/msg/detail/gpio_in__functions.h\n'}
[586.596853] (px4_msgs) StdoutLine: {'line': b'-- Installing: /home/hamad/ws_offboard_control/install/px4_msgs/include/px4_msgs/px4_msgs/msg/detail/vehicle_rates_setpoint__type_support.h\n'}
[586.597106] (px4_msgs) StdoutLine: {'line': b'-- Installing: /home/hamad/ws_offboard_control/install/px4_msgs/include/px4_msgs/px4_msgs/msg/detail/wheel_encoders__type_support.c\n'}
[586.597341] (px4_msgs) StdoutLine: {'line': b'-- Installing: /home/hamad/ws_offboard_control/install/px4_msgs/include/px4_msgs/px4_msgs/msg/detail/home_position__functions.h\n'}
[586.597581] (px4_msgs) StdoutLine: {'line': b'-- Installing: /home/hamad/ws_offboard_control/install/px4_msgs/include/px4_msgs/px4_msgs/msg/detail/mount_orientation__struct.h\n'}
[586.597775] (px4_msgs) StdoutLine: {'line': b'-- Installing: /home/hamad/ws_offboard_control/install/px4_msgs/include/px4_msgs/px4_msgs/msg/detail/rover_speed_status__functions.c\n'}
[586.597970] (px4_msgs) StdoutLine: {'line': b'-- Installing: /home/hamad/ws_offboard_control/install/px4_msgs/include/px4_msgs/px4_msgs/msg/detail/position_controller_landing_status__description.c\n'}
[586.598152] (px4_msgs) StdoutLine: {'line': b'-- Installing: /home/hamad/ws_offboard_control/install/px4_msgs/include/px4_msgs/px4_msgs/msg/detail/generator_status__type_support.h\n'}
[586.598334] (px4_msgs) StdoutLine: {'line': b'-- Installing: /home/hamad/ws_offboard_control/install/px4_msgs/include/px4_msgs/px4_msgs/msg/detail/rc_channels__type_support.h\n'}
[586.598521] (px4_msgs) StdoutLine: {'line': b'-- Installing: /home/hamad/ws_offboard_control/install/px4_msgs/include/px4_msgs/px4_msgs/msg/detail/orb_test_medium__type_support.c\n'}
[586.598739] (px4_msgs) StdoutLine: {'line': b'-- Installing: /home/hamad/ws_offboard_control/install/px4_msgs/include/px4_msgs/px4_msgs/msg/detail/manual_control_setpoint__functions.h\n'}
[586.598997] (px4_msgs) StdoutLine: {'line': b'-- Installing: /home/hamad/ws_offboard_control/install/px4_msgs/include/px4_msgs/px4_msgs/msg/detail/gimbal_device_set_attitude__type_support.h\n'}
[586.599218] (px4_msgs) StdoutLine: {'line': b'-- Installing: /home/hamad/ws_offboard_control/install/px4_msgs/include/px4_msgs/px4_msgs/msg/detail/pure_pursuit_status__functions.h\n'}
[586.599480] (px4_msgs) StdoutLine: {'line': b'-- Installing: /home/hamad/ws_offboard_control/install/px4_msgs/include/px4_msgs/px4_msgs/msg/detail/internal_combustion_engine_control__type_support.c\n'}
[586.599655] (px4_msgs) StdoutLine: {'line': b'-- Installing: /home/hamad/ws_offboard_control/install/px4_msgs/include/px4_msgs/px4_msgs/msg/detail/distance_sensor__struct.h\n'}
[586.599872] (px4_msgs) StdoutLine: {'line': b'-- Installing: /home/hamad/ws_offboard_control/install/px4_msgs/include/px4_msgs/px4_msgs/msg/detail/timesync_status__description.c\n'}
[586.600015] (px4_msgs) StdoutLine: {'line': b'-- Installing: /home/hamad/ws_offboard_control/install/px4_msgs/include/px4_msgs/px4_msgs/msg/detail/rover_speed_status__functions.h\n'}
[586.600149] (px4_msgs) StdoutLine: {'line': b'-- Installing: /home/hamad/ws_offboard_control/install/px4_msgs/include/px4_msgs/px4_msgs/msg/detail/vehicle_rates_setpoint__description.c\n'}
[586.600277] (px4_msgs) StdoutLine: {'line': b'-- Installing: /home/hamad/ws_offboard_control/install/px4_msgs/include/px4_msgs/px4_msgs/msg/detail/vehicle_magnetometer__type_support.h\n'}
[586.600409] (px4_msgs) StdoutLine: {'line': b'-- Installing: /home/hamad/ws_offboard_control/install/px4_msgs/include/px4_msgs/px4_msgs/msg/detail/control_allocator_status__functions.c\n'}
[586.600539] (px4_msgs) StdoutLine: {'line': b'-- Installing: /home/hamad/ws_offboard_control/install/px4_msgs/include/px4_msgs/px4_msgs/msg/detail/estimator_bias3d__functions.c\n'}
[586.600679] (px4_msgs) StdoutLine: {'line': b'-- Installing: /home/hamad/ws_offboard_control/install/px4_msgs/include/px4_msgs/px4_msgs/msg/detail/qshell_retval__type_support.c\n'}
[586.600812] (px4_msgs) StdoutLine: {'line': b'-- Installing: /home/hamad/ws_offboard_control/install/px4_msgs/include/px4_msgs/px4_msgs/msg/detail/power_monitor__type_support.c\n'}
[586.600943] (px4_msgs) StdoutLine: {'line': b'-- Installing: /home/hamad/ws_offboard_control/install/px4_msgs/include/px4_msgs/px4_msgs/msg/detail/rover_steering_setpoint__type_support.h\n'}
[586.601074] (px4_msgs) StdoutLine: {'line': b'-- Installing: /home/hamad/ws_offboard_control/install/px4_msgs/include/px4_msgs/px4_msgs/msg/detail/autotune_attitude_control_status__functions.c\n'}
[586.601205] (px4_msgs) StdoutLine: {'line': b'-- Installing: /home/hamad/ws_offboard_control/install/px4_msgs/include/px4_msgs/px4_msgs/msg/detail/estimator_status_flags__type_support.c\n'}
[586.601334] (px4_msgs) StdoutLine: {'line': b'-- Installing: /home/hamad/ws_offboard_control/install/px4_msgs/include/px4_msgs/px4_msgs/msg/detail/parameter_set_used_request__description.c\n'}
[586.601438] (px4_msgs) StdoutLine: {'line': b'-- Installing: /home/hamad/ws_offboard_control/install/px4_msgs/include/px4_msgs/px4_msgs/msg/detail/fixed_wing_runway_control__functions.c\n'}
[586.601578] (px4_msgs) StdoutLine: {'line': b'-- Installing: /home/hamad/ws_offboard_control/install/px4_msgs/include/px4_msgs/px4_msgs/msg/detail/neural_control__struct.h\n'}
[586.601683] (px4_msgs) StdoutLine: {'line': b'-- Installing: /home/hamad/ws_offboard_control/install/px4_msgs/include/px4_msgs/px4_msgs/msg/detail/can_interface_status__functions.c\n'}
[586.601917] (px4_msgs) StdoutLine: {'line': b'-- Installing: /home/hamad/ws_offboard_control/install/px4_msgs/include/px4_msgs/px4_msgs/msg/detail/sensor_uwb__struct.h\n'}
[586.601981] (px4_msgs) StdoutLine: {'line': b'-- Installing: /home/hamad/ws_offboard_control/install/px4_msgs/include/px4_msgs/px4_msgs/msg/detail/neural_control__functions.h\n'}
[586.602047] (px4_msgs) StdoutLine: {'line': b'-- Installing: /home/hamad/ws_offboard_control/install/px4_msgs/include/px4_msgs/px4_msgs/msg/detail/pure_pursuit_status__functions.c\n'}
[586.602111] (px4_msgs) StdoutLine: {'line': b'-- Installing: /home/hamad/ws_offboard_control/install/px4_msgs/include/px4_msgs/px4_msgs/msg/detail/adc_report__struct.h\n'}
[586.602176] (px4_msgs) StdoutLine: {'line': b'-- Installing: /home/hamad/ws_offboard_control/install/px4_msgs/include/px4_msgs/px4_msgs/msg/detail/debug_value__type_support.c\n'}
[586.602239] (px4_msgs) StdoutLine: {'line': b'-- Installing: /home/hamad/ws_offboard_control/install/px4_msgs/include/px4_msgs/px4_msgs/msg/detail/iridiumsbd_status__type_support.h\n'}
[586.602300] (px4_msgs) StdoutLine: {'line': b'-- Installing: /home/hamad/ws_offboard_control/install/px4_msgs/include/px4_msgs/px4_msgs/msg/detail/follow_target_status__functions.h\n'}
[586.602363] (px4_msgs) StdoutLine: {'line': b'-- Installing: /home/hamad/ws_offboard_control/install/px4_msgs/include/px4_msgs/px4_msgs/msg/detail/failsafe_flags__description.c\n'}
[586.602425] (px4_msgs) StdoutLine: {'line': b'-- Installing: /home/hamad/ws_offboard_control/install/px4_msgs/include/px4_msgs/px4_msgs/msg/detail/sensor_gyro__functions.h\n'}
[586.602489] (px4_msgs) StdoutLine: {'line': b'-- Installing: /home/hamad/ws_offboard_control/install/px4_msgs/include/px4_msgs/px4_msgs/msg/detail/gpio_request__type_support.c\n'}
[586.602553] (px4_msgs) StdoutLine: {'line': b'-- Installing: /home/hamad/ws_offboard_control/install/px4_msgs/include/px4_msgs/px4_msgs/msg/detail/open_drone_id_operator_id__struct.h\n'}
[586.602617] (px4_msgs) StdoutLine: {'line': b'-- Installing: /home/hamad/ws_offboard_control/install/px4_msgs/include/px4_msgs/px4_msgs/msg/detail/gps_inject_data__description.c\n'}
[586.602832] (px4_msgs) StdoutLine: {'line': b'-- Installing: /home/hamad/ws_offboard_control/install/px4_msgs/include/px4_msgs/px4_msgs/msg/detail/vehicle_angular_velocity__functions.h\n'}
[586.602959] (px4_msgs) StdoutLine: {'line': b'-- Installing: /home/hamad/ws_offboard_control/install/px4_msgs/include/px4_msgs/px4_msgs/msg/detail/vehicle_land_detected__struct.h\n'}
[586.603022] (px4_msgs) StdoutLine: {'line': b'-- Installing: /home/hamad/ws_offboard_control/install/px4_msgs/include/px4_msgs/px4_msgs/msg/detail/estimator_sensor_bias__functions.h\n'}
[586.603087] (px4_msgs) StdoutLine: {'line': b'-- Installing: /home/hamad/ws_offboard_control/install/px4_msgs/include/px4_msgs/px4_msgs/msg/detail/rover_throttle_setpoint__struct.h\n'}
[586.603152] (px4_msgs) StdoutLine: {'line': b'-- Installing: /home/hamad/ws_offboard_control/install/px4_msgs/include/px4_msgs/px4_msgs/msg/detail/trajectory_setpoint__struct.h\n'}
[586.603335] (px4_msgs) StdoutLine: {'line': b'-- Installing: /home/hamad/ws_offboard_control/install/px4_msgs/include/px4_msgs/px4_msgs/msg/detail/longitudinal_control_configuration__description.c\n'}
[586.603397] (px4_msgs) StdoutLine: {'line': b'-- Installing: /home/hamad/ws_offboard_control/install/px4_msgs/include/px4_msgs/px4_msgs/msg/detail/estimator_selector_status__type_support.c\n'}
[586.603461] (px4_msgs) StdoutLine: {'line': b'-- Installing: /home/hamad/ws_offboard_control/install/px4_msgs/include/px4_msgs/px4_msgs/msg/detail/navigator_mission_item__type_support.c\n'}
[586.603527] (px4_msgs) StdoutLine: {'line': b'-- Installing: /home/hamad/ws_offboard_control/install/px4_msgs/include/px4_msgs/px4_msgs/msg/detail/rover_steering_setpoint__functions.h\n'}
[586.603591] (px4_msgs) StdoutLine: {'line': b'-- Installing: /home/hamad/ws_offboard_control/install/px4_msgs/include/px4_msgs/px4_msgs/msg/detail/estimator_sensor_bias__type_support.h\n'}
[586.603771] (px4_msgs) StdoutLine: {'line': b'-- Installing: /home/hamad/ws_offboard_control/install/px4_msgs/include/px4_msgs/px4_msgs/msg/detail/pure_pursuit_status__type_support.c\n'}
[586.603836] (px4_msgs) StdoutLine: {'line': b'-- Installing: /home/hamad/ws_offboard_control/install/px4_msgs/include/px4_msgs/px4_msgs/msg/detail/estimator_bias__type_support.c\n'}
[586.603938] (px4_msgs) StdoutLine: {'line': b'-- Installing: /home/hamad/ws_offboard_control/install/px4_msgs/include/px4_msgs/px4_msgs/msg/detail/button_event__description.c\n'}
[586.604020] (px4_msgs) StdoutLine: {'line': b'-- Installing: /home/hamad/ws_offboard_control/install/px4_msgs/include/px4_msgs/px4_msgs/msg/detail/actuator_test__functions.h\n'}
[586.604085] (px4_msgs) StdoutLine: {'line': b'-- Installing: /home/hamad/ws_offboard_control/install/px4_msgs/include/px4_msgs/px4_msgs/msg/detail/actuator_servos__functions.h\n'}
[586.604150] (px4_msgs) StdoutLine: {'line': b'-- Installing: /home/hamad/ws_offboard_control/install/px4_msgs/include/px4_msgs/px4_msgs/msg/detail/vehicle_optical_flow__functions.h\n'}
[586.604214] (px4_msgs) StdoutLine: {'line': b'-- Installing: /home/hamad/ws_offboard_control/install/px4_msgs/include/px4_msgs/px4_msgs/msg/detail/transponder_report__struct.h\n'}
[586.604280] (px4_msgs) StdoutLine: {'line': b'-- Installing: /home/hamad/ws_offboard_control/install/px4_msgs/include/px4_msgs/px4_msgs/msg/detail/arming_check_request__description.c\n'}
[586.604345] (px4_msgs) StdoutLine: {'line': b'-- Installing: /home/hamad/ws_offboard_control/install/px4_msgs/include/px4_msgs/px4_msgs/msg/detail/vehicle_rates_setpoint__functions.h\n'}
[586.604409] (px4_msgs) StdoutLine: {'line': b'-- Installing: /home/hamad/ws_offboard_control/install/px4_msgs/include/px4_msgs/px4_msgs/msg/detail/collision_constraints__type_support.c\n'}
[586.604472] (px4_msgs) StdoutLine: {'line': b'-- Installing: /home/hamad/ws_offboard_control/install/px4_msgs/include/px4_msgs/px4_msgs/msg/detail/led_control__type_support.h\n'}
[586.604537] (px4_msgs) StdoutLine: {'line': b'-- Installing: /home/hamad/ws_offboard_control/install/px4_msgs/include/px4_msgs/px4_msgs/msg/detail/mag_worker_data__functions.h\n'}
[586.604601] (px4_msgs) StdoutLine: {'line': b'-- Installing: /home/hamad/ws_offboard_control/install/px4_msgs/include/px4_msgs/px4_msgs/msg/detail/distance_sensor_mode_change_request__type_support.h\n'}
[586.604665] (px4_msgs) StdoutLine: {'line': b'-- Installing: /home/hamad/ws_offboard_control/install/px4_msgs/include/px4_msgs/px4_msgs/msg/detail/sensor_uwb__type_support.c\n'}
[586.604739] (px4_msgs) StdoutLine: {'line': b'-- Installing: /home/hamad/ws_offboard_control/install/px4_msgs/include/px4_msgs/px4_msgs/msg/detail/gpio_out__description.c\n'}
[586.604802] (px4_msgs) StdoutLine: {'line': b'-- Installing: /home/hamad/ws_offboard_control/install/px4_msgs/include/px4_msgs/px4_msgs/msg/detail/open_drone_id_system__type_support.c\n'}
[586.605087] (px4_msgs) StdoutLine: {'line': b'-- Installing: /home/hamad/ws_offboard_control/install/px4_msgs/include/px4_msgs/px4_msgs/msg/detail/landing_target_pose__type_support.c\n'}
[586.605153] (px4_msgs) StdoutLine: {'line': b'-- Installing: /home/hamad/ws_offboard_control/install/px4_msgs/include/px4_msgs/px4_msgs/msg/detail/vehicle_constraints__functions.h\n'}
[586.605279] (px4_msgs) StdoutLine: {'line': b'-- Installing: /home/hamad/ws_offboard_control/install/px4_msgs/include/px4_msgs/px4_msgs/msg/detail/cpuload__type_support.c\n'}
[586.605345] (px4_msgs) StdoutLine: {'line': b'-- Installing: /home/hamad/ws_offboard_control/install/px4_msgs/include/px4_msgs/px4_msgs/msg/detail/mavlink_log__struct.h\n'}
[586.605408] (px4_msgs) StdoutLine: {'line': b'-- Installing: /home/hamad/ws_offboard_control/install/px4_msgs/include/px4_msgs/px4_msgs/msg/detail/vehicle_optical_flow_vel__type_support.c\n'}
[586.605472] (px4_msgs) StdoutLine: {'line': b'-- Installing: /home/hamad/ws_offboard_control/install/px4_msgs/include/px4_msgs/px4_msgs/msg/detail/rover_speed_status__type_support.h\n'}
[586.605656] (px4_msgs) StdoutLine: {'line': b'-- Installing: /home/hamad/ws_offboard_control/install/px4_msgs/include/px4_msgs/px4_msgs/msg/detail/ulog_stream__functions.h\n'}
[586.605727] (px4_msgs) StdoutLine: {'line': b'-- Installing: /home/hamad/ws_offboard_control/install/px4_msgs/include/px4_msgs/px4_msgs/msg/detail/navigator_mission_item__functions.h\n'}
[586.605790] (px4_msgs) StdoutLine: {'line': b'-- Installing: /home/hamad/ws_offboard_control/install/px4_msgs/include/px4_msgs/px4_msgs/msg/detail/sensor_accel_fifo__functions.c\n'}
[586.605963] (px4_msgs) StdoutLine: {'line': b'-- Installing: /home/hamad/ws_offboard_control/install/px4_msgs/include/px4_msgs/px4_msgs/msg/detail/message_format_request__type_support.c\n'}
[586.606028] (px4_msgs) StdoutLine: {'line': b'-- Installing: /home/hamad/ws_offboard_control/install/px4_msgs/include/px4_msgs/px4_msgs/msg/detail/debug_key_value__struct.h\n'}
[586.606093] (px4_msgs) StdoutLine: {'line': b'-- Installing: /home/hamad/ws_offboard_control/install/px4_msgs/include/px4_msgs/px4_msgs/msg/detail/transponder_report__description.c\n'}
[586.606157] (px4_msgs) StdoutLine: {'line': b'-- Installing: /home/hamad/ws_offboard_control/install/px4_msgs/include/px4_msgs/px4_msgs/msg/detail/led_control__functions.h\n'}
[586.606221] (px4_msgs) StdoutLine: {'line': b'-- Installing: /home/hamad/ws_offboard_control/install/px4_msgs/include/px4_msgs/px4_msgs/msg/detail/vehicle_acceleration__type_support.c\n'}
[586.606285] (px4_msgs) StdoutLine: {'line': b'-- Installing: /home/hamad/ws_offboard_control/install/px4_msgs/include/px4_msgs/px4_msgs/msg/detail/sensors_status__functions.h\n'}
[586.606349] (px4_msgs) StdoutLine: {'line': b'-- Installing: /home/hamad/ws_offboard_control/install/px4_msgs/include/px4_msgs/px4_msgs/msg/detail/actuator_servos__description.c\n'}
[586.606414] (px4_msgs) StdoutLine: {'line': b'-- Installing: /home/hamad/ws_offboard_control/install/px4_msgs/include/px4_msgs/px4_msgs/msg/detail/landing_target_innovations__description.c\n'}
[586.606477] (px4_msgs) StdoutLine: {'line': b'-- Installing: /home/hamad/ws_offboard_control/install/px4_msgs/include/px4_msgs/px4_msgs/msg/detail/gimbal_manager_information__type_support.h\n'}
[586.606540] (px4_msgs) StdoutLine: {'line': b'-- Installing: /home/hamad/ws_offboard_control/install/px4_msgs/include/px4_msgs/px4_msgs/msg/detail/esc_status__type_support.c\n'}
[586.606602] (px4_msgs) StdoutLine: {'line': b'-- Installing: /home/hamad/ws_offboard_control/install/px4_msgs/include/px4_msgs/px4_msgs/msg/detail/estimator_status__struct.h\n'}
[586.606672] (px4_msgs) StdoutLine: {'line': b'-- Installing: /home/hamad/ws_offboard_control/install/px4_msgs/include/px4_msgs/px4_msgs/msg/detail/orb_test_medium__struct.h\n'}
[586.606739] (px4_msgs) StdoutLine: {'line': b'-- Installing: /home/hamad/ws_offboard_control/install/px4_msgs/include/px4_msgs/px4_msgs/msg/detail/open_drone_id_arm_status__functions.h\n'}
[586.606803] (px4_msgs) StdoutLine: {'line': b'-- Installing: /home/hamad/ws_offboard_control/install/px4_msgs/include/px4_msgs/px4_msgs/msg/detail/action_request__functions.h\n'}
[586.606865] (px4_msgs) StdoutLine: {'line': b'-- Installing: /home/hamad/ws_offboard_control/install/px4_msgs/include/px4_msgs/px4_msgs/msg/detail/position_controller_status__type_support.h\n'}
[586.606929] (px4_msgs) StdoutLine: {'line': b'-- Installing: /home/hamad/ws_offboard_control/install/px4_msgs/include/px4_msgs/px4_msgs/msg/detail/input_rc__struct.h\n'}
[586.606994] (px4_msgs) StdoutLine: {'line': b'-- Installing: /home/hamad/ws_offboard_control/install/px4_msgs/include/px4_msgs/px4_msgs/msg/detail/parameter_reset_request__functions.c\n'}
[586.607057] (px4_msgs) StdoutLine: {'line': b'-- Installing: /home/hamad/ws_offboard_control/install/px4_msgs/include/px4_msgs/px4_msgs/msg/detail/sensor_baro__struct.h\n'}
[586.607121] (px4_msgs) StdoutLine: {'line': b'-- Installing: /home/hamad/ws_offboard_control/install/px4_msgs/include/px4_msgs/px4_msgs/msg/detail/vehicle_command_ack__functions.c\n'}
[586.607364] (px4_msgs) StdoutLine: {'line': b'-- Installing: /home/hamad/ws_offboard_control/install/px4_msgs/include/px4_msgs/px4_msgs/msg/detail/follow_target_estimator__type_support.h\n'}
[586.607429] (px4_msgs) StdoutLine: {'line': b'-- Installing: /home/hamad/ws_offboard_control/install/px4_msgs/include/px4_msgs/px4_msgs/msg/detail/task_stack_info__functions.c\n'}
[586.607493] (px4_msgs) StdoutLine: {'line': b'-- Installing: /home/hamad/ws_offboard_control/install/px4_msgs/include/px4_msgs/px4_msgs/msg/detail/actuator_motors__description.c\n'}
[586.607613] (px4_msgs) StdoutLine: {'line': b'-- Installing: /home/hamad/ws_offboard_control/install/px4_msgs/include/px4_msgs/px4_msgs/msg/detail/lateral_control_configuration__struct.h\n'}
[586.607691] (px4_msgs) StdoutLine: {'line': b'-- Installing: /home/hamad/ws_offboard_control/install/px4_msgs/include/px4_msgs/px4_msgs/msg/detail/failure_detector_status__struct.h\n'}
[586.607757] (px4_msgs) StdoutLine: {'line': b'-- Installing: /home/hamad/ws_offboard_control/install/px4_msgs/include/px4_msgs/px4_msgs/msg/detail/vehicle_local_position__struct.h\n'}
[586.607820] (px4_msgs) StdoutLine: {'line': b'-- Installing: /home/hamad/ws_offboard_control/install/px4_msgs/include/px4_msgs/px4_msgs/msg/detail/rc_channels__functions.c\n'}
[586.607884] (px4_msgs) StdoutLine: {'line': b'-- Installing: /home/hamad/ws_offboard_control/install/px4_msgs/include/px4_msgs/px4_msgs/msg/detail/sensor_accel__functions.c\n'}
[586.607947] (px4_msgs) StdoutLine: {'line': b'-- Installing: /home/hamad/ws_offboard_control/install/px4_msgs/include/px4_msgs/px4_msgs/msg/detail/vehicle_roi__type_support.h\n'}
[586.608011] (px4_msgs) StdoutLine: {'line': b'-- Installing: /home/hamad/ws_offboard_control/install/px4_msgs/include/px4_msgs/px4_msgs/msg/detail/rover_position_setpoint__functions.h\n'}
[586.608190] (px4_msgs) StdoutLine: {'line': b'-- Installing: /home/hamad/ws_offboard_control/install/px4_msgs/include/px4_msgs/px4_msgs/msg/detail/cellular_status__functions.h\n'}
[586.608254] (px4_msgs) StdoutLine: {'line': b'-- Installing: /home/hamad/ws_offboard_control/install/px4_msgs/include/px4_msgs/px4_msgs/msg/detail/parameter_set_used_request__type_support.h\n'}
[586.608378] (px4_msgs) StdoutLine: {'line': b'-- Installing: /home/hamad/ws_offboard_control/install/px4_msgs/include/px4_msgs/px4_msgs/msg/detail/airspeed_validated__type_support.h\n'}
[586.608443] (px4_msgs) StdoutLine: {'line': b'-- Installing: /home/hamad/ws_offboard_control/install/px4_msgs/include/px4_msgs/px4_msgs/msg/detail/yaw_estimator_status__description.c\n'}
[586.608507] (px4_msgs) StdoutLine: {'line': b'-- Installing: /home/hamad/ws_offboard_control/install/px4_msgs/include/px4_msgs/px4_msgs/msg/detail/battery_status__functions.h\n'}
[586.608570] (px4_msgs) StdoutLine: {'line': b'-- Installing: /home/hamad/ws_offboard_control/install/px4_msgs/include/px4_msgs/px4_msgs/msg/detail/vehicle_global_position__functions.c\n'}
[586.608634] (px4_msgs) StdoutLine: {'line': b'-- Installing: /home/hamad/ws_offboard_control/install/px4_msgs/include/px4_msgs/px4_msgs/msg/detail/sensor_gyro_fifo__type_support.c\n'}
[586.608707] (px4_msgs) StdoutLine: {'line': b'-- Installing: /home/hamad/ws_offboard_control/install/px4_msgs/include/px4_msgs/px4_msgs/msg/detail/open_drone_id_self_id__functions.h\n'}
[586.608772] (px4_msgs) StdoutLine: {'line': b'-- Installing: /home/hamad/ws_offboard_control/install/px4_msgs/include/px4_msgs/px4_msgs/msg/detail/estimator_sensor_bias__struct.h\n'}
[586.608835] (px4_msgs) StdoutLine: {'line': b'-- Installing: /home/hamad/ws_offboard_control/install/px4_msgs/include/px4_msgs/px4_msgs/msg/detail/cellular_status__type_support.h\n'}
[586.608898] (px4_msgs) StdoutLine: {'line': b'-- Installing: /home/hamad/ws_offboard_control/install/px4_msgs/include/px4_msgs/px4_msgs/msg/detail/qshell_retval__functions.c\n'}
[586.608960] (px4_msgs) StdoutLine: {'line': b'-- Installing: /home/hamad/ws_offboard_control/install/px4_msgs/include/px4_msgs/px4_msgs/msg/detail/open_drone_id_self_id__functions.c\n'}
[586.609186] (px4_msgs) StdoutLine: {'line': b'-- Installing: /home/hamad/ws_offboard_control/install/px4_msgs/include/px4_msgs/px4_msgs/msg/detail/ulog_stream_ack__functions.h\n'}
[586.609250] (px4_msgs) StdoutLine: {'line': b'-- Installing: /home/hamad/ws_offboard_control/install/px4_msgs/include/px4_msgs/px4_msgs/msg/detail/sensor_hygrometer__description.c\n'}
[586.609315] (px4_msgs) StdoutLine: {'line': b'-- Installing: /home/hamad/ws_offboard_control/install/px4_msgs/include/px4_msgs/px4_msgs/msg/detail/timesync_status__type_support.c\n'}
[586.609377] (px4_msgs) StdoutLine: {'line': b'-- Installing: /home/hamad/ws_offboard_control/install/px4_msgs/include/px4_msgs/px4_msgs/msg/detail/sensor_preflight_mag__type_support.h\n'}
[586.609442] (px4_msgs) StdoutLine: {'line': b'-- Installing: /home/hamad/ws_offboard_control/install/px4_msgs/include/px4_msgs/px4_msgs/msg/detail/debug_vect__description.c\n'}
[586.609506] (px4_msgs) StdoutLine: {'line': b'-- Installing: /home/hamad/ws_offboard_control/install/px4_msgs/include/px4_msgs/px4_msgs/msg/detail/sensor_selection__type_support.c\n'}
[586.609566] (px4_msgs) StdoutLine: {'line': b'-- Installing: /home/hamad/ws_offboard_control/install/px4_msgs/include/px4_msgs/px4_msgs/msg/detail/parameter_set_value_request__struct.h\n'}
[586.609629] (px4_msgs) StdoutLine: {'line': b'-- Installing: /home/hamad/ws_offboard_control/install/px4_msgs/include/px4_msgs/px4_msgs/msg/detail/actuator_test__type_support.c\n'}
[586.609703] (px4_msgs) StdoutLine: {'line': b'-- Installing: /home/hamad/ws_offboard_control/install/px4_msgs/include/px4_msgs/px4_msgs/msg/detail/vehicle_control_mode__functions.c\n'}
[586.609889] (px4_msgs) StdoutLine: {'line': b'-- Installing: /home/hamad/ws_offboard_control/install/px4_msgs/include/px4_msgs/px4_msgs/msg/detail/rover_attitude_setpoint__functions.h\n'}
[586.610001] (px4_msgs) StdoutLine: {'line': b'-- Installing: /home/hamad/ws_offboard_control/install/px4_msgs/include/px4_msgs/px4_msgs/msg/detail/estimator_aid_source3d__struct.h\n'}
[586.610066] (px4_msgs) StdoutLine: {'line': b'-- Installing: /home/hamad/ws_offboard_control/install/px4_msgs/include/px4_msgs/px4_msgs/msg/detail/position_setpoint__functions.c\n'}
[586.610130] (px4_msgs) StdoutLine: {'line': b'-- Installing: /home/hamad/ws_offboard_control/install/px4_msgs/include/px4_msgs/px4_msgs/msg/detail/estimator_event_flags__functions.c\n'}
[586.610194] (px4_msgs) StdoutLine: {'line': b'-- Installing: /home/hamad/ws_offboard_control/install/px4_msgs/include/px4_msgs/px4_msgs/msg/detail/failsafe_flags__functions.h\n'}
[586.610257] (px4_msgs) StdoutLine: {'line': b'-- Installing: /home/hamad/ws_offboard_control/install/px4_msgs/include/px4_msgs/px4_msgs/msg/detail/gpio_config__functions.h\n'}
[586.610320] (px4_msgs) StdoutLine: {'line': b'-- Installing: /home/hamad/ws_offboard_control/install/px4_msgs/include/px4_msgs/px4_msgs/msg/detail/gps_inject_data__type_support.h\n'}
[586.610382] (px4_msgs) StdoutLine: {'line': b'-- Installing: /home/hamad/ws_offboard_control/install/px4_msgs/include/px4_msgs/px4_msgs/msg/detail/vehicle_command_ack__struct.h\n'}
[586.610445] (px4_msgs) StdoutLine: {'line': b'-- Installing: /home/hamad/ws_offboard_control/install/px4_msgs/include/px4_msgs/px4_msgs/msg/detail/mission_result__struct.h\n'}
[586.610508] (px4_msgs) StdoutLine: {'line': b'-- Installing: /home/hamad/ws_offboard_control/install/px4_msgs/include/px4_msgs/px4_msgs/msg/detail/register_ext_component_request__type_support.c\n'}
[586.610570] (px4_msgs) StdoutLine: {'line': b'-- Installing: /home/hamad/ws_offboard_control/install/px4_msgs/include/px4_msgs/px4_msgs/msg/detail/task_stack_info__type_support.c\n'}
[586.610632] (px4_msgs) StdoutLine: {'line': b'-- Installing: /home/hamad/ws_offboard_control/install/px4_msgs/include/px4_msgs/px4_msgs/msg/detail/obstacle_distance__type_support.h\n'}
[586.610884] (px4_msgs) StdoutLine: {'line': b'-- Installing: /home/hamad/ws_offboard_control/install/px4_msgs/include/px4_msgs/px4_msgs/msg/detail/airspeed_wind__description.c\n'}
[586.610950] (px4_msgs) StdoutLine: {'line': b'-- Installing: /home/hamad/ws_offboard_control/install/px4_msgs/include/px4_msgs/px4_msgs/msg/detail/sensors_status_imu__struct.h\n'}
[586.611094] (px4_msgs) StdoutLine: {'line': b'-- Installing: /home/hamad/ws_offboard_control/install/px4_msgs/include/px4_msgs/px4_msgs/msg/detail/pure_pursuit_status__type_support.h\n'}
[586.611187] (px4_msgs) StdoutLine: {'line': b'-- Installing: /home/hamad/ws_offboard_control/install/px4_msgs/include/px4_msgs/px4_msgs/msg/detail/geofence_result__functions.c\n'}
[586.611291] (px4_msgs) StdoutLine: {'line': b'-- Installing: /home/hamad/ws_offboard_control/install/px4_msgs/include/px4_msgs/px4_msgs/msg/detail/offboard_control_mode__type_support.h\n'}
[586.611395] (px4_msgs) StdoutLine: {'line': b'-- Installing: /home/hamad/ws_offboard_control/install/px4_msgs/include/px4_msgs/px4_msgs/msg/detail/fixed_wing_lateral_guidance_status__description.c\n'}
[586.611604] (px4_msgs) StdoutLine: {'line': b'-- Installing: /home/hamad/ws_offboard_control/install/px4_msgs/include/px4_msgs/px4_msgs/msg/detail/arming_check_reply__type_support.h\n'}
[586.611702] (px4_msgs) StdoutLine: {'line': b'-- Installing: /home/hamad/ws_offboard_control/install/px4_msgs/include/px4_msgs/px4_msgs/msg/detail/sensor_combined__description.c\n'}
[586.611772] (px4_msgs) StdoutLine: {'line': b'-- Installing: /home/hamad/ws_offboard_control/install/px4_msgs/include/px4_msgs/px4_msgs/msg/detail/ulog_stream__type_support.c\n'}
[586.611911] (px4_msgs) StdoutLine: {'line': b'-- Installing: /home/hamad/ws_offboard_control/install/px4_msgs/include/px4_msgs/px4_msgs/msg/detail/hover_thrust_estimate__functions.h\n'}
[586.611979] (px4_msgs) StdoutLine: {'line': b'-- Installing: /home/hamad/ws_offboard_control/install/px4_msgs/include/px4_msgs/px4_msgs/msg/detail/gimbal_device_attitude_status__description.c\n'}
[586.612044] (px4_msgs) StdoutLine: {'line': b'-- Installing: /home/hamad/ws_offboard_control/install/px4_msgs/include/px4_msgs/px4_msgs/msg/detail/estimator_bias3d__functions.h\n'}
[586.612109] (px4_msgs) StdoutLine: {'line': b'-- Installing: /home/hamad/ws_offboard_control/install/px4_msgs/include/px4_msgs/px4_msgs/msg/detail/internal_combustion_engine_control__functions.h\n'}
[586.612173] (px4_msgs) StdoutLine: {'line': b'-- Installing: /home/hamad/ws_offboard_control/install/px4_msgs/include/px4_msgs/px4_msgs/msg/detail/launch_detection_status__description.c\n'}
[586.612237] (px4_msgs) StdoutLine: {'line': b'-- Installing: /home/hamad/ws_offboard_control/install/px4_msgs/include/px4_msgs/px4_msgs/msg/detail/pps_capture__description.c\n'}
[586.612301] (px4_msgs) StdoutLine: {'line': b'-- Installing: /home/hamad/ws_offboard_control/install/px4_msgs/include/px4_msgs/px4_msgs/msg/detail/arming_check_reply__functions.h\n'}
[586.612458] (px4_msgs) StdoutLine: {'line': b'-- Installing: /home/hamad/ws_offboard_control/install/px4_msgs/include/px4_msgs/px4_msgs/msg/detail/actuator_test__struct.h\n'}
[586.612524] (px4_msgs) StdoutLine: {'line': b'-- Installing: /home/hamad/ws_offboard_control/install/px4_msgs/include/px4_msgs/px4_msgs/msg/detail/onboard_computer_status__description.c\n'}
[586.612590] (px4_msgs) StdoutLine: {'line': b'-- Installing: /home/hamad/ws_offboard_control/install/px4_msgs/include/px4_msgs/px4_msgs/msg/detail/gimbal_manager_set_attitude__struct.h\n'}
[586.612653] (px4_msgs) StdoutLine: {'line': b'-- Installing: /home/hamad/ws_offboard_control/install/px4_msgs/include/px4_msgs/px4_msgs/msg/detail/vehicle_thrust_setpoint__functions.c\n'}
[586.612729] (px4_msgs) StdoutLine: {'line': b'-- Installing: /home/hamad/ws_offboard_control/install/px4_msgs/include/px4_msgs/px4_msgs/msg/detail/gimbal_controls__struct.h\n'}
[586.612795] (px4_msgs) StdoutLine: {'line': b'-- Installing: /home/hamad/ws_offboard_control/install/px4_msgs/include/px4_msgs/px4_msgs/msg/detail/vehicle_global_position__type_support.c\n'}
[586.612857] (px4_msgs) StdoutLine: {'line': b'-- Installing: /home/hamad/ws_offboard_control/install/px4_msgs/include/px4_msgs/px4_msgs/msg/detail/velocity_limits__functions.c\n'}
[586.612920] (px4_msgs) StdoutLine: {'line': b'-- Installing: /home/hamad/ws_offboard_control/install/px4_msgs/include/px4_msgs/px4_msgs/msg/detail/sensor_accel__type_support.h\n'}
[586.613082] (px4_msgs) StdoutLine: {'line': b'-- Installing: /home/hamad/ws_offboard_control/install/px4_msgs/include/px4_msgs/px4_msgs/msg/detail/vtol_vehicle_status__functions.c\n'}
[586.613218] (px4_msgs) StdoutLine: {'line': b'-- Installing: /home/hamad/ws_offboard_control/install/px4_msgs/include/px4_msgs/px4_msgs/msg/detail/sensor_combined__functions.c\n'}
[586.613285] (px4_msgs) StdoutLine: {'line': b'-- Installing: /home/hamad/ws_offboard_control/install/px4_msgs/include/px4_msgs/px4_msgs/msg/detail/autotune_attitude_control_status__functions.h\n'}
[586.613350] (px4_msgs) StdoutLine: {'line': b'-- Installing: /home/hamad/ws_offboard_control/install/px4_msgs/include/px4_msgs/px4_msgs/msg/detail/lateral_control_configuration__type_support.h\n'}
[586.613413] (px4_msgs) StdoutLine: {'line': b'-- Installing: /home/hamad/ws_offboard_control/install/px4_msgs/include/px4_msgs/px4_msgs/msg/detail/parameter_set_used_request__type_support.c\n'}
[586.613475] (px4_msgs) StdoutLine: {'line': b'-- Installing: /home/hamad/ws_offboard_control/install/px4_msgs/include/px4_msgs/px4_msgs/msg/detail/message_format_response__struct.h\n'}
[586.613735] (px4_msgs) StdoutLine: {'line': b'-- Installing: /home/hamad/ws_offboard_control/install/px4_msgs/include/px4_msgs/px4_msgs/msg/detail/power_monitor__description.c\n'}
[586.613854] (px4_msgs) StdoutLine: {'line': b'-- Installing: /home/hamad/ws_offboard_control/install/px4_msgs/include/px4_msgs/px4_msgs/msg/detail/manual_control_setpoint__struct.h\n'}
[586.613919] (px4_msgs) StdoutLine: {'line': b'-- Installing: /home/hamad/ws_offboard_control/install/px4_msgs/include/px4_msgs/px4_msgs/msg/detail/adc_report__type_support.c\n'}
[586.613982] (px4_msgs) StdoutLine: {'line': b'-- Installing: /home/hamad/ws_offboard_control/install/px4_msgs/include/px4_msgs/px4_msgs/msg/detail/vehicle_imu_status__struct.h\n'}
[586.614046] (px4_msgs) StdoutLine: {'line': b'-- Installing: /home/hamad/ws_offboard_control/install/px4_msgs/include/px4_msgs/px4_msgs/msg/detail/trajectory_setpoint6dof__description.c\n'}
[586.614108] (px4_msgs) StdoutLine: {'line': b'-- Installing: /home/hamad/ws_offboard_control/install/px4_msgs/include/px4_msgs/px4_msgs/msg/detail/geofence_status__struct.h\n'}
[586.614173] (px4_msgs) StdoutLine: {'line': b'-- Installing: /home/hamad/ws_offboard_control/install/px4_msgs/include/px4_msgs/px4_msgs/msg/detail/control_allocator_status__description.c\n'}
[586.614234] (px4_msgs) StdoutLine: {'line': b'-- Installing: /home/hamad/ws_offboard_control/install/px4_msgs/include/px4_msgs/px4_msgs/msg/detail/config_overrides__type_support.c\n'}
[586.614298] (px4_msgs) StdoutLine: {'line': b'-- Installing: /home/hamad/ws_offboard_control/install/px4_msgs/include/px4_msgs/px4_msgs/msg/detail/vehicle_attitude_setpoint__functions.h\n'}
[586.614362] (px4_msgs) StdoutLine: {'line': b'-- Installing: /home/hamad/ws_offboard_control/install/px4_msgs/include/px4_msgs/px4_msgs/msg/detail/navigator_mission_item__description.c\n'}
[586.614425] (px4_msgs) StdoutLine: {'line': b'-- Installing: /home/hamad/ws_offboard_control/install/px4_msgs/include/px4_msgs/px4_msgs/msg/detail/message_format_request__functions.h\n'}
[586.614719] (px4_msgs) StdoutLine: {'line': b'-- Installing: /home/hamad/ws_offboard_control/install/px4_msgs/include/px4_msgs/px4_msgs/msg/detail/px4io_status__functions.c\n'}
[586.614788] (px4_msgs) StdoutLine: {'line': b'-- Installing: /home/hamad/ws_offboard_control/install/px4_msgs/include/px4_msgs/px4_msgs/msg/detail/estimator_aid_source2d__description.c\n'}
[586.614852] (px4_msgs) StdoutLine: {'line': b'-- Installing: /home/hamad/ws_offboard_control/install/px4_msgs/include/px4_msgs/px4_msgs/msg/detail/estimator_aid_source3d__functions.c\n'}
[586.614988] (px4_msgs) StdoutLine: {'line': b'-- Installing: /home/hamad/ws_offboard_control/install/px4_msgs/include/px4_msgs/px4_msgs/msg/detail/gripper__functions.c\n'}
[586.615055] (px4_msgs) StdoutLine: {'line': b'-- Installing: /home/hamad/ws_offboard_control/install/px4_msgs/include/px4_msgs/px4_msgs/msg/detail/esc_status__functions.h\n'}
[586.615223] (px4_msgs) StdoutLine: {'line': b'-- Installing: /home/hamad/ws_offboard_control/install/px4_msgs/include/px4_msgs/px4_msgs/msg/detail/sensor_correction__description.c\n'}
[586.615287] (px4_msgs) StdoutLine: {'line': b'-- Installing: /home/hamad/ws_offboard_control/install/px4_msgs/include/px4_msgs/px4_msgs/msg/detail/position_controller_status__functions.c\n'}
[586.615350] (px4_msgs) StdoutLine: {'line': b'-- Installing: /home/hamad/ws_offboard_control/install/px4_msgs/include/px4_msgs/px4_msgs/msg/detail/log_message__type_support.h\n'}
[586.615414] (px4_msgs) StdoutLine: {'line': b'-- Installing: /home/hamad/ws_offboard_control/install/px4_msgs/include/px4_msgs/px4_msgs/msg/detail/sensor_hygrometer__functions.h\n'}
[586.615478] (px4_msgs) StdoutLine: {'line': b'-- Installing: /home/hamad/ws_offboard_control/install/px4_msgs/include/px4_msgs/px4_msgs/msg/detail/heater_status__struct.h\n'}
[586.615542] (px4_msgs) StdoutLine: {'line': b'-- Installing: /home/hamad/ws_offboard_control/install/px4_msgs/include/px4_msgs/px4_msgs/msg/detail/control_allocator_status__type_support.c\n'}
[586.615605] (px4_msgs) StdoutLine: {'line': b'-- Installing: /home/hamad/ws_offboard_control/install/px4_msgs/include/px4_msgs/px4_msgs/msg/detail/offboard_control_mode__functions.h\n'}
[586.615676] (px4_msgs) StdoutLine: {'line': b'-- Installing: /home/hamad/ws_offboard_control/install/px4_msgs/include/px4_msgs/px4_msgs/msg/detail/rate_ctrl_status__struct.h\n'}
[586.615923] (px4_msgs) StdoutLine: {'line': b'-- Installing: /home/hamad/ws_offboard_control/install/px4_msgs/include/px4_msgs/px4_msgs/msg/detail/manual_control_setpoint__type_support.h\n'}
[586.616025] (px4_msgs) StdoutLine: {'line': b'-- Installing: /home/hamad/ws_offboard_control/install/px4_msgs/include/px4_msgs/px4_msgs/msg/detail/vehicle_angular_acceleration_setpoint__type_support.h\n'}
[586.616090] (px4_msgs) StdoutLine: {'line': b'-- Installing: /home/hamad/ws_offboard_control/install/px4_msgs/include/px4_msgs/px4_msgs/msg/detail/launch_detection_status__type_support.c\n'}
[586.616154] (px4_msgs) StdoutLine: {'line': b'-- Installing: /home/hamad/ws_offboard_control/install/px4_msgs/include/px4_msgs/px4_msgs/msg/detail/button_event__functions.h\n'}
[586.616217] (px4_msgs) StdoutLine: {'line': b'-- Installing: /home/hamad/ws_offboard_control/install/px4_msgs/include/px4_msgs/px4_msgs/msg/detail/px4io_status__description.c\n'}
[586.616281] (px4_msgs) StdoutLine: {'line': b'-- Installing: /home/hamad/ws_offboard_control/install/px4_msgs/include/px4_msgs/px4_msgs/msg/detail/gpio_config__type_support.h\n'}
[586.616485] (px4_msgs) StdoutLine: {'line': b'-- Installing: /home/hamad/ws_offboard_control/install/px4_msgs/include/px4_msgs/px4_msgs/msg/detail/rpm__type_support.h\n'}
[586.616549] (px4_msgs) StdoutLine: {'line': b'-- Installing: /home/hamad/ws_offboard_control/install/px4_msgs/include/px4_msgs/px4_msgs/msg/detail/vehicle_command_ack__functions.h\n'}
[586.616612] (px4_msgs) StdoutLine: {'line': b'-- Installing: /home/hamad/ws_offboard_control/install/px4_msgs/include/px4_msgs/px4_msgs/msg/detail/failure_detector_status__description.c\n'}
[586.616746] (px4_msgs) StdoutLine: {'line': b'-- Installing: /home/hamad/ws_offboard_control/install/px4_msgs/include/px4_msgs/px4_msgs/msg/detail/vehicle_local_position_setpoint__functions.h\n'}
[586.616855] (px4_msgs) StdoutLine: {'line': b'-- Installing: /home/hamad/ws_offboard_control/install/px4_msgs/include/px4_msgs/px4_msgs/msg/detail/open_drone_id_arm_status__functions.c\n'}
[586.616919] (px4_msgs) StdoutLine: {'line': b'-- Installing: /home/hamad/ws_offboard_control/install/px4_msgs/include/px4_msgs/px4_msgs/msg/detail/trajectory_setpoint__type_support.h\n'}
[586.616984] (px4_msgs) StdoutLine: {'line': b'-- Installing: /home/hamad/ws_offboard_control/install/px4_msgs/include/px4_msgs/px4_msgs/msg/detail/vehicle_imu__functions.h\n'}
[586.617046] (px4_msgs) StdoutLine: {'line': b'-- Installing: /home/hamad/ws_offboard_control/install/px4_msgs/include/px4_msgs/px4_msgs/msg/detail/sensor_optical_flow__functions.c\n'}
[586.617205] (px4_msgs) StdoutLine: {'line': b'-- Installing: /home/hamad/ws_offboard_control/install/px4_msgs/include/px4_msgs/px4_msgs/msg/detail/estimator_gps_status__type_support.c\n'}
[586.617307] (px4_msgs) StdoutLine: {'line': b'-- Installing: /home/hamad/ws_offboard_control/install/px4_msgs/include/px4_msgs/px4_msgs/msg/detail/position_controller_landing_status__type_support.h\n'}
[586.617371] (px4_msgs) StdoutLine: {'line': b'-- Installing: /home/hamad/ws_offboard_control/install/px4_msgs/include/px4_msgs/px4_msgs/msg/detail/sensor_mag__functions.h\n'}
[586.617435] (px4_msgs) StdoutLine: {'line': b'-- Installing: /home/hamad/ws_offboard_control/install/px4_msgs/include/px4_msgs/px4_msgs/msg/detail/pure_pursuit_status__description.c\n'}
[586.617554] (px4_msgs) StdoutLine: {'line': b'-- Installing: /home/hamad/ws_offboard_control/install/px4_msgs/include/px4_msgs/px4_msgs/msg/detail/gimbal_manager_information__functions.c\n'}
[586.617676] (px4_msgs) StdoutLine: {'line': b'-- Installing: /home/hamad/ws_offboard_control/install/px4_msgs/include/px4_msgs/px4_msgs/msg/detail/gripper__struct.h\n'}
[586.617782] (px4_msgs) StdoutLine: {'line': b'-- Installing: /home/hamad/ws_offboard_control/install/px4_msgs/include/px4_msgs/px4_msgs/msg/detail/rover_position_setpoint__struct.h\n'}
[586.617847] (px4_msgs) StdoutLine: {'line': b'-- Installing: /home/hamad/ws_offboard_control/install/px4_msgs/include/px4_msgs/px4_msgs/msg/detail/autotune_attitude_control_status__description.c\n'}
[586.617911] (px4_msgs) StdoutLine: {'line': b'-- Installing: /home/hamad/ws_offboard_control/install/px4_msgs/include/px4_msgs/px4_msgs/msg/detail/logger_status__struct.h\n'}
[586.617975] (px4_msgs) StdoutLine: {'line': b'-- Installing: /home/hamad/ws_offboard_control/install/px4_msgs/include/px4_msgs/px4_msgs/msg/detail/vehicle_command__functions.c\n'}
[586.618040] (px4_msgs) StdoutLine: {'line': b'-- Installing: /home/hamad/ws_offboard_control/install/px4_msgs/include/px4_msgs/px4_msgs/msg/detail/gpio_request__functions.c\n'}
[586.618104] (px4_msgs) StdoutLine: {'line': b'-- Installing: /home/hamad/ws_offboard_control/install/px4_msgs/include/px4_msgs/px4_msgs/msg/detail/estimator_aid_source1d__struct.h\n'}
[586.618168] (px4_msgs) StdoutLine: {'line': b'-- Installing: /home/hamad/ws_offboard_control/install/px4_msgs/include/px4_msgs/px4_msgs/msg/detail/hover_thrust_estimate__struct.h\n'}
[586.618232] (px4_msgs) StdoutLine: {'line': b'-- Installing: /home/hamad/ws_offboard_control/install/px4_msgs/include/px4_msgs/px4_msgs/msg/detail/sensor_gps__description.c\n'}
[586.618295] (px4_msgs) StdoutLine: {'line': b'-- Installing: /home/hamad/ws_offboard_control/install/px4_msgs/include/px4_msgs/px4_msgs/msg/detail/mavlink_log__type_support.c\n'}
[586.618358] (px4_msgs) StdoutLine: {'line': b'-- Installing: /home/hamad/ws_offboard_control/install/px4_msgs/include/px4_msgs/px4_msgs/msg/detail/orb_test_medium__type_support.h\n'}
[586.618421] (px4_msgs) StdoutLine: {'line': b'-- Installing: /home/hamad/ws_offboard_control/install/px4_msgs/include/px4_msgs/px4_msgs/msg/detail/adc_report__description.c\n'}
[586.618484] (px4_msgs) StdoutLine: {'line': b'-- Installing: /home/hamad/ws_offboard_control/install/px4_msgs/include/px4_msgs/px4_msgs/msg/detail/ulog_stream_ack__struct.h\n'}
[586.618547] (px4_msgs) StdoutLine: {'line': b'-- Installing: /home/hamad/ws_offboard_control/install/px4_msgs/include/px4_msgs/px4_msgs/msg/detail/unregister_ext_component__functions.h\n'}
[586.618610] (px4_msgs) StdoutLine: {'line': b'-- Installing: /home/hamad/ws_offboard_control/install/px4_msgs/include/px4_msgs/px4_msgs/msg/detail/config_overrides__struct.h\n'}
[586.619377] (px4_msgs) StdoutLine: {'line': b'-- Installing: /home/hamad/ws_offboard_control/install/px4_msgs/include/px4_msgs/px4_msgs/msg/detail/vehicle_land_detected__functions.c\n'}
[586.619476] (px4_msgs) StdoutLine: {'line': b'-- Installing: /home/hamad/ws_offboard_control/install/px4_msgs/include/px4_msgs/px4_msgs/msg/detail/wind__functions.h\n'}
[586.619696] (px4_msgs) StdoutLine: {'line': b'-- Installing: /home/hamad/ws_offboard_control/install/px4_msgs/include/px4_msgs/px4_msgs/msg/detail/vehicle_air_data__functions.h\n'}
[586.619887] (px4_msgs) StdoutLine: {'line': b'-- Installing: /home/hamad/ws_offboard_control/install/px4_msgs/include/px4_msgs/px4_msgs/msg/detail/parameter_set_value_request__type_support.c\n'}
[586.619956] (px4_msgs) StdoutLine: {'line': b'-- Installing: /home/hamad/ws_offboard_control/install/px4_msgs/include/px4_msgs/px4_msgs/msg/detail/rover_rate_status__description.c\n'}
[586.620018] (px4_msgs) StdoutLine: {'line': b'-- Installing: /home/hamad/ws_offboard_control/install/px4_msgs/include/px4_msgs/px4_msgs/msg/detail/gpio_config__type_support.c\n'}
[586.620085] (px4_msgs) StdoutLine: {'line': b'-- Installing: /home/hamad/ws_offboard_control/install/px4_msgs/include/px4_msgs/px4_msgs/msg/detail/follow_target_status__description.c\n'}
[586.620284] (px4_msgs) StdoutLine: {'line': b'-- Installing: /home/hamad/ws_offboard_control/install/px4_msgs/include/px4_msgs/px4_msgs/msg/detail/figure_eight_status__type_support.c\n'}
[586.620497] (px4_msgs) StdoutLine: {'line': b'-- Installing: /home/hamad/ws_offboard_control/install/px4_msgs/include/px4_msgs/px4_msgs/msg/detail/flight_phase_estimation__type_support.c\n'}
[586.620616] (px4_msgs) StdoutLine: {'line': b'-- Installing: /home/hamad/ws_offboard_control/install/px4_msgs/include/px4_msgs/px4_msgs/msg/detail/action_request__type_support.c\n'}
[586.620884] (px4_msgs) StdoutLine: {'line': b'-- Installing: /home/hamad/ws_offboard_control/install/px4_msgs/include/px4_msgs/px4_msgs/msg/detail/landing_gear__type_support.h\n'}
[586.620968] (px4_msgs) StdoutLine: {'line': b'-- Installing: /home/hamad/ws_offboard_control/install/px4_msgs/include/px4_msgs/px4_msgs/msg/detail/magnetometer_bias_estimate__description.c\n'}
[586.621044] (px4_msgs) StdoutLine: {'line': b'-- Installing: /home/hamad/ws_offboard_control/install/px4_msgs/include/px4_msgs/px4_msgs/msg/detail/rover_throttle_setpoint__functions.c\n'}
[586.621218] (px4_msgs) StdoutLine: {'line': b'-- Installing: /home/hamad/ws_offboard_control/install/px4_msgs/include/px4_msgs/px4_msgs/msg/detail/system_power__type_support.c\n'}
[586.621290] (px4_msgs) StdoutLine: {'line': b'-- Installing: /home/hamad/ws_offboard_control/install/px4_msgs/include/px4_msgs/px4_msgs/msg/detail/message_format_response__type_support.h\n'}
[586.621353] (px4_msgs) StdoutLine: {'line': b'-- Installing: /home/hamad/ws_offboard_control/install/px4_msgs/include/px4_msgs/px4_msgs/msg/detail/distance_sensor_mode_change_request__description.c\n'}
[586.621636] (px4_msgs) StdoutLine: {'line': b'-- Installing: /home/hamad/ws_offboard_control/install/px4_msgs/include/px4_msgs/px4_msgs/msg/detail/distance_sensor__functions.h\n'}
[586.621826] (px4_msgs) StdoutLine: {'line': b'-- Installing: /home/hamad/ws_offboard_control/install/px4_msgs/include/px4_msgs/px4_msgs/msg/detail/rover_throttle_setpoint__type_support.h\n'}
[586.622093] (px4_msgs) StdoutLine: {'line': b'-- Installing: /home/hamad/ws_offboard_control/install/px4_msgs/include/px4_msgs/px4_msgs/msg/detail/vtol_vehicle_status__description.c\n'}
[586.622201] (px4_msgs) StdoutLine: {'line': b'-- Installing: /home/hamad/ws_offboard_control/install/px4_msgs/include/px4_msgs/px4_msgs/msg/detail/vehicle_acceleration__description.c\n'}
[586.622304] (px4_msgs) StdoutLine: {'line': b'-- Installing: /home/hamad/ws_offboard_control/install/px4_msgs/include/px4_msgs/px4_msgs/msg/detail/open_drone_id_operator_id__functions.h\n'}
[586.622406] (px4_msgs) StdoutLine: {'line': b'-- Installing: /home/hamad/ws_offboard_control/install/px4_msgs/include/px4_msgs/px4_msgs/msg/detail/satellite_info__description.c\n'}
[586.622509] (px4_msgs) StdoutLine: {'line': b'-- Installing: /home/hamad/ws_offboard_control/install/px4_msgs/include/px4_msgs/px4_msgs/msg/detail/sensors_status__type_support.c\n'}
[586.622611] (px4_msgs) StdoutLine: {'line': b'-- Installing: /home/hamad/ws_offboard_control/install/px4_msgs/include/px4_msgs/px4_msgs/msg/detail/arming_check_request__struct.h\n'}
[586.622818] (px4_msgs) StdoutLine: {'line': b'-- Installing: /home/hamad/ws_offboard_control/install/px4_msgs/include/px4_msgs/px4_msgs/msg/detail/vehicle_rates_setpoint__struct.h\n'}
[586.622920] (px4_msgs) StdoutLine: {'line': b'-- Installing: /home/hamad/ws_offboard_control/install/px4_msgs/include/px4_msgs/px4_msgs/msg/detail/vehicle_angular_velocity__functions.c\n'}
[586.623024] (px4_msgs) StdoutLine: {'line': b'-- Installing: /home/hamad/ws_offboard_control/install/px4_msgs/include/px4_msgs/px4_msgs/msg/detail/gimbal_manager_set_manual_control__type_support.c\n'}
[586.623217] (px4_msgs) StdoutLine: {'line': b'-- Installing: /home/hamad/ws_offboard_control/install/px4_msgs/include/px4_msgs/px4_msgs/msg/detail/orb_test_medium__description.c\n'}
[586.623358] (px4_msgs) StdoutLine: {'line': b'-- Installing: /home/hamad/ws_offboard_control/install/px4_msgs/include/px4_msgs/px4_msgs/msg/detail/position_controller_landing_status__type_support.c\n'}
[586.623495] (px4_msgs) StdoutLine: {'line': b'-- Installing: /home/hamad/ws_offboard_control/install/px4_msgs/include/px4_msgs/px4_msgs/msg/detail/vehicle_local_position__functions.h\n'}
[586.623635] (px4_msgs) StdoutLine: {'line': b'-- Installing: /home/hamad/ws_offboard_control/install/px4_msgs/include/px4_msgs/px4_msgs/msg/detail/dataman_response__type_support.h\n'}
[586.623825] (px4_msgs) StdoutLine: {'line': b'-- Installing: /home/hamad/ws_offboard_control/install/px4_msgs/include/px4_msgs/px4_msgs/msg/detail/sensors_status_imu__functions.c\n'}
[586.623966] (px4_msgs) StdoutLine: {'line': b'-- Installing: /home/hamad/ws_offboard_control/install/px4_msgs/include/px4_msgs/px4_msgs/msg/detail/ulog_stream__functions.c\n'}
[586.624148] (px4_msgs) StdoutLine: {'line': b'-- Installing: /home/hamad/ws_offboard_control/install/px4_msgs/include/px4_msgs/px4_msgs/msg/detail/landing_gear_wheel__description.c\n'}
[586.624287] (px4_msgs) StdoutLine: {'line': b'-- Installing: /home/hamad/ws_offboard_control/install/px4_msgs/include/px4_msgs/px4_msgs/msg/detail/estimator_innovations__struct.h\n'}
[586.624426] (px4_msgs) StdoutLine: {'line': b'-- Installing: /home/hamad/ws_offboard_control/install/px4_msgs/include/px4_msgs/px4_msgs/msg/detail/iridiumsbd_status__functions.c\n'}
[586.624574] (px4_msgs) StdoutLine: {'line': b'-- Installing: /home/hamad/ws_offboard_control/install/px4_msgs/include/px4_msgs/px4_msgs/msg/detail/pps_capture__struct.h\n'}
[586.624685] (px4_msgs) StdoutLine: {'line': b'-- Installing: /home/hamad/ws_offboard_control/install/px4_msgs/include/px4_msgs/px4_msgs/msg/detail/irlock_report__description.c\n'}
[586.624790] (px4_msgs) StdoutLine: {'line': b'-- Installing: /home/hamad/ws_offboard_control/install/px4_msgs/include/px4_msgs/px4_msgs/msg/detail/rc_parameter_map__functions.h\n'}
[586.624892] (px4_msgs) StdoutLine: {'line': b'-- Installing: /home/hamad/ws_offboard_control/install/px4_msgs/include/px4_msgs/px4_msgs/msg/detail/ulog_stream__description.c\n'}
[586.624994] (px4_msgs) StdoutLine: {'line': b'-- Installing: /home/hamad/ws_offboard_control/install/px4_msgs/include/px4_msgs/px4_msgs/msg/detail/internal_combustion_engine_status__functions.c\n'}
[586.625238] (px4_msgs) StdoutLine: {'line': b'-- Installing: /home/hamad/ws_offboard_control/install/px4_msgs/include/px4_msgs/px4_msgs/msg/detail/mission_result__type_support.c\n'}
[586.625342] (px4_msgs) StdoutLine: {'line': b'-- Installing: /home/hamad/ws_offboard_control/install/px4_msgs/include/px4_msgs/px4_msgs/msg/detail/navigator_status__type_support.h\n'}
[586.625444] (px4_msgs) StdoutLine: {'line': b'-- Installing: /home/hamad/ws_offboard_control/install/px4_msgs/include/px4_msgs/px4_msgs/msg/detail/mission_result__type_support.h\n'}
[586.625546] (px4_msgs) StdoutLine: {'line': b'-- Installing: /home/hamad/ws_offboard_control/install/px4_msgs/include/px4_msgs/px4_msgs/msg/detail/rc_parameter_map__struct.h\n'}
[586.625647] (px4_msgs) StdoutLine: {'line': b'-- Installing: /home/hamad/ws_offboard_control/install/px4_msgs/include/px4_msgs/px4_msgs/msg/detail/mavlink_tunnel__description.c\n'}
[586.625967] (px4_msgs) StdoutLine: {'line': b'-- Installing: /home/hamad/ws_offboard_control/install/px4_msgs/include/px4_msgs/px4_msgs/msg/detail/health_report__functions.c\n'}
[586.626072] (px4_msgs) StdoutLine: {'line': b'-- Installing: /home/hamad/ws_offboard_control/install/px4_msgs/include/px4_msgs/px4_msgs/msg/detail/estimator_aid_source2d__functions.h\n'}
[586.626174] (px4_msgs) StdoutLine: {'line': b'-- Installing: /home/hamad/ws_offboard_control/install/px4_msgs/include/px4_msgs/px4_msgs/msg/detail/landing_gear__struct.h\n'}
[586.626277] (px4_msgs) StdoutLine: {'line': b'-- Installing: /home/hamad/ws_offboard_control/install/px4_msgs/include/px4_msgs/px4_msgs/msg/detail/vehicle_attitude__functions.c\n'}
[586.626380] (px4_msgs) StdoutLine: {'line': b'-- Installing: /home/hamad/ws_offboard_control/install/px4_msgs/include/px4_msgs/px4_msgs/msg/detail/estimator_gps_status__functions.h\n'}
[586.626482] (px4_msgs) StdoutLine: {'line': b'-- Installing: /home/hamad/ws_offboard_control/install/px4_msgs/include/px4_msgs/px4_msgs/msg/detail/can_interface_status__struct.h\n'}
[586.626585] (px4_msgs) StdoutLine: {'line': b'-- Installing: /home/hamad/ws_offboard_control/install/px4_msgs/include/px4_msgs/px4_msgs/msg/detail/actuator_servos_trim__type_support.c\n'}
[586.626695] (px4_msgs) StdoutLine: {'line': b'-- Installing: /home/hamad/ws_offboard_control/install/px4_msgs/include/px4_msgs/px4_msgs/msg/detail/register_ext_component_request__struct.h\n'}
[586.626799] (px4_msgs) StdoutLine: {'line': b'-- Installing: /home/hamad/ws_offboard_control/install/px4_msgs/include/px4_msgs/px4_msgs/msg/detail/fixed_wing_lateral_setpoint__type_support.h\n'}
[586.626902] (px4_msgs) StdoutLine: {'line': b'-- Installing: /home/hamad/ws_offboard_control/install/px4_msgs/include/px4_msgs/px4_msgs/msg/detail/position_controller_status__functions.h\n'}
[586.627004] (px4_msgs) StdoutLine: {'line': b'-- Installing: /home/hamad/ws_offboard_control/install/px4_msgs/include/px4_msgs/px4_msgs/msg/detail/iridiumsbd_status__struct.h\n'}
[586.627106] (px4_msgs) StdoutLine: {'line': b'-- Installing: /home/hamad/ws_offboard_control/install/px4_msgs/include/px4_msgs/px4_msgs/msg/detail/mavlink_log__functions.h\n'}
[586.627209] (px4_msgs) StdoutLine: {'line': b'-- Installing: /home/hamad/ws_offboard_control/install/px4_msgs/include/px4_msgs/px4_msgs/msg/detail/mag_worker_data__type_support.h\n'}
[586.627311] (px4_msgs) StdoutLine: {'line': b'-- Installing: /home/hamad/ws_offboard_control/install/px4_msgs/include/px4_msgs/px4_msgs/msg/detail/esc_status__struct.h\n'}
[586.627413] (px4_msgs) StdoutLine: {'line': b'-- Installing: /home/hamad/ws_offboard_control/install/px4_msgs/include/px4_msgs/px4_msgs/msg/detail/debug_array__struct.h\n'}
[586.627515] (px4_msgs) StdoutLine: {'line': b'-- Installing: /home/hamad/ws_offboard_control/install/px4_msgs/include/px4_msgs/px4_msgs/msg/detail/vehicle_torque_setpoint__functions.c\n'}
[586.627616] (px4_msgs) StdoutLine: {'line': b'-- Installing: /home/hamad/ws_offboard_control/install/px4_msgs/include/px4_msgs/px4_msgs/msg/detail/longitudinal_control_configuration__struct.h\n'}
[586.627728] (px4_msgs) StdoutLine: {'line': b'-- Installing: /home/hamad/ws_offboard_control/install/px4_msgs/include/px4_msgs/px4_msgs/msg/detail/parameter_update__type_support.c\n'}
[586.628126] (px4_msgs) StdoutLine: {'line': b'-- Installing: /home/hamad/ws_offboard_control/install/px4_msgs/include/px4_msgs/px4_msgs/msg/detail/open_drone_id_operator_id__description.c\n'}
[586.628229] (px4_msgs) StdoutLine: {'line': b'-- Installing: /home/hamad/ws_offboard_control/install/px4_msgs/include/px4_msgs/px4_msgs/msg/detail/health_report__type_support.h\n'}
[586.628331] (px4_msgs) StdoutLine: {'line': b'-- Installing: /home/hamad/ws_offboard_control/install/px4_msgs/include/px4_msgs/px4_msgs/msg/detail/hover_thrust_estimate__functions.c\n'}
[586.628433] (px4_msgs) StdoutLine: {'line': b'-- Installing: /home/hamad/ws_offboard_control/install/px4_msgs/include/px4_msgs/px4_msgs/msg/detail/power_monitor__type_support.h\n'}
[586.628649] (px4_msgs) StdoutLine: {'line': b'-- Installing: /home/hamad/ws_offboard_control/install/px4_msgs/include/px4_msgs/px4_msgs/msg/detail/vehicle_control_mode__struct.h\n'}
[586.628824] (px4_msgs) StdoutLine: {'line': b'-- Installing: /home/hamad/ws_offboard_control/install/px4_msgs/include/px4_msgs/px4_msgs/msg/detail/sensor_gyro_fft__type_support.c\n'}
[586.628893] (px4_msgs) StdoutLine: {'line': b'-- Installing: /home/hamad/ws_offboard_control/install/px4_msgs/include/px4_msgs/px4_msgs/msg/detail/internal_combustion_engine_status__type_support.h\n'}
[586.628957] (px4_msgs) StdoutLine: {'line': b'-- Installing: /home/hamad/ws_offboard_control/install/px4_msgs/include/px4_msgs/px4_msgs/msg/detail/wheel_encoders__description.c\n'}
[586.629022] (px4_msgs) StdoutLine: {'line': b'-- Installing: /home/hamad/ws_offboard_control/install/px4_msgs/include/px4_msgs/px4_msgs/msg/detail/rover_rate_setpoint__type_support.h\n'}
[586.629087] (px4_msgs) StdoutLine: {'line': b'-- Installing: /home/hamad/ws_offboard_control/install/px4_msgs/include/px4_msgs/px4_msgs/msg/detail/arming_check_request__type_support.h\n'}
[586.629150] (px4_msgs) StdoutLine: {'line': b'-- Installing: /home/hamad/ws_offboard_control/install/px4_msgs/include/px4_msgs/px4_msgs/msg/detail/orbit_status__struct.h\n'}
[586.629213] (px4_msgs) StdoutLine: {'line': b'-- Installing: /home/hamad/ws_offboard_control/install/px4_msgs/include/px4_msgs/px4_msgs/msg/detail/log_message__struct.h\n'}
[586.629278] (px4_msgs) StdoutLine: {'line': b'-- Installing: /home/hamad/ws_offboard_control/install/px4_msgs/include/px4_msgs/px4_msgs/msg/detail/fixed_wing_lateral_guidance_status__struct.h\n'}
[586.629341] (px4_msgs) StdoutLine: {'line': b'-- Installing: /home/hamad/ws_offboard_control/install/px4_msgs/include/px4_msgs/px4_msgs/msg/detail/ulog_stream_ack__description.c\n'}
[586.629404] (px4_msgs) StdoutLine: {'line': b'-- Installing: /home/hamad/ws_offboard_control/install/px4_msgs/include/px4_msgs/px4_msgs/msg/detail/fixed_wing_longitudinal_setpoint__type_support.c\n'}
[586.629469] (px4_msgs) StdoutLine: {'line': b'-- Installing: /home/hamad/ws_offboard_control/install/px4_msgs/include/px4_msgs/px4_msgs/msg/detail/sensor_gyro__type_support.c\n'}
[586.629532] (px4_msgs) StdoutLine: {'line': b'-- Installing: /home/hamad/ws_offboard_control/install/px4_msgs/include/px4_msgs/px4_msgs/msg/detail/px4io_status__type_support.c\n'}
[586.629597] (px4_msgs) StdoutLine: {'line': b'-- Installing: /home/hamad/ws_offboard_control/install/px4_msgs/include/px4_msgs/px4_msgs/msg/detail/vehicle_global_position__description.c\n'}
[586.629662] (px4_msgs) StdoutLine: {'line': b'-- Installing: /home/hamad/ws_offboard_control/install/px4_msgs/include/px4_msgs/px4_msgs/msg/detail/camera_trigger__type_support.h\n'}
[586.629863] (px4_msgs) StdoutLine: {'line': b'-- Installing: /home/hamad/ws_offboard_control/install/px4_msgs/include/px4_msgs/px4_msgs/msg/detail/failsafe_flags__struct.h\n'}
[586.629927] (px4_msgs) StdoutLine: {'line': b'-- Installing: /home/hamad/ws_offboard_control/install/px4_msgs/include/px4_msgs/px4_msgs/msg/detail/estimator_aid_source3d__functions.h\n'}
[586.629992] (px4_msgs) StdoutLine: {'line': b'-- Installing: /home/hamad/ws_offboard_control/install/px4_msgs/include/px4_msgs/px4_msgs/msg/detail/estimator_aid_source2d__type_support.c\n'}
[586.630055] (px4_msgs) StdoutLine: {'line': b'-- Installing: /home/hamad/ws_offboard_control/install/px4_msgs/include/px4_msgs/px4_msgs/msg/detail/gimbal_manager_set_manual_control__type_support.h\n'}
[586.630119] (px4_msgs) StdoutLine: {'line': b'-- Installing: /home/hamad/ws_offboard_control/install/px4_msgs/include/px4_msgs/px4_msgs/msg/detail/rover_attitude_status__type_support.h\n'}
[586.630181] (px4_msgs) StdoutLine: {'line': b'-- Installing: /home/hamad/ws_offboard_control/install/px4_msgs/include/px4_msgs/px4_msgs/msg/detail/gps_dump__struct.h\n'}
[586.630245] (px4_msgs) StdoutLine: {'line': b'-- Installing: /home/hamad/ws_offboard_control/install/px4_msgs/include/px4_msgs/px4_msgs/msg/detail/gps_inject_data__struct.h\n'}
[586.630454] (px4_msgs) StdoutLine: {'line': b'-- Installing: /home/hamad/ws_offboard_control/install/px4_msgs/include/px4_msgs/px4_msgs/msg/detail/landing_target_innovations__type_support.h\n'}
[586.630519] (px4_msgs) StdoutLine: {'line': b'-- Installing: /home/hamad/ws_offboard_control/install/px4_msgs/include/px4_msgs/px4_msgs/msg/detail/vehicle_air_data__functions.c\n'}
[586.630583] (px4_msgs) StdoutLine: {'line': b'-- Installing: /home/hamad/ws_offboard_control/install/px4_msgs/include/px4_msgs/px4_msgs/msg/detail/position_controller_landing_status__struct.h\n'}
[586.630648] (px4_msgs) StdoutLine: {'line': b'-- Installing: /home/hamad/ws_offboard_control/install/px4_msgs/include/px4_msgs/px4_msgs/msg/detail/rover_rate_status__type_support.c\n'}
[586.630820] (px4_msgs) StdoutLine: {'line': b'-- Installing: /home/hamad/ws_offboard_control/install/px4_msgs/include/px4_msgs/px4_msgs/msg/detail/esc_report__functions.h\n'}
[586.630887] (px4_msgs) StdoutLine: {'line': b'-- Installing: /home/hamad/ws_offboard_control/install/px4_msgs/include/px4_msgs/px4_msgs/msg/detail/parameter_set_used_request__struct.h\n'}
[586.630951] (px4_msgs) StdoutLine: {'line': b'-- Installing: /home/hamad/ws_offboard_control/install/px4_msgs/include/px4_msgs/px4_msgs/msg/detail/follow_target__description.c\n'}
[586.631070] (px4_msgs) StdoutLine: {'line': b'-- Installing: /home/hamad/ws_offboard_control/install/px4_msgs/include/px4_msgs/px4_msgs/msg/detail/sensor_combined__functions.h\n'}
[586.631136] (px4_msgs) StdoutLine: {'line': b'-- Installing: /home/hamad/ws_offboard_control/install/px4_msgs/include/px4_msgs/px4_msgs/msg/detail/tune_control__type_support.h\n'}
[586.631201] (px4_msgs) StdoutLine: {'line': b'-- Installing: /home/hamad/ws_offboard_control/install/px4_msgs/include/px4_msgs/px4_msgs/msg/detail/actuator_controls_status__struct.h\n'}
[586.631264] (px4_msgs) StdoutLine: {'line': b'-- Installing: /home/hamad/ws_offboard_control/install/px4_msgs/include/px4_msgs/px4_msgs/msg/detail/register_ext_component_request__type_support.h\n'}
[586.631326] (px4_msgs) StdoutLine: {'line': b'-- Installing: /home/hamad/ws_offboard_control/install/px4_msgs/include/px4_msgs/px4_msgs/msg/detail/gpio_in__type_support.c\n'}
[586.631388] (px4_msgs) StdoutLine: {'line': b'-- Installing: /home/hamad/ws_offboard_control/install/px4_msgs/include/px4_msgs/px4_msgs/msg/detail/gpio_request__struct.h\n'}
[586.631451] (px4_msgs) StdoutLine: {'line': b'-- Installing: /home/hamad/ws_offboard_control/install/px4_msgs/include/px4_msgs/px4_msgs/msg/detail/vehicle_command__description.c\n'}
[586.631512] (px4_msgs) StdoutLine: {'line': b'-- Installing: /home/hamad/ws_offboard_control/install/px4_msgs/include/px4_msgs/px4_msgs/msg/detail/qshell_retval__functions.h\n'}
[586.631575] (px4_msgs) StdoutLine: {'line': b'-- Installing: /home/hamad/ws_offboard_control/install/px4_msgs/include/px4_msgs/px4_msgs/msg/detail/actuator_servos_trim__functions.h\n'}
[586.631637] (px4_msgs) StdoutLine: {'line': b'-- Installing: /home/hamad/ws_offboard_control/install/px4_msgs/include/px4_msgs/px4_msgs/msg/detail/gimbal_controls__description.c\n'}
[586.631707] (px4_msgs) StdoutLine: {'line': b'-- Installing: /home/hamad/ws_offboard_control/install/px4_msgs/include/px4_msgs/px4_msgs/msg/detail/vehicle_constraints__struct.h\n'}
[586.631772] (px4_msgs) StdoutLine: {'line': b'-- Installing: /home/hamad/ws_offboard_control/install/px4_msgs/include/px4_msgs/px4_msgs/msg/detail/power_button_state__description.c\n'}
[586.632026] (px4_msgs) StdoutLine: {'line': b'-- Installing: /home/hamad/ws_offboard_control/install/px4_msgs/include/px4_msgs/px4_msgs/msg/detail/sensor_uwb__description.c\n'}
[586.632130] (px4_msgs) StdoutLine: {'line': b'-- Installing: /home/hamad/ws_offboard_control/install/px4_msgs/include/px4_msgs/px4_msgs/msg/detail/button_event__type_support.h\n'}
[586.632232] (px4_msgs) StdoutLine: {'line': b'-- Installing: /home/hamad/ws_offboard_control/install/px4_msgs/include/px4_msgs/px4_msgs/msg/detail/sensor_correction__functions.c\n'}
[586.632410] (px4_msgs) StdoutLine: {'line': b'-- Installing: /home/hamad/ws_offboard_control/install/px4_msgs/include/px4_msgs/px4_msgs/msg/detail/rc_channels__description.c\n'}
[586.632512] (px4_msgs) StdoutLine: {'line': b'-- Installing: /home/hamad/ws_offboard_control/install/px4_msgs/include/px4_msgs/px4_msgs/msg/detail/radio_status__functions.c\n'}
[586.632615] (px4_msgs) StdoutLine: {'line': b'-- Installing: /home/hamad/ws_offboard_control/install/px4_msgs/include/px4_msgs/px4_msgs/msg/detail/lateral_control_configuration__functions.h\n'}
[586.632718] (px4_msgs) StdoutLine: {'line': b'-- Installing: /home/hamad/ws_offboard_control/install/px4_msgs/include/px4_msgs/px4_msgs/msg/detail/flight_phase_estimation__type_support.h\n'}
[586.632786] (px4_msgs) StdoutLine: {'line': b'-- Installing: /home/hamad/ws_offboard_control/install/px4_msgs/include/px4_msgs/px4_msgs/msg/detail/parameter_set_value_request__functions.h\n'}
[586.632853] (px4_msgs) StdoutLine: {'line': b'-- Installing: /home/hamad/ws_offboard_control/install/px4_msgs/include/px4_msgs/px4_msgs/msg/detail/vehicle_optical_flow__type_support.h\n'}
[586.632918] (px4_msgs) StdoutLine: {'line': b'-- Installing: /home/hamad/ws_offboard_control/install/px4_msgs/include/px4_msgs/px4_msgs/msg/detail/wheel_encoders__functions.h\n'}
[586.632983] (px4_msgs) StdoutLine: {'line': b'-- Installing: /home/hamad/ws_offboard_control/install/px4_msgs/include/px4_msgs/px4_msgs/msg/detail/rtl_status__description.c\n'}
[586.633059] (px4_msgs) StdoutLine: {'line': b'-- Installing: /home/hamad/ws_offboard_control/install/px4_msgs/include/px4_msgs/px4_msgs/msg/detail/gimbal_device_set_attitude__functions.h\n'}
[586.633135] (px4_msgs) StdoutLine: {'line': b'-- Installing: /home/hamad/ws_offboard_control/install/px4_msgs/include/px4_msgs/px4_msgs/msg/detail/differential_pressure__struct.h\n'}
[586.633197] (px4_msgs) StdoutLine: {'line': b'-- Installing: /home/hamad/ws_offboard_control/install/px4_msgs/include/px4_msgs/px4_msgs/msg/detail/parameter_set_used_request__functions.h\n'}
[586.633262] (px4_msgs) StdoutLine: {'line': b'-- Installing: /home/hamad/ws_offboard_control/install/px4_msgs/include/px4_msgs/px4_msgs/msg/detail/open_drone_id_self_id__struct.h\n'}
[586.633326] (px4_msgs) StdoutLine: {'line': b'-- Installing: /home/hamad/ws_offboard_control/install/px4_msgs/include/px4_msgs/px4_msgs/msg/detail/position_setpoint__type_support.c\n'}
[586.633595] (px4_msgs) StdoutLine: {'line': b'-- Installing: /home/hamad/ws_offboard_control/install/px4_msgs/include/px4_msgs/px4_msgs/msg/detail/uavcan_parameter_request__type_support.c\n'}
[586.633660] (px4_msgs) StdoutLine: {'line': b'-- Installing: /home/hamad/ws_offboard_control/install/px4_msgs/include/px4_msgs/px4_msgs/msg/detail/cellular_status__description.c\n'}
[586.633734] (px4_msgs) StdoutLine: {'line': b'-- Installing: /home/hamad/ws_offboard_control/install/px4_msgs/include/px4_msgs/px4_msgs/msg/detail/position_setpoint_triplet__type_support.h\n'}
[586.633800] (px4_msgs) StdoutLine: {'line': b'-- Installing: /home/hamad/ws_offboard_control/install/px4_msgs/include/px4_msgs/px4_msgs/msg/detail/vehicle_rates_setpoint__functions.c\n'}
[586.633863] (px4_msgs) StdoutLine: {'line': b'-- Installing: /home/hamad/ws_offboard_control/install/px4_msgs/include/px4_msgs/px4_msgs/msg/detail/vehicle_magnetometer__struct.h\n'}
[586.633927] (px4_msgs) StdoutLine: {'line': b'-- Installing: /home/hamad/ws_offboard_control/install/px4_msgs/include/px4_msgs/px4_msgs/msg/detail/gimbal_manager_set_manual_control__description.c\n'}
[586.633990] (px4_msgs) StdoutLine: {'line': b'-- Installing: /home/hamad/ws_offboard_control/install/px4_msgs/include/px4_msgs/px4_msgs/msg/detail/actuator_servos_trim__struct.h\n'}
[586.634054] (px4_msgs) StdoutLine: {'line': b'-- Installing: /home/hamad/ws_offboard_control/install/px4_msgs/include/px4_msgs/px4_msgs/msg/detail/register_ext_component_reply__functions.c\n'}
[586.634117] (px4_msgs) StdoutLine: {'line': b'-- Installing: /home/hamad/ws_offboard_control/install/px4_msgs/include/px4_msgs/px4_msgs/msg/detail/rover_rate_setpoint__functions.c\n'}
[586.634313] (px4_msgs) StdoutLine: {'line': b'-- Installing: /home/hamad/ws_offboard_control/install/px4_msgs/include/px4_msgs/px4_msgs/msg/detail/debug_array__type_support.c\n'}
[586.634431] (px4_msgs) StdoutLine: {'line': b'-- Installing: /home/hamad/ws_offboard_control/install/px4_msgs/include/px4_msgs/px4_msgs/msg/detail/irlock_report__functions.c\n'}
[586.634494] (px4_msgs) StdoutLine: {'line': b'-- Installing: /home/hamad/ws_offboard_control/install/px4_msgs/include/px4_msgs/px4_msgs/msg/detail/register_ext_component_request__functions.h\n'}
[586.634558] (px4_msgs) StdoutLine: {'line': b'-- Installing: /home/hamad/ws_offboard_control/install/px4_msgs/include/px4_msgs/px4_msgs/msg/detail/tune_control__struct.h\n'}
[586.634622] (px4_msgs) StdoutLine: {'line': b'-- Installing: /home/hamad/ws_offboard_control/install/px4_msgs/include/px4_msgs/px4_msgs/msg/detail/estimator_selector_status__functions.h\n'}
[586.634696] (px4_msgs) StdoutLine: {'line': b'-- Installing: /home/hamad/ws_offboard_control/install/px4_msgs/include/px4_msgs/px4_msgs/msg/detail/tune_control__description.c\n'}
[586.634759] (px4_msgs) StdoutLine: {'line': b'-- Installing: /home/hamad/ws_offboard_control/install/px4_msgs/include/px4_msgs/px4_msgs/msg/detail/vehicle_air_data__description.c\n'}
[586.634822] (px4_msgs) StdoutLine: {'line': b'-- Installing: /home/hamad/ws_offboard_control/install/px4_msgs/include/px4_msgs/px4_msgs/msg/detail/mount_orientation__functions.h\n'}
[586.634886] (px4_msgs) StdoutLine: {'line': b'-- Installing: /home/hamad/ws_offboard_control/install/px4_msgs/include/px4_msgs/px4_msgs/msg/detail/vehicle_local_position_setpoint__type_support.h\n'}
[586.635080] (px4_msgs) StdoutLine: {'line': b'-- Installing: /home/hamad/ws_offboard_control/install/px4_msgs/include/px4_msgs/px4_msgs/msg/detail/dataman_request__type_support.h\n'}
[586.635145] (px4_msgs) StdoutLine: {'line': b'-- Installing: /home/hamad/ws_offboard_control/install/px4_msgs/include/px4_msgs/px4_msgs/msg/detail/vehicle_global_position__functions.h\n'}
[586.635207] (px4_msgs) StdoutLine: {'line': b'-- Installing: /home/hamad/ws_offboard_control/install/px4_msgs/include/px4_msgs/px4_msgs/msg/detail/collision_constraints__functions.h\n'}
[586.635270] (px4_msgs) StdoutLine: {'line': b'-- Installing: /home/hamad/ws_offboard_control/install/px4_msgs/include/px4_msgs/px4_msgs/msg/detail/obstacle_distance__type_support.c\n'}
[586.635333] (px4_msgs) StdoutLine: {'line': b'-- Installing: /home/hamad/ws_offboard_control/install/px4_msgs/include/px4_msgs/px4_msgs/msg/detail/led_control__functions.c\n'}
[586.635397] (px4_msgs) StdoutLine: {'line': b'-- Installing: /home/hamad/ws_offboard_control/install/px4_msgs/include/px4_msgs/px4_msgs/msg/detail/sensor_mag__struct.h\n'}
[586.635458] (px4_msgs) StdoutLine: {'line': b'-- Installing: /home/hamad/ws_offboard_control/install/px4_msgs/include/px4_msgs/px4_msgs/msg/detail/esc_report__struct.h\n'}
[586.635522] (px4_msgs) StdoutLine: {'line': b'-- Installing: /home/hamad/ws_offboard_control/install/px4_msgs/include/px4_msgs/px4_msgs/msg/detail/parameter_update__type_support.h\n'}
[586.635586] (px4_msgs) StdoutLine: {'line': b'-- Installing: /home/hamad/ws_offboard_control/install/px4_msgs/include/px4_msgs/px4_msgs/msg/detail/yaw_estimator_status__functions.h\n'}
[586.635648] (px4_msgs) StdoutLine: {'line': b'-- Installing: /home/hamad/ws_offboard_control/install/px4_msgs/include/px4_msgs/px4_msgs/msg/detail/vehicle_imu_status__functions.h\n'}
[586.635720] (px4_msgs) StdoutLine: {'line': b'-- Installing: /home/hamad/ws_offboard_control/install/px4_msgs/include/px4_msgs/px4_msgs/msg/detail/rover_throttle_setpoint__type_support.c\n'}
[586.635925] (px4_msgs) StdoutLine: {'line': b'-- Installing: /home/hamad/ws_offboard_control/install/px4_msgs/include/px4_msgs/px4_msgs/msg/detail/telemetry_status__struct.h\n'}
[586.635997] (px4_msgs) StdoutLine: {'line': b'-- Installing: /home/hamad/ws_offboard_control/install/px4_msgs/include/px4_msgs/px4_msgs/msg/detail/trajectory_setpoint6dof__functions.h\n'}
[586.636059] (px4_msgs) StdoutLine: {'line': b'-- Installing: /home/hamad/ws_offboard_control/install/px4_msgs/include/px4_msgs/px4_msgs/msg/detail/sensor_mag__functions.c\n'}
[586.636233] (px4_msgs) StdoutLine: {'line': b'-- Installing: /home/hamad/ws_offboard_control/install/px4_msgs/include/px4_msgs/px4_msgs/msg/detail/sensor_gnss_relative__type_support.h\n'}
[586.636350] (px4_msgs) StdoutLine: {'line': b'-- Installing: /home/hamad/ws_offboard_control/install/px4_msgs/include/px4_msgs/px4_msgs/msg/detail/sensor_preflight_mag__functions.c\n'}
[586.636471] (px4_msgs) StdoutLine: {'line': b'-- Installing: /home/hamad/ws_offboard_control/install/px4_msgs/include/px4_msgs/px4_msgs/msg/detail/geofence_status__functions.h\n'}
[586.636537] (px4_msgs) StdoutLine: {'line': b'-- Installing: /home/hamad/ws_offboard_control/install/px4_msgs/include/px4_msgs/px4_msgs/msg/detail/fixed_wing_lateral_setpoint__functions.c\n'}
[586.636601] (px4_msgs) StdoutLine: {'line': b'-- Installing: /home/hamad/ws_offboard_control/install/px4_msgs/include/px4_msgs/px4_msgs/msg/detail/home_position__struct.h\n'}
[586.636662] (px4_msgs) StdoutLine: {'line': b'-- Installing: /home/hamad/ws_offboard_control/install/px4_msgs/include/px4_msgs/px4_msgs/msg/detail/vehicle_optical_flow_vel__description.c\n'}
[586.636738] (px4_msgs) StdoutLine: {'line': b'-- Installing: /home/hamad/ws_offboard_control/install/px4_msgs/include/px4_msgs/px4_msgs/msg/detail/mission_result__description.c\n'}
[586.636800] (px4_msgs) StdoutLine: {'line': b'-- Installing: /home/hamad/ws_offboard_control/install/px4_msgs/include/px4_msgs/px4_msgs/msg/detail/vehicle_imu_status__type_support.h\n'}
[586.636863] (px4_msgs) StdoutLine: {'line': b'-- Installing: /home/hamad/ws_offboard_control/install/px4_msgs/include/px4_msgs/px4_msgs/msg/detail/sensor_uwb__type_support.h\n'}
[586.636924] (px4_msgs) StdoutLine: {'line': b'-- Installing: /home/hamad/ws_offboard_control/install/px4_msgs/include/px4_msgs/px4_msgs/msg/detail/rtl_status__functions.c\n'}
[586.636987] (px4_msgs) StdoutLine: {'line': b'-- Installing: /home/hamad/ws_offboard_control/install/px4_msgs/include/px4_msgs/px4_msgs/msg/detail/battery_info__functions.c\n'}
[586.637049] (px4_msgs) StdoutLine: {'line': b'-- Installing: /home/hamad/ws_offboard_control/install/px4_msgs/include/px4_msgs/px4_msgs/msg/detail/velocity_limits__description.c\n'}
[586.637111] (px4_msgs) StdoutLine: {'line': b'-- Installing: /home/hamad/ws_offboard_control/install/px4_msgs/include/px4_msgs/px4_msgs/msg/detail/estimator_status__functions.c\n'}
[586.637172] (px4_msgs) StdoutLine: {'line': b'-- Installing: /home/hamad/ws_offboard_control/install/px4_msgs/include/px4_msgs/px4_msgs/msg/detail/px4io_status__functions.h\n'}
[586.637235] (px4_msgs) StdoutLine: {'line': b'-- Installing: /home/hamad/ws_offboard_control/install/px4_msgs/include/px4_msgs/px4_msgs/msg/detail/adc_report__functions.c\n'}
[586.637299] (px4_msgs) StdoutLine: {'line': b'-- Installing: /home/hamad/ws_offboard_control/install/px4_msgs/include/px4_msgs/px4_msgs/msg/detail/uavcan_parameter_value__struct.h\n'}
[586.637362] (px4_msgs) StdoutLine: {'line': b'-- Installing: /home/hamad/ws_offboard_control/install/px4_msgs/include/px4_msgs/px4_msgs/msg/detail/camera_trigger__description.c\n'}
[586.637424] (px4_msgs) StdoutLine: {'line': b'-- Installing: /home/hamad/ws_offboard_control/install/px4_msgs/include/px4_msgs/px4_msgs/msg/detail/sensor_optical_flow__struct.h\n'}
[586.637598] (px4_msgs) StdoutLine: {'line': b'-- Installing: /home/hamad/ws_offboard_control/install/px4_msgs/include/px4_msgs/px4_msgs/msg/detail/vehicle_local_position_setpoint__description.c\n'}
[586.637664] (px4_msgs) StdoutLine: {'line': b'-- Installing: /home/hamad/ws_offboard_control/install/px4_msgs/include/px4_msgs/px4_msgs/msg/detail/autotune_attitude_control_status__type_support.c\n'}
[586.637747] (px4_msgs) StdoutLine: {'line': b'-- Installing: /home/hamad/ws_offboard_control/install/px4_msgs/include/px4_msgs/px4_msgs/msg/detail/vehicle_acceleration__struct.h\n'}
[586.637813] (px4_msgs) StdoutLine: {'line': b'-- Installing: /home/hamad/ws_offboard_control/install/px4_msgs/include/px4_msgs/px4_msgs/msg/detail/gpio_config__struct.h\n'}
[586.637994] (px4_msgs) StdoutLine: {'line': b'-- Installing: /home/hamad/ws_offboard_control/install/px4_msgs/include/px4_msgs/px4_msgs/msg/detail/dataman_request__functions.h\n'}
[586.638057] (px4_msgs) StdoutLine: {'line': b'-- Installing: /home/hamad/ws_offboard_control/install/px4_msgs/include/px4_msgs/px4_msgs/msg/detail/vehicle_roi__type_support.c\n'}
[586.638120] (px4_msgs) StdoutLine: {'line': b'-- Installing: /home/hamad/ws_offboard_control/install/px4_msgs/include/px4_msgs/px4_msgs/msg/detail/airspeed_wind__functions.c\n'}
[586.638248] (px4_msgs) StdoutLine: {'line': b'-- Installing: /home/hamad/ws_offboard_control/install/px4_msgs/include/px4_msgs/px4_msgs/msg/detail/manual_control_switches__functions.c\n'}
[586.638313] (px4_msgs) StdoutLine: {'line': b'-- Installing: /home/hamad/ws_offboard_control/install/px4_msgs/include/px4_msgs/px4_msgs/msg/detail/sensor_gyro__functions.c\n'}
[586.638376] (px4_msgs) StdoutLine: {'line': b'-- Installing: /home/hamad/ws_offboard_control/install/px4_msgs/include/px4_msgs/px4_msgs/msg/detail/battery_info__functions.h\n'}
[586.638437] (px4_msgs) StdoutLine: {'line': b'-- Installing: /home/hamad/ws_offboard_control/install/px4_msgs/include/px4_msgs/px4_msgs/msg/detail/gps_dump__functions.h\n'}
[586.638618] (px4_msgs) StdoutLine: {'line': b'-- Installing: /home/hamad/ws_offboard_control/install/px4_msgs/include/px4_msgs/px4_msgs/msg/detail/airspeed_validated__type_support.c\n'}
[586.638693] (px4_msgs) StdoutLine: {'line': b'-- Installing: /home/hamad/ws_offboard_control/install/px4_msgs/include/px4_msgs/px4_msgs/msg/detail/vehicle_thrust_setpoint__description.c\n'}
[586.638755] (px4_msgs) StdoutLine: {'line': b'-- Installing: /home/hamad/ws_offboard_control/install/px4_msgs/include/px4_msgs/px4_msgs/msg/detail/vehicle_land_detected__type_support.h\n'}
[586.638821] (px4_msgs) StdoutLine: {'line': b'-- Installing: /home/hamad/ws_offboard_control/install/px4_msgs/include/px4_msgs/px4_msgs/msg/detail/esc_status__type_support.h\n'}
[586.638882] (px4_msgs) StdoutLine: {'line': b'-- Installing: /home/hamad/ws_offboard_control/install/px4_msgs/include/px4_msgs/px4_msgs/msg/detail/vehicle_constraints__functions.c\n'}
[586.639019] (px4_msgs) StdoutLine: {'line': b'-- Installing: /home/hamad/ws_offboard_control/install/px4_msgs/include/px4_msgs/px4_msgs/msg/detail/follow_target_estimator__struct.h\n'}
[586.639086] (px4_msgs) StdoutLine: {'line': b'-- Installing: /home/hamad/ws_offboard_control/install/px4_msgs/include/px4_msgs/px4_msgs/msg/detail/message_format_request__functions.c\n'}
[586.639150] (px4_msgs) StdoutLine: {'line': b'-- Installing: /home/hamad/ws_offboard_control/install/px4_msgs/include/px4_msgs/px4_msgs/msg/detail/actuator_controls_status__type_support.c\n'}
[586.639213] (px4_msgs) StdoutLine: {'line': b'-- Installing: /home/hamad/ws_offboard_control/install/px4_msgs/include/px4_msgs/px4_msgs/msg/detail/rtl_time_estimate__description.c\n'}
[586.639277] (px4_msgs) StdoutLine: {'line': b'-- Installing: /home/hamad/ws_offboard_control/install/px4_msgs/include/px4_msgs/px4_msgs/msg/detail/distance_sensor__type_support.c\n'}
[586.639340] (px4_msgs) StdoutLine: {'line': b'-- Installing: /home/hamad/ws_offboard_control/install/px4_msgs/include/px4_msgs/px4_msgs/msg/detail/normalized_unsigned_setpoint__description.c\n'}
[586.639402] (px4_msgs) StdoutLine: {'line': b'-- Installing: /home/hamad/ws_offboard_control/install/px4_msgs/include/px4_msgs/px4_msgs/msg/detail/gimbal_manager_set_attitude__functions.h\n'}
[586.639464] (px4_msgs) StdoutLine: {'line': b'-- Installing: /home/hamad/ws_offboard_control/install/px4_msgs/include/px4_msgs/px4_msgs/msg/detail/differential_pressure__type_support.h\n'}
[586.639526] (px4_msgs) StdoutLine: {'line': b'-- Installing: /home/hamad/ws_offboard_control/install/px4_msgs/include/px4_msgs/px4_msgs/msg/detail/gimbal_manager_set_attitude__type_support.h\n'}
[586.639591] (px4_msgs) StdoutLine: {'line': b'-- Installing: /home/hamad/ws_offboard_control/install/px4_msgs/include/px4_msgs/px4_msgs/msg/detail/actuator_servos_trim__type_support.h\n'}
[586.639751] (px4_msgs) StdoutLine: {'line': b'-- Installing: /home/hamad/ws_offboard_control/install/px4_msgs/include/px4_msgs/px4_msgs/msg/detail/differential_pressure__description.c\n'}
[586.639816] (px4_msgs) StdoutLine: {'line': b'-- Installing: /home/hamad/ws_offboard_control/install/px4_msgs/include/px4_msgs/px4_msgs/msg/detail/gimbal_device_information__functions.c\n'}
[586.639880] (px4_msgs) StdoutLine: {'line': b'-- Installing: /home/hamad/ws_offboard_control/install/px4_msgs/include/px4_msgs/px4_msgs/msg/detail/camera_status__type_support.h\n'}
[586.639944] (px4_msgs) StdoutLine: {'line': b'-- Installing: /home/hamad/ws_offboard_control/install/px4_msgs/include/px4_msgs/px4_msgs/msg/detail/vehicle_command__functions.h\n'}
[586.640005] (px4_msgs) StdoutLine: {'line': b'-- Installing: /home/hamad/ws_offboard_control/install/px4_msgs/include/px4_msgs/px4_msgs/msg/detail/gimbal_device_information__type_support.c\n'}
[586.640067] (px4_msgs) StdoutLine: {'line': b'-- Installing: /home/hamad/ws_offboard_control/install/px4_msgs/include/px4_msgs/px4_msgs/msg/detail/vehicle_optical_flow_vel__functions.c\n'}
[586.640131] (px4_msgs) StdoutLine: {'line': b'-- Installing: /home/hamad/ws_offboard_control/install/px4_msgs/include/px4_msgs/px4_msgs/msg/detail/failsafe_flags__type_support.h\n'}
[586.640193] (px4_msgs) StdoutLine: {'line': b'-- Installing: /home/hamad/ws_offboard_control/install/px4_msgs/include/px4_msgs/px4_msgs/msg/detail/landing_target_innovations__struct.h\n'}
[586.640257] (px4_msgs) StdoutLine: {'line': b'-- Installing: /home/hamad/ws_offboard_control/install/px4_msgs/include/px4_msgs/px4_msgs/msg/detail/vehicle_command__type_support.h\n'}
[586.640445] (px4_msgs) StdoutLine: {'line': b'-- Installing: /home/hamad/ws_offboard_control/install/px4_msgs/include/px4_msgs/px4_msgs/msg/detail/mission__description.c\n'}
[586.640567] (px4_msgs) StdoutLine: {'line': b'-- Installing: /home/hamad/ws_offboard_control/install/px4_msgs/include/px4_msgs/px4_msgs/msg/detail/rc_parameter_map__functions.c\n'}
[586.640630] (px4_msgs) StdoutLine: {'line': b'-- Installing: /home/hamad/ws_offboard_control/install/px4_msgs/include/px4_msgs/px4_msgs/msg/detail/vehicle_air_data__type_support.c\n'}
[586.640699] (px4_msgs) StdoutLine: {'line': b'-- Installing: /home/hamad/ws_offboard_control/install/px4_msgs/include/px4_msgs/px4_msgs/msg/detail/pwm_input__type_support.c\n'}
[586.640763] (px4_msgs) StdoutLine: {'line': b'-- Installing: /home/hamad/ws_offboard_control/install/px4_msgs/include/px4_msgs/px4_msgs/msg/detail/mount_orientation__description.c\n'}
[586.640824] (px4_msgs) StdoutLine: {'line': b'-- Installing: /home/hamad/ws_offboard_control/install/px4_msgs/include/px4_msgs/px4_msgs/msg/detail/power_button_state__type_support.h\n'}
[586.640888] (px4_msgs) StdoutLine: {'line': b'-- Installing: /home/hamad/ws_offboard_control/install/px4_msgs/include/px4_msgs/px4_msgs/msg/detail/fixed_wing_lateral_setpoint__struct.h\n'}
[586.641078] (px4_msgs) StdoutLine: {'line': b'-- Installing: /home/hamad/ws_offboard_control/install/px4_msgs/include/px4_msgs/px4_msgs/msg/detail/goto_setpoint__functions.c\n'}
[586.641196] (px4_msgs) StdoutLine: {'line': b'-- Installing: /home/hamad/ws_offboard_control/install/px4_msgs/include/px4_msgs/px4_msgs/msg/detail/vehicle_local_position_setpoint__functions.c\n'}
[586.641258] (px4_msgs) StdoutLine: {'line': b'-- Installing: /home/hamad/ws_offboard_control/install/px4_msgs/include/px4_msgs/px4_msgs/msg/detail/estimator_bias__functions.c\n'}
[586.641321] (px4_msgs) StdoutLine: {'line': b'-- Installing: /home/hamad/ws_offboard_control/install/px4_msgs/include/px4_msgs/px4_msgs/msg/detail/sensor_gyro_fifo__description.c\n'}
[586.641386] (px4_msgs) StdoutLine: {'line': b'-- Installing: /home/hamad/ws_offboard_control/install/px4_msgs/include/px4_msgs/px4_msgs/msg/detail/can_interface_status__type_support.c\n'}
[586.641449] (px4_msgs) StdoutLine: {'line': b'-- Installing: /home/hamad/ws_offboard_control/install/px4_msgs/include/px4_msgs/px4_msgs/msg/detail/orb_test__type_support.c\n'}
[586.641582] (px4_msgs) StdoutLine: {'line': b'-- Installing: /home/hamad/ws_offboard_control/install/px4_msgs/include/px4_msgs/px4_msgs/msg/detail/orb_test_large__functions.c\n'}
[586.641645] (px4_msgs) StdoutLine: {'line': b'-- Installing: /home/hamad/ws_offboard_control/install/px4_msgs/include/px4_msgs/px4_msgs/msg/detail/open_drone_id_system__type_support.h\n'}
[586.641786] (px4_msgs) StdoutLine: {'line': b'-- Installing: /home/hamad/ws_offboard_control/install/px4_msgs/include/px4_msgs/px4_msgs/msg/detail/airspeed__functions.c\n'}
[586.641853] (px4_msgs) StdoutLine: {'line': b'-- Installing: /home/hamad/ws_offboard_control/install/px4_msgs/include/px4_msgs/px4_msgs/msg/detail/radio_status__functions.h\n'}
[586.641917] (px4_msgs) StdoutLine: {'line': b'-- Installing: /home/hamad/ws_offboard_control/install/px4_msgs/include/px4_msgs/px4_msgs/msg/detail/orb_test__struct.h\n'}
[586.641983] (px4_msgs) StdoutLine: {'line': b'-- Installing: /home/hamad/ws_offboard_control/install/px4_msgs/include/px4_msgs/px4_msgs/msg/detail/actuator_outputs__functions.h\n'}
[586.642047] (px4_msgs) StdoutLine: {'line': b'-- Installing: /home/hamad/ws_offboard_control/install/px4_msgs/include/px4_msgs/px4_msgs/msg/detail/dataman_request__type_support.c\n'}
[586.642110] (px4_msgs) StdoutLine: {'line': b'-- Installing: /home/hamad/ws_offboard_control/install/px4_msgs/include/px4_msgs/px4_msgs/msg/detail/sensor_airflow__type_support.c\n'}
[586.642174] (px4_msgs) StdoutLine: {'line': b'-- Installing: /home/hamad/ws_offboard_control/install/px4_msgs/include/px4_msgs/px4_msgs/msg/detail/gimbal_device_information__type_support.h\n'}
[586.642233] (px4_msgs) StdoutLine: {'line': b'-- Installing: /home/hamad/ws_offboard_control/install/px4_msgs/include/px4_msgs/px4_msgs/msg/detail/ekf2_timestamps__type_support.h\n'}
[586.642297] (px4_msgs) StdoutLine: {'line': b'-- Installing: /home/hamad/ws_offboard_control/install/px4_msgs/include/px4_msgs/px4_msgs/msg/detail/open_drone_id_arm_status__type_support.c\n'}
[586.642360] (px4_msgs) StdoutLine: {'line': b'-- Installing: /home/hamad/ws_offboard_control/install/px4_msgs/include/px4_msgs/px4_msgs/msg/detail/debug_vect__struct.h\n'}
[586.642424] (px4_msgs) StdoutLine: {'line': b'-- Installing: /home/hamad/ws_offboard_control/install/px4_msgs/include/px4_msgs/px4_msgs/msg/detail/power_monitor__struct.h\n'}
[586.642488] (px4_msgs) StdoutLine: {'line': b'-- Installing: /home/hamad/ws_offboard_control/install/px4_msgs/include/px4_msgs/px4_msgs/msg/detail/internal_combustion_engine_status__struct.h\n'}
[586.642552] (px4_msgs) StdoutLine: {'line': b'-- Installing: /home/hamad/ws_offboard_control/install/px4_msgs/include/px4_msgs/px4_msgs/msg/detail/estimator_selector_status__struct.h\n'}
[586.642616] (px4_msgs) StdoutLine: {'line': b'-- Installing: /home/hamad/ws_offboard_control/install/px4_msgs/include/px4_msgs/px4_msgs/msg/detail/vehicle_odometry__struct.h\n'}
[586.642794] (px4_msgs) StdoutLine: {'line': b'-- Installing: /home/hamad/ws_offboard_control/install/px4_msgs/include/px4_msgs/px4_msgs/msg/detail/gimbal_manager_status__struct.h\n'}
[586.642864] (px4_msgs) StdoutLine: {'line': b'-- Installing: /home/hamad/ws_offboard_control/install/px4_msgs/include/px4_msgs/px4_msgs/msg/detail/actuator_motors__type_support.h\n'}
[586.642927] (px4_msgs) StdoutLine: {'line': b'-- Installing: /home/hamad/ws_offboard_control/install/px4_msgs/include/px4_msgs/px4_msgs/msg/detail/gpio_in__description.c\n'}
[586.642990] (px4_msgs) StdoutLine: {'line': b'-- Installing: /home/hamad/ws_offboard_control/install/px4_msgs/include/px4_msgs/px4_msgs/msg/detail/estimator_gps_status__type_support.h\n'}
[586.643052] (px4_msgs) StdoutLine: {'line': b'-- Installing: /home/hamad/ws_offboard_control/install/px4_msgs/include/px4_msgs/px4_msgs/msg/detail/sensors_status__struct.h\n'}
[586.643116] (px4_msgs) StdoutLine: {'line': b'-- Installing: /home/hamad/ws_offboard_control/install/px4_msgs/include/px4_msgs/px4_msgs/msg/detail/vehicle_angular_velocity__type_support.c\n'}
[586.643306] (px4_msgs) StdoutLine: {'line': b'-- Installing: /home/hamad/ws_offboard_control/install/px4_msgs/include/px4_msgs/px4_msgs/msg/detail/unregister_ext_component__description.c\n'}
[586.643369] (px4_msgs) StdoutLine: {'line': b'-- Installing: /home/hamad/ws_offboard_control/install/px4_msgs/include/px4_msgs/px4_msgs/msg/detail/register_ext_component_reply__description.c\n'}
[586.643543] (px4_msgs) StdoutLine: {'line': b'-- Installing: /home/hamad/ws_offboard_control/install/px4_msgs/include/px4_msgs/px4_msgs/msg/detail/figure_eight_status__description.c\n'}
[586.643663] (px4_msgs) StdoutLine: {'line': b'-- Installing: /home/hamad/ws_offboard_control/install/px4_msgs/include/px4_msgs/px4_msgs/msg/detail/task_stack_info__struct.h\n'}
[586.643789] (px4_msgs) StdoutLine: {'line': b'-- Installing: /home/hamad/ws_offboard_control/install/px4_msgs/include/px4_msgs/px4_msgs/msg/detail/tecs_status__type_support.c\n'}
[586.643907] (px4_msgs) StdoutLine: {'line': b'-- Installing: /home/hamad/ws_offboard_control/install/px4_msgs/include/px4_msgs/px4_msgs/msg/detail/uavcan_parameter_request__type_support.h\n'}
[586.643970] (px4_msgs) StdoutLine: {'line': b'-- Installing: /home/hamad/ws_offboard_control/install/px4_msgs/include/px4_msgs/px4_msgs/msg/detail/pps_capture__type_support.h\n'}
[586.644034] (px4_msgs) StdoutLine: {'line': b'-- Installing: /home/hamad/ws_offboard_control/install/px4_msgs/include/px4_msgs/px4_msgs/msg/detail/vehicle_status__type_support.h\n'}
[586.644098] (px4_msgs) StdoutLine: {'line': b'-- Installing: /home/hamad/ws_offboard_control/install/px4_msgs/include/px4_msgs/px4_msgs/msg/detail/sensor_baro__type_support.c\n'}
[586.644160] (px4_msgs) StdoutLine: {'line': b'-- Installing: /home/hamad/ws_offboard_control/install/px4_msgs/include/px4_msgs/px4_msgs/msg/detail/vehicle_status__functions.c\n'}
[586.644233] (px4_msgs) StdoutLine: {'line': b'-- Installing: /home/hamad/ws_offboard_control/install/px4_msgs/include/px4_msgs/px4_msgs/msg/detail/estimator_event_flags__functions.h\n'}
[586.644444] (px4_msgs) StdoutLine: {'line': b'-- Installing: /home/hamad/ws_offboard_control/install/px4_msgs/include/px4_msgs/px4_msgs/msg/detail/figure_eight_status__functions.h\n'}
[586.644511] (px4_msgs) StdoutLine: {'line': b'-- Installing: /home/hamad/ws_offboard_control/install/px4_msgs/include/px4_msgs/px4_msgs/msg/detail/gimbal_controls__type_support.c\n'}
[586.644577] (px4_msgs) StdoutLine: {'line': b'-- Installing: /home/hamad/ws_offboard_control/install/px4_msgs/include/px4_msgs/px4_msgs/msg/detail/ulog_stream_ack__functions.c\n'}
[586.644642] (px4_msgs) StdoutLine: {'line': b'-- Installing: /home/hamad/ws_offboard_control/install/px4_msgs/include/px4_msgs/px4_msgs/msg/detail/estimator_aid_source1d__functions.c\n'}
[586.644713] (px4_msgs) StdoutLine: {'line': b'-- Installing: /home/hamad/ws_offboard_control/install/px4_msgs/include/px4_msgs/px4_msgs/msg/detail/actuator_motors__functions.c\n'}
[586.644776] (px4_msgs) StdoutLine: {'line': b'-- Installing: /home/hamad/ws_offboard_control/install/px4_msgs/include/px4_msgs/px4_msgs/msg/detail/transponder_report__type_support.h\n'}
[586.644840] (px4_msgs) StdoutLine: {'line': b'-- Installing: /home/hamad/ws_offboard_control/install/px4_msgs/include/px4_msgs/px4_msgs/msg/detail/fixed_wing_runway_control__type_support.c\n'}
[586.644901] (px4_msgs) StdoutLine: {'line': b'-- Installing: /home/hamad/ws_offboard_control/install/px4_msgs/include/px4_msgs/px4_msgs/msg/detail/register_ext_component_reply__type_support.c\n'}
[586.644966] (px4_msgs) StdoutLine: {'line': b'-- Installing: /home/hamad/ws_offboard_control/install/px4_msgs/include/px4_msgs/px4_msgs/msg/detail/ulog_stream_ack__type_support.h\n'}
[586.645031] (px4_msgs) StdoutLine: {'line': b'-- Installing: /home/hamad/ws_offboard_control/install/px4_msgs/include/px4_msgs/px4_msgs/msg/detail/orb_test_large__description.c\n'}
[586.645095] (px4_msgs) StdoutLine: {'line': b'-- Installing: /home/hamad/ws_offboard_control/install/px4_msgs/include/px4_msgs/px4_msgs/msg/detail/estimator_gps_status__struct.h\n'}
[586.645318] (px4_msgs) StdoutLine: {'line': b'-- Installing: /home/hamad/ws_offboard_control/install/px4_msgs/include/px4_msgs/px4_msgs/msg/detail/control_allocator_status__type_support.h\n'}
[586.645385] (px4_msgs) StdoutLine: {'line': b'-- Installing: /home/hamad/ws_offboard_control/install/px4_msgs/include/px4_msgs/px4_msgs/msg/detail/vehicle_magnetometer__description.c\n'}
[586.645450] (px4_msgs) StdoutLine: {'line': b'-- Installing: /home/hamad/ws_offboard_control/install/px4_msgs/include/px4_msgs/px4_msgs/msg/detail/vehicle_air_data__type_support.h\n'}
[586.645513] (px4_msgs) StdoutLine: {'line': b'-- Installing: /home/hamad/ws_offboard_control/install/px4_msgs/include/px4_msgs/px4_msgs/msg/detail/power_monitor__functions.h\n'}
[586.645575] (px4_msgs) StdoutLine: {'line': b'-- Installing: /home/hamad/ws_offboard_control/install/px4_msgs/include/px4_msgs/px4_msgs/msg/detail/uavcan_parameter_value__type_support.h\n'}
[586.645637] (px4_msgs) StdoutLine: {'line': b'-- Installing: /home/hamad/ws_offboard_control/install/px4_msgs/include/px4_msgs/px4_msgs/msg/detail/debug_value__functions.c\n'}
[586.645719] (px4_msgs) StdoutLine: {'line': b'-- Installing: /home/hamad/ws_offboard_control/install/px4_msgs/include/px4_msgs/px4_msgs/msg/detail/battery_status__type_support.h\n'}
[586.645784] (px4_msgs) StdoutLine: {'line': b'-- Installing: /home/hamad/ws_offboard_control/install/px4_msgs/include/px4_msgs/px4_msgs/msg/detail/estimator_aid_source1d__functions.h\n'}
[586.645850] (px4_msgs) StdoutLine: {'line': b'-- Installing: /home/hamad/ws_offboard_control/install/px4_msgs/include/px4_msgs/px4_msgs/msg/detail/telemetry_status__functions.h\n'}
[586.645912] (px4_msgs) StdoutLine: {'line': b'-- Installing: /home/hamad/ws_offboard_control/install/px4_msgs/include/px4_msgs/px4_msgs/msg/detail/heater_status__type_support.h\n'}
[586.645978] (px4_msgs) StdoutLine: {'line': b'-- Installing: /home/hamad/ws_offboard_control/install/px4_msgs/include/px4_msgs/px4_msgs/msg/detail/vehicle_acceleration__functions.c\n'}
[586.646195] (px4_msgs) StdoutLine: {'line': b'-- Installing: /home/hamad/ws_offboard_control/install/px4_msgs/include/px4_msgs/px4_msgs/msg/detail/estimator_aid_source3d__type_support.c\n'}
[586.646319] (px4_msgs) StdoutLine: {'line': b'-- Installing: /home/hamad/ws_offboard_control/install/px4_msgs/include/px4_msgs/px4_msgs/msg/detail/esc_report__functions.c\n'}
[586.646383] (px4_msgs) StdoutLine: {'line': b'-- Installing: /home/hamad/ws_offboard_control/install/px4_msgs/include/px4_msgs/px4_msgs/msg/detail/landing_target_pose__functions.c\n'}
[586.646444] (px4_msgs) StdoutLine: {'line': b'-- Installing: /home/hamad/ws_offboard_control/install/px4_msgs/include/px4_msgs/px4_msgs/msg/detail/vehicle_control_mode__description.c\n'}
[586.646508] (px4_msgs) StdoutLine: {'line': b'-- Installing: /home/hamad/ws_offboard_control/install/px4_msgs/include/px4_msgs/px4_msgs/msg/detail/rover_steering_setpoint__description.c\n'}
[586.646567] (px4_msgs) StdoutLine: {'line': b'-- Installing: /home/hamad/ws_offboard_control/install/px4_msgs/include/px4_msgs/px4_msgs/msg/detail/goto_setpoint__description.c\n'}
[586.646632] (px4_msgs) StdoutLine: {'line': b'-- Installing: /home/hamad/ws_offboard_control/install/px4_msgs/include/px4_msgs/px4_msgs/msg/detail/rtl_status__struct.h\n'}
[586.646708] (px4_msgs) StdoutLine: {'line': b'-- Installing: /home/hamad/ws_offboard_control/install/px4_msgs/include/px4_msgs/px4_msgs/msg/detail/sensor_accel_fifo__type_support.c\n'}
[586.646774] (px4_msgs) StdoutLine: {'line': b'-- Installing: /home/hamad/ws_offboard_control/install/px4_msgs/include/px4_msgs/px4_msgs/msg/detail/rc_channels__type_support.c\n'}
[586.646833] (px4_msgs) StdoutLine: {'line': b'-- Installing: /home/hamad/ws_offboard_control/install/px4_msgs/include/px4_msgs/px4_msgs/msg/detail/hover_thrust_estimate__description.c\n'}
[586.646898] (px4_msgs) StdoutLine: {'line': b'-- Installing: /home/hamad/ws_offboard_control/install/px4_msgs/include/px4_msgs/px4_msgs/msg/detail/vehicle_status__functions.h\n'}
[586.646958] (px4_msgs) StdoutLine: {'line': b'-- Installing: /home/hamad/ws_offboard_control/install/px4_msgs/include/px4_msgs/px4_msgs/msg/detail/qshell_req__struct.h\n'}
[586.647159] (px4_msgs) StdoutLine: {'line': b'-- Installing: /home/hamad/ws_offboard_control/install/px4_msgs/include/px4_msgs/px4_msgs/msg/detail/mode_completed__functions.h\n'}
[586.647220] (px4_msgs) StdoutLine: {'line': b'-- Installing: /home/hamad/ws_offboard_control/install/px4_msgs/include/px4_msgs/px4_msgs/msg/detail/vehicle_angular_velocity__struct.h\n'}
[586.647284] (px4_msgs) StdoutLine: {'line': b'-- Installing: /home/hamad/ws_offboard_control/install/px4_msgs/include/px4_msgs/px4_msgs/msg/detail/fixed_wing_longitudinal_setpoint__functions.c\n'}
[586.647343] (px4_msgs) StdoutLine: {'line': b'-- Installing: /home/hamad/ws_offboard_control/install/px4_msgs/include/px4_msgs/px4_msgs/msg/detail/open_drone_id_operator_id__type_support.c\n'}
[586.647407] (px4_msgs) StdoutLine: {'line': b'-- Installing: /home/hamad/ws_offboard_control/install/px4_msgs/include/px4_msgs/px4_msgs/msg/detail/follow_target__struct.h\n'}
[586.647592] (px4_msgs) StdoutLine: {'line': b'-- Installing: /home/hamad/ws_offboard_control/install/px4_msgs/include/px4_msgs/px4_msgs/msg/detail/gimbal_manager_set_manual_control__functions.c\n'}
[586.647656] (px4_msgs) StdoutLine: {'line': b'-- Installing: /home/hamad/ws_offboard_control/install/px4_msgs/include/px4_msgs/px4_msgs/msg/detail/task_stack_info__functions.h\n'}
[586.647726] (px4_msgs) StdoutLine: {'line': b'-- Installing: /home/hamad/ws_offboard_control/install/px4_msgs/include/px4_msgs/px4_msgs/msg/detail/gps_dump__description.c\n'}
[586.647787] (px4_msgs) StdoutLine: {'line': b'-- Installing: /home/hamad/ws_offboard_control/install/px4_msgs/include/px4_msgs/px4_msgs/msg/detail/vehicle_thrust_setpoint__struct.h\n'}
[586.647851] (px4_msgs) StdoutLine: {'line': b'-- Installing: /home/hamad/ws_offboard_control/install/px4_msgs/include/px4_msgs/px4_msgs/msg/detail/pwm_input__description.c\n'}
[586.647910] (px4_msgs) StdoutLine: {'line': b'-- Installing: /home/hamad/ws_offboard_control/install/px4_msgs/include/px4_msgs/px4_msgs/msg/detail/dronecan_node_status__functions.h\n'}
[586.647973] (px4_msgs) StdoutLine: {'line': b'-- Installing: /home/hamad/ws_offboard_control/install/px4_msgs/include/px4_msgs/px4_msgs/msg/detail/fixed_wing_runway_control__functions.h\n'}
[586.648032] (px4_msgs) StdoutLine: {'line': b'-- Installing: /home/hamad/ws_offboard_control/install/px4_msgs/include/px4_msgs/px4_msgs/msg/detail/iridiumsbd_status__functions.h\n'}
[586.648096] (px4_msgs) StdoutLine: {'line': b'-- Installing: /home/hamad/ws_offboard_control/install/px4_msgs/include/px4_msgs/px4_msgs/msg/detail/goto_setpoint__functions.h\n'}
[586.648157] (px4_msgs) StdoutLine: {'line': b'-- Installing: /home/hamad/ws_offboard_control/install/px4_msgs/include/px4_msgs/px4_msgs/msg/detail/landing_target_innovations__type_support.c\n'}
[586.648220] (px4_msgs) StdoutLine: {'line': b'-- Installing: /home/hamad/ws_offboard_control/install/px4_msgs/include/px4_msgs/px4_msgs/msg/detail/vehicle_torque_setpoint__functions.h\n'}
[586.648281] (px4_msgs) StdoutLine: {'line': b'-- Installing: /home/hamad/ws_offboard_control/install/px4_msgs/include/px4_msgs/px4_msgs/msg/detail/position_controller_landing_status__functions.c\n'}
[586.648344] (px4_msgs) StdoutLine: {'line': b'-- Installing: /home/hamad/ws_offboard_control/install/px4_msgs/include/px4_msgs/px4_msgs/msg/detail/estimator_bias3d__type_support.c\n'}
[586.648406] (px4_msgs) StdoutLine: {'line': b'-- Installing: /home/hamad/ws_offboard_control/install/px4_msgs/include/px4_msgs/px4_msgs/msg/detail/actuator_servos__functions.c\n'}
[586.648628] (px4_msgs) StdoutLine: {'line': b'-- Installing: /home/hamad/ws_offboard_control/install/px4_msgs/include/px4_msgs/px4_msgs/msg/detail/camera_trigger__functions.h\n'}
[586.648752] (px4_msgs) StdoutLine: {'line': b'-- Installing: /home/hamad/ws_offboard_control/install/px4_msgs/include/px4_msgs/px4_msgs/msg/detail/gpio_request__description.c\n'}
[586.648868] (px4_msgs) StdoutLine: {'line': b'-- Installing: /home/hamad/ws_offboard_control/install/px4_msgs/include/px4_msgs/px4_msgs/msg/detail/distance_sensor__type_support.h\n'}
[586.648990] (px4_msgs) StdoutLine: {'line': b'-- Installing: /home/hamad/ws_offboard_control/install/px4_msgs/include/px4_msgs/px4_msgs/msg/detail/cpuload__functions.h\n'}
[586.649108] (px4_msgs) StdoutLine: {'line': b'-- Installing: /home/hamad/ws_offboard_control/install/px4_msgs/include/px4_msgs/px4_msgs/msg/detail/parameter_set_value_request__functions.c\n'}
[586.649224] (px4_msgs) StdoutLine: {'line': b'-- Installing: /home/hamad/ws_offboard_control/install/px4_msgs/include/px4_msgs/px4_msgs/msg/detail/sensor_baro__functions.h\n'}
[586.649338] (px4_msgs) StdoutLine: {'line': b'-- Installing: /home/hamad/ws_offboard_control/install/px4_msgs/include/px4_msgs/px4_msgs/msg/detail/estimator_status__type_support.h\n'}
[586.649454] (px4_msgs) StdoutLine: {'line': b'-- Installing: /home/hamad/ws_offboard_control/install/px4_msgs/include/px4_msgs/px4_msgs/msg/detail/arming_check_request__type_support.c\n'}
[586.649517] (px4_msgs) StdoutLine: {'line': b'-- Installing: /home/hamad/ws_offboard_control/install/px4_msgs/include/px4_msgs/px4_msgs/msg/detail/navigator_mission_item__struct.h\n'}
[586.649579] (px4_msgs) StdoutLine: {'line': b'-- Installing: /home/hamad/ws_offboard_control/install/px4_msgs/include/px4_msgs/px4_msgs/msg/detail/fixed_wing_lateral_setpoint__type_support.c\n'}
[586.649642] (px4_msgs) StdoutLine: {'line': b'-- Installing: /home/hamad/ws_offboard_control/install/px4_msgs/include/px4_msgs/px4_msgs/msg/detail/message_format_request__description.c\n'}
[586.649716] (px4_msgs) StdoutLine: {'line': b'-- Installing: /home/hamad/ws_offboard_control/install/px4_msgs/include/px4_msgs/px4_msgs/msg/detail/tecs_status__description.c\n'}
[586.649782] (px4_msgs) StdoutLine: {'line': b'-- Installing: /home/hamad/ws_offboard_control/install/px4_msgs/include/px4_msgs/px4_msgs/msg/detail/gimbal_manager_status__type_support.c\n'}
[586.649844] (px4_msgs) StdoutLine: {'line': b'-- Installing: /home/hamad/ws_offboard_control/install/px4_msgs/include/px4_msgs/px4_msgs/msg/detail/camera_status__struct.h\n'}
[586.649990] (px4_msgs) StdoutLine: {'line': b'-- Installing: /home/hamad/ws_offboard_control/install/px4_msgs/include/px4_msgs/px4_msgs/msg/detail/satellite_info__struct.h\n'}
[586.650057] (px4_msgs) StdoutLine: {'line': b'-- Installing: /home/hamad/ws_offboard_control/install/px4_msgs/include/px4_msgs/px4_msgs/msg/detail/figure_eight_status__type_support.h\n'}
[586.650118] (px4_msgs) StdoutLine: {'line': b'-- Installing: /home/hamad/ws_offboard_control/install/px4_msgs/include/px4_msgs/px4_msgs/msg/detail/gps_dump__functions.c\n'}
[586.650181] (px4_msgs) StdoutLine: {'line': b'-- Installing: /home/hamad/ws_offboard_control/install/px4_msgs/include/px4_msgs/px4_msgs/msg/detail/vehicle_optical_flow_vel__type_support.h\n'}
[586.650359] (px4_msgs) StdoutLine: {'line': b'-- Installing: /home/hamad/ws_offboard_control/install/px4_msgs/include/px4_msgs/px4_msgs/msg/detail/estimator_bias3d__struct.h\n'}
[586.650423] (px4_msgs) StdoutLine: {'line': b'-- Installing: /home/hamad/ws_offboard_control/install/px4_msgs/include/px4_msgs/px4_msgs/msg/detail/gpio_request__type_support.h\n'}
[586.650484] (px4_msgs) StdoutLine: {'line': b'-- Installing: /home/hamad/ws_offboard_control/install/px4_msgs/include/px4_msgs/px4_msgs/msg/detail/manual_control_switches__type_support.c\n'}
[586.650547] (px4_msgs) StdoutLine: {'line': b'-- Installing: /home/hamad/ws_offboard_control/install/px4_msgs/include/px4_msgs/px4_msgs/msg/detail/vehicle_torque_setpoint__type_support.h\n'}
[586.650611] (px4_msgs) StdoutLine: {'line': b'-- Installing: /home/hamad/ws_offboard_control/install/px4_msgs/include/px4_msgs/px4_msgs/msg/detail/wind__struct.h\n'}
[586.650751] (px4_msgs) StdoutLine: {'line': b'-- Installing: /home/hamad/ws_offboard_control/install/px4_msgs/include/px4_msgs/px4_msgs/msg/detail/vehicle_local_position__type_support.c\n'}
[586.650818] (px4_msgs) StdoutLine: {'line': b'-- Installing: /home/hamad/ws_offboard_control/install/px4_msgs/include/px4_msgs/px4_msgs/msg/detail/sensor_gyro_fifo__type_support.h\n'}
[586.650997] (px4_msgs) StdoutLine: {'line': b'-- Installing: /home/hamad/ws_offboard_control/install/px4_msgs/include/px4_msgs/px4_msgs/msg/detail/estimator_states__functions.c\n'}
[586.651060] (px4_msgs) StdoutLine: {'line': b'-- Installing: /home/hamad/ws_offboard_control/install/px4_msgs/include/px4_msgs/px4_msgs/msg/detail/power_button_state__struct.h\n'}
[586.651122] (px4_msgs) StdoutLine: {'line': b'-- Installing: /home/hamad/ws_offboard_control/install/px4_msgs/include/px4_msgs/px4_msgs/msg/detail/system_power__struct.h\n'}
[586.651186] (px4_msgs) StdoutLine: {'line': b'-- Installing: /home/hamad/ws_offboard_control/install/px4_msgs/include/px4_msgs/px4_msgs/msg/detail/onboard_computer_status__functions.h\n'}
[586.651249] (px4_msgs) StdoutLine: {'line': b'-- Installing: /home/hamad/ws_offboard_control/install/px4_msgs/include/px4_msgs/px4_msgs/msg/detail/message_format_response__functions.c\n'}
[586.651380] (px4_msgs) StdoutLine: {'line': b'-- Installing: /home/hamad/ws_offboard_control/install/px4_msgs/include/px4_msgs/px4_msgs/msg/detail/velocity_limits__type_support.c\n'}
[586.651443] (px4_msgs) StdoutLine: {'line': b'-- Installing: /home/hamad/ws_offboard_control/install/px4_msgs/include/px4_msgs/px4_msgs/msg/detail/collision_constraints__description.c\n'}
[586.651537] (px4_msgs) StdoutLine: {'line': b'-- Installing: /home/hamad/ws_offboard_control/install/px4_msgs/include/px4_msgs/px4_msgs/msg/detail/sensor_accel_fifo__functions.h\n'}
[586.651606] (px4_msgs) StdoutLine: {'line': b'-- Installing: /home/hamad/ws_offboard_control/install/px4_msgs/include/px4_msgs/px4_msgs/msg/detail/tiltrotor_extra_controls__functions.h\n'}
[586.651676] (px4_msgs) StdoutLine: {'line': b'-- Installing: /home/hamad/ws_offboard_control/install/px4_msgs/include/px4_msgs/px4_msgs/msg/detail/estimator_gps_status__description.c\n'}
[586.651743] (px4_msgs) StdoutLine: {'line': b'-- Installing: /home/hamad/ws_offboard_control/install/px4_msgs/include/px4_msgs/px4_msgs/msg/detail/vtol_vehicle_status__type_support.h\n'}
[586.651808] (px4_msgs) StdoutLine: {'line': b'-- Installing: /home/hamad/ws_offboard_control/install/px4_msgs/include/px4_msgs/px4_msgs/msg/detail/follow_target_status__functions.c\n'}
[586.651873] (px4_msgs) StdoutLine: {'line': b'-- Installing: /home/hamad/ws_offboard_control/install/px4_msgs/include/px4_msgs/px4_msgs/msg/detail/heater_status__functions.h\n'}
[586.651936] (px4_msgs) StdoutLine: {'line': b'-- Installing: /home/hamad/ws_offboard_control/install/px4_msgs/include/px4_msgs/px4_msgs/msg/detail/debug_value__struct.h\n'}
[586.651999] (px4_msgs) StdoutLine: {'line': b'-- Installing: /home/hamad/ws_offboard_control/install/px4_msgs/include/px4_msgs/px4_msgs/msg/detail/rtl_status__functions.h\n'}
[586.652061] (px4_msgs) StdoutLine: {'line': b'-- Installing: /home/hamad/ws_offboard_control/install/px4_msgs/include/px4_msgs/px4_msgs/msg/detail/gimbal_device_attitude_status__functions.h\n'}
[586.652126] (px4_msgs) StdoutLine: {'line': b'-- Installing: /home/hamad/ws_offboard_control/install/px4_msgs/include/px4_msgs/px4_msgs/msg/detail/geofence_result__struct.h\n'}
[586.652190] (px4_msgs) StdoutLine: {'line': b'-- Installing: /home/hamad/ws_offboard_control/install/px4_msgs/include/px4_msgs/px4_msgs/msg/detail/input_rc__type_support.c\n'}
[586.652360] (px4_msgs) StdoutLine: {'line': b'-- Installing: /home/hamad/ws_offboard_control/install/px4_msgs/include/px4_msgs/px4_msgs/msg/detail/tecs_status__struct.h\n'}
[586.652429] (px4_msgs) StdoutLine: {'line': b'-- Installing: /home/hamad/ws_offboard_control/install/px4_msgs/include/px4_msgs/px4_msgs/msg/detail/timesync_status__functions.c\n'}
[586.652493] (px4_msgs) StdoutLine: {'line': b'-- Installing: /home/hamad/ws_offboard_control/install/px4_msgs/include/px4_msgs/px4_msgs/msg/detail/estimator_states__struct.h\n'}
[586.652555] (px4_msgs) StdoutLine: {'line': b'-- Installing: /home/hamad/ws_offboard_control/install/px4_msgs/include/px4_msgs/px4_msgs/msg/detail/internal_combustion_engine_control__description.c\n'}
[586.652740] (px4_msgs) StdoutLine: {'line': b'-- Installing: /home/hamad/ws_offboard_control/install/px4_msgs/include/px4_msgs/px4_msgs/msg/detail/actuator_servos_trim__description.c\n'}
[586.652802] (px4_msgs) StdoutLine: {'line': b'-- Installing: /home/hamad/ws_offboard_control/install/px4_msgs/include/px4_msgs/px4_msgs/msg/detail/actuator_motors__struct.h\n'}
[586.652866] (px4_msgs) StdoutLine: {'line': b'-- Installing: /home/hamad/ws_offboard_control/install/px4_msgs/include/px4_msgs/px4_msgs/msg/detail/px4io_status__struct.h\n'}
[586.652930] (px4_msgs) StdoutLine: {'line': b'-- Installing: /home/hamad/ws_offboard_control/install/px4_msgs/include/px4_msgs/px4_msgs/msg/detail/sensor_baro__description.c\n'}
[586.652995] (px4_msgs) StdoutLine: {'line': b'-- Installing: /home/hamad/ws_offboard_control/install/px4_msgs/include/px4_msgs/px4_msgs/msg/detail/vehicle_imu_status__description.c\n'}
[586.653057] (px4_msgs) StdoutLine: {'line': b'-- Installing: /home/hamad/ws_offboard_control/install/px4_msgs/include/px4_msgs/px4_msgs/msg/detail/esc_report__type_support.h\n'}
[586.653119] (px4_msgs) StdoutLine: {'line': b'-- Installing: /home/hamad/ws_offboard_control/install/px4_msgs/include/px4_msgs/px4_msgs/msg/detail/debug_vect__type_support.h\n'}
[586.653182] (px4_msgs) StdoutLine: {'line': b'-- Installing: /home/hamad/ws_offboard_control/install/px4_msgs/include/px4_msgs/px4_msgs/msg/detail/mission__functions.h\n'}
[586.653243] (px4_msgs) StdoutLine: {'line': b'-- Installing: /home/hamad/ws_offboard_control/install/px4_msgs/include/px4_msgs/px4_msgs/msg/detail/vehicle_global_position__type_support.h\n'}
[586.653307] (px4_msgs) StdoutLine: {'line': b'-- Installing: /home/hamad/ws_offboard_control/install/px4_msgs/include/px4_msgs/px4_msgs/msg/detail/gimbal_manager_information__functions.h\n'}
[586.653371] (px4_msgs) StdoutLine: {'line': b'-- Installing: /home/hamad/ws_offboard_control/install/px4_msgs/include/px4_msgs/px4_msgs/msg/detail/fixed_wing_lateral_status__type_support.h\n'}
[586.653433] (px4_msgs) StdoutLine: {'line': b'-- Installing: /home/hamad/ws_offboard_control/install/px4_msgs/include/px4_msgs/px4_msgs/msg/detail/esc_report__type_support.c\n'}
[586.653498] (px4_msgs) StdoutLine: {'line': b'-- Installing: /home/hamad/ws_offboard_control/install/px4_msgs/include/px4_msgs/px4_msgs/msg/detail/sensor_preflight_mag__description.c\n'}
[586.653559] (px4_msgs) StdoutLine: {'line': b'-- Installing: /home/hamad/ws_offboard_control/install/px4_msgs/include/px4_msgs/px4_msgs/msg/detail/actuator_armed__struct.h\n'}
[586.653795] (px4_msgs) StdoutLine: {'line': b'-- Installing: /home/hamad/ws_offboard_control/install/px4_msgs/include/px4_msgs/px4_msgs/msg/detail/system_power__type_support.h\n'}
[586.653861] (px4_msgs) StdoutLine: {'line': b'-- Installing: /home/hamad/ws_offboard_control/install/px4_msgs/include/px4_msgs/px4_msgs/msg/detail/actuator_armed__description.c\n'}
[586.653925] (px4_msgs) StdoutLine: {'line': b'-- Installing: /home/hamad/ws_offboard_control/install/px4_msgs/include/px4_msgs/px4_msgs/msg/detail/estimator_sensor_bias__description.c\n'}
[586.653986] (px4_msgs) StdoutLine: {'line': b'-- Installing: /home/hamad/ws_offboard_control/install/px4_msgs/include/px4_msgs/px4_msgs/msg/detail/actuator_servos__type_support.h\n'}
[586.654051] (px4_msgs) StdoutLine: {'line': b'-- Installing: /home/hamad/ws_offboard_control/install/px4_msgs/include/px4_msgs/px4_msgs/msg/detail/debug_value__description.c\n'}
[586.654191] (px4_msgs) StdoutLine: {'line': b'-- Installing: /home/hamad/ws_offboard_control/install/px4_msgs/include/px4_msgs/px4_msgs/msg/detail/event__type_support.c\n'}
[586.654256] (px4_msgs) StdoutLine: {'line': b'-- Installing: /home/hamad/ws_offboard_control/install/px4_msgs/include/px4_msgs/px4_msgs/msg/detail/ekf2_timestamps__description.c\n'}
[586.654319] (px4_msgs) StdoutLine: {'line': b'-- Installing: /home/hamad/ws_offboard_control/install/px4_msgs/include/px4_msgs/px4_msgs/msg/detail/vehicle_attitude__description.c\n'}
[586.654380] (px4_msgs) StdoutLine: {'line': b'-- Installing: /home/hamad/ws_offboard_control/install/px4_msgs/include/px4_msgs/px4_msgs/msg/detail/health_report__description.c\n'}
[586.654560] (px4_msgs) StdoutLine: {'line': b'-- Installing: /home/hamad/ws_offboard_control/install/px4_msgs/include/px4_msgs/px4_msgs/msg/detail/mission__functions.c\n'}
[586.654622] (px4_msgs) StdoutLine: {'line': b'-- Installing: /home/hamad/ws_offboard_control/install/px4_msgs/include/px4_msgs/px4_msgs/msg/detail/vehicle_optical_flow__functions.c\n'}
[586.654764] (px4_msgs) StdoutLine: {'line': b'-- Installing: /home/hamad/ws_offboard_control/install/px4_msgs/include/px4_msgs/px4_msgs/msg/detail/rc_parameter_map__description.c\n'}
[586.654882] (px4_msgs) StdoutLine: {'line': b'-- Installing: /home/hamad/ws_offboard_control/install/px4_msgs/include/px4_msgs/px4_msgs/msg/detail/vehicle_local_position_setpoint__struct.h\n'}
[586.654999] (px4_msgs) StdoutLine: {'line': b'-- Installing: /home/hamad/ws_offboard_control/install/px4_msgs/include/px4_msgs/px4_msgs/msg/detail/vehicle_odometry__type_support.h\n'}
[586.655061] (px4_msgs) StdoutLine: {'line': b'-- Installing: /home/hamad/ws_offboard_control/install/px4_msgs/include/px4_msgs/px4_msgs/msg/detail/vehicle_land_detected__description.c\n'}
[586.655123] (px4_msgs) StdoutLine: {'line': b'-- Installing: /home/hamad/ws_offboard_control/install/px4_msgs/include/px4_msgs/px4_msgs/msg/detail/geofence_status__type_support.h\n'}
[586.655186] (px4_msgs) StdoutLine: {'line': b'-- Installing: /home/hamad/ws_offboard_control/install/px4_msgs/include/px4_msgs/px4_msgs/msg/detail/tiltrotor_extra_controls__type_support.c\n'}
[586.655249] (px4_msgs) StdoutLine: {'line': b'-- Installing: /home/hamad/ws_offboard_control/install/px4_msgs/include/px4_msgs/px4_msgs/msg/detail/rpm__functions.c\n'}
[586.655313] (px4_msgs) StdoutLine: {'line': b'-- Installing: /home/hamad/ws_offboard_control/install/px4_msgs/include/px4_msgs/px4_msgs/msg/detail/sensor_correction__functions.h\n'}
[586.655373] (px4_msgs) StdoutLine: {'line': b'-- Installing: /home/hamad/ws_offboard_control/install/px4_msgs/include/px4_msgs/px4_msgs/msg/detail/position_controller_status__struct.h\n'}
[586.655437] (px4_msgs) StdoutLine: {'line': b'-- Installing: /home/hamad/ws_offboard_control/install/px4_msgs/include/px4_msgs/px4_msgs/msg/detail/differential_pressure__functions.c\n'}
[586.655499] (px4_msgs) StdoutLine: {'line': b'-- Installing: /home/hamad/ws_offboard_control/install/px4_msgs/include/px4_msgs/px4_msgs/msg/detail/vehicle_thrust_setpoint__type_support.c\n'}
[586.655564] (px4_msgs) StdoutLine: {'line': b'-- Installing: /home/hamad/ws_offboard_control/install/px4_msgs/include/px4_msgs/px4_msgs/msg/detail/airspeed_wind__functions.h\n'}
[586.655625] (px4_msgs) StdoutLine: {'line': b'-- Installing: /home/hamad/ws_offboard_control/install/px4_msgs/include/px4_msgs/px4_msgs/msg/detail/trajectory_setpoint__functions.c\n'}
[586.655785] (px4_msgs) StdoutLine: {'line': b'-- Installing: /home/hamad/ws_offboard_control/install/px4_msgs/include/px4_msgs/px4_msgs/msg/detail/parameter_reset_request__description.c\n'}
[586.655848] (px4_msgs) StdoutLine: {'line': b'-- Installing: /home/hamad/ws_offboard_control/install/px4_msgs/include/px4_msgs/px4_msgs/msg/detail/actuator_test__functions.c\n'}
[586.655910] (px4_msgs) StdoutLine: {'line': b'-- Installing: /home/hamad/ws_offboard_control/install/px4_msgs/include/px4_msgs/px4_msgs/msg/detail/onboard_computer_status__functions.c\n'}
[586.655972] (px4_msgs) StdoutLine: {'line': b'-- Installing: /home/hamad/ws_offboard_control/install/px4_msgs/include/px4_msgs/px4_msgs/msg/detail/estimator_states__description.c\n'}
[586.656035] (px4_msgs) StdoutLine: {'line': b'-- Installing: /home/hamad/ws_offboard_control/install/px4_msgs/include/px4_msgs/px4_msgs/msg/detail/timesync_status__functions.h\n'}
[586.656097] (px4_msgs) StdoutLine: {'line': b'-- Installing: /home/hamad/ws_offboard_control/install/px4_msgs/include/px4_msgs/px4_msgs/msg/detail/health_report__type_support.c\n'}
[586.656159] (px4_msgs) StdoutLine: {'line': b'-- Installing: /home/hamad/ws_offboard_control/install/px4_msgs/include/px4_msgs/px4_msgs/msg/detail/power_button_state__functions.h\n'}
[586.656309] (px4_msgs) StdoutLine: {'line': b'-- Installing: /home/hamad/ws_offboard_control/install/px4_msgs/include/px4_msgs/px4_msgs/msg/detail/orb_test__type_support.h\n'}
[586.656370] (px4_msgs) StdoutLine: {'line': b'-- Installing: /home/hamad/ws_offboard_control/install/px4_msgs/include/px4_msgs/px4_msgs/msg/detail/radio_status__type_support.c\n'}
[586.656435] (px4_msgs) StdoutLine: {'line': b'-- Installing: /home/hamad/ws_offboard_control/install/px4_msgs/include/px4_msgs/px4_msgs/msg/detail/trajectory_setpoint6dof__type_support.c\n'}
[586.656499] (px4_msgs) StdoutLine: {'line': b'-- Installing: /home/hamad/ws_offboard_control/install/px4_msgs/include/px4_msgs/px4_msgs/msg/detail/estimator_aid_source2d__functions.c\n'}
[586.656564] (px4_msgs) StdoutLine: {'line': b'-- Installing: /home/hamad/ws_offboard_control/install/px4_msgs/include/px4_msgs/px4_msgs/msg/detail/parameter_reset_request__functions.h\n'}
[586.656626] (px4_msgs) StdoutLine: {'line': b'-- Installing: /home/hamad/ws_offboard_control/install/px4_msgs/include/px4_msgs/px4_msgs/msg/detail/estimator_sensor_bias__functions.c\n'}
[586.656774] (px4_msgs) StdoutLine: {'line': b'-- Installing: /home/hamad/ws_offboard_control/install/px4_msgs/include/px4_msgs/px4_msgs/msg/detail/obstacle_distance__functions.h\n'}
[586.656837] (px4_msgs) StdoutLine: {'line': b'-- Installing: /home/hamad/ws_offboard_control/install/px4_msgs/include/px4_msgs/px4_msgs/msg/detail/position_setpoint_triplet__functions.c\n'}
[586.657001] (px4_msgs) StdoutLine: {'line': b'-- Installing: /home/hamad/ws_offboard_control/install/px4_msgs/include/px4_msgs/px4_msgs/msg/detail/vehicle_imu__description.c\n'}
[586.657067] (px4_msgs) StdoutLine: {'line': b'-- Installing: /home/hamad/ws_offboard_control/install/px4_msgs/include/px4_msgs/px4_msgs/msg/detail/mode_completed__type_support.h\n'}
[586.657130] (px4_msgs) StdoutLine: {'line': b'-- Installing: /home/hamad/ws_offboard_control/install/px4_msgs/include/px4_msgs/px4_msgs/msg/detail/home_position__functions.c\n'}
[586.657194] (px4_msgs) StdoutLine: {'line': b'-- Installing: /home/hamad/ws_offboard_control/install/px4_msgs/include/px4_msgs/px4_msgs/msg/detail/sensor_hygrometer__struct.h\n'}
[586.657255] (px4_msgs) StdoutLine: {'line': b'-- Installing: /home/hamad/ws_offboard_control/install/px4_msgs/include/px4_msgs/px4_msgs/msg/detail/position_setpoint__struct.h\n'}
[586.657319] (px4_msgs) StdoutLine: {'line': b'-- Installing: /home/hamad/ws_offboard_control/install/px4_msgs/include/px4_msgs/px4_msgs/msg/detail/airspeed__struct.h\n'}
[586.657381] (px4_msgs) StdoutLine: {'line': b'-- Installing: /home/hamad/ws_offboard_control/install/px4_msgs/include/px4_msgs/px4_msgs/msg/detail/gpio_request__functions.h\n'}
[586.657445] (px4_msgs) StdoutLine: {'line': b'-- Installing: /home/hamad/ws_offboard_control/install/px4_msgs/include/px4_msgs/px4_msgs/msg/detail/sensor_gnss_status__functions.c\n'}
[586.657509] (px4_msgs) StdoutLine: {'line': b'-- Installing: /home/hamad/ws_offboard_control/install/px4_msgs/include/px4_msgs/px4_msgs/msg/detail/orbit_status__functions.h\n'}
[586.657573] (px4_msgs) StdoutLine: {'line': b'-- Installing: /home/hamad/ws_offboard_control/install/px4_msgs/include/px4_msgs/px4_msgs/msg/detail/vehicle_optical_flow__type_support.c\n'}
[586.657636] (px4_msgs) StdoutLine: {'line': b'-- Installing: /home/hamad/ws_offboard_control/install/px4_msgs/include/px4_msgs/px4_msgs/msg/detail/vehicle_acceleration__functions.h\n'}
[586.657717] (px4_msgs) StdoutLine: {'line': b'-- Installing: /home/hamad/ws_offboard_control/install/px4_msgs/include/px4_msgs/px4_msgs/msg/detail/parameter_set_value_response__functions.c\n'}
[586.657780] (px4_msgs) StdoutLine: {'line': b'-- Installing: /home/hamad/ws_offboard_control/install/px4_msgs/include/px4_msgs/px4_msgs/msg/detail/sensor_mag__description.c\n'}
[586.657845] (px4_msgs) StdoutLine: {'line': b'-- Installing: /home/hamad/ws_offboard_control/install/px4_msgs/include/px4_msgs/px4_msgs/msg/detail/follow_target_estimator__type_support.c\n'}
[586.658112] (px4_msgs) StdoutLine: {'line': b'-- Installing: /home/hamad/ws_offboard_control/install/px4_msgs/include/px4_msgs/px4_msgs/msg/detail/vehicle_imu_status__functions.c\n'}
[586.658175] (px4_msgs) StdoutLine: {'line': b'-- Installing: /home/hamad/ws_offboard_control/install/px4_msgs/include/px4_msgs/px4_msgs/msg/detail/internal_combustion_engine_control__struct.h\n'}
[586.658237] (px4_msgs) StdoutLine: {'line': b'-- Installing: /home/hamad/ws_offboard_control/install/px4_msgs/include/px4_msgs/px4_msgs/msg/detail/estimator_aid_source2d__struct.h\n'}
[586.658300] (px4_msgs) StdoutLine: {'line': b'-- Installing: /home/hamad/ws_offboard_control/install/px4_msgs/include/px4_msgs/px4_msgs/msg/detail/actuator_controls_status__functions.h\n'}
[586.658360] (px4_msgs) StdoutLine: {'line': b'-- Installing: /home/hamad/ws_offboard_control/install/px4_msgs/include/px4_msgs/px4_msgs/msg/detail/sensor_gnss_relative__functions.c\n'}
[586.658424] (px4_msgs) StdoutLine: {'line': b'-- Installing: /home/hamad/ws_offboard_control/install/px4_msgs/include/px4_msgs/px4_msgs/msg/detail/arming_check_reply__struct.h\n'}
[586.658488] (px4_msgs) StdoutLine: {'line': b'-- Installing: /home/hamad/ws_offboard_control/install/px4_msgs/include/px4_msgs/px4_msgs/msg/detail/rover_attitude_setpoint__struct.h\n'}
[586.658552] (px4_msgs) StdoutLine: {'line': b'-- Installing: /home/hamad/ws_offboard_control/install/px4_msgs/include/px4_msgs/px4_msgs/msg/detail/rover_attitude_status__functions.c\n'}
[586.658611] (px4_msgs) StdoutLine: {'line': b'-- Installing: /home/hamad/ws_offboard_control/install/px4_msgs/include/px4_msgs/px4_msgs/msg/detail/rover_attitude_setpoint__description.c\n'}
[586.658805] (px4_msgs) StdoutLine: {'line': b'-- Installing: /home/hamad/ws_offboard_control/install/px4_msgs/include/px4_msgs/px4_msgs/msg/detail/fixed_wing_longitudinal_setpoint__functions.h\n'}
[586.658869] (px4_msgs) StdoutLine: {'line': b'-- Installing: /home/hamad/ws_offboard_control/install/px4_msgs/include/px4_msgs/px4_msgs/msg/detail/vehicle_land_detected__functions.h\n'}
[586.658933] (px4_msgs) StdoutLine: {'line': b'-- Installing: /home/hamad/ws_offboard_control/install/px4_msgs/include/px4_msgs/px4_msgs/msg/detail/actuator_armed__functions.c\n'}
[586.658996] (px4_msgs) StdoutLine: {'line': b'-- Installing: /home/hamad/ws_offboard_control/install/px4_msgs/include/px4_msgs/px4_msgs/msg/detail/mavlink_tunnel__type_support.h\n'}
[586.659059] (px4_msgs) StdoutLine: {'line': b'-- Installing: /home/hamad/ws_offboard_control/install/px4_msgs/include/px4_msgs/px4_msgs/msg/detail/logger_status__type_support.h\n'}
[586.659192] (px4_msgs) StdoutLine: {'line': b'-- Installing: /home/hamad/ws_offboard_control/install/px4_msgs/include/px4_msgs/px4_msgs/msg/detail/sensor_airflow__struct.h\n'}
[586.659259] (px4_msgs) StdoutLine: {'line': b'-- Installing: /home/hamad/ws_offboard_control/install/px4_msgs/include/px4_msgs/px4_msgs/msg/detail/gimbal_device_information__struct.h\n'}
[586.659423] (px4_msgs) StdoutLine: {'line': b'-- Installing: /home/hamad/ws_offboard_control/install/px4_msgs/include/px4_msgs/px4_msgs/msg/detail/gps_dump__type_support.h\n'}
[586.659486] (px4_msgs) StdoutLine: {'line': b'-- Installing: /home/hamad/ws_offboard_control/install/px4_msgs/include/px4_msgs/px4_msgs/msg/detail/rc_parameter_map__type_support.h\n'}
[586.659547] (px4_msgs) StdoutLine: {'line': b'-- Installing: /home/hamad/ws_offboard_control/install/px4_msgs/include/px4_msgs/px4_msgs/msg/detail/gpio_in__struct.h\n'}
[586.659611] (px4_msgs) StdoutLine: {'line': b'-- Installing: /home/hamad/ws_offboard_control/install/px4_msgs/include/px4_msgs/px4_msgs/msg/detail/ping__functions.h\n'}
[586.659676] (px4_msgs) StdoutLine: {'line': b'-- Installing: /home/hamad/ws_offboard_control/install/px4_msgs/include/px4_msgs/px4_msgs/msg/detail/mode_completed__functions.c\n'}
[586.659741] (px4_msgs) StdoutLine: {'line': b'-- Installing: /home/hamad/ws_offboard_control/install/px4_msgs/include/px4_msgs/px4_msgs/msg/detail/message_format_request__type_support.h\n'}
[586.659799] (px4_msgs) StdoutLine: {'line': b'-- Installing: /home/hamad/ws_offboard_control/install/px4_msgs/include/px4_msgs/px4_msgs/msg/detail/wind__type_support.h\n'}
[586.659986] (px4_msgs) StdoutLine: {'line': b'-- Installing: /home/hamad/ws_offboard_control/install/px4_msgs/include/px4_msgs/px4_msgs/msg/detail/health_report__struct.h\n'}
[586.660049] (px4_msgs) StdoutLine: {'line': b'-- Installing: /home/hamad/ws_offboard_control/install/px4_msgs/include/px4_msgs/px4_msgs/msg/detail/position_setpoint_triplet__type_support.c\n'}
[586.660113] (px4_msgs) StdoutLine: {'line': b'-- Installing: /home/hamad/ws_offboard_control/install/px4_msgs/include/px4_msgs/px4_msgs/msg/detail/landing_gear_wheel__type_support.h\n'}
[586.660173] (px4_msgs) StdoutLine: {'line': b'-- Installing: /home/hamad/ws_offboard_control/install/px4_msgs/include/px4_msgs/px4_msgs/msg/detail/vehicle_status__struct.h\n'}
[586.660235] (px4_msgs) StdoutLine: {'line': b'-- Installing: /home/hamad/ws_offboard_control/install/px4_msgs/include/px4_msgs/px4_msgs/msg/detail/open_drone_id_system__description.c\n'}
[586.660296] (px4_msgs) StdoutLine: {'line': b'-- Installing: /home/hamad/ws_offboard_control/install/px4_msgs/include/px4_msgs/px4_msgs/msg/detail/vehicle_control_mode__functions.h\n'}
[586.660358] (px4_msgs) StdoutLine: {'line': b'-- Installing: /home/hamad/ws_offboard_control/install/px4_msgs/include/px4_msgs/px4_msgs/msg/detail/qshell_req__functions.c\n'}
[586.660421] (px4_msgs) StdoutLine: {'line': b'-- Installing: /home/hamad/ws_offboard_control/install/px4_msgs/include/px4_msgs/px4_msgs/msg/detail/gimbal_device_set_attitude__struct.h\n'}
[586.660482] (px4_msgs) StdoutLine: {'line': b'-- Installing: /home/hamad/ws_offboard_control/install/px4_msgs/include/px4_msgs/px4_msgs/msg/detail/rate_ctrl_status__description.c\n'}
[586.660635] (px4_msgs) StdoutLine: {'line': b'-- Installing: /home/hamad/ws_offboard_control/install/px4_msgs/include/px4_msgs/px4_msgs/msg/detail/normalized_unsigned_setpoint__struct.h\n'}
[586.660704] (px4_msgs) StdoutLine: {'line': b'-- Installing: /home/hamad/ws_offboard_control/install/px4_msgs/include/px4_msgs/px4_msgs/msg/detail/parameter_set_value_response__type_support.h\n'}
[586.660769] (px4_msgs) StdoutLine: {'line': b'-- Installing: /home/hamad/ws_offboard_control/install/px4_msgs/include/px4_msgs/px4_msgs/msg/detail/gpio_out__type_support.c\n'}
[586.660830] (px4_msgs) StdoutLine: {'line': b'-- Installing: /home/hamad/ws_offboard_control/install/px4_msgs/include/px4_msgs/px4_msgs/msg/detail/satellite_info__functions.c\n'}
[586.660893] (px4_msgs) StdoutLine: {'line': b'-- Installing: /home/hamad/ws_offboard_control/install/px4_msgs/include/px4_msgs/px4_msgs/msg/detail/fuel_tank_status__struct.h\n'}
[586.660956] (px4_msgs) StdoutLine: {'line': b'-- Installing: /home/hamad/ws_offboard_control/install/px4_msgs/include/px4_msgs/px4_msgs/msg/detail/launch_detection_status__struct.h\n'}
[586.661019] (px4_msgs) StdoutLine: {'line': b'-- Installing: /home/hamad/ws_offboard_control/install/px4_msgs/include/px4_msgs/px4_msgs/msg/detail/esc_status__functions.c\n'}
[586.661079] (px4_msgs) StdoutLine: {'line': b'-- Installing: /home/hamad/ws_offboard_control/install/px4_msgs/include/px4_msgs/px4_msgs/msg/detail/register_ext_component_reply__type_support.h\n'}
[586.661264] (px4_msgs) StdoutLine: {'line': b'-- Installing: /home/hamad/ws_offboard_control/install/px4_msgs/include/px4_msgs/px4_msgs/msg/detail/gripper__type_support.c\n'}
[586.661327] (px4_msgs) StdoutLine: {'line': b'-- Installing: /home/hamad/ws_offboard_control/install/px4_msgs/include/px4_msgs/px4_msgs/msg/detail/landing_gear__type_support.c\n'}
[586.661390] (px4_msgs) StdoutLine: {'line': b'-- Installing: /home/hamad/ws_offboard_control/install/px4_msgs/include/px4_msgs/px4_msgs/msg/detail/follow_target__functions.c\n'}
[586.661519] (px4_msgs) StdoutLine: {'line': b'-- Installing: /home/hamad/ws_offboard_control/install/px4_msgs/include/px4_msgs/px4_msgs/msg/detail/radio_status__type_support.h\n'}
[586.661585] (px4_msgs) StdoutLine: {'line': b'-- Installing: /home/hamad/ws_offboard_control/install/px4_msgs/include/px4_msgs/px4_msgs/msg/detail/vehicle_command_ack__type_support.c\n'}
[586.661866] (px4_msgs) StdoutLine: {'line': b'-- Installing: /home/hamad/ws_offboard_control/install/px4_msgs/include/px4_msgs/px4_msgs/msg/detail/gimbal_controls__functions.h\n'}
[586.662040] (px4_msgs) StdoutLine: {'line': b'-- Installing: /home/hamad/ws_offboard_control/install/px4_msgs/include/px4_msgs/px4_msgs/msg/detail/rover_position_setpoint__type_support.h\n'}
[586.662115] (px4_msgs) StdoutLine: {'line': b'-- Installing: /home/hamad/ws_offboard_control/install/px4_msgs/include/px4_msgs/px4_msgs/msg/detail/landing_gear_wheel__struct.h\n'}
[586.662250] (px4_msgs) StdoutLine: {'line': b'-- Installing: /home/hamad/ws_offboard_control/install/px4_msgs/include/px4_msgs/px4_msgs/msg/detail/sensor_airflow__description.c\n'}
[586.662313] (px4_msgs) StdoutLine: {'line': b'-- Installing: /home/hamad/ws_offboard_control/install/px4_msgs/include/px4_msgs/px4_msgs/msg/detail/estimator_bias__type_support.h\n'}
[586.662374] (px4_msgs) StdoutLine: {'line': b'-- Installing: /home/hamad/ws_offboard_control/install/px4_msgs/include/px4_msgs/px4_msgs/msg/detail/takeoff_status__type_support.c\n'}
[586.662438] (px4_msgs) StdoutLine: {'line': b'-- Installing: /home/hamad/ws_offboard_control/install/px4_msgs/include/px4_msgs/px4_msgs/msg/detail/camera_capture__functions.c\n'}
[586.662502] (px4_msgs) StdoutLine: {'line': b'-- Installing: /home/hamad/ws_offboard_control/install/px4_msgs/include/px4_msgs/px4_msgs/msg/detail/fixed_wing_longitudinal_setpoint__struct.h\n'}
[586.662567] (px4_msgs) StdoutLine: {'line': b'-- Installing: /home/hamad/ws_offboard_control/install/px4_msgs/include/px4_msgs/px4_msgs/msg/detail/estimator_states__type_support.h\n'}
[586.662629] (px4_msgs) StdoutLine: {'line': b'-- Installing: /home/hamad/ws_offboard_control/install/px4_msgs/include/px4_msgs/px4_msgs/msg/detail/power_button_state__functions.c\n'}
[586.662705] (px4_msgs) StdoutLine: {'line': b'-- Installing: /home/hamad/ws_offboard_control/install/px4_msgs/include/px4_msgs/px4_msgs/msg/detail/dronecan_node_status__type_support.h\n'}
[586.662770] (px4_msgs) StdoutLine: {'line': b'-- Installing: /home/hamad/ws_offboard_control/install/px4_msgs/include/px4_msgs/px4_msgs/msg/detail/cellular_status__type_support.c\n'}
[586.662833] (px4_msgs) StdoutLine: {'line': b'-- Installing: /home/hamad/ws_offboard_control/install/px4_msgs/include/px4_msgs/px4_msgs/msg/detail/mode_completed__description.c\n'}
[586.662897] (px4_msgs) StdoutLine: {'line': b'-- Installing: /home/hamad/ws_offboard_control/install/px4_msgs/include/px4_msgs/px4_msgs/msg/detail/takeoff_status__functions.c\n'}
[586.662960] (px4_msgs) StdoutLine: {'line': b'-- Installing: /home/hamad/ws_offboard_control/install/px4_msgs/include/px4_msgs/px4_msgs/msg/detail/rover_rate_status__functions.c\n'}
[586.663023] (px4_msgs) StdoutLine: {'line': b'-- Installing: /home/hamad/ws_offboard_control/install/px4_msgs/include/px4_msgs/px4_msgs/msg/detail/launch_detection_status__type_support.h\n'}
[586.663088] (px4_msgs) StdoutLine: {'line': b'-- Installing: /home/hamad/ws_offboard_control/install/px4_msgs/include/px4_msgs/px4_msgs/msg/detail/open_drone_id_system__functions.h\n'}
[586.663151] (px4_msgs) StdoutLine: {'line': b'-- Installing: /home/hamad/ws_offboard_control/install/px4_msgs/include/px4_msgs/px4_msgs/msg/detail/internal_combustion_engine_control__type_support.h\n'}
[586.663213] (px4_msgs) StdoutLine: {'line': b'-- Installing: /home/hamad/ws_offboard_control/install/px4_msgs/include/px4_msgs/px4_msgs/msg/detail/onboard_computer_status__type_support.h\n'}
[586.663277] (px4_msgs) StdoutLine: {'line': b'-- Installing: /home/hamad/ws_offboard_control/install/px4_msgs/include/px4_msgs/px4_msgs/msg/detail/position_setpoint__type_support.h\n'}
[586.663338] (px4_msgs) StdoutLine: {'line': b'-- Installing: /home/hamad/ws_offboard_control/install/px4_msgs/include/px4_msgs/px4_msgs/msg/detail/flight_phase_estimation__struct.h\n'}
[586.663400] (px4_msgs) StdoutLine: {'line': b'-- Installing: /home/hamad/ws_offboard_control/install/px4_msgs/include/px4_msgs/px4_msgs/msg/detail/gps_inject_data__functions.h\n'}
[586.663583] (px4_msgs) StdoutLine: {'line': b'-- Installing: /home/hamad/ws_offboard_control/install/px4_msgs/include/px4_msgs/px4_msgs/msg/detail/transponder_report__functions.h\n'}
[586.663645] (px4_msgs) StdoutLine: {'line': b'-- Installing: /home/hamad/ws_offboard_control/install/px4_msgs/include/px4_msgs/px4_msgs/msg/detail/pwm_input__type_support.h\n'}
[586.663715] (px4_msgs) StdoutLine: {'line': b'-- Installing: /home/hamad/ws_offboard_control/install/px4_msgs/include/px4_msgs/px4_msgs/msg/detail/qshell_req__functions.h\n'}
[586.663776] (px4_msgs) StdoutLine: {'line': b'-- Installing: /home/hamad/ws_offboard_control/install/px4_msgs/include/px4_msgs/px4_msgs/msg/detail/sensor_gyro_fft__functions.c\n'}
[586.663920] (px4_msgs) StdoutLine: {'line': b'-- Installing: /home/hamad/ws_offboard_control/install/px4_msgs/include/px4_msgs/px4_msgs/msg/detail/qshell_req__description.c\n'}
[586.663983] (px4_msgs) StdoutLine: {'line': b'-- Installing: /home/hamad/ws_offboard_control/install/px4_msgs/include/px4_msgs/px4_msgs/msg/detail/airspeed__type_support.c\n'}
[586.664047] (px4_msgs) StdoutLine: {'line': b'-- Installing: /home/hamad/ws_offboard_control/install/px4_msgs/include/px4_msgs/px4_msgs/msg/detail/distance_sensor_mode_change_request__functions.c\n'}
[586.664108] (px4_msgs) StdoutLine: {'line': b'-- Installing: /home/hamad/ws_offboard_control/install/px4_msgs/include/px4_msgs/px4_msgs/msg/detail/battery_info__type_support.h\n'}
[586.664169] (px4_msgs) StdoutLine: {'line': b'-- Installing: /home/hamad/ws_offboard_control/install/px4_msgs/include/px4_msgs/px4_msgs/msg/detail/parameter_update__description.c\n'}
[586.664231] (px4_msgs) StdoutLine: {'line': b'-- Installing: /home/hamad/ws_offboard_control/install/px4_msgs/include/px4_msgs/px4_msgs/msg/detail/sensor_gps__type_support.c\n'}
[586.664291] (px4_msgs) StdoutLine: {'line': b'-- Installing: /home/hamad/ws_offboard_control/install/px4_msgs/include/px4_msgs/px4_msgs/msg/detail/gimbal_manager_set_attitude__type_support.c\n'}
[586.664352] (px4_msgs) StdoutLine: {'line': b'-- Installing: /home/hamad/ws_offboard_control/install/px4_msgs/include/px4_msgs/px4_msgs/msg/detail/mount_orientation__type_support.h\n'}
[586.664412] (px4_msgs) StdoutLine: {'line': b'-- Installing: /home/hamad/ws_offboard_control/install/px4_msgs/include/px4_msgs/px4_msgs/msg/detail/camera_trigger__functions.c\n'}
[586.664476] (px4_msgs) StdoutLine: {'line': b'-- Installing: /home/hamad/ws_offboard_control/install/px4_msgs/include/px4_msgs/px4_msgs/msg/detail/vehicle_attitude_setpoint__type_support.h\n'}
[586.664535] (px4_msgs) StdoutLine: {'line': b'-- Installing: /home/hamad/ws_offboard_control/install/px4_msgs/include/px4_msgs/px4_msgs/msg/detail/distance_sensor_mode_change_request__type_support.c\n'}
[586.664599] (px4_msgs) StdoutLine: {'line': b'-- Installing: /home/hamad/ws_offboard_control/install/px4_msgs/include/px4_msgs/px4_msgs/msg/detail/telemetry_status__type_support.c\n'}
[586.664659] (px4_msgs) StdoutLine: {'line': b'-- Installing: /home/hamad/ws_offboard_control/install/px4_msgs/include/px4_msgs/px4_msgs/msg/detail/estimator_status__type_support.c\n'}
[586.664917] (px4_msgs) StdoutLine: {'line': b'-- Installing: /home/hamad/ws_offboard_control/install/px4_msgs/include/px4_msgs/px4_msgs/msg/detail/rover_rate_setpoint__struct.h\n'}
[586.664980] (px4_msgs) StdoutLine: {'line': b'-- Installing: /home/hamad/ws_offboard_control/install/px4_msgs/include/px4_msgs/px4_msgs/msg/detail/telemetry_status__functions.c\n'}
[586.665040] (px4_msgs) StdoutLine: {'line': b'-- Installing: /home/hamad/ws_offboard_control/install/px4_msgs/include/px4_msgs/px4_msgs/msg/detail/ping__type_support.h\n'}
[586.665103] (px4_msgs) StdoutLine: {'line': b'-- Installing: /home/hamad/ws_offboard_control/install/px4_msgs/include/px4_msgs/px4_msgs/msg/detail/position_controller_status__type_support.c\n'}
[586.665164] (px4_msgs) StdoutLine: {'line': b'-- Installing: /home/hamad/ws_offboard_control/install/px4_msgs/include/px4_msgs/px4_msgs/msg/detail/manual_control_switches__description.c\n'}
[586.665334] (px4_msgs) StdoutLine: {'line': b'-- Installing: /home/hamad/ws_offboard_control/install/px4_msgs/include/px4_msgs/px4_msgs/msg/detail/mavlink_log__type_support.h\n'}
[586.665399] (px4_msgs) StdoutLine: {'line': b'-- Installing: /home/hamad/ws_offboard_control/install/px4_msgs/include/px4_msgs/px4_msgs/msg/detail/tecs_status__functions.h\n'}
[586.665464] (px4_msgs) StdoutLine: {'line': b'-- Installing: /home/hamad/ws_offboard_control/install/px4_msgs/include/px4_msgs/px4_msgs/msg/detail/sensor_gps__functions.h\n'}
[586.665524] (px4_msgs) StdoutLine: {'line': b'-- Installing: /home/hamad/ws_offboard_control/install/px4_msgs/include/px4_msgs/px4_msgs/msg/detail/geofence_status__type_support.c\n'}
[586.665589] (px4_msgs) StdoutLine: {'line': b'-- Installing: /home/hamad/ws_offboard_control/install/px4_msgs/include/px4_msgs/px4_msgs/msg/detail/figure_eight_status__struct.h\n'}
[586.665648] (px4_msgs) StdoutLine: {'line': b'-- Installing: /home/hamad/ws_offboard_control/install/px4_msgs/include/px4_msgs/px4_msgs/msg/detail/vehicle_local_position_setpoint__type_support.c\n'}
[586.665729] (px4_msgs) StdoutLine: {'line': b'-- Installing: /home/hamad/ws_offboard_control/install/px4_msgs/include/px4_msgs/px4_msgs/msg/detail/debug_key_value__functions.h\n'}
[586.665790] (px4_msgs) StdoutLine: {'line': b'-- Installing: /home/hamad/ws_offboard_control/install/px4_msgs/include/px4_msgs/px4_msgs/msg/detail/vehicle_imu__type_support.h\n'}
[586.665854] (px4_msgs) StdoutLine: {'line': b'-- Installing: /home/hamad/ws_offboard_control/install/px4_msgs/include/px4_msgs/px4_msgs/msg/detail/gimbal_manager_status__description.c\n'}
[586.665914] (px4_msgs) StdoutLine: {'line': b'-- Installing: /home/hamad/ws_offboard_control/install/px4_msgs/include/px4_msgs/px4_msgs/msg/detail/parameter_update__functions.h\n'}
[586.665977] (px4_msgs) StdoutLine: {'line': b'-- Installing: /home/hamad/ws_offboard_control/install/px4_msgs/include/px4_msgs/px4_msgs/msg/detail/actuator_test__type_support.h\n'}
[586.666180] (px4_msgs) StdoutLine: {'line': b'-- Installing: /home/hamad/ws_offboard_control/install/px4_msgs/include/px4_msgs/px4_msgs/msg/detail/rate_ctrl_status__functions.h\n'}
[586.666252] (px4_msgs) StdoutLine: {'line': b'-- Installing: /home/hamad/ws_offboard_control/install/px4_msgs/include/px4_msgs/px4_msgs/msg/detail/config_overrides__functions.h\n'}
[586.666313] (px4_msgs) StdoutLine: {'line': b'-- Installing: /home/hamad/ws_offboard_control/install/px4_msgs/include/px4_msgs/px4_msgs/msg/detail/task_stack_info__description.c\n'}
[586.666377] (px4_msgs) StdoutLine: {'line': b'-- Installing: /home/hamad/ws_offboard_control/install/px4_msgs/include/px4_msgs/px4_msgs/msg/detail/debug_array__functions.c\n'}
[586.666441] (px4_msgs) StdoutLine: {'line': b'-- Installing: /home/hamad/ws_offboard_control/install/px4_msgs/include/px4_msgs/px4_msgs/msg/detail/rover_steering_setpoint__struct.h\n'}
[586.666505] (px4_msgs) StdoutLine: {'line': b'-- Installing: /home/hamad/ws_offboard_control/install/px4_msgs/include/px4_msgs/px4_msgs/msg/detail/mission_result__functions.c\n'}
[586.666564] (px4_msgs) StdoutLine: {'line': b'-- Installing: /home/hamad/ws_offboard_control/install/px4_msgs/include/px4_msgs/px4_msgs/msg/detail/vehicle_imu__functions.c\n'}
[586.666625] (px4_msgs) StdoutLine: {'line': b'-- Installing: /home/hamad/ws_offboard_control/install/px4_msgs/include/px4_msgs/px4_msgs/msg/detail/estimator_status_flags__type_support.h\n'}
[586.666774] (px4_msgs) StdoutLine: {'line': b'-- Installing: /home/hamad/ws_offboard_control/install/px4_msgs/include/px4_msgs/px4_msgs/msg/detail/sensor_optical_flow__type_support.c\n'}
[586.666837] (px4_msgs) StdoutLine: {'line': b'-- Installing: /home/hamad/ws_offboard_control/install/px4_msgs/include/px4_msgs/px4_msgs/msg/detail/obstacle_distance__struct.h\n'}
[586.666898] (px4_msgs) StdoutLine: {'line': b'-- Installing: /home/hamad/ws_offboard_control/install/px4_msgs/include/px4_msgs/px4_msgs/msg/detail/rover_speed_status__description.c\n'}
[586.667058] (px4_msgs) StdoutLine: {'line': b'-- Installing: /home/hamad/ws_offboard_control/install/px4_msgs/include/px4_msgs/px4_msgs/msg/detail/rover_rate_status__struct.h\n'}
[586.667120] (px4_msgs) StdoutLine: {'line': b'-- Installing: /home/hamad/ws_offboard_control/install/px4_msgs/include/px4_msgs/px4_msgs/msg/detail/cellular_status__functions.c\n'}
[586.667184] (px4_msgs) StdoutLine: {'line': b'-- Installing: /home/hamad/ws_offboard_control/install/px4_msgs/include/px4_msgs/px4_msgs/msg/detail/sensor_gyro__struct.h\n'}
[586.667247] (px4_msgs) StdoutLine: {'line': b'-- Installing: /home/hamad/ws_offboard_control/install/px4_msgs/include/px4_msgs/px4_msgs/msg/detail/rpm__description.c\n'}
[586.667311] (px4_msgs) StdoutLine: {'line': b'-- Installing: /home/hamad/ws_offboard_control/install/px4_msgs/include/px4_msgs/px4_msgs/msg/detail/fixed_wing_longitudinal_setpoint__type_support.h\n'}
[586.667373] (px4_msgs) StdoutLine: {'line': b'-- Installing: /home/hamad/ws_offboard_control/install/px4_msgs/include/px4_msgs/px4_msgs/msg/detail/estimator_aid_source1d__type_support.h\n'}
[586.667436] (px4_msgs) StdoutLine: {'line': b'-- Installing: /home/hamad/ws_offboard_control/install/px4_msgs/include/px4_msgs/px4_msgs/msg/detail/tiltrotor_extra_controls__type_support.h\n'}
[586.667496] (px4_msgs) StdoutLine: {'line': b'-- Installing: /home/hamad/ws_offboard_control/install/px4_msgs/include/px4_msgs/px4_msgs/msg/detail/actuator_motors__type_support.c\n'}
[586.667560] (px4_msgs) StdoutLine: {'line': b'-- Installing: /home/hamad/ws_offboard_control/install/px4_msgs/include/px4_msgs/px4_msgs/msg/detail/sensor_gnss_relative__functions.h\n'}
[586.667620] (px4_msgs) StdoutLine: {'line': b'-- Installing: /home/hamad/ws_offboard_control/install/px4_msgs/include/px4_msgs/px4_msgs/msg/detail/vehicle_imu__struct.h\n'}
[586.667695] (px4_msgs) StdoutLine: {'line': b'-- Installing: /home/hamad/ws_offboard_control/install/px4_msgs/include/px4_msgs/px4_msgs/msg/detail/vehicle_magnetometer__functions.c\n'}
[586.667758] (px4_msgs) StdoutLine: {'line': b'-- Installing: /home/hamad/ws_offboard_control/install/px4_msgs/include/px4_msgs/px4_msgs/msg/detail/vehicle_attitude__type_support.c\n'}
[586.667922] (px4_msgs) StdoutLine: {'line': b'-- Installing: /home/hamad/ws_offboard_control/install/px4_msgs/include/px4_msgs/px4_msgs/msg/detail/orb_test_large__struct.h\n'}
[586.667990] (px4_msgs) StdoutLine: {'line': b'-- Installing: /home/hamad/ws_offboard_control/install/px4_msgs/include/px4_msgs/px4_msgs/msg/detail/vtol_vehicle_status__type_support.c\n'}
[586.668054] (px4_msgs) StdoutLine: {'line': b'-- Installing: /home/hamad/ws_offboard_control/install/px4_msgs/include/px4_msgs/px4_msgs/msg/detail/fixed_wing_longitudinal_setpoint__description.c\n'}
[586.668116] (px4_msgs) StdoutLine: {'line': b'-- Installing: /home/hamad/ws_offboard_control/install/px4_msgs/include/px4_msgs/px4_msgs/msg/detail/flight_phase_estimation__description.c\n'}
[586.668180] (px4_msgs) StdoutLine: {'line': b'-- Installing: /home/hamad/ws_offboard_control/install/px4_msgs/include/px4_msgs/px4_msgs/msg/detail/px4io_status__type_support.h\n'}
[586.668363] (px4_msgs) StdoutLine: {'line': b'-- Installing: /home/hamad/ws_offboard_control/install/px4_msgs/include/px4_msgs/px4_msgs/msg/detail/vehicle_angular_acceleration_setpoint__description.c\n'}
[586.668426] (px4_msgs) StdoutLine: {'line': b'-- Installing: /home/hamad/ws_offboard_control/install/px4_msgs/include/px4_msgs/px4_msgs/msg/detail/orb_test__functions.h\n'}
[586.668488] (px4_msgs) StdoutLine: {'line': b'-- Installing: /home/hamad/ws_offboard_control/install/px4_msgs/include/px4_msgs/px4_msgs/msg/detail/gps_inject_data__functions.c\n'}
[586.668550] (px4_msgs) StdoutLine: {'line': b'-- Installing: /home/hamad/ws_offboard_control/install/px4_msgs/include/px4_msgs/px4_msgs/msg/detail/normalized_unsigned_setpoint__functions.c\n'}
[586.668745] (px4_msgs) StdoutLine: {'line': b'-- Installing: /home/hamad/ws_offboard_control/install/px4_msgs/include/px4_msgs/px4_msgs/msg/detail/follow_target_status__struct.h\n'}
[586.668809] (px4_msgs) StdoutLine: {'line': b'-- Installing: /home/hamad/ws_offboard_control/install/px4_msgs/include/px4_msgs/px4_msgs/msg/detail/sensor_mag__type_support.c\n'}
[586.668933] (px4_msgs) StdoutLine: {'line': b'-- Installing: /home/hamad/ws_offboard_control/install/px4_msgs/include/px4_msgs/px4_msgs/msg/detail/logger_status__type_support.c\n'}
[586.669018] (px4_msgs) StdoutLine: {'line': b'-- Installing: /home/hamad/ws_offboard_control/install/px4_msgs/include/px4_msgs/px4_msgs/msg/detail/manual_control_setpoint__description.c\n'}
[586.669090] (px4_msgs) StdoutLine: {'line': b'-- Installing: /home/hamad/ws_offboard_control/install/px4_msgs/include/px4_msgs/px4_msgs/msg/detail/offboard_control_mode__functions.c\n'}
[586.669155] (px4_msgs) StdoutLine: {'line': b'-- Installing: /home/hamad/ws_offboard_control/install/px4_msgs/include/px4_msgs/px4_msgs/msg/detail/ulog_stream__struct.h\n'}
[586.669221] (px4_msgs) StdoutLine: {'line': b'-- Installing: /home/hamad/ws_offboard_control/install/px4_msgs/include/px4_msgs/px4_msgs/msg/detail/gimbal_manager_status__type_support.h\n'}
[586.669394] (px4_msgs) StdoutLine: {'line': b'-- Installing: /home/hamad/ws_offboard_control/install/px4_msgs/include/px4_msgs/px4_msgs/msg/detail/internal_combustion_engine_control__functions.c\n'}
[586.669459] (px4_msgs) StdoutLine: {'line': b'-- Installing: /home/hamad/ws_offboard_control/install/px4_msgs/include/px4_msgs/px4_msgs/msg/detail/can_interface_status__type_support.h\n'}
[586.669523] (px4_msgs) StdoutLine: {'line': b'-- Installing: /home/hamad/ws_offboard_control/install/px4_msgs/include/px4_msgs/px4_msgs/msg/detail/estimator_status_flags__description.c\n'}
[586.669585] (px4_msgs) StdoutLine: {'line': b'-- Installing: /home/hamad/ws_offboard_control/install/px4_msgs/include/px4_msgs/px4_msgs/msg/detail/vehicle_constraints__type_support.c\n'}
[586.669647] (px4_msgs) StdoutLine: {'line': b'-- Installing: /home/hamad/ws_offboard_control/install/px4_msgs/include/px4_msgs/px4_msgs/msg/detail/sensor_hygrometer__type_support.c\n'}
[586.669728] (px4_msgs) StdoutLine: {'line': b'-- Installing: /home/hamad/ws_offboard_control/install/px4_msgs/include/px4_msgs/px4_msgs/msg/detail/estimator_status__description.c\n'}
[586.669792] (px4_msgs) StdoutLine: {'line': b'-- Installing: /home/hamad/ws_offboard_control/install/px4_msgs/include/px4_msgs/px4_msgs/msg/detail/camera_capture__type_support.h\n'}
[586.669855] (px4_msgs) StdoutLine: {'line': b'-- Installing: /home/hamad/ws_offboard_control/install/px4_msgs/include/px4_msgs/px4_msgs/msg/detail/battery_status__struct.h\n'}
[586.669918] (px4_msgs) StdoutLine: {'line': b'-- Installing: /home/hamad/ws_offboard_control/install/px4_msgs/include/px4_msgs/px4_msgs/msg/detail/lateral_control_configuration__type_support.c\n'}
[586.669980] (px4_msgs) StdoutLine: {'line': b'-- Installing: /home/hamad/ws_offboard_control/install/px4_msgs/include/px4_msgs/px4_msgs/msg/detail/cellular_status__struct.h\n'}
[586.670043] (px4_msgs) StdoutLine: {'line': b'-- Installing: /home/hamad/ws_offboard_control/install/px4_msgs/include/px4_msgs/px4_msgs/msg/detail/vehicle_odometry__type_support.c\n'}
[586.670105] (px4_msgs) StdoutLine: {'line': b'-- Installing: /home/hamad/ws_offboard_control/install/px4_msgs/include/px4_msgs/px4_msgs/msg/detail/rover_attitude_status__type_support.c\n'}
[586.670168] (px4_msgs) StdoutLine: {'line': b'-- Installing: /home/hamad/ws_offboard_control/install/px4_msgs/include/px4_msgs/px4_msgs/msg/detail/register_ext_component_reply__struct.h\n'}
[586.670229] (px4_msgs) StdoutLine: {'line': b'-- Installing: /home/hamad/ws_offboard_control/install/px4_msgs/include/px4_msgs/px4_msgs/msg/detail/debug_vect__functions.h\n'}
[586.670293] (px4_msgs) StdoutLine: {'line': b'-- Installing: /home/hamad/ws_offboard_control/install/px4_msgs/include/px4_msgs/px4_msgs/msg/detail/geofence_result__functions.h\n'}
[586.670355] (px4_msgs) StdoutLine: {'line': b'-- Installing: /home/hamad/ws_offboard_control/install/px4_msgs/include/px4_msgs/px4_msgs/msg/detail/uavcan_parameter_request__description.c\n'}
[586.670534] (px4_msgs) StdoutLine: {'line': b'-- Installing: /home/hamad/ws_offboard_control/install/px4_msgs/include/px4_msgs/px4_msgs/msg/detail/event__struct.h\n'}
[586.670661] (px4_msgs) StdoutLine: {'line': b'-- Installing: /home/hamad/ws_offboard_control/install/px4_msgs/include/px4_msgs/px4_msgs/msg/detail/trajectory_setpoint6dof__struct.h\n'}
[586.670789] (px4_msgs) StdoutLine: {'line': b'-- Installing: /home/hamad/ws_offboard_control/install/px4_msgs/include/px4_msgs/px4_msgs/msg/detail/gimbal_manager_set_manual_control__functions.h\n'}
[586.670906] (px4_msgs) StdoutLine: {'line': b'-- Installing: /home/hamad/ws_offboard_control/install/px4_msgs/include/px4_msgs/px4_msgs/msg/detail/sensor_gps__type_support.h\n'}
[586.670969] (px4_msgs) StdoutLine: {'line': b'-- Installing: /home/hamad/ws_offboard_control/install/px4_msgs/include/px4_msgs/px4_msgs/msg/detail/vehicle_torque_setpoint__description.c\n'}
[586.671032] (px4_msgs) StdoutLine: {'line': b'-- Installing: /home/hamad/ws_offboard_control/install/px4_msgs/include/px4_msgs/px4_msgs/msg/detail/camera_trigger__struct.h\n'}
[586.671095] (px4_msgs) StdoutLine: {'line': b'-- Installing: /home/hamad/ws_offboard_control/install/px4_msgs/include/px4_msgs/px4_msgs/msg/detail/magnetometer_bias_estimate__type_support.c\n'}
[586.671278] (px4_msgs) StdoutLine: {'line': b'-- Installing: /home/hamad/ws_offboard_control/install/px4_msgs/include/px4_msgs/px4_msgs/msg/detail/estimator_innovations__functions.h\n'}
[586.671342] (px4_msgs) StdoutLine: {'line': b'-- Installing: /home/hamad/ws_offboard_control/install/px4_msgs/include/px4_msgs/px4_msgs/msg/detail/geofence_result__description.c\n'}
[586.671405] (px4_msgs) StdoutLine: {'line': b'-- Installing: /home/hamad/ws_offboard_control/install/px4_msgs/include/px4_msgs/px4_msgs/msg/detail/battery_status__functions.c\n'}
[586.671468] (px4_msgs) StdoutLine: {'line': b'-- Installing: /home/hamad/ws_offboard_control/install/px4_msgs/include/px4_msgs/px4_msgs/msg/detail/transponder_report__functions.c\n'}
[586.671530] (px4_msgs) StdoutLine: {'line': b'-- Installing: /home/hamad/ws_offboard_control/install/px4_msgs/include/px4_msgs/px4_msgs/msg/detail/rover_speed_status__type_support.c\n'}
[586.671593] (px4_msgs) StdoutLine: {'line': b'-- Installing: /home/hamad/ws_offboard_control/install/px4_msgs/include/px4_msgs/px4_msgs/msg/detail/follow_target_estimator__functions.c\n'}
[586.671654] (px4_msgs) StdoutLine: {'line': b'-- Installing: /home/hamad/ws_offboard_control/install/px4_msgs/include/px4_msgs/px4_msgs/msg/detail/vehicle_attitude__type_support.h\n'}
[586.671723] (px4_msgs) StdoutLine: {'line': b'-- Installing: /home/hamad/ws_offboard_control/install/px4_msgs/include/px4_msgs/px4_msgs/msg/detail/irlock_report__struct.h\n'}
[586.671787] (px4_msgs) StdoutLine: {'line': b'-- Installing: /home/hamad/ws_offboard_control/install/px4_msgs/include/px4_msgs/px4_msgs/msg/detail/debug_key_value__type_support.c\n'}
[586.671940] (px4_msgs) StdoutLine: {'line': b'-- Installing: /home/hamad/ws_offboard_control/install/px4_msgs/include/px4_msgs/px4_msgs/msg/detail/follow_target_status__type_support.c\n'}
[586.672003] (px4_msgs) StdoutLine: {'line': b'-- Installing: /home/hamad/ws_offboard_control/install/px4_msgs/include/px4_msgs/px4_msgs/msg/detail/qshell_retval__struct.h\n'}
[586.672067] (px4_msgs) StdoutLine: {'line': b'-- Installing: /home/hamad/ws_offboard_control/install/px4_msgs/include/px4_msgs/px4_msgs/msg/detail/wind__functions.c\n'}
[586.672133] (px4_msgs) StdoutLine: {'line': b'-- Installing: /home/hamad/ws_offboard_control/install/px4_msgs/include/px4_msgs/px4_msgs/msg/detail/sensor_correction__struct.h\n'}
[586.672195] (px4_msgs) StdoutLine: {'line': b'-- Installing: /home/hamad/ws_offboard_control/install/px4_msgs/include/px4_msgs/px4_msgs/msg/detail/fixed_wing_lateral_status__struct.h\n'}
[586.672260] (px4_msgs) StdoutLine: {'line': b'-- Installing: /home/hamad/ws_offboard_control/install/px4_msgs/include/px4_msgs/px4_msgs/msg/detail/fixed_wing_lateral_status__functions.c\n'}
[586.672325] (px4_msgs) StdoutLine: {'line': b'-- Installing: /home/hamad/ws_offboard_control/install/px4_msgs/include/px4_msgs/px4_msgs/msg/detail/vehicle_control_mode__type_support.h\n'}
[586.672470] (px4_msgs) StdoutLine: {'line': b'-- Installing: /home/hamad/ws_offboard_control/install/px4_msgs/include/px4_msgs/px4_msgs/msg/detail/dataman_response__description.c\n'}
[586.672533] (px4_msgs) StdoutLine: {'line': b'-- Installing: /home/hamad/ws_offboard_control/install/px4_msgs/include/px4_msgs/px4_msgs/msg/detail/dronecan_node_status__type_support.c\n'}
[586.672595] (px4_msgs) StdoutLine: {'line': b'-- Installing: /home/hamad/ws_offboard_control/install/px4_msgs/include/px4_msgs/px4_msgs/msg/detail/battery_status__type_support.c\n'}
[586.672657] (px4_msgs) StdoutLine: {'line': b'-- Installing: /home/hamad/ws_offboard_control/install/px4_msgs/include/px4_msgs/px4_msgs/msg/detail/debug_array__functions.h\n'}
[586.672726] (px4_msgs) StdoutLine: {'line': b'-- Installing: /home/hamad/ws_offboard_control/install/px4_msgs/include/px4_msgs/px4_msgs/msg/detail/actuator_armed__functions.h\n'}
[586.672789] (px4_msgs) StdoutLine: {'line': b'-- Installing: /home/hamad/ws_offboard_control/install/px4_msgs/include/px4_msgs/px4_msgs/msg/detail/takeoff_status__struct.h\n'}
[586.672852] (px4_msgs) StdoutLine: {'line': b'-- Installing: /home/hamad/ws_offboard_control/install/px4_msgs/include/px4_msgs/px4_msgs/msg/detail/sensor_uwb__functions.h\n'}
[586.672993] (px4_msgs) StdoutLine: {'line': b'-- Installing: /home/hamad/ws_offboard_control/install/px4_msgs/include/px4_msgs/px4_msgs/msg/detail/gpio_out__type_support.h\n'}
[586.673117] (px4_msgs) StdoutLine: {'line': b'-- Installing: /home/hamad/ws_offboard_control/install/px4_msgs/include/px4_msgs/px4_msgs/msg/detail/estimator_status_flags__functions.c\n'}
[586.673239] (px4_msgs) StdoutLine: {'line': b'-- Installing: /home/hamad/ws_offboard_control/install/px4_msgs/include/px4_msgs/px4_msgs/msg/detail/actuator_armed__type_support.h\n'}
[586.673302] (px4_msgs) StdoutLine: {'line': b'-- Installing: /home/hamad/ws_offboard_control/install/px4_msgs/include/px4_msgs/px4_msgs/msg/detail/vehicle_optical_flow__struct.h\n'}
[586.673360] (px4_msgs) StdoutLine: {'line': b'-- Installing: /home/hamad/ws_offboard_control/install/px4_msgs/include/px4_msgs/px4_msgs/msg/detail/rc_parameter_map__type_support.c\n'}
[586.673423] (px4_msgs) StdoutLine: {'line': b'-- Installing: /home/hamad/ws_offboard_control/install/px4_msgs/include/px4_msgs/px4_msgs/msg/detail/sensor_optical_flow__description.c\n'}
[586.673485] (px4_msgs) StdoutLine: {'line': b'-- Installing: /home/hamad/ws_offboard_control/install/px4_msgs/include/px4_msgs/px4_msgs/msg/detail/vehicle_command_ack__description.c\n'}
[586.673548] (px4_msgs) StdoutLine: {'line': b'-- Installing: /home/hamad/ws_offboard_control/install/px4_msgs/include/px4_msgs/px4_msgs/msg/detail/estimator_bias__functions.h\n'}
[586.673695] (px4_msgs) StdoutLine: {'line': b'-- Installing: /home/hamad/ws_offboard_control/install/px4_msgs/include/px4_msgs/px4_msgs/msg/detail/input_rc__type_support.h\n'}
[586.673758] (px4_msgs) StdoutLine: {'line': b'-- Installing: /home/hamad/ws_offboard_control/install/px4_msgs/include/px4_msgs/px4_msgs/msg/detail/vehicle_global_position__struct.h\n'}
[586.673823] (px4_msgs) StdoutLine: {'line': b'-- Installing: /home/hamad/ws_offboard_control/install/px4_msgs/include/px4_msgs/px4_msgs/msg/detail/config_overrides__functions.c\n'}
[586.673884] (px4_msgs) StdoutLine: {'line': b'-- Installing: /home/hamad/ws_offboard_control/install/px4_msgs/include/px4_msgs/px4_msgs/msg/detail/fuel_tank_status__functions.c\n'}
[586.673948] (px4_msgs) StdoutLine: {'line': b'-- Installing: /home/hamad/ws_offboard_control/install/px4_msgs/include/px4_msgs/px4_msgs/msg/detail/geofence_status__description.c\n'}
[586.674008] (px4_msgs) StdoutLine: {'line': b'-- Installing: /home/hamad/ws_offboard_control/install/px4_msgs/include/px4_msgs/px4_msgs/msg/detail/gimbal_manager_set_attitude__functions.c\n'}
[586.674072] (px4_msgs) StdoutLine: {'line': b'-- Installing: /home/hamad/ws_offboard_control/install/px4_msgs/include/px4_msgs/px4_msgs/msg/detail/geofence_result__type_support.h\n'}
[586.674276] (px4_msgs) StdoutLine: {'line': b'-- Installing: /home/hamad/ws_offboard_control/install/px4_msgs/include/px4_msgs/px4_msgs/msg/detail/generator_status__type_support.c\n'}
[586.674339] (px4_msgs) StdoutLine: {'line': b'-- Installing: /home/hamad/ws_offboard_control/install/px4_msgs/include/px4_msgs/px4_msgs/msg/detail/transponder_report__type_support.c\n'}
[586.674401] (px4_msgs) StdoutLine: {'line': b'-- Installing: /home/hamad/ws_offboard_control/install/px4_msgs/include/px4_msgs/px4_msgs/msg/detail/hover_thrust_estimate__type_support.c\n'}
[586.674533] (px4_msgs) StdoutLine: {'line': b'-- Installing: /home/hamad/ws_offboard_control/install/px4_msgs/include/px4_msgs/px4_msgs/msg/detail/rtl_status__type_support.c\n'}
[586.674596] (px4_msgs) StdoutLine: {'line': b'-- Installing: /home/hamad/ws_offboard_control/install/px4_msgs/include/px4_msgs/px4_msgs/msg/detail/orbit_status__functions.c\n'}
[586.674660] (px4_msgs) StdoutLine: {'line': b'-- Installing: /home/hamad/ws_offboard_control/install/px4_msgs/include/px4_msgs/px4_msgs/msg/detail/camera_capture__struct.h\n'}
[586.674735] (px4_msgs) StdoutLine: {'line': b'-- Installing: /home/hamad/ws_offboard_control/install/px4_msgs/include/px4_msgs/px4_msgs/msg/detail/arming_check_request__functions.h\n'}
[586.674801] (px4_msgs) StdoutLine: {'line': b'-- Installing: /home/hamad/ws_offboard_control/install/px4_msgs/include/px4_msgs/px4_msgs/msg/detail/navigator_status__functions.c\n'}
[586.674863] (px4_msgs) StdoutLine: {'line': b'-- Installing: /home/hamad/ws_offboard_control/install/px4_msgs/include/px4_msgs/px4_msgs/msg/detail/wheel_encoders__struct.h\n'}
[586.674927] (px4_msgs) StdoutLine: {'line': b'-- Installing: /home/hamad/ws_offboard_control/install/px4_msgs/include/px4_msgs/px4_msgs/msg/detail/airspeed_wind__struct.h\n'}
[586.674987] (-) TimerEvent: {}
[586.675000] (px4_msgs) StdoutLine: {'line': b'-- Installing: /home/hamad/ws_offboard_control/install/px4_msgs/include/px4_msgs/px4_msgs/msg/detail/navigator_status__type_support.c\n'}
[586.675065] (px4_msgs) StdoutLine: {'line': b'-- Installing: /home/hamad/ws_offboard_control/install/px4_msgs/include/px4_msgs/px4_msgs/msg/detail/cpuload__description.c\n'}
[586.675129] (px4_msgs) StdoutLine: {'line': b'-- Installing: /home/hamad/ws_offboard_control/install/px4_msgs/include/px4_msgs/px4_msgs/msg/detail/button_event__type_support.c\n'}
[586.675285] (px4_msgs) StdoutLine: {'line': b'-- Installing: /home/hamad/ws_offboard_control/install/px4_msgs/include/px4_msgs/px4_msgs/msg/detail/airspeed_validated__functions.h\n'}
[586.675405] (px4_msgs) StdoutLine: {'line': b'-- Installing: /home/hamad/ws_offboard_control/install/px4_msgs/include/px4_msgs/px4_msgs/msg/detail/dataman_response__struct.h\n'}
[586.675523] (px4_msgs) StdoutLine: {'line': b'-- Installing: /home/hamad/ws_offboard_control/install/px4_msgs/include/px4_msgs/px4_msgs/msg/detail/sensor_uwb__functions.c\n'}
[586.675583] (px4_msgs) StdoutLine: {'line': b'-- Installing: /home/hamad/ws_offboard_control/install/px4_msgs/include/px4_msgs/px4_msgs/msg/detail/pwm_input__struct.h\n'}
[586.675642] (px4_msgs) StdoutLine: {'line': b'-- Installing: /home/hamad/ws_offboard_control/install/px4_msgs/include/px4_msgs/px4_msgs/msg/detail/vehicle_land_detected__type_support.c\n'}
[586.675716] (px4_msgs) StdoutLine: {'line': b'-- Installing: /home/hamad/ws_offboard_control/install/px4_msgs/include/px4_msgs/px4_msgs/msg/detail/gripper__functions.h\n'}
[586.675781] (px4_msgs) StdoutLine: {'line': b'-- Installing: /home/hamad/ws_offboard_control/install/px4_msgs/include/px4_msgs/px4_msgs/msg/detail/message_format_request__struct.h\n'}
[586.675843] (px4_msgs) StdoutLine: {'line': b'-- Installing: /home/hamad/ws_offboard_control/install/px4_msgs/include/px4_msgs/px4_msgs/msg/detail/collision_constraints__struct.h\n'}
[586.675903] (px4_msgs) StdoutLine: {'line': b'-- Installing: /home/hamad/ws_offboard_control/install/px4_msgs/include/px4_msgs/px4_msgs/msg/detail/sensor_airflow__type_support.h\n'}
[586.675966] (px4_msgs) StdoutLine: {'line': b'-- Installing: /home/hamad/ws_offboard_control/install/px4_msgs/include/px4_msgs/px4_msgs/msg/detail/sensor_gyro_fifo__functions.h\n'}
[586.676165] (px4_msgs) StdoutLine: {'line': b'-- Installing: /home/hamad/ws_offboard_control/install/px4_msgs/include/px4_msgs/px4_msgs/msg/detail/sensor_preflight_mag__type_support.c\n'}
[586.676288] (px4_msgs) StdoutLine: {'line': b'-- Installing: /home/hamad/ws_offboard_control/install/px4_msgs/include/px4_msgs/px4_msgs/msg/detail/rover_rate_status__type_support.h\n'}
[586.676352] (px4_msgs) StdoutLine: {'line': b'-- Installing: /home/hamad/ws_offboard_control/install/px4_msgs/include/px4_msgs/px4_msgs/msg/detail/mavlink_log__description.c\n'}
[586.676414] (px4_msgs) StdoutLine: {'line': b'-- Installing: /home/hamad/ws_offboard_control/install/px4_msgs/include/px4_msgs/px4_msgs/msg/detail/uavcan_parameter_value__functions.c\n'}
[586.676477] (px4_msgs) StdoutLine: {'line': b'-- Installing: /home/hamad/ws_offboard_control/install/px4_msgs/include/px4_msgs/px4_msgs/msg/detail/battery_status__description.c\n'}
[586.676536] (px4_msgs) StdoutLine: {'line': b'-- Installing: /home/hamad/ws_offboard_control/install/px4_msgs/include/px4_msgs/px4_msgs/msg/detail/rover_steering_setpoint__functions.c\n'}
[586.676599] (px4_msgs) StdoutLine: {'line': b'-- Installing: /home/hamad/ws_offboard_control/install/px4_msgs/include/px4_msgs/px4_msgs/msg/detail/button_event__struct.h\n'}
[586.676662] (px4_msgs) StdoutLine: {'line': b'-- Installing: /home/hamad/ws_offboard_control/install/px4_msgs/include/px4_msgs/px4_msgs/msg/detail/gpio_out__struct.h\n'}
[586.676730] (px4_msgs) StdoutLine: {'line': b'-- Installing: /home/hamad/ws_offboard_control/install/px4_msgs/include/px4_msgs/px4_msgs/msg/detail/mag_worker_data__functions.c\n'}
[586.676792] (px4_msgs) StdoutLine: {'line': b'-- Installing: /home/hamad/ws_offboard_control/install/px4_msgs/include/px4_msgs/px4_msgs/msg/detail/task_stack_info__type_support.h\n'}
[586.676855] (px4_msgs) StdoutLine: {'line': b'-- Installing: /home/hamad/ws_offboard_control/install/px4_msgs/include/px4_msgs/px4_msgs/msg/detail/navigator_status__struct.h\n'}
[586.676918] (px4_msgs) StdoutLine: {'line': b'-- Installing: /home/hamad/ws_offboard_control/install/px4_msgs/include/px4_msgs/px4_msgs/msg/detail/dataman_request__description.c\n'}
[586.677112] (px4_msgs) StdoutLine: {'line': b'-- Installing: /home/hamad/ws_offboard_control/install/px4_msgs/include/px4_msgs/px4_msgs/msg/detail/timesync_status__type_support.h\n'}
[586.677175] (px4_msgs) StdoutLine: {'line': b'-- Installing: /home/hamad/ws_offboard_control/install/px4_msgs/include/px4_msgs/px4_msgs/msg/detail/vehicle_status__description.c\n'}
[586.677239] (px4_msgs) StdoutLine: {'line': b'-- Installing: /home/hamad/ws_offboard_control/install/px4_msgs/include/px4_msgs/px4_msgs/msg/detail/button_event__functions.c\n'}
[586.677301] (px4_msgs) StdoutLine: {'line': b'-- Installing: /home/hamad/ws_offboard_control/install/px4_msgs/include/px4_msgs/px4_msgs/msg/detail/rover_speed_setpoint__type_support.h\n'}
[586.677364] (px4_msgs) StdoutLine: {'line': b'-- Installing: /home/hamad/ws_offboard_control/install/px4_msgs/include/px4_msgs/px4_msgs/msg/detail/irlock_report__type_support.h\n'}
[586.677426] (px4_msgs) StdoutLine: {'line': b'-- Installing: /home/hamad/ws_offboard_control/install/px4_msgs/include/px4_msgs/px4_msgs/msg/detail/telemetry_status__description.c\n'}
[586.677488] (px4_msgs) StdoutLine: {'line': b'-- Installing: /home/hamad/ws_offboard_control/install/px4_msgs/include/px4_msgs/px4_msgs/msg/detail/estimator_innovations__functions.c\n'}
[586.677629] (px4_msgs) StdoutLine: {'line': b'-- Installing: /home/hamad/ws_offboard_control/install/px4_msgs/include/px4_msgs/px4_msgs/msg/detail/wheel_encoders__type_support.h\n'}
[586.677703] (px4_msgs) StdoutLine: {'line': b'-- Installing: /home/hamad/ws_offboard_control/install/px4_msgs/include/px4_msgs/px4_msgs/msg/detail/rover_speed_setpoint__struct.h\n'}
[586.677766] (px4_msgs) StdoutLine: {'line': b'-- Installing: /home/hamad/ws_offboard_control/install/px4_msgs/include/px4_msgs/px4_msgs/msg/detail/fixed_wing_lateral_setpoint__description.c\n'}
[586.677897] (px4_msgs) StdoutLine: {'line': b'-- Installing: /home/hamad/ws_offboard_control/install/px4_msgs/include/px4_msgs/px4_msgs/msg/detail/vehicle_magnetometer__functions.h\n'}
[586.677961] (px4_msgs) StdoutLine: {'line': b'-- Installing: /home/hamad/ws_offboard_control/install/px4_msgs/include/px4_msgs/px4_msgs/msg/detail/log_message__functions.c\n'}
[586.678024] (px4_msgs) StdoutLine: {'line': b'-- Installing: /home/hamad/ws_offboard_control/install/px4_msgs/include/px4_msgs/px4_msgs/msg/detail/sensor_accel__description.c\n'}
[586.678086] (px4_msgs) StdoutLine: {'line': b'-- Installing: /home/hamad/ws_offboard_control/install/px4_msgs/include/px4_msgs/px4_msgs/msg/detail/message_format_response__type_support.c\n'}
[586.678148] (px4_msgs) StdoutLine: {'line': b'-- Installing: /home/hamad/ws_offboard_control/install/px4_msgs/include/px4_msgs/px4_msgs/msg/detail/ping__struct.h\n'}
[586.678209] (px4_msgs) StdoutLine: {'line': b'-- Installing: /home/hamad/ws_offboard_control/install/px4_msgs/include/px4_msgs/px4_msgs/msg/detail/tune_control__type_support.c\n'}
[586.678394] (px4_msgs) StdoutLine: {'line': b'-- Installing: /home/hamad/ws_offboard_control/install/px4_msgs/include/px4_msgs/px4_msgs/msg/detail/lateral_control_configuration__functions.c\n'}
[586.678513] (px4_msgs) StdoutLine: {'line': b'-- Installing: /home/hamad/ws_offboard_control/install/px4_msgs/include/px4_msgs/px4_msgs/msg/detail/orb_test_large__type_support.h\n'}
[586.678576] (px4_msgs) StdoutLine: {'line': b'-- Installing: /home/hamad/ws_offboard_control/install/px4_msgs/include/px4_msgs/px4_msgs/msg/detail/sensor_gnss_status__struct.h\n'}
[586.678642] (px4_msgs) StdoutLine: {'line': b'-- Installing: /home/hamad/ws_offboard_control/install/px4_msgs/include/px4_msgs/px4_msgs/msg/detail/ekf2_timestamps__functions.h\n'}
[586.678722] (px4_msgs) StdoutLine: {'line': b'-- Installing: /home/hamad/ws_offboard_control/install/px4_msgs/include/px4_msgs/px4_msgs/msg/detail/longitudinal_control_configuration__functions.c\n'}
[586.678907] (px4_msgs) StdoutLine: {'line': b'-- Installing: /home/hamad/ws_offboard_control/install/px4_msgs/include/px4_msgs/px4_msgs/msg/detail/rover_position_setpoint__description.c\n'}
[586.678971] (px4_msgs) StdoutLine: {'line': b'-- Installing: /home/hamad/ws_offboard_control/install/px4_msgs/include/px4_msgs/px4_msgs/msg/detail/ekf2_timestamps__struct.h\n'}
[586.679033] (px4_msgs) StdoutLine: {'line': b'-- Installing: /home/hamad/ws_offboard_control/install/px4_msgs/include/px4_msgs/px4_msgs/msg/detail/estimator_bias3d__type_support.h\n'}
[586.679096] (px4_msgs) StdoutLine: {'line': b'-- Installing: /home/hamad/ws_offboard_control/install/px4_msgs/include/px4_msgs/px4_msgs/msg/detail/power_button_state__type_support.c\n'}
[586.679156] (px4_msgs) StdoutLine: {'line': b'-- Installing: /home/hamad/ws_offboard_control/install/px4_msgs/include/px4_msgs/px4_msgs/msg/detail/sensor_selection__type_support.h\n'}
[586.679221] (px4_msgs) StdoutLine: {'line': b'-- Installing: /home/hamad/ws_offboard_control/install/px4_msgs/include/px4_msgs/px4_msgs/msg/detail/event__functions.c\n'}
[586.679281] (px4_msgs) StdoutLine: {'line': b'-- Installing: /home/hamad/ws_offboard_control/install/px4_msgs/include/px4_msgs/px4_msgs/msg/detail/neural_control__type_support.h\n'}
[586.679346] (px4_msgs) StdoutLine: {'line': b'-- Installing: /home/hamad/ws_offboard_control/install/px4_msgs/include/px4_msgs/px4_msgs/msg/detail/action_request__functions.c\n'}
[586.679409] (px4_msgs) StdoutLine: {'line': b'-- Installing: /home/hamad/ws_offboard_control/install/px4_msgs/include/px4_msgs/px4_msgs/msg/detail/dronecan_node_status__description.c\n'}
[586.679473] (px4_msgs) StdoutLine: {'line': b'-- Installing: /home/hamad/ws_offboard_control/install/px4_msgs/include/px4_msgs/px4_msgs/msg/detail/follow_target_status__type_support.h\n'}
[586.679534] (px4_msgs) StdoutLine: {'line': b'-- Installing: /home/hamad/ws_offboard_control/install/px4_msgs/include/px4_msgs/px4_msgs/msg/detail/offboard_control_mode__struct.h\n'}
[586.679745] (px4_msgs) StdoutLine: {'line': b'-- Installing: /home/hamad/ws_offboard_control/install/px4_msgs/include/px4_msgs/px4_msgs/msg/detail/vehicle_roi__functions.h\n'}
[586.679864] (px4_msgs) StdoutLine: {'line': b'-- Installing: /home/hamad/ws_offboard_control/install/px4_msgs/include/px4_msgs/px4_msgs/msg/detail/satellite_info__functions.h\n'}
[586.679927] (px4_msgs) StdoutLine: {'line': b'-- Installing: /home/hamad/ws_offboard_control/install/px4_msgs/include/px4_msgs/px4_msgs/msg/detail/register_ext_component_request__functions.c\n'}
[586.679988] (px4_msgs) StdoutLine: {'line': b'-- Installing: /home/hamad/ws_offboard_control/install/px4_msgs/include/px4_msgs/px4_msgs/msg/detail/sensor_accel__functions.h\n'}
[586.680117] (px4_msgs) StdoutLine: {'line': b'-- Installing: /home/hamad/ws_offboard_control/install/px4_msgs/include/px4_msgs/px4_msgs/msg/detail/estimator_selector_status__type_support.h\n'}
[586.680184] (px4_msgs) StdoutLine: {'line': b'-- Installing: /home/hamad/ws_offboard_control/install/px4_msgs/include/px4_msgs/px4_msgs/msg/detail/distance_sensor__description.c\n'}
[586.680247] (px4_msgs) StdoutLine: {'line': b'-- Installing: /home/hamad/ws_offboard_control/install/px4_msgs/include/px4_msgs/px4_msgs/msg/detail/gps_inject_data__type_support.c\n'}
[586.680311] (px4_msgs) StdoutLine: {'line': b'-- Installing: /home/hamad/ws_offboard_control/install/px4_msgs/include/px4_msgs/px4_msgs/msg/detail/gimbal_manager_information__description.c\n'}
[586.680503] (px4_msgs) StdoutLine: {'line': b'-- Installing: /home/hamad/ws_offboard_control/install/px4_msgs/include/px4_msgs/px4_msgs/msg/detail/sensor_airflow__functions.h\n'}
[586.680572] (px4_msgs) StdoutLine: {'line': b'-- Installing: /home/hamad/ws_offboard_control/install/px4_msgs/include/px4_msgs/px4_msgs/msg/detail/input_rc__description.c\n'}
[586.680637] (px4_msgs) StdoutLine: {'line': b'-- Installing: /home/hamad/ws_offboard_control/install/px4_msgs/include/px4_msgs/px4_msgs/msg/detail/obstacle_distance__functions.c\n'}
[586.680709] (px4_msgs) StdoutLine: {'line': b'-- Installing: /home/hamad/ws_offboard_control/install/px4_msgs/include/px4_msgs/px4_msgs/msg/detail/config_overrides__type_support.h\n'}
[586.680774] (px4_msgs) StdoutLine: {'line': b'-- Installing: /home/hamad/ws_offboard_control/install/px4_msgs/include/px4_msgs/px4_msgs/msg/detail/heater_status__functions.c\n'}
[586.680835] (px4_msgs) StdoutLine: {'line': b'-- Installing: /home/hamad/ws_offboard_control/install/px4_msgs/include/px4_msgs/px4_msgs/msg/detail/sensor_gyro__description.c\n'}
[586.680901] (px4_msgs) StdoutLine: {'line': b'-- Installing: /home/hamad/ws_offboard_control/install/px4_msgs/include/px4_msgs/px4_msgs/msg/detail/vehicle_angular_velocity__description.c\n'}
[586.680966] (px4_msgs) StdoutLine: {'line': b'-- Installing: /home/hamad/ws_offboard_control/install/px4_msgs/include/px4_msgs/px4_msgs/msg/detail/position_setpoint__functions.h\n'}
[586.681118] (px4_msgs) StdoutLine: {'line': b'-- Installing: /home/hamad/ws_offboard_control/install/px4_msgs/include/px4_msgs/px4_msgs/msg/detail/vehicle_constraints__description.c\n'}
[586.681181] (px4_msgs) StdoutLine: {'line': b'-- Installing: /home/hamad/ws_offboard_control/install/px4_msgs/include/px4_msgs/px4_msgs/msg/detail/dataman_response__type_support.c\n'}
[586.681245] (px4_msgs) StdoutLine: {'line': b'-- Installing: /home/hamad/ws_offboard_control/install/px4_msgs/include/px4_msgs/px4_msgs/msg/detail/magnetometer_bias_estimate__struct.h\n'}
[586.681380] (px4_msgs) StdoutLine: {'line': b'-- Installing: /home/hamad/ws_offboard_control/install/px4_msgs/include/px4_msgs/px4_msgs/msg/detail/sensor_correction__type_support.c\n'}
[586.681442] (px4_msgs) StdoutLine: {'line': b'-- Installing: /home/hamad/ws_offboard_control/install/px4_msgs/include/px4_msgs/px4_msgs/msg/detail/sensor_selection__struct.h\n'}
[586.681619] (px4_msgs) StdoutLine: {'line': b'-- Installing: /home/hamad/ws_offboard_control/install/px4_msgs/include/px4_msgs/px4_msgs/msg/detail/sensor_gyro_fifo__functions.c\n'}
[586.681688] (px4_msgs) StdoutLine: {'line': b'-- Installing: /home/hamad/ws_offboard_control/install/px4_msgs/include/px4_msgs/px4_msgs/msg/detail/irlock_report__type_support.c\n'}
[586.681817] (px4_msgs) StdoutLine: {'line': b'-- Installing: /home/hamad/ws_offboard_control/install/px4_msgs/include/px4_msgs/px4_msgs/msg/detail/sensor_gnss_relative__description.c\n'}
[586.681882] (px4_msgs) StdoutLine: {'line': b'-- Installing: /home/hamad/ws_offboard_control/install/px4_msgs/include/px4_msgs/px4_msgs/msg/detail/offboard_control_mode__description.c\n'}
[586.681945] (px4_msgs) StdoutLine: {'line': b'-- Installing: /home/hamad/ws_offboard_control/install/px4_msgs/include/px4_msgs/px4_msgs/msg/detail/onboard_computer_status__struct.h\n'}
[586.682010] (px4_msgs) StdoutLine: {'line': b'-- Installing: /home/hamad/ws_offboard_control/install/px4_msgs/include/px4_msgs/px4_msgs/msg/detail/dataman_request__struct.h\n'}
[586.682072] (px4_msgs) StdoutLine: {'line': b'-- Installing: /home/hamad/ws_offboard_control/install/px4_msgs/include/px4_msgs/px4_msgs/msg/detail/system_power__functions.c\n'}
[586.682135] (px4_msgs) StdoutLine: {'line': b'-- Installing: /home/hamad/ws_offboard_control/install/px4_msgs/include/px4_msgs/px4_msgs/msg/detail/parameter_set_value_response__description.c\n'}
[586.682197] (px4_msgs) StdoutLine: {'line': b'-- Installing: /home/hamad/ws_offboard_control/install/px4_msgs/include/px4_msgs/px4_msgs/msg/detail/open_drone_id_system__struct.h\n'}
[586.682259] (px4_msgs) StdoutLine: {'line': b'-- Installing: /home/hamad/ws_offboard_control/install/px4_msgs/include/px4_msgs/px4_msgs/msg/detail/fixed_wing_lateral_status__description.c\n'}
[586.682323] (px4_msgs) StdoutLine: {'line': b'-- Installing: /home/hamad/ws_offboard_control/install/px4_msgs/include/px4_msgs/px4_msgs/msg/detail/estimator_bias__struct.h\n'}
[586.682485] (px4_msgs) StdoutLine: {'line': b'-- Installing: /home/hamad/ws_offboard_control/install/px4_msgs/include/px4_msgs/px4_msgs/msg/detail/control_allocator_status__functions.h\n'}
[586.682550] (px4_msgs) StdoutLine: {'line': b'-- Installing: /home/hamad/ws_offboard_control/install/px4_msgs/include/px4_msgs/px4_msgs/msg/detail/actuator_motors__functions.h\n'}
[586.682615] (px4_msgs) StdoutLine: {'line': b'-- Installing: /home/hamad/ws_offboard_control/install/px4_msgs/include/px4_msgs/px4_msgs/msg/detail/airspeed__functions.h\n'}
[586.682690] (px4_msgs) StdoutLine: {'line': b'-- Installing: /home/hamad/ws_offboard_control/install/px4_msgs/include/px4_msgs/px4_msgs/msg/detail/trajectory_setpoint6dof__type_support.h\n'}
[586.682756] (px4_msgs) StdoutLine: {'line': b'-- Installing: /home/hamad/ws_offboard_control/install/px4_msgs/include/px4_msgs/px4_msgs/msg/detail/sensors_status_imu__functions.h\n'}
[586.682818] (px4_msgs) StdoutLine: {'line': b'-- Installing: /home/hamad/ws_offboard_control/install/px4_msgs/include/px4_msgs/px4_msgs/msg/detail/airspeed_validated__struct.h\n'}
[586.682881] (px4_msgs) StdoutLine: {'line': b'-- Installing: /home/hamad/ws_offboard_control/install/px4_msgs/include/px4_msgs/px4_msgs/msg/detail/vtol_vehicle_status__struct.h\n'}
[586.683094] (px4_msgs) StdoutLine: {'line': b'-- Installing: /home/hamad/ws_offboard_control/install/px4_msgs/include/px4_msgs/px4_msgs/msg/detail/orbit_status__type_support.h\n'}
[586.683215] (px4_msgs) StdoutLine: {'line': b'-- Installing: /home/hamad/ws_offboard_control/install/px4_msgs/include/px4_msgs/px4_msgs/msg/detail/sensor_selection__functions.c\n'}
[586.683277] (px4_msgs) StdoutLine: {'line': b'-- Installing: /home/hamad/ws_offboard_control/install/px4_msgs/include/px4_msgs/px4_msgs/msg/detail/fuel_tank_status__type_support.c\n'}
[586.683338] (px4_msgs) StdoutLine: {'line': b'-- Installing: /home/hamad/ws_offboard_control/install/px4_msgs/include/px4_msgs/px4_msgs/msg/detail/onboard_computer_status__type_support.c\n'}
[586.683403] (px4_msgs) StdoutLine: {'line': b'-- Installing: /home/hamad/ws_offboard_control/install/px4_msgs/include/px4_msgs/px4_msgs/msg/detail/follow_target_estimator__description.c\n'}
[586.683463] (px4_msgs) StdoutLine: {'line': b'-- Installing: /home/hamad/ws_offboard_control/install/px4_msgs/include/px4_msgs/px4_msgs/msg/detail/rover_rate_status__functions.h\n'}
[586.683644] (px4_msgs) StdoutLine: {'line': b'-- Installing: /home/hamad/ws_offboard_control/install/px4_msgs/include/px4_msgs/px4_msgs/msg/detail/gripper__type_support.h\n'}
[586.683721] (px4_msgs) StdoutLine: {'line': b'-- Installing: /home/hamad/ws_offboard_control/install/px4_msgs/include/px4_msgs/px4_msgs/msg/detail/debug_vect__functions.c\n'}
[586.683787] (px4_msgs) StdoutLine: {'line': b'-- Installing: /home/hamad/ws_offboard_control/install/px4_msgs/include/px4_msgs/px4_msgs/msg/detail/fuel_tank_status__functions.h\n'}
[586.683920] (px4_msgs) StdoutLine: {'line': b'-- Installing: /home/hamad/ws_offboard_control/install/px4_msgs/include/px4_msgs/px4_msgs/msg/detail/estimator_event_flags__description.c\n'}
[586.684037] (px4_msgs) StdoutLine: {'line': b'-- Installing: /home/hamad/ws_offboard_control/install/px4_msgs/include/px4_msgs/px4_msgs/msg/detail/velocity_limits__struct.h\n'}
[586.684162] (px4_msgs) StdoutLine: {'line': b'-- Installing: /home/hamad/ws_offboard_control/install/px4_msgs/include/px4_msgs/px4_msgs/msg/detail/distance_sensor_mode_change_request__struct.h\n'}
[586.684225] (px4_msgs) StdoutLine: {'line': b'-- Installing: /home/hamad/ws_offboard_control/install/px4_msgs/include/px4_msgs/px4_msgs/msg/detail/uavcan_parameter_value__description.c\n'}
[586.684359] (px4_msgs) StdoutLine: {'line': b'-- Installing: /home/hamad/ws_offboard_control/install/px4_msgs/include/px4_msgs/px4_msgs/msg/detail/arming_check_reply__type_support.c\n'}
[586.684423] (px4_msgs) StdoutLine: {'line': b'-- Installing: /home/hamad/ws_offboard_control/install/px4_msgs/include/px4_msgs/px4_msgs/msg/detail/sensor_gnss_status__functions.h\n'}
[586.684552] (px4_msgs) StdoutLine: {'line': b'-- Installing: /home/hamad/ws_offboard_control/install/px4_msgs/include/px4_msgs/px4_msgs/msg/detail/irlock_report__functions.h\n'}
[586.684804] (px4_msgs) StdoutLine: {'line': b'-- Installing: /home/hamad/ws_offboard_control/install/px4_msgs/include/px4_msgs/px4_msgs/msg/detail/control_allocator_status__struct.h\n'}
[586.685041] (px4_msgs) StdoutLine: {'line': b'-- Installing: /home/hamad/ws_offboard_control/install/px4_msgs/include/px4_msgs/px4_msgs/msg/detail/sensor_gyro_fft__functions.h\n'}
[586.685270] (px4_msgs) StdoutLine: {'line': b'-- Installing: /home/hamad/ws_offboard_control/install/px4_msgs/include/px4_msgs/px4_msgs/msg/detail/takeoff_status__description.c\n'}
[586.685510] (px4_msgs) StdoutLine: {'line': b'-- Installing: /home/hamad/ws_offboard_control/install/px4_msgs/include/px4_msgs/px4_msgs/msg/detail/event__description.c\n'}
[586.685703] (px4_msgs) StdoutLine: {'line': b'-- Installing: /home/hamad/ws_offboard_control/install/px4_msgs/include/px4_msgs/px4_msgs/msg/detail/sensors_status__description.c\n'}
[586.685931] (px4_msgs) StdoutLine: {'line': b'-- Installing: /home/hamad/ws_offboard_control/install/px4_msgs/include/px4_msgs/px4_msgs/msg/detail/rpm__struct.h\n'}
[586.686063] (px4_msgs) StdoutLine: {'line': b'-- Installing: /home/hamad/ws_offboard_control/install/px4_msgs/include/px4_msgs/px4_msgs/msg/detail/position_setpoint_triplet__description.c\n'}
[586.686330] (px4_msgs) StdoutLine: {'line': b'-- Installing: /home/hamad/ws_offboard_control/install/px4_msgs/include/px4_msgs/px4_msgs/msg/detail/manual_control_setpoint__type_support.c\n'}
[586.686573] (px4_msgs) StdoutLine: {'line': b'-- Installing: /home/hamad/ws_offboard_control/install/px4_msgs/include/px4_msgs/px4_msgs/msg/detail/logger_status__functions.h\n'}
[586.686829] (px4_msgs) StdoutLine: {'line': b'-- Installing: /home/hamad/ws_offboard_control/install/px4_msgs/include/px4_msgs/px4_msgs/msg/detail/parameter_set_value_response__struct.h\n'}
[586.687053] (px4_msgs) StdoutLine: {'line': b'-- Installing: /home/hamad/ws_offboard_control/install/px4_msgs/include/px4_msgs/px4_msgs/msg/detail/gimbal_device_attitude_status__type_support.c\n'}
[586.687243] (px4_msgs) StdoutLine: {'line': b'-- Installing: /home/hamad/ws_offboard_control/install/px4_msgs/include/px4_msgs/px4_msgs/msg/detail/rpm__type_support.c\n'}
[586.687438] (px4_msgs) StdoutLine: {'line': b'-- Installing: /home/hamad/ws_offboard_control/install/px4_msgs/include/px4_msgs/px4_msgs/msg/detail/mavlink_tunnel__functions.h\n'}
[586.687745] (px4_msgs) StdoutLine: {'line': b'-- Installing: /home/hamad/ws_offboard_control/install/px4_msgs/include/px4_msgs/px4_msgs/msg/detail/mag_worker_data__type_support.c\n'}
[586.687932] (px4_msgs) StdoutLine: {'line': b'-- Installing: /home/hamad/ws_offboard_control/install/px4_msgs/include/px4_msgs/px4_msgs/msg/detail/position_setpoint_triplet__functions.h\n'}
[586.688119] (px4_msgs) StdoutLine: {'line': b'-- Installing: /home/hamad/ws_offboard_control/install/px4_msgs/include/px4_msgs/px4_msgs/msg/detail/sensor_accel_fifo__struct.h\n'}
[586.688248] (px4_msgs) StdoutLine: {'line': b'-- Installing: /home/hamad/ws_offboard_control/install/px4_msgs/include/px4_msgs/px4_msgs/msg/detail/follow_target__type_support.c\n'}
[586.688537] (px4_msgs) StdoutLine: {'line': b'-- Installing: /home/hamad/ws_offboard_control/install/px4_msgs/include/px4_msgs/px4_msgs/msg/detail/landing_gear__functions.h\n'}
[586.688735] (px4_msgs) StdoutLine: {'line': b'-- Installing: /home/hamad/ws_offboard_control/install/px4_msgs/include/px4_msgs/px4_msgs/msg/detail/estimator_states__type_support.c\n'}
[586.688975] (px4_msgs) StdoutLine: {'line': b'-- Installing: /home/hamad/ws_offboard_control/install/px4_msgs/include/px4_msgs/px4_msgs/msg/detail/rover_position_setpoint__functions.c\n'}
[586.689214] (px4_msgs) StdoutLine: {'line': b'-- Installing: /home/hamad/ws_offboard_control/install/px4_msgs/include/px4_msgs/px4_msgs/msg/detail/rover_attitude_status__description.c\n'}
[586.689453] (px4_msgs) StdoutLine: {'line': b'-- Installing: /home/hamad/ws_offboard_control/install/px4_msgs/include/px4_msgs/px4_msgs/msg/detail/mode_completed__type_support.c\n'}
[586.689638] (px4_msgs) StdoutLine: {'line': b'-- Installing: /home/hamad/ws_offboard_control/install/px4_msgs/include/px4_msgs/px4_msgs/msg/detail/velocity_limits__type_support.h\n'}
[586.689775] (px4_msgs) StdoutLine: {'line': b'-- Installing: /home/hamad/ws_offboard_control/install/px4_msgs/include/px4_msgs/px4_msgs/msg/detail/ulog_stream_ack__type_support.c\n'}
[586.689905] (px4_msgs) StdoutLine: {'line': b'-- Installing: /home/hamad/ws_offboard_control/install/px4_msgs/include/px4_msgs/px4_msgs/msg/detail/collision_constraints__type_support.h\n'}
[586.690207] (px4_msgs) StdoutLine: {'line': b'-- Installing: /home/hamad/ws_offboard_control/install/px4_msgs/include/px4_msgs/px4_msgs/msg/detail/actuator_servos_trim__functions.c\n'}
[586.690482] (px4_msgs) StdoutLine: {'line': b'-- Installing: /home/hamad/ws_offboard_control/install/px4_msgs/include/px4_msgs/px4_msgs/msg/detail/vehicle_attitude_setpoint__struct.h\n'}
[586.690750] (px4_msgs) StdoutLine: {'line': b'-- Installing: /home/hamad/ws_offboard_control/install/px4_msgs/include/px4_msgs/px4_msgs/msg/detail/fuel_tank_status__type_support.h\n'}
[586.690991] (px4_msgs) StdoutLine: {'line': b'-- Installing: /home/hamad/ws_offboard_control/install/px4_msgs/include/px4_msgs/px4_msgs/msg/detail/qshell_req__type_support.c\n'}
[586.691241] (px4_msgs) StdoutLine: {'line': b'-- Installing: /home/hamad/ws_offboard_control/install/px4_msgs/include/px4_msgs/px4_msgs/msg/detail/sensor_selection__description.c\n'}
[586.691378] (px4_msgs) StdoutLine: {'line': b'-- Installing: /home/hamad/ws_offboard_control/install/px4_msgs/include/px4_msgs/px4_msgs/msg/detail/vehicle_torque_setpoint__type_support.c\n'}
[586.691662] (px4_msgs) StdoutLine: {'line': b'-- Installing: /home/hamad/ws_offboard_control/install/px4_msgs/include/px4_msgs/px4_msgs/msg/detail/sensor_selection__functions.h\n'}
[586.691905] (px4_msgs) StdoutLine: {'line': b'-- Installing: /home/hamad/ws_offboard_control/install/px4_msgs/include/px4_msgs/px4_msgs/msg/detail/gimbal_device_attitude_status__type_support.h\n'}
[586.692017] (px4_msgs) StdoutLine: {'line': b'-- Installing: /home/hamad/ws_offboard_control/install/px4_msgs/include/px4_msgs/px4_msgs/msg/detail/register_ext_component_reply__functions.h\n'}
[586.692153] (px4_msgs) StdoutLine: {'line': b'-- Installing: /home/hamad/ws_offboard_control/install/px4_msgs/include/px4_msgs/px4_msgs/msg/detail/vehicle_imu__type_support.c\n'}
[586.692339] (px4_msgs) StdoutLine: {'line': b'-- Installing: /home/hamad/ws_offboard_control/install/px4_msgs/include/px4_msgs/px4_msgs/msg/detail/geofence_result__type_support.c\n'}
[586.692463] (px4_msgs) StdoutLine: {'line': b'-- Installing: /home/hamad/ws_offboard_control/install/px4_msgs/include/px4_msgs/px4_msgs/msg/detail/orb_test__functions.c\n'}
[586.692594] (px4_msgs) StdoutLine: {'line': b'-- Installing: /home/hamad/ws_offboard_control/install/px4_msgs/include/px4_msgs/px4_msgs/msg/detail/gpio_in__type_support.h\n'}
[586.692724] (px4_msgs) StdoutLine: {'line': b'-- Installing: /home/hamad/ws_offboard_control/install/px4_msgs/include/px4_msgs/px4_msgs/msg/detail/rtl_time_estimate__type_support.c\n'}
[586.692846] (px4_msgs) StdoutLine: {'line': b'-- Installing: /home/hamad/ws_offboard_control/install/px4_msgs/include/px4_msgs/px4_msgs/msg/detail/ekf2_timestamps__functions.c\n'}
[586.692972] (px4_msgs) StdoutLine: {'line': b'-- Installing: /home/hamad/ws_offboard_control/install/px4_msgs/include/px4_msgs/px4_msgs/msg/detail/actuator_servos__type_support.c\n'}
[586.693087] (px4_msgs) StdoutLine: {'line': b'-- Installing: /home/hamad/ws_offboard_control/install/px4_msgs/include/px4_msgs/px4_msgs/msg/detail/orb_test__description.c\n'}
[586.693207] (px4_msgs) StdoutLine: {'line': b'-- Installing: /home/hamad/ws_offboard_control/install/px4_msgs/include/px4_msgs/px4_msgs/msg/detail/distance_sensor__functions.c\n'}
[586.693329] (px4_msgs) StdoutLine: {'line': b'-- Installing: /home/hamad/ws_offboard_control/install/px4_msgs/include/px4_msgs/px4_msgs/msg/detail/orbit_status__type_support.c\n'}
[586.693454] (px4_msgs) StdoutLine: {'line': b'-- Installing: /home/hamad/ws_offboard_control/install/px4_msgs/include/px4_msgs/px4_msgs/msg/detail/ekf2_timestamps__type_support.c\n'}
[586.693582] (px4_msgs) StdoutLine: {'line': b'-- Installing: /home/hamad/ws_offboard_control/install/px4_msgs/include/px4_msgs/px4_msgs/msg/detail/fixed_wing_lateral_status__type_support.c\n'}
[586.693715] (px4_msgs) StdoutLine: {'line': b'-- Installing: /home/hamad/ws_offboard_control/install/px4_msgs/include/px4_msgs/px4_msgs/msg/detail/camera_status__functions.c\n'}
[586.693908] (px4_msgs) StdoutLine: {'line': b'-- Installing: /home/hamad/ws_offboard_control/install/px4_msgs/include/px4_msgs/px4_msgs/msg/detail/gimbal_manager_information__type_support.c\n'}
[586.694154] (px4_msgs) StdoutLine: {'line': b'-- Installing: /home/hamad/ws_offboard_control/install/px4_msgs/include/px4_msgs/px4_msgs/msg/detail/unregister_ext_component__struct.h\n'}
[586.694397] (px4_msgs) StdoutLine: {'line': b'-- Installing: /home/hamad/ws_offboard_control/install/px4_msgs/include/px4_msgs/px4_msgs/msg/detail/rpm__functions.h\n'}
[586.694640] (px4_msgs) StdoutLine: {'line': b'-- Installing: /home/hamad/ws_offboard_control/install/px4_msgs/include/px4_msgs/px4_msgs/msg/detail/vehicle_attitude_setpoint__description.c\n'}
[586.695200] (px4_msgs) StdoutLine: {'line': b'-- Installing: /home/hamad/ws_offboard_control/install/px4_msgs/include/px4_msgs/px4_msgs/msg/detail/tiltrotor_extra_controls__struct.h\n'}
[586.695391] (px4_msgs) StdoutLine: {'line': b'-- Installing: /home/hamad/ws_offboard_control/install/px4_msgs/include/px4_msgs/px4_msgs/msg/detail/vehicle_angular_acceleration_setpoint__struct.h\n'}
[586.695578] (px4_msgs) StdoutLine: {'line': b'-- Installing: /home/hamad/ws_offboard_control/install/px4_msgs/include/px4_msgs/px4_msgs/msg/detail/parameter_set_value_response__functions.h\n'}
[586.695731] (px4_msgs) StdoutLine: {'line': b'-- Installing: /home/hamad/ws_offboard_control/install/px4_msgs/include/px4_msgs/px4_msgs/msg/detail/estimator_aid_source2d__type_support.h\n'}
[586.695904] (px4_msgs) StdoutLine: {'line': b'-- Installing: /home/hamad/ws_offboard_control/install/px4_msgs/include/px4_msgs/px4_msgs/msg/detail/sensor_combined__type_support.h\n'}
[586.696093] (px4_msgs) StdoutLine: {'line': b'-- Installing: /home/hamad/ws_offboard_control/install/px4_msgs/include/px4_msgs/px4_msgs/msg/detail/debug_vect__type_support.c\n'}
[586.696271] (px4_msgs) StdoutLine: {'line': b'-- Installing: /home/hamad/ws_offboard_control/install/px4_msgs/include/px4_msgs/px4_msgs/msg/detail/sensor_accel__struct.h\n'}
[586.696601] (px4_msgs) StdoutLine: {'line': b'-- Installing: /home/hamad/ws_offboard_control/install/px4_msgs/include/px4_msgs/px4_msgs/msg/detail/landing_gear_wheel__functions.c\n'}
[586.696799] (px4_msgs) StderrLine: {'line': b'CMake Error at cmake_install.cmake:994 (file):\n'}
[586.696989] (px4_msgs) StderrLine: {'line': b'  file INSTALL cannot set modification time on\n'}
[586.697182] (px4_msgs) StderrLine: {'line': b'  "/home/hamad/ws_offboard_control/install/px4_msgs/include/px4_msgs/px4_msgs/msg/detail/landing_gear_wheel__functions.c":\n'}
[586.697361] (px4_msgs) StderrLine: {'line': b'  No such file or directory.\n'}
[586.697636] (px4_msgs) StderrLine: {'line': b'\n'}
[586.697784] (px4_msgs) StderrLine: {'line': b'\n'}
[586.698041] (px4_msgs) CommandEnded: {'returncode': 1}
[586.704275] (px4_msgs) JobEnded: {'identifier': 'px4_msgs', 'rc': 1}
[586.704906] (px4_ros_com) JobSkipped: {'identifier': 'px4_ros_com'}
[586.704940] (-) EventReactorShutdown: {}
